index,url,valid,domain,title,description,image,published,archive,content,quote,language,keyword
https://www.zeit.de/wirtschaft/2026-06/zollabkommen-usa-eu-zoelle-handelskrieg-donald-trump,https://www.zeit.de/wirtschaft/2026-06/zollabkommen-usa-eu-zoelle-handelskrieg-donald-trump,0,www.zeit.de,Zollabkommen mit den USA: EU setzt Zollversprechen an Donald Trump um,Ab sofort gelten für US-Industriegüter in der EU Zollbefreiungen. Damit erfüllt die EU Zusagen an den US-Präsidenten. Zeitgleich enden Zollbefreiungen für Billigimporte.,https://img.zeit.de/wirtschaft/2026-06/zollabkommen-usa-eu-zoelle-handelskrieg-donald-trump-foto-1/wide__1300x731,2026-07-01T00:11:07Z,,"Industriegüter und Hummer aus den USA dürfen vom heutigen Mittwoch, 1. Juli, an zollfrei in die EU eingeführt werden. Für bestimmte landwirtschaftliche Erzeugnisse und Meeresprodukte aus den Vereinig… [+3726 chars]",,de,'Import'
https://www.zeit.de/news/2026-07/01/wasserstoff-hochlauf-technik-reif-preise-noch-zu-hoch,https://www.zeit.de/news/2026-07/01/wasserstoff-hochlauf-technik-reif-preise-noch-zu-hoch,0,www.zeit.de,"Energiewende: Wasserstoff-Hochlauf: Technik reif, Preise noch zu hoch","Hier finden Sie Informationen zu dem Thema „Energiewende“. Lesen Sie jetzt „Wasserstoff-Hochlauf: Technik reif, Preise noch zu hoch“.",https://img.zeit.de/news/2026-07/01/wasserstoff-hochlauf-technik-reif-preise-noch-zu-hoch-image-group/wide__1300x731,2026-07-01T02:00:34Z,,Der Umbau der Industrie auf Wasserstoff läuft auf Hochtouren. Doch vom geplanten Wasserstoff-Kernnetz werden vor allem große Verbraucher profitieren. Viele mittelständische Unternehmen suchen deshalb… [+4809 chars],,de,'Versorgung'
https://www.faz.net/podcasts/f-a-z-podcast-fruehdenker/kann-die-koalition-ihr-reformtempo-nun-erhoehen-faz-fruehdenker-200985306.html,https://www.faz.net/podcasts/f-a-z-podcast-fruehdenker/kann-die-koalition-ihr-reformtempo-nun-erhoehen-faz-fruehdenker-200985306.html,0,www.faz.net,F.a.Z. Frühdenker: Kann die Koalition ihr Reformtempo nun erhöhen?,"Die Koalition trifft sich zu entscheidenden Reform-Beratungen, das Bürgergeld ist Geschichte, der DFB muss sich über die Personalie Nagelsmann klarwerden und der Kölner Dom kostet jetzt Eintritt.",https://media0.faz.net/image/w1200h627/e5d01d4627f1/w7867h4110x0y568o/202606/43601.0.2256626493/finanzminister-lars-klingbeil.webp,2026-07-01T03:59:05Z,,"01.07.2026, 05:59Lesezeit: 8 Min.
Die Koalition trifft sich zu entscheidenden Reform-Beratungen, das Bürgergeld ist Geschichte, der DFB muss sich über die Personalie Nagelsmann klarwerden und der Kö… [+30 chars]",,de,'Bürgergeld'
https://www.focus.de/finanzen/grundsicherung/neue-grundsicherung-tritt-in-kraft-dreieinhalb-jahre-buergergeld-kosteten-93-885-milliarden-euro_30d54e8d-d4f9-4f5b-a720-d710e6f0e0fa.html,https://www.focus.de/finanzen/grundsicherung/neue-grundsicherung-tritt-in-kraft-dreieinhalb-jahre-buergergeld-kosteten-93-885-milliarden-euro_30d54e8d-d4f9-4f5b-a720-d710e6f0e0fa.html,0,www.focus.de,"Neue Grundsicherung tritt in Kraft – dreieinhalb Jahre Bürgergeld kosteten 93,885 Milliarden Euro","Seit heute gilt die neue Grundsicherung, das Bürgergeld ist Geschichte. Eine Bilanz in Zahlen zeigt, wie sich die Sozialleistung in den vergangenen Jahren ausgewirkt hat.","https://quadro.burda-forward.de/ctf/0265b63a-ebb6-4c92-bc21-2e02655bfa91.0994df49-6014-4794-b3c7-269d9823ae4a.jpg?im=RegionOfInterestCrop=(1200,630),regionOfInterest=(993,627)&hash=7484dd0f68f5d56a4194718e4dc63e822538ca12d4ec0d1c797a0b3e6e7205b2",2026-07-01T04:00:00Z,,"Mit dem heutigen Mittwoch ist das umstrittene Bürgergeld nach rund dreieinhalb Jahren Geschichte. Ab dem 1. Juli gilt die neue Grundsicherung, die Union und SPD im März im Bundestag beschlossen haben… [+4643 chars]",,de,'Bürgergeld'
https://www.faz.net/aktuell/politik/ausland/ursula-von-der-leyen-in-baku-menschenrechte-in-aserbaidschan-accg-200982219.html,https://www.faz.net/aktuell/politik/ausland/ursula-von-der-leyen-in-baku-menschenrechte-in-aserbaidschan-accg-200982219.html,0,www.faz.net,Von der Leyen bei Alijew: Die Gefangenen in Baku melden sich zu Wort,"Vor von der Leyens Aserbaidschan-Besuch mahnen Aktivisten: Die EU dürfe nicht nur Gas kaufen, sie müsse sich auch für politische Häftlinge einsetzen.",https://media0.faz.net/image/w1200h627/b6cc7c845497/w1960h1024x0y131o/202309/43600.0.2075015514/die-eu-sieht-aserbaidschan-als.webp,2026-07-01T04:13:09Z,,"Vor der Reise der EU-Kommissionspräsidentin nach Aserbaidschan an diesem Mittwoch mehren sich die Stimmen von politischen Gefangenen des Regimes von Machthaber Ilham Alijew, die Ursula von der Leyen … [+4181 chars]",,de,'Gas'
https://www.faz.net/premium/digitalwirtschaft/kuenstliche-intelligenz/china-schock-2-0-warum-volkswagen-so-massiv-sparen-will-accg-200984442.html,https://www.faz.net/premium/digitalwirtschaft/kuenstliche-intelligenz/china-schock-2-0-warum-volkswagen-so-massiv-sparen-will-accg-200984442.html,0,www.faz.net,China-Schock 2.0: Die zweite China-Welle rollt auf die deutsche Industrie zu,"Volkswagen erwägt, bis zu 100.000 Stellen zu streichen und vier deutsche Werke zu schließen. Es ist das lauteste Signal einer zweiten China-Welle. Und sie kommt nicht allein.",https://media0.faz.net/image/w1200h627/93342bc54160/w6144h3210x0y1066o/202606/43601.0.2276864608/das-volkswagen-werk-in-zwickau.webp,2026-07-01T04:50:00Z,,Am 9. Juli tagt der Aufsichtsrat von Volkswagen. Auf dem Tisch liegt ein historisches Vorhaben. Berichten zufolge will Vorstandschef Oliver Blume die bereits Ende 2024 vereinbarten rund 50.000 Stelle… [+256 chars],,de,'Industrie'
https://www.telepolis.de/article/Pestizide-im-Kaffee-DUH-Bericht-fordert-schaerfere-Importkontrollen-11347572.html,https://www.telepolis.de/article/Pestizide-im-Kaffee-DUH-Bericht-fordert-schaerfere-Importkontrollen-11347572.html,0,www.telepolis.de,Pestizide im Kaffee: DUH-Bericht fordert schärfere Importkontrollen,Ein neuer Bericht der Umwelthilfe zeigt: Viele importierte Kaffeesorten enthalten Pestizidrückstände. Umweltschützer fordern nun Konsequenzen.,https://heise.cloudimg.io/bound/1200x1200/q85.png-lossy-85.webp-lossy-85.foil1/_www-heise-de_/imgs/18/5/1/0/8/1/6/9/tasse-65dd35439ff02862.jpg,2026-07-01T06:00:00Z,,"Ein neuer Bericht der Umwelthilfe zeigt: Viele importierte Kaffeesorten enthalten Pestizidrückstände. Umweltschützer fordern nun Konsequenzen.
Wenn die Anwendung von Pestiziden in Deutschland zwar v… [+5070 chars]",,de,'Import'
https://www.zeit.de/news/2026-07/01/russland-beschiesst-tankstellen-in-der-ukraine,https://www.zeit.de/news/2026-07/01/russland-beschiesst-tankstellen-in-der-ukraine,0,www.zeit.de,Ukraine-Krieg: Russland beschießt Tankstellen in der Ukraine,Hier finden Sie Informationen zu dem Thema „Ukraine-Krieg“. Lesen Sie jetzt „Russland beschießt Tankstellen in der Ukraine“.,https://img.zeit.de/news/2026-07/01/russland-beschiesst-tankstellen-in-der-ukraine-image-group/wide__1300x731,2026-07-01T06:03:38Z,,"Russische Luftangriffe haben im ukrainischen Gebiet Dnipropetrowsk über Nacht fünf Tankstellen getroffen. Mehrere Brände seien ausgebrochen, teilte der Gouverneur des Gebiets, Olexander Hanscha, auf … [+1381 chars]",,de,'Ukraine'
https://www.dw.com/de/benzinkrise-in-russland-ger%C3%A4t-putin-unter-druck/a-77776237,https://www.dw.com/de/benzinkrise-in-russland-ger%C3%A4t-putin-unter-druck/a-77776237,0,www.dw.com,Benzinkrise in Russland: Gerät Putin unter Druck?,"Notstand auf der Krim, Versorgungsengpässe bei der Armee, Treibstoffkrise in Russland. Das sind die Folgen der ukrainischen Angriffe auf die russische Energieinfrastruktur. Zwingen sie Putin an den Verhandlungstisch? Seit mehreren Monaten greifen die Streitkr…",https://static.dw.com/image/77766779_6.jpg,2026-07-01T06:25:00Z,,Seit mehreren Monaten greifen die Streitkräfte der Ukraine Anlagen der Energieinfrastruktur in russischen Regionen und auf der annektierten Krim an. Russische Nachschubwege in den besetzten Gebieten … [+7095 chars],,de,'Energie'
https://www.zeit.de/news/2026-07/01/anlage-flutet-hallen-mit-gas-mitarbeiter-verlassen-gebaeude,https://www.zeit.de/news/2026-07/01/anlage-flutet-hallen-mit-gas-mitarbeiter-verlassen-gebaeude,0,www.zeit.de,Großeinsatz: Anlage flutet Hallen mit Gas - Mitarbeiter verlassen Gebäude,Hier finden Sie Informationen zu dem Thema „Großeinsatz“. Lesen Sie jetzt „Anlage flutet Hallen mit Gas - Mitarbeiter verlassen Gebäude“.,https://img.zeit.de/news/2026-07/01/anlage-flutet-hallen-mit-gas-mitarbeiter-verlassen-gebaeude-image-group/wide__1300x731,2026-07-01T06:46:02Z,,Drei Hallen eines Industriebetriebes sind in Dörfles-Esbach (Landkreis Coburg) mit rund fünf Tonnen Kohlenstoffdioxid geflutet worden. Bei Arbeiten an einer Maschine hatte sich am Dienstag Qualm entw… [+370 chars],,de,'Gas'
https://www.faz.net/aktuell/wissen/physik-mehr/energiewende-wasserstoffspeicher-unter-der-erde-accg-200948747.html,https://www.faz.net/aktuell/wissen/physik-mehr/energiewende-wasserstoffspeicher-unter-der-erde-accg-200948747.html,0,www.faz.net,Energiespeicherung: Ein Tresor für ungenutzten Wasserstoff,"Überschüssiger Wasserstoff lässt sich in porösem Gestein speichern. Geologische Formationen, die sich dafür eignen, gibt es auch in Süddeutschland.",https://media0.faz.net/image/w1200h627/e75a24822a03/w8183h4275x0y592o/202507/43601.0.1147898855/bayerisches-voralpenland-hier.webp,2026-07-01T06:53:01Z,,"Wasserstoff gilt zwar als Schlüssel der Energiewende ist aber schwierig zu speichern. Das Molekül ist flüchtig, der Wasserstoff hat eine geringe Energiedichte. Um ihn in oberirdischen Tanks lagern zu… [+5782 chars]",,de,'Energie'
https://www.zeit.de/news/2026-07/01/siemens-investiert-in-hessen-700-neue-jobs,https://www.zeit.de/news/2026-07/01/siemens-investiert-in-hessen-700-neue-jobs,0,www.zeit.de,Industrie: Siemens investiert in Hessen - 700 neue Jobs,Hier finden Sie Informationen zu dem Thema „Industrie“. Lesen Sie jetzt „Siemens investiert in Hessen - 700 neue Jobs“.,https://img.zeit.de/news/2026-07/01/siemens-investiert-in-hessen-700-neue-jobs-image-group/wide__1300x731,2026-07-01T07:00:05Z,,"Siemens will in Hessen 300 Millionen Euro investieren und 700 neue Arbeitsplätze schaffen. In den beiden Werken in Frankfurt will der Konzern seine Produktion von elektrischen Schaltanlagen ausbauen,… [+1412 chars]",,de,'Industrie'
https://www.tagesspiegel.de/politik/arbeit-schwerdtner-linke-pruft-schritte-gegen-grundsicherung-15779945.html,https://www.tagesspiegel.de/politik/arbeit-schwerdtner-linke-pruft-schritte-gegen-grundsicherung-15779945.html,0,www.tagesspiegel.de,Arbeit: Schwerdtner: Linke prüft Schritte gegen Grundsicherung,Das bisherige Bürgergeld heißt nun Grundsicherung – für Betroffene bringt das neue Regeln und mehr Druck bei der Jobsuche. Die Meinungen sind gespalten.,https://www.tagesspiegel.de/images/15779944/alternates/BASE_16_9_W1400/1782890534000/ines-schwerdtner.jpeg,2026-07-01T07:22:14Z,,"Die Linke prüft nach Angaben ihrer Vorsitzenden Ines Schwerdtner rechtliche Schritte gegen die seit diesem Mittwoch geltende Grundsicherung. Dagegen prüfen wir jetzt eine Verfassungsklage, weil das B… [+2277 chars]",,de,'Bürgergeld'
https://www.zeit.de/news/2026-07/01/bundesregierung-warnt-vor-reisen-in-ganz-russland,https://www.zeit.de/news/2026-07/01/bundesregierung-warnt-vor-reisen-in-ganz-russland,0,www.zeit.de,Ukraine-Krieg: Bundesregierung warnt vor Reisen in ganz Russland,Hier finden Sie Informationen zu dem Thema „Ukraine-Krieg“. Lesen Sie jetzt „Bundesregierung warnt vor Reisen in ganz Russland“.,https://img.zeit.de/news/2026-07/01/bundesregierung-warnt-vor-reisen-in-ganz-russland-image-group/wide__1300x731,2026-07-01T07:40:39Z,,"Das Auswärtige Amt hat seine Reisewarnung für Russland angesichts der verstärkten ukrainischen Drohnenangriffe massiv ausgeweitet. Gewarnt wird jetzt vor Reisen im ganzen Land, bisher galt dies nur f… [+2031 chars]",,de,'Ukraine'
https://www.welt.de/politik/deutschland/article6a44bc0a2fd1ad7312578511/buergergeld-linke-chefin-droht-mit-verfassungsklage-gegen-neue-grundsicherung.html,https://www.welt.de/politik/deutschland/article6a44bc0a2fd1ad7312578511/buergergeld-linke-chefin-droht-mit-verfassungsklage-gegen-neue-grundsicherung.html,0,www.welt.de,Linke-Chefin droht mit Verfassungsklage gegen neue Grundsicherung,Die Reform des Bürgergeldes verschärft laut der Linken die Lage für vulnerable Gruppen. Die Linke-Chefin bezeichnet vermögende Bürger als die „echten Sozialschmarotzer“.,https://images.welt.de/6a44bc0a2fd1ad7312578511/8b43ae4c766bba11b735f833b647e88f-master/ci16x9-w1200/dpa-com-260701-935-1449503-jpg,2026-07-01T08:29:38Z,,"Die Linke will gegen die neue Grundsicherung juristisch vorgehen. Dagegen prüfen wir jetzt eine Verfassungsklage, sagte Parteichefin Ines Schwerdtner am Mittwoch in der Sendung Frühstart von RTL und … [+1626 chars]",,de,'Bürgergeld'
https://www.zeit.de/wirtschaft/2026-07/erneuerbare-energien-stromverbrauch-anteil-deutschland,https://www.zeit.de/wirtschaft/2026-07/erneuerbare-energien-stromverbrauch-anteil-deutschland,0,www.zeit.de,Erneuerbare Energien: Erneuerbare decken erstmalig 58 Prozent des deutschen Stromverbrauchs,"Energie aus Wind, Sonne und Wasser haben im ersten Halbjahr 2026 einen Rekordanteil des Stromverbrauchs ausgemacht. Besonders der Anteil der Energie durch Wind stieg an.",https://img.zeit.de/wirtschaft/2026-07/erneuerbare-energien-stromverbrauch-anteil-deutschland-foto-1/wide__1300x731,2026-07-01T08:37:58Z,,"Erneuerbare Energien aus Wind, Sonne und Wasser haben
mit 58 Prozent des Stromverbrauchs im ersten Halbjahr 2026 in Deutschland so
viel Strom wie nie zuvor in einem ersten Halbjahr abgedeckt. Das h… [+688 chars]",,de,'Energie'
https://www.tagesschau.de/inland/innenpolitik/neue-regelsaetze-grundsicherung-100.html,https://www.tagesschau.de/inland/innenpolitik/neue-regelsaetze-grundsicherung-100.html,0,www.tagesschau.de,Grundsicherung vor Neuberechnung: Drohen Kürzungen bei den Regelsätzen?,"Das Bürgergeld ist abgeschafft, die Grundsicherung eingeführt - doch die Debatte geht weiter. Eine neue Berechnung der Regelsätze ist in Arbeit. Opposition und Sozialverbände fürchten Kürzungen. Von Jan-Peter Bartels.",https://images.tagesschau.de/image/56400165-2803-4d67-aa66-eab72419dd04/AAABnxylhO0/AAABnSSvrFg/16x9-big/geld-242.jpg?width=1280,2026-07-01T09:08:03Z,,"Stand: 01.07.2026 11:08 Uhr
Das Bürgergeld ist abgeschafft, die Grundsicherung eingeführt - doch die Debatte geht weiter. Eine neue Berechnung der Regelsätze ist in Arbeit. Opposition und Sozialverb… [+5922 chars]",,de,'Bürgergeld'
https://www.zeit.de/wirtschaft/2026-07/fernwaerme-versorgung-grossstaedte-kommunale-waermeplanung,https://www.zeit.de/wirtschaft/2026-07/fernwaerme-versorgung-grossstaedte-kommunale-waermeplanung,0,www.zeit.de,Fernwärmeversorgung: So können Sie zukünftig heizen,"80 Großstädte haben Pläne vorgelegt, wie ihre Bürger künftig heizen sollen: mit Fernwärme oder doch besser mit Wärmepumpe? Aber viel mehr Klarheit gibt es noch nicht.",https://img.zeit.de/wirtschaft/2026-06/fernwaerme-versorgung-grossstaedte-kommunale-waermeplanung-bild/wide__1300x731,2026-07-01T09:26:06Z,,"Das Gasnetz, das sich unter der Republik erstreckt, ist länger als die Entfernung zum Mond. Ein Geflecht aus Rohren und Dichtungen, das sich Kilometer um Kilometer unter Feldern und Straßen hindurch … [+484 chars]",,de,'heizen'
https://taz.de/Grundsicherung-loest-Buergergeld-ab/!6192366/,https://taz.de/Grundsicherung-loest-Buergergeld-ab/!6192366/,0,taz.de,"Grundsicherung löst Bürgergeld ab: Mehr Druck, mehr Sanktionen",Das bisherige Bürgergeld heißt nun Grundsicherung. Für Betroffene heißt das neue Härten. Die Linke prüft eine Klage gegen die Regelungen.,https://taz.de/picture/8582547/1200/41539775.jpeg,2026-07-01T09:59:00Z,,Das bisherige Bürgergeld heißt nun Grundsicherung. Für Betroffene heißt das neue Härten. Die Linke prüft eine Klage gegen die Regelungen. mehr...,,de,'Bürgergeld'
https://www.dw.com/de/eu-klimaprogramm-copernicus-weltmeere-ozeane-erwaermung-klimawandel-carlo-buontempo-spanien-valencia/a-77782429,https://www.dw.com/de/eu-klimaprogramm-copernicus-weltmeere-ozeane-erwaermung-klimawandel-carlo-buontempo-spanien-valencia/a-77782429,0,www.dw.com,Ozeane heizen sich auf - Meere so warm wie nie,Neuer Wärmerekord in den Ozeanen: Die Temperatur der Weltmeere war an der Wasseroberfläche im vergangenen Monat so hoch wie nie zuvor in einem Juni. Das belegen zwei aktuelle Messungen.,https://static.dw.com/image/76907407_6.jpg,2026-07-01T10:27:00Z,,"Wissenschaftler des EU-Klimaprogramms Copernicus ermittelten an den Meeresoberflächen einen Durchschnittswert von 20,86 Grad. Der Copernicus-Meeresdienst nannte mit 21,0 Grad Celsius eine sogar noch … [+2920 chars]",,de,'heizen'
https://www.zeit.de/politik/ausland/2026-06/jaroslaw-hrytsak-ukraine-krieg-geschichte-russland,https://www.zeit.de/politik/ausland/2026-06/jaroslaw-hrytsak-ukraine-krieg-geschichte-russland,0,www.zeit.de,"Jaroslaw Hrytsak: »Ich glaube nicht, dass Polen und Ukrainer sich bald versöhnen«","In der Ukraine werden Helden gefeiert, die bei ihren polnischen Nachbarn als Verbrecher gelten. Der renommierte Historiker Jaroslaw Hrytsak erklärt, warum das geschieht.",https://img.zeit.de/politik/2026-06/polen-ukraine-tusk-selenskyj-bild2-2/wide__1300x731,2026-07-01T11:15:11Z,,"Zwischen Polen und der Ukraine schwelt seit Wochen ein Geschichtsstreit. Auslöser
 des Streits war, dass der ukrainische Präsident Wolodymyr Selenskyj 
mehrere Einheiten auszeichnete, darunter eine… [+927 chars]",,de,'Ukraine'
https://www.faz.net/podcasts/f-a-z-podcast-fuer-deutschland/wladimir-kaminer-russendisko-gegen-den-krieg-200986458.html,https://www.faz.net/podcasts/f-a-z-podcast-fuer-deutschland/wladimir-kaminer-russendisko-gegen-den-krieg-200986458.html,0,www.faz.net,F.A.Z. Podcast für Deutschland: Wladimir Kaminer: „Russendisko gegen den Krieg“,Für Putin läuft es schlecht. Benzin und Lebensmittel werden knapp. Wächst der Unmut in der russischen Bevölkerung?,https://media0.faz.net/image/w1200h627/ab1e83f9604b/w5551h2900x0y286o/202606/43601.0.2280503252/4360102280503252.webp,2026-07-01T14:06:29Z,,Darüber sprechen wir im F.A.Z. Podcast für Deutschland mit unserem Russland-Korrespondenten Friedrich Schmidt und mit dem deutsch-russischen Autor Wladimir Kaminer.,,de,'Krieg'
https://www.tagesschau.de/investigativ/anklage-nordstream-ukraine-russland-100.html,https://www.tagesschau.de/investigativ/anklage-nordstream-ukraine-russland-100.html,0,www.tagesschau.de,Gas-Pipelines: Erste Anklage gegen mutmaßlichen Nord-Stream-Saboteur,"Der Generalbundesanwalt hat im Fall der gesprengten Nord-Stream-Pipelines Anklage gegen einen Ukrainer erhoben.<em> </em>Laut<em> ARD</em>, SZ und Zeit soll sich der Ex-Soldat in abgehörten Telefonaten selbst belastet haben. Er wird in Hamburg vor Gericht ste…",https://images.tagesschau.de/image/0e41e889-1ee5-4db1-bf6e-24fe40ddb0af/AAABleyXnow/AAABnSSvrFg/16x9-big/nordstream-leck-101.jpg?width=1280,2026-07-01T15:00:28Z,,"Stand: 01.07.2026 17:00 Uhr
Der Generalbundesanwalt hat im Fall der gesprengten Nord-Stream-Pipelines Anklage gegen einen Ukrainer erhoben.Laut ARD, SZ und Zeit soll sich der Ex-Soldat in abgehörten… [+2493 chars]",,de,'Pipeline'
https://www.zeit.de/geld/2026-07/aenderungen-juli-grundsicherung-tankrabatt-flugtickets-bestellungen,https://www.zeit.de/geld/2026-07/aenderungen-juli-grundsicherung-tankrabatt-flugtickets-bestellungen,0,www.zeit.de,"Änderungen im Juli 2026: Bürgergeld wird Grundsicherung, Renten steigen, Flugticketsteuer sinkt","Mit der Umbenennung des Bürgergelds gelten ab sofort auch strengere Sanktionsregeln. Außerdem: mehr Rente, kein Tankrabatt mehr und neue Zölle. Das ändert sich im Juli.",https://img.zeit.de/geld/2026-07/aenderungen-juli-grundsicherung-tankrabatt-flugtickets-bestellungen-bild/wide__1300x731,2026-07-01T15:07:40Z,,"Zum Beginn der zweiten Jahreshälfte 2026 treten in Deutschland einige größere Neuerungen in Kraft. So bekommen Arbeitssuchende ab sofort kein Bürgergeld mehr, sondern die sogenannte Grundsicherung. M… [+5491 chars]",,de,'Bürgergeld'
https://www.freitag.de/autoren/wimalasena/usa-250-jahre-wie-eine-linke-wende-amerika-veraendern-koennte,https://www.freitag.de/autoren/wimalasena/usa-250-jahre-wie-eine-linke-wende-amerika-veraendern-koennte,0,www.freitag.de,"USA | „Lady Liberty“ in Rot: Was, wenn Trumps Amerika bald ganz anders aussieht?","Am Samstag feiern die USA ihren 250. Geburtstag – inmitten von Kriegen, Abschiebungen und Inflation ist die Stimmung schlecht. Doch in solchen Krisenzeiten hat sich die amerikanische Linke schon einmal neu erfunden. Gelingt ihr das wieder? An diesem Samstag f…",https://www.freitag.de/autoren/wimalasena/usa-250-jahre-wie-eine-linke-wende-amerika-veraendern-koennte/@@images/image/great,2026-07-01T15:25:00Z,,"An diesem Samstag feiern die USA ihren 250. Geburtstag. Während einer Fußball-WM, eines illegalen Angriffskriegs auf den Iran, den der Präsident nicht zu Ende bringen kann, während maskierte Abschieb… [+11543 chars]",,de,'Versorgung'
https://www.focus.de/panorama/welt/werde-mit-mama-kaffee-trinken-petra-78-zieht-in-das-pflegeheim-in-dem-mutter-dirkjen-104-seit-24-jahren-lebt_ff65e295-c3ec-40b3-bc35-6a480149a788.html,https://www.focus.de/panorama/welt/werde-mit-mama-kaffee-trinken-petra-78-zieht-in-das-pflegeheim-in-dem-mutter-dirkjen-104-seit-24-jahren-lebt_ff65e295-c3ec-40b3-bc35-6a480149a788.html,0,www.focus.de,"„Werde mit Mama Kaffee trinken”: Petra (78) zieht in das Pflegeheim, in dem Mutter Dirkjen (104) seit 24 Jahren lebt","Eine 104-jährige Mutter und ihre 78-jährige Tochter leben erstmals seit Jahrzehnten wieder unter einem Dach, beziehungsweise im selben Pflegeheim. Für beide bedeutet die neue Nähe vor allem Sicherheit, Entlastung und gemeinsame Zeit.","https://quadro.burda-forward.de/ctf/05d0690f-d4ec-4794-bed6-4d290ba4ec42.dde8b7c3-85ab-411a-9d23-5338b2564019.jpg?im=RegionOfInterestCrop=(1200,630),regionOfInterest=(920,672)&hash=3a1f3c692590b429211f11070547f6bcef4dff8ac0e976b2968494f36b0c3504",2026-07-01T16:02:00Z,,"Nach vielen Jahren wohnen Dirkjen Nieuwland (104) und ihre Tochter Petra Kerkdijk-Nieuwland (78) wieder ganz in der Nähe voneinander, berichtet die niederländische Tageszeitung AD. Seit Januar lebt P… [+2821 chars]",,de,'Versorgung'
https://www.zeit.de/news/2026-07/01/hormus-haengepartie-zweifel-an-einsatz-deutscher-schiffe,https://www.zeit.de/news/2026-07/01/hormus-haengepartie-zweifel-an-einsatz-deutscher-schiffe,0,www.zeit.de,Iran-Konflikt: Hormus-Hängepartie: Zweifel an Einsatz deutscher Schiffe,Hier finden Sie Informationen zu dem Thema „Iran-Konflikt“. Lesen Sie jetzt „Hormus-Hängepartie: Zweifel an Einsatz deutscher Schiffe“.,https://img.zeit.de/news/2026-07/01/hormus-haengepartie-zweifel-an-einsatz-deutscher-schiffe-image-group/wide__1300x731,2026-07-01T16:28:10Z,,"Verteidigungsminister Boris Pistorius (SPD) will die beiden Schiffe der Bundeswehr, die für einen möglichen Militäreinsatz in der Straße von Hormus ins afrikanische Dschibuti verlegt wurden, mögliche… [+2938 chars]",,de,'Iran'
https://www.zeit.de/news/2026-07/01/schneider-will-ort-fuer-atommuell-endlager-bis-2050,https://www.zeit.de/news/2026-07/01/schneider-will-ort-fuer-atommuell-endlager-bis-2050,0,www.zeit.de,Energie: Schneider will Ort für Atommüll-Endlager bis 2050,Hier finden Sie Informationen zu dem Thema „Energie“. Lesen Sie jetzt „Schneider will Ort für Atommüll-Endlager bis 2050“.,https://img.zeit.de/news/2026-07/01/schneider-will-ort-fuer-atommuell-endlager-bis-2050-image-group/wide__1300x731,2026-07-01T16:45:32Z,,"Bundesumweltminister Carsten Schneider treibt seine Pläne für eine schnellere Suche nach einem Endlager für den deutschen Atommüll voran. «Wir finden Beschleunigungselemente, die es möglich machen, d… [+1871 chars]",,de,'Energie'
https://www.n-tv.de/politik/Veteran-droht-Putin-und-muss-ins-Gefaengnis-aus-ganz-anderem-Grund-id31035071.html,https://www.n-tv.de/politik/Veteran-droht-Putin-und-muss-ins-Gefaengnis-aus-ganz-anderem-Grund-id31035071.html,0,www.n-tv.de,Umgang mit Soldaten angeprangert: Veteran droht Putin und muss ins Gefängnis - aus ganz anderem Grund,"Alexander Lunin sorgt für Aufsehen in Russland: Die heftige Kritik des Veteranen am Umgang mit den eigenen Soldaten findet breite Zustimmung. Seine Forderung, mit Wladimir Putin persönlich sprechen zu dürfen, wirkt skurril. Die prompt erfolgte Haftstrafe ist …",https://www.n-tv.de/img/31035645/1782914149/Img_16_9/1200/edited_5c84a64a-d435-46df-80c3-7e91509ab4703944955633673940492.jpg,2026-07-01T17:33:57Z,,"In seiner mit Orden behängten Militäruniform wendete sich Lunin an Putin und Russland. 
Alexander Lunin sorgt für Aufsehen in Russland: Die heftige Kritik des Veteranen am Umgang mit den eigenen Sol… [+6988 chars]",,de,'Wladimir Putin'
https://www.zeit.de/news/2026-07/01/bedenklicher-stoff-im-trinkwasser-in-zehdenick-festgestellt,https://www.zeit.de/news/2026-07/01/bedenklicher-stoff-im-trinkwasser-in-zehdenick-festgestellt,0,www.zeit.de,Trinkwasser-Versorgung: Bedenklicher Stoff im Trinkwasser in Zehdenick festgestellt,Hier finden Sie Informationen zu dem Thema „Trinkwasser-Versorgung“. Lesen Sie jetzt „Bedenklicher Stoff im Trinkwasser in Zehdenick festgestellt“.,https://img.zeit.de/news/2026-07/01/bedenklicher-stoff-im-trinkwasser-in-zehdenick-festgestellt-image-group/wide__1300x731,2026-07-01T18:50:19Z,,"Im Trinkwasser der Stadt Zehdenick im Kreis Oberhavel ist eine erhöhte Konzentration von Bromat festgestellt worden. «Das Trinkwasser ist bis auf Widerruf nicht zum Verzehr geeignet», heißt es in ein… [+1170 chars]",,de,'Versorgung'
https://www.tagesspiegel.de/berlin/trinkwasser-versorgung-bedenklicher-stoff-im-trinkwasser-in-zehdenick-festgestellt-15783876.html,https://www.tagesspiegel.de/berlin/trinkwasser-versorgung-bedenklicher-stoff-im-trinkwasser-in-zehdenick-festgestellt-15783876.html,0,www.tagesspiegel.de,Trinkwasser-Versorgung: Bedenklicher Stoff im Trinkwasser in Zehdenick festgestellt,Ein erhöhter Wert des chemischen Stoffes Bromat im Trinkwassernetz sorgt in Zehdenick für Verunsicherung. Die Ursache ist laut Stadtwerken noch unklar. Was ist zu beachten?,https://www.tagesspiegel.de/images/15783875/alternates/BASE_16_9_W1400/1782931879000/leitungswasser.jpeg,2026-07-01T18:51:19Z,,"Im Trinkwasser der Stadt Zehdenick im Kreis Oberhavel ist eine erhöhte Konzentration von Bromat festgestellt worden. Das Trinkwasser ist bis auf Widerruf nicht zum Verzehr geeignet, heißt es in einer… [+1220 chars]",,de,'Versorgung'
https://www.zeit.de/news/2026-07/02/russland-fliegt-heftige-luftangriffe-auf-ukrainische-staedte,https://www.zeit.de/news/2026-07/02/russland-fliegt-heftige-luftangriffe-auf-ukrainische-staedte,0,www.zeit.de,Ukraine-Krieg: Russland fliegt heftige Luftangriffe auf ukrainische Städte,Hier finden Sie Informationen zu dem Thema „Ukraine-Krieg“. Lesen Sie jetzt „Russland fliegt heftige Luftangriffe auf ukrainische Städte“.,https://img.zeit.de/news/2026-07/02/russland-fliegt-heftige-luftangriffe-auf-ukrainische-staedte-image-group/wide__1300x731,2026-07-02T00:46:08Z,,"Mehrere Städte in der Ukraine sind zur Zielscheibe einer außergewöhnlich heftigen Angriffswelle mit russischen Kampfdrohnen, Raketen und Marschflugkörpern geworden. Aus der Hauptstadt Kiew wurden am … [+1410 chars]",,de,'Ukraine'
https://www.tagesschau.de/ausland/europa/ukraine-angriff-120.html,https://www.tagesschau.de/ausland/europa/ukraine-angriff-120.html,0,www.tagesschau.de,Ukraine meldet massive russische Luftangriffe,Die Ukraine ist in der Nacht wieder Ziel von heftigen russischen Luftangriffen geworden. In Kiew wurden mehrere Wohnhäuser und ein Hotel komplett zerstört. Auch aus anderen Städten wurden Angriffe gemeldet.,https://images.tagesschau.de/image/54ceffc1-b144-4e71-a109-f4a0090fa3f7/AAABnyDL8uA/AAABnSSvrFg/16x9-big/kiew-448.jpg?width=1280,2026-07-02T03:07:45Z,,"Stand: 02.07.2026 05:07 Uhr
Die Ukraine ist in der Nacht wieder Ziel von heftigen russischen Luftangriffen geworden. In Kiew wurden mehrere Wohnhäuser und ein Hotel komplett zerstört. Auch aus ander… [+1431 chars]",,de,'Ukraine'
https://www.focus.de/panorama/welt/mit-mama-kaffee-trinken-petra-78-zieht-in-das-pflegeheim-in-dem-mutter-dirkjen-104-seit-24-jahren-lebt_ff65e295-c3ec-40b3-bc35-6a480149a788.html,https://www.focus.de/panorama/welt/mit-mama-kaffee-trinken-petra-78-zieht-in-das-pflegeheim-in-dem-mutter-dirkjen-104-seit-24-jahren-lebt_ff65e295-c3ec-40b3-bc35-6a480149a788.html,0,www.focus.de,"„Mit Mama Kaffee trinken”: Petra (78) zieht in das Pflegeheim, in dem Mutter Dirkjen (104) seit 24 Jahren lebt","Eine 104-jährige Mutter und ihre 78-jährige Tochter leben erstmals seit Jahrzehnten wieder unter einem Dach, beziehungsweise im selben Pflegeheim. Für beide bedeutet die neue Nähe vor allem Sicherheit, Entlastung und gemeinsame Zeit.","https://quadro.burda-forward.de/ctf/05d0690f-d4ec-4794-bed6-4d290ba4ec42.dde8b7c3-85ab-411a-9d23-5338b2564019.jpg?im=RegionOfInterestCrop=(1200,630),regionOfInterest=(920,672)&hash=3a1f3c692590b429211f11070547f6bcef4dff8ac0e976b2968494f36b0c3504",2026-07-02T04:16:00Z,,"Nach vielen Jahren wohnen Dirkjen Nieuwland (104) und ihre Tochter Petra Kerkdijk-Nieuwland (78) wieder ganz in der Nähe voneinander, berichtet die niederländische Tageszeitung AD. Seit Januar lebt P… [+2821 chars]",,de,'Versorgung'
https://www.spektrum.de/podcast/aerztetag-die-neue-versorgungspauschale/2331921,https://www.spektrum.de/podcast/aerztetag-die-neue-versorgungspauschale/2331921,0,www.spektrum.de,Wie sind die Probleme mit der neuen Versorgungspauschale zu vermeiden?,"Ab Juli gilt die Versorgungspauschale. Sie soll unnötige Praxisbesuche vermeiden helfen. Kann sie das? Nein, glaubt, Christian Sommerbrodt. ️",https://static.spektrum.de/fm/912/f1920x1080/iStock-1358954851.jpg,2026-07-02T05:23:25Z,,"Ein Podcast der
Am 1. Juli wird es ernst: Die neue Versorgungspauschale tritt in Kraft. Sie soll die hausärztliche Versorgung von Menschen mit einer einzigen leichten chronischen Erkrankung erleicht… [+1052 chars]",,de,'Versorgung'
https://www.welt.de/politik/deutschland/article6a45f0f11f5535004df26a8b/gvk-und-pflege-unionsfraktionschefs-der-laender-kritisieren-warkens-reformen-streit-um-buergergeldempfaenger.html,https://www.welt.de/politik/deutschland/article6a45f0f11f5535004df26a8b/gvk-und-pflege-unionsfraktionschefs-der-laender-kritisieren-warkens-reformen-streit-um-buergergeldempfaenger.html,0,www.welt.de,Unionsfraktionschefs der Länder kritisieren Warkens Reformen – Streit um Bürgergeldempfänger,"Nina Warkens Reform der Krankenversicherung und der Pflegeversicherung gerät unter Druck. Die Belange der pflegenden Angehörigen müssten stärker in den Fokus rücken, heißt es aus der Union. Auch das Thema Bürgergeld bleibt ein Streitpunkt.",https://images.welt.de/6a45f0f11f5535004df26a8b/ea228e1ef543095c18bc418409767cee-master/ci16x9-w1200/dpa-com-260702-935-1451620-jpg,2026-07-02T05:58:00Z,,"Nina Warkens Reform der Krankenversicherung und der Pflegeversicherung gerät unter Druck. Die Belange der pflegenden Angehörigen müssten stärker in den Fokus rücken, heißt es aus der Union. Auch das … [+4093 chars]",,de,'Bürgergeld'
https://www.focus.de/politik/ausland/kiews-marine-setzt-die-zerschlagung-des-gegners-fort-erneut-ein-russisches-schiff-im-schwarzen-meer-versenkt_f3fa2d0f-a040-4090-806c-3fb9d02bb33f.html,https://www.focus.de/politik/ausland/kiews-marine-setzt-die-zerschlagung-des-gegners-fort-erneut-ein-russisches-schiff-im-schwarzen-meer-versenkt_f3fa2d0f-a040-4090-806c-3fb9d02bb33f.html,0,www.focus.de,Kiews Marine setzt die Zerschlagung des Gegners fort – erneut ein russisches Schiff im Schwarzen Meer versenkt,"Die Ukraine meldet einen neuen Angriff im Schwarzen Meer. Dabei soll ein russisches Versorgungsschiff zerstört worden sein, das Soldaten auf dem schmalen Sandstreifen vor Cherson versorgen sollte.","https://quadro.burda-forward.de/ctf/c6c13974-57ce-489f-afff-39bf19542117.a23dace3-0525-4c5c-a557-1cfbc071048f.png?im=RegionOfInterestCrop=(1200,630),regionOfInterest=(652,411)&hash=d09d042cced848cb65cf510388eb4780aa9d624e06e5f0f1afeb5bab6eb6fabc",2026-07-02T06:04:00Z,,"Am 27. Juni meldete die ukrainische Marine einen Angriff auf ein russisches Versorgungsschiff im Schwarzen Meer. Nach ukrainischen Angaben war das Boot unterwegs zum schmalen Sandstreifen Tendra, um … [+1673 chars]",,de,'Versorgung'
https://www.focus.de/politik/deutschland/die-wahrheit-zum-start-der-grundsicherung-bei-fast-jedem-5-empfaenger-fehlt-der-arbeitswille-komplett_94fae66b-d8fc-47a9-b79e-f2c6d00c180d.html,https://www.focus.de/politik/deutschland/die-wahrheit-zum-start-der-grundsicherung-bei-fast-jedem-5-empfaenger-fehlt-der-arbeitswille-komplett_94fae66b-d8fc-47a9-b79e-f2c6d00c180d.html,0,www.focus.de,Die Wahrheit zum Start der Grundsicherung: Bei fast jedem 5. Empfänger fehlt der Arbeitswille komplett,Bürgergeld wird meist als Frage von Sanktionen diskutiert. Daten zeigen jedoch ein tieferes Problem: Für viele ist Arbeit kein Ziel mehr.,"https://quadro.burda-forward.de/ctf/91ce20d1-9567-4061-92e9-fd22a83ec6bd.f2eb3b67-35e9-4cc8-8878-c44aae880328.jpg?im=RegionOfInterestCrop=(1200,630),regionOfInterest=(2520,833)&hash=0b2891cfe2ee07a2d17855296dbea71e7548f1348e9f8acc69aa08951dc207e1",2026-07-02T06:13:00Z,,"Und sie beginnt stets von Neuem: Die Bürgergeld-Debatte kreist wieder um Förderung, Sanktionen, Hilfsbedürftige und Totalverweigerer. Viele Bürger fragen sich daher, ob der Staat seine Mittel in dies… [+5587 chars]",,de,'Bürgergeld'
https://www.zeit.de/news/2026-07/02/entspannung-in-nahost-airlines-erweitern-fluege-nach-israel,https://www.zeit.de/news/2026-07/02/entspannung-in-nahost-airlines-erweitern-fluege-nach-israel,0,www.zeit.de,Iran-Krieg: Entspannung in Nahost: Airlines erweitern Flüge nach Israel,Hier finden Sie Informationen zu dem Thema „Iran-Krieg“. Lesen Sie jetzt „Entspannung in Nahost: Airlines erweitern Flüge nach Israel“.,https://img.zeit.de/news/2026-07/02/entspannung-in-nahost-airlines-erweitern-fluege-nach-israel-image-group/wide__1300x731,2026-07-02T07:08:46Z,,Israel-Touristen können nach der Beruhigung im Iran-Krieg wieder auf ein größeres Flugangebot nach Tel Aviv zugreifen. Neben der Lufthansa-Gruppe plant nun auch die Gesellschaft Condor wieder regelmä… [+1054 chars],,de,'Iran'
https://www.diepresse.com/34441475/deutsche-regierung-will-steuerentlastungen-fuer-jeden-haushalt-um-bis,https://www.diepresse.com/34441475/deutsche-regierung-will-steuerentlastungen-fuer-jeden-haushalt-um-bis,0,www.diepresse.com,Deutsche Regierung kündigt Steuerentlastungen für jeden Haushalt von bis zu 600 Euro pro Jahr an,"Friedrich Merz kündigt ein umfassendes Reformpaket an, das Steuersenkungen und Bürokratieabbau vorsieht.",https://img.diepresse.com/public/incoming/1xesgc-germany-politicscoalition/alternates/WEBP_WIDE_1200/GERMANY-POLITICSCOALITION,2026-07-02T07:45:03Z,,"Die Presse auf Google als bevorzugte Nachrichtenquelle hinzufügen.
 Die Bundesregierung will mit einem umfassenden Reformpaket für mehr Wettbewerb, weniger Bürokratie und steuerliche Entlastungen in… [+919 chars]",,de,'Friedrich Merz'
https://www.n-tv.de/politik/Russland-nutzt-Schwachstelle-heftigste-Angriffe-auf-Kiew-seit-Kriegsbeginn-id31038610.html,https://www.n-tv.de/politik/Russland-nutzt-Schwachstelle-heftigste-Angriffe-auf-Kiew-seit-Kriegsbeginn-id31038610.html,0,www.n-tv.de,Klitschko ruft Trauertag aus: Heftigste Angriffe auf Kiew seit Kriegsbeginn - Russland nutzt Schwachstelle,"Für eine Weile gibt es keine besonders schweren russischen Luftangriffe auf Kiew. Möglicherweise haben die Kreml-Streitkräfte Drohnen und Raketen zurückgehalten, um sie bei der massivsten Attacke auf die Hauptstadt seit Kriegsbeginn einzusetzen.",https://www.n-tv.de/img/31038703/1782986295/Img_16_9/1200/Smoke-rises-over-the-city-following-a-Russian-air-attack-on-Kyiv-on-July-2-2026-amid-the-Russian-invasion-of-Ukraine-Russian-missile-and-drone-strikes-rocked-Kyiv-early-on-July-2-killing-two-people-and-wounding-more-than-a-dozen-after-President-Volodymyr-Zelensky-warned-that-Moscow-was-preparing-a-massive-attack.jpg,2026-07-02T08:07:32Z,,"Klitschko ruft Trauertag ausHeftigste Angriffe auf Kiew seit Kriegsbeginn - Russland nutzt Schwachstelle
Die Kreml-Streitkräfte haben die Hauptstadt mit besonders vielen Raketen attackiert. (Foto: A… [+2913 chars]",,de,'Kreml'
https://www.tagesspiegel.de/politik/absolut-katastrophal-hausarzte-und-politiker-uben-massive-kritik-an-reformplanen-zu-krankschreibung-15785503.html,https://www.tagesspiegel.de/politik/absolut-katastrophal-hausarzte-und-politiker-uben-massive-kritik-an-reformplanen-zu-krankschreibung-15785503.html,0,www.tagesspiegel.de,„Absolut katastrophal“: Hausärzte und Politiker üben massive Kritik an Reformplänen zu Krankschreibung,Die Koalition unter Friedrich Merz will die Krankschreibung per Telefon abschaffen und plant eine AU-Nachweispflicht „ab dem ersten Tag“. Die Vorhaben stoßen auf breite Kritik.,https://www.tagesspiegel.de/images/15787404/alternates/BASE_16_9_W1400/1782991926000/geschaftsmodell-dringliche-facharzt-termine.jpeg,2026-07-02T08:46:40Z,,"Die Hausärzte kritisieren die Pläne der Bundesregierung zu Krankschreibungen als absolut katastrophal. Die Koalition nehme die komplette Überlastung unserer Praxen billigend in Kauf, sagt der Vorsitz… [+5624 chars]",,de,'Friedrich Merz'
https://www.tagesspiegel.de/politik/telefonische-krankschreibung-wird-abgeschafft-koalition-plant-au-nachweispflicht-ab-dem-ersten-tag-15785503.html,https://www.tagesspiegel.de/politik/telefonische-krankschreibung-wird-abgeschafft-koalition-plant-au-nachweispflicht-ab-dem-ersten-tag-15785503.html,0,www.tagesspiegel.de,„Telefonische Krankschreibung wird abgeschafft“: Koalition plant AU-Nachweispflicht „ab dem ersten Tag“,Die schwarz-rote Koalition unter Friedrich Merz plant einige Neuregelungen für Arbeitnehmer. Unter anderem soll künftig ab dem ersten Krankheitstag eine Arbeitsunfähigkeitsbescheinigung vorgelegt werden.,https://www.tagesspiegel.de/images/15785834/alternates/BASE_16_9_W1400/1782981895000/germany-politics-government-coalition-committee.jpeg,2026-07-02T08:46:40Z,,"Die schwarz-rote Koalition hat sich darauf verständigt, die telefonische Krankschreibung künftig abzuschaffen.
Zudem soll die unrichtige Ausstellung einer Arbeitsunfähigkeitsbescheinigung (AU) stärk… [+3297 chars]",,de,'Friedrich Merz'
https://www.focus.de/politik/deutschland/die-rede-des-kanzlers-im-video-wir-wollen-deutschland-wieder-flott-kriegen_ebb353fb-08db-4cdc-9559-1ce069e173bc.html,https://www.focus.de/politik/deutschland/die-rede-des-kanzlers-im-video-wir-wollen-deutschland-wieder-flott-kriegen_ebb353fb-08db-4cdc-9559-1ce069e173bc.html,0,www.focus.de,Die Rede des Kanzlers im Video: „Wir wollen Deutschland wieder flott kriegen”,Bundeskanzler Friedrich Merz hat die Ergebnisse des Koalitionsausschusses vorgestellt. Geplant sind massive Entlastungen und ein radikaler Bürokratieabbau.,"https://quadro.burda-forward.de/ctf/8b4483bd-7140-43df-b420-6dc90b141ed4.c9c9e6e6-90ce-45dc-9306-338bc5d2e5dc.jpg?im=RegionOfInterestCrop=(1200,630),regionOfInterest=(1742,854)&hash=dcb7f36d116734b49faeae0c0b9209f9213517ebaf33984ba49ee75d7d3ed4e8",2026-07-02T08:57:00Z,,"Die Regierungskoalition aus CDU, CSU und SPD hat sich auf ein umfassendes Reformpaket geeinigt. Bundeskanzler Friedrich Merz betonte am Donnerstagmorgen vor der Presse den entschlossenen Erneuerungsw… [+2372 chars]",,de,'Friedrich Merz'
https://www.bild.de/unterhaltung/tv-fernsehformate/heute-maybrit-illner-spezial-dieser-gast-erhaelt-eine-sonderausgabe-6a460b5cae0977c5aff18c94,https://www.bild.de/unterhaltung/tv-fernsehformate/heute-maybrit-illner-spezial-dieser-gast-erhaelt-eine-sonderausgabe-6a460b5cae0977c5aff18c94,0,www.bild.de,Gäste und Themen am 2.7.2026 - Wer ist zu Gast bei „Maybrit Illner spezial“?,"Jede Woche lädt Maybrit Illner Gäste ein, um über politische, wirtschaftliche oder gesellschaftliche Themen zu diskutieren. Alle Infos zur heutigen Folge.","https://images.bild.de/6a460b5cae0977c5aff18c94/f6e63f034b2c32ce058d922f0c325bba,70198b92?w=1280",2026-07-02T09:00:06Z,,"TTS-Player überspringenArtikel weiterlesenSeit 1999 ist diese Show ein fester Bestandteil des ZDFProgramms. Maybrit Illner (61) diskutiert jeden Donnerstagabend im ZDF mit Gästen aus Politik, Wirtsch… [+1483 chars]",,de,'Friedrich Merz'
https://www.dw.com/de/deutschland-bundesanwaltschaft-nord-stream-ukraine-krieg-russland-serhii-k-daenemark-polen-italien/a-77798118,https://www.dw.com/de/deutschland-bundesanwaltschaft-nord-stream-ukraine-krieg-russland-serhii-k-daenemark-polen-italien/a-77798118,0,www.dw.com,Nord-Stream-Anschläge: Bundesanwaltschaft erhebt Anklage,Im September 2022 zerfetzten Sprengsätze die Nord-Stream-Pipelines am Grund der Ostsee. Einer der mutmaßlichen Täter soll nun in Deutschland vor Gericht kommen. Die Anschläge auf die Nord-Stream-Gasleitungen in der Ostsee sorgten im Jahr 2022 weltweit für Sch…,https://static.dw.com/image/77798401_6.jpg,2026-07-02T09:50:00Z,,Die Anschläge auf die Nord-Stream-Gasleitungen in der Ostsee sorgten im Jahr 2022 weltweit für Schlagzeilen. Eindrücklich waren die Luftaufnahmen des in der Nähe der dänischen Insel Bornholm vom Meer… [+4632 chars],,de,'Pipeline'
https://www.bild.de/politik/ausland-und-internationales/zwei-millionen-opfer-im-ukraine-krieg-putins-armee-unter-druck-6a4613b8ae0977c5aff1983f,https://www.bild.de/politik/ausland-und-internationales/zwei-millionen-opfer-im-ukraine-krieg-putins-armee-unter-druck-6a4613b8ae0977c5aff1983f,0,www.bild.de,"Schock-Studie zum Ukraine-Krieg - Putin verliert 1,4 Millionen seiner Soldaten",Eine Studie der US-Denkfabrik CSIS zeigt: Die militärischen Verluste von Russland und der Ukraine sollen die Marke von zwei Millionen überschritten haben.,"https://images.bild.de/6a4613b8ae0977c5aff1983f/b19a2cbf8825aefc235eb0af24224ae4,944b5ec1?w=1280",2026-07-02T09:57:00Z,,"TTS-Player überspringenArtikel weiterlesenKiew/Moskau Mehr als zwei Millionen russische und ukrainische Soldaten wurden seit Beginn der russischen Großinvasion im Februar 2022 getötet, verwundet oder… [+2219 chars]",,de,'Ukraine'
https://www.focus.de/politik/ausland/fischer-ueber-russland-putin-gibt-indirekt-zu-das-ganze-laeuft-nicht-nach-plan_343fa348-7b1a-4ff9-8fee-d297d8c87b02.html,https://www.focus.de/politik/ausland/fischer-ueber-russland-putin-gibt-indirekt-zu-das-ganze-laeuft-nicht-nach-plan_343fa348-7b1a-4ff9-8fee-d297d8c87b02.html,0,www.focus.de,Fischer über Russland - „Putin gibt indirekt zu: Das Ganze läuft nicht nach Plan”,"Putin hat den Westen zum Hauptfeind erklärt. Fischer erklärt: Wer das Feindbild ausweitet, gibt indirekt zu, dass die ursprünglichen Kriegsziele nicht erreichbar sind.","https://quadro.burda-forward.de/ctf/c6dcce84-739e-46a9-b4de-4e57855f5fff.91c95b92-f229-4f7f-b8ee-0a7896993cad.jpg?im=RegionOfInterestCrop=(1200,630),regionOfInterest=(1733,1050)&hash=fc3c1eabe4419503d29c3e82552a97d688e12ba2d6221b5448d4cf6b9633986c",2026-07-02T10:08:00Z,,"Putin habe nicht mehr nur die Ukraine als Gegner beschrieben, sondern den gesamten Westen ins Visier genommen, sagt Fischer gegenüber FOCUS online. Das sei kein rhetorisches Zufallsprodukt. Das Narra… [+2627 chars]",,de,'Krieg'
https://www.faz.net/aktuell/politik/ukraine/ukraine-liveticker-zahl-der-todesopfer-in-kiew-steigt-weiter-faz-110683325.html,https://www.faz.net/aktuell/politik/ukraine/ukraine-liveticker-zahl-der-todesopfer-in-kiew-steigt-weiter-faz-110683325.html,0,www.faz.net,Liveblog Ukrainekrieg: Zahl der Todesopfer in Kiew steigt weiter,Klitschko: Schwerster russischer Angriff seit Kriegsbeginn +++ Rettungshelfer suchen weiter nach Opfern unter Trümmern +++ Mehr als zwei Millionen Soldaten Opfer im Krieg  +++ alle Neuigkeiten im Liveblog,https://media0.faz.net/image/w1200h627/157a25490a96/w6144h3210x0y456o/202607/43601.0.2288122262/anwohner-betrachten-die-stelle.webp,2026-07-02T10:09:36Z,,Nach heftigen russischen Angriffen in der Nacht steigen die Opferzahlen in der Ukraine am Morgen weiter. Nach offiziellen Angaben von Dienstagmittag wurden allein in Kiew mindestens 18 Zivilisten get… [+1264 chars],,de,'Ukraine'
https://www.welt.de/politik/ausland/plus6a451068f9d50e353198882f/ukraine-krieg-dann-ist-alles-moeglich-das-kurze-zeitfenster-das-die-ukraine-jetzt-nutzen-will.html,https://www.welt.de/politik/ausland/plus6a451068f9d50e353198882f/ukraine-krieg-dann-ist-alles-moeglich-das-kurze-zeitfenster-das-die-ukraine-jetzt-nutzen-will.html,0,www.welt.de,"„Dann ist alles möglich“ – Das kurze Zeitfenster, das die Ukraine jetzt nutzen will","Die Ukraine sieht die einmalige Chance, den Krieg zu ihren Gunsten zu drehen. Verteidigungsminister Mychajlo Fedorow wirbt dafür bei den Verbündeten um die nächste Stufe der Unterstützung – und erklärt, warum es jetzt auf jeden Tag ankommt.",https://images.welt.de/6a451068f9d50e353198882f/630401059c402706b15e25309dc3bb91/ci16x9-w1200/1781769417677-afp-b7gy7zq-jpg,2026-07-02T10:12:16Z,,"Die Ukraine sieht die einmalige Chance, den Krieg zu ihren Gunsten zu drehen. Verteidigungsminister Mychajlo Fedorow wirbt dafür bei den Verbündeten um die nächste Stufe der Unterstützung und erklärt… [+38 chars]",,de,'Unterstützung'
https://www.teltarif.de/buergergeld-grundsicherung-staat-sozialstaat/news/104471.html,https://www.teltarif.de/buergergeld-grundsicherung-staat-sozialstaat/news/104471.html,0,www.teltarif.de,Bürgergeld wird zur Grundsicherung: Das ändert sich jetzt,"Ab Juli gilt die neue Grundsicherung: Das Bürgergeld wird umgebaut, Regeln und Sanktionen werden deutlich verschärft.",https://www.teltarif.de/img/arch/2026/kw27/buergergeld-grundsicherung-staat-sozialstaat-1og.jpg,2026-07-02T10:30:00Z,,"Seit 1. Juli 2026 wird das Bürgergeld schritt­weise durch die neue Grund­siche­rung für Arbeit­suchende ersetzt. Mit der Reform will die Bundes­regie­rung den Vermitt­lungs­vorrang stärken, Mitwir­ku… [+3944 chars]",,de,'Bürgergeld'
https://www.zeit.de/politik/deutschland/2026-07/mathias-doepfner-friedrich-merz-axel-springer-afd-gxe,https://www.zeit.de/politik/deutschland/2026-07/mathias-doepfner-friedrich-merz-axel-springer-afd-gxe,0,www.zeit.de,Medienbericht: Springer-Chef Döpfner soll Merz zu AfD-Öffnung gedrängt haben,"Recherchen des RND zufolge hat Mathias Döpfner Bundeskanzler Friedrich Merz dazu aufgefordert, sich der AfD zu öffnen. Der Springer-Verlag weist das zurück.",https://img.zeit.de/politik/deutschland/2026-07/mathias-doepfner-friedrich-merz-axel-springer-afd-foto-1/wide__1300x731,2026-07-02T11:01:38Z,,"Der Chef des Vorstands des Axel Springer-Verlags, Mathias Döpfner, soll einem Medienbericht zufolge Bundeskanzler Friedrich Merz (CDU) zu einer Öffnung gegenüber der Alternative für Deutschland (AfD)… [+4731 chars]",,de,'Friedrich Merz'
https://www.sueddeutsche.de/politik/kiew-luftangriffe-raketen-drohnen-li.3509148,https://www.sueddeutsche.de/politik/kiew-luftangriffe-raketen-drohnen-li.3509148,0,www.sueddeutsche.de,Ukraine: Außergewöhnlich heftige russische Luftangriffe auf Kiew,Russland tötet bei einem der massivsten Luftschläge seit Langem mindestens dreizehn Menschen. In der ukrainischen Hauptstadt stehen ganze Häuser und ein Hotel in Flammen.,https://www.sueddeutsche.de/2026/07/02/821c98e7-213e-464f-be64-03357b581544.jpg?q=60&fm=webp&width=1200&rect=193%2C45%2C1653%2C930,2026-07-02T11:29:53Z,,74 Raketen und 496 Drohnen hat die russische Armee bei ihrem Großangriff in der Nacht nach Angaben der Ukraine eingesetzt. Es war einer der schwersten seit längerer Zeit. Die Luftabwehr habe davon zw… [+1940 chars],,de,'Krieg'
https://www.nzz.ch/international/die-mehrheit-will-dass-der-albtraum-zu-ende-geht-eine-oppositionspolitikerin-wirbt-um-verstaendnis-fuer-die-russische-gesellschaft-ld.10006093,https://www.nzz.ch/international/die-mehrheit-will-dass-der-albtraum-zu-ende-geht-eine-oppositionspolitikerin-wirbt-um-verstaendnis-fuer-die-russische-gesellschaft-ld.10006093,0,www.nzz.ch,"«Die Mehrheit will, dass der Albtraum zu Ende geht»: Eine Oppositionspolitikerin wirbt um Verständnis für die russische Gesellschaft","In Russland wird der Unmut über die Folgen des Ukraine-Kriegs grösser. Offene Kritik daran wagen aber nur wenige. Die Politikerin Julia Galjamina gehört zu ihnen. Sie erhebt aber auch Vorwürfe gegen die Exil-Opposition, der sie Radikalität und Realitätsferne …","https://img-msp-prod.nzz.ch/2026/06/25/90fd2f0c-2bab-4a5e-82ea-48165b7313e3.jpg?width=1200&height=674&fit=bounds&quality=75&auto=webp&crop=6264,3523,x0,y134&wmark=nzz",2026-07-02T11:36:14Z,,In Russland wird der Unmut über die Folgen des Ukraine-Kriegs grösser. Offene Kritik daran wagen aber nur wenige. Die Politikerin Julia Galjamina gehört zu ihnen. Sie erhebt aber auch Vorwürfe gegen … [+13308 chars],,de,'Krieg'
https://www.morgenpost.de/politik/article412459736/nach-trump-attacke-pistorius-sieht-keine-ehekrise-mit-den-usa.html,https://www.morgenpost.de/politik/article412459736/nach-trump-attacke-pistorius-sieht-keine-ehekrise-mit-den-usa.html,0,www.morgenpost.de,Nach Trump-Attacke: Pistorius sieht „keine Ehekrise“ mit den USA,Donald Trump vermisst Unterstützung aus Deutschland im Iran-Krieg. Verteidigungsminister Boris Pistorius reagiert gelassen.,https://img.sparknews.funkemedien.de/412126039/412126039_1780038729_v16_9_1600.jpeg,2026-07-02T11:41:45Z,,"Nach scharfen Tönen aus Washington gibt sich Verteidigungsminister Boris Pistorius (SPD) demonstrativ gelassen. Donald Trumps Vorwurf, Deutschland habe den USA im Zusammenhang mit dem Iran-Krieg ein … [+1583 chars]",,de,'Krieg'
https://www.sueddeutsche.de/politik/ukraine-krieg-russland-kiew-angriffe-auswaertiges-amt-li.3500126,https://www.sueddeutsche.de/politik/ukraine-krieg-russland-kiew-angriffe-auswaertiges-amt-li.3500126,0,www.sueddeutsche.de,Krieg in der Ukraine: Auswärtiges Amt verurteilt russischen Angriff auf Kiew,Die Bilder aus der Nacht seien „erschütternd“. Die Angriffswelle trifft erneut zahlreiche Wohnhäuser und andere zivile Objekte. Medien berichten von einer der heftigsten Angriffswellen seit Kriegsbeginn.,https://www.sueddeutsche.de/2026/07/02/0f5bcb5c-2e3b-470d-a919-b257bba426ab.jpg?q=60&fm=webp&width=1200&rect=0%2C209%2C4000%2C2250,2026-07-02T11:47:28Z,,"Das Auswärtige Amt hat seine Reisewarnung für Russland angesichts der verstärkten ukrainischen Drohnenangriffe massiv ausgeweitet. Gewarnt wird jetzt vor Reisen im ganzen Land, bisher galt dies nur f… [+1898 chars]",,de,'Krieg'
https://www.morgenpost.de/bezirke/neukoelln/article410484747/lost-place-weltkriegsbunker-ortolanweg-berlin-neukoelln.html,https://www.morgenpost.de/bezirke/neukoelln/article410484747/lost-place-weltkriegsbunker-ortolanweg-berlin-neukoelln.html,0,www.morgenpost.de,Bunker aus der NS-Zeit: Wie das unheimliche Kriegserbe Buckow prägte,Fünf Jahrzehnte lang dämmerte ein gruseliges Relikt aus der Nazizeit am Ortolanweg vor sich hin – bis es zum Problem wurde. Alle Infos.,https://img.sparknews.funkemedien.de/407867778/407867778_1733831436_v16_9_1600.jpeg,2026-07-02T11:50:54Z,,"Meterdicke Stahlbetonwände, gefilterte Luft und kein Tageslicht: Seit Beginn des Krieges in der Ukraine sind sie wieder zum Thema geworden, Zivilschutzbauten, Schutzräume oder einfach Bunker genannt.… [+14034 chars]",,de,'Krieg'
https://www.zeit.de/politik/ausland/2026-07/russland-luftangriff-kyjiw-ukraine-raketen-drohnen-gxe,https://www.zeit.de/politik/ausland/2026-07/russland-luftangriff-kyjiw-ukraine-raketen-drohnen-gxe,0,www.zeit.de,Russischer Großangriff auf Kyjiw: Mindestens 18 Tote nach großflächigem russischen Angriff auf Kyjiw,Nach russischen Angriffen auf Kyjiw in der Nacht auf Donnerstag forderte die Ukraine weitere Luftverteidigung. Die EU kündigte neue Sanktionen gegen Moskau an.,https://img.zeit.de/politik/ausland/2026-07/russland-luftangriff-kyjiw-ukraine-raketen-drohnen-foto-1/wide__1300x731,2026-07-02T11:57:22Z,,Russland hat Kyjiw in der Nacht zum Donnerstag elf Stunden lang mit Raketen und Drohnen angegriffen. Bei den Attacken sind laut Kyjiws Bürgermeister Vitali Klitschko mindestens 18 Menschen getötet un… [+4428 chars],,de,'Ukraine'
https://www.welt.de/sicherheitsgipfel/video6a464c7693e0921d609d38f4/welt-sicherheitsgipfel-airbus-defence-space-kooperiert-mit-bravo1-der-ukraine.html,https://www.welt.de/sicherheitsgipfel/video6a464c7693e0921d609d38f4/welt-sicherheitsgipfel-airbus-defence-space-kooperiert-mit-bravo1-der-ukraine.html,0,www.welt.de,Airbus Defence & Space kooperiert mit Bravo1 der Ukraine,"Airbus Defence & Space, kooperiert als erstes westliches Unternehmen mit der ukrainischen Initiative Brave1. Ziel ist die gemeinsame Entwicklung innovativer Drohnen- und KI-Technologien. „Wir müssen jetzt Gas geben“, sagt Dr. Michael Schöllhorn, CEO, bei WELT…",https://images.welt.de/6a464c7693e0921d609d38f4/213b12c2cc757cea54453335bf9ae9da-master/ci16x9-w1200/michael-schoellhorn-airbus-welt-sicherheitsgipfel-jpg,2026-07-02T12:49:29Z,,"Airbus Defence &amp; Space, kooperiert als erstes westliches Unternehmen mit der ukrainischen Initiative Brave1. Ziel ist die gemeinsame Entwicklung innovativer Drohnen- und KI-Technologien. Wir müss… [+125 chars]",,de,'Gas'
https://www.dw.com/de/iran-trauer-um-ayatollah-wird-zur-machtdemonstration/a-77792156,https://www.dw.com/de/iran-trauer-um-ayatollah-wird-zur-machtdemonstration/a-77792156,0,www.dw.com,Iran: Trauer um Ayatollah wird zur Machtdemonstration,Im Iran bereitet die Führung der Islamischen Republik eine sechstägige Trauerzeremonie für den getöteten Ayatollah Chamenei vor – begleitet von politischer Symbolik und Machtbotschaften für die gesamte Region. Die Trauerfeiern für Ali Chamenei sollen „die grö…,https://static.dw.com/image/77540282_6.jpg,2026-07-02T13:27:00Z,,"Die Trauerfeiern für Ali Chamenei sollen die größte Versammlung in der Geschichte der Hauptstadt"" werden. Das erklärte der amtierende Teheraner Bürgermeister Alireza Zakani gegenüber iranischen Medie… [+6761 chars]",,de,'Chamenei'
https://www.zeit.de/news/2026-07/02/mit-der-waerme-aus-dem-fluss-wohnungen-heizen,https://www.zeit.de/news/2026-07/02/mit-der-waerme-aus-dem-fluss-wohnungen-heizen,0,www.zeit.de,Energie und Klima: Mit der Wärme aus dem Fluss Wohnungen heizen,Hier finden Sie Informationen zu dem Thema „Energie und Klima“. Lesen Sie jetzt „Mit der Wärme aus dem Fluss Wohnungen heizen“.,https://img.zeit.de/news/2026-07/02/mit-der-waerme-aus-dem-fluss-wohnungen-heizen-image-group/wide__1300x731,2026-07-02T13:53:36Z,,"In der Lahn bei Gießen ist die erste großtechnische Anlage zur Nutzung von Flusswärme in Hessen offiziell in Betrieb gegangen. Ihr Herzstück sind drei Großwärmepumpen, die der Lahn nach Angaben des W… [+1284 chars]",,de,'heizen'
https://www.faz.net/aktuell/rhein-main/region-und-hessen/speicher-fuer-oekostrom-flusskraftwerk-an-der-lahn-soll-giessen-mit-waerme-versorgen-200990176.html,https://www.faz.net/aktuell/rhein-main/region-und-hessen/speicher-fuer-oekostrom-flusskraftwerk-an-der-lahn-soll-giessen-mit-waerme-versorgen-200990176.html,0,www.faz.net,Klimaneutrale Energie: Flusskraftwerk soll Energie für 4000 Wohnungen generieren,Rund 30 Millionen haben die Stadtwerke Gießen in ein neues Kraftwerk investiert. Dabei geht es auch um das Speichern von überschüssigem Ökostrom. Zum Einsatz kommt die innovative „Power-to-heat“-Technologie.,https://media0.faz.net/image/w1200h627/31afee142d82/w4032h2106x0y459o/202607/43601.0.2288804623/energiepaket-das-neue.webp,2026-07-02T16:00:00Z,,"Mit ihrem ersten Flusskraftwerk wollen die Stadtwerke Gießen klimaneutrale Energie für fast 4000 Wohnungen in der Stadt an der Lahn gewinnen. Zu diesem Zweck werden Wärmepumpen, Blockheizkraftwerke u… [+4108 chars]",,de,'Energie'
https://www.faz.net/aktuell/politik/ukraine/ukraine-liveticker-selenskyj-kuendigt-vergeltung-nach-russischem-angriff-auf-kiew-an-faz-110683325.html,https://www.faz.net/aktuell/politik/ukraine/ukraine-liveticker-selenskyj-kuendigt-vergeltung-nach-russischem-angriff-auf-kiew-an-faz-110683325.html,0,www.faz.net,Liveblog Ukrainekrieg: Selenskyj kündigt Vergeltung an,Mehr als 20 Tote nach russischem Angriff auf Kiew +++ Bundesregierung: Putin setzt auf Terror gegen die Bevölkerung  +++ alle Neuigkeiten im Liveblog,https://media0.faz.net/image/w1200h627/5bc2cbebd609/w5683h2969x0y410o/202607/43601.0.2289882109/der-ukrainische-praesident.webp,2026-07-02T16:15:22Z,,Nach heftigen russischen Angriffen in der Nacht steigen die Opferzahlen in der Ukraine am Morgen weiter. Nach offiziellen Angaben von Dienstagnachmittag wurden allein in Kiew mindestens 20 Zivilisten… [+1254 chars],,de,'Saporischschja'
https://www.faz.net/aktuell/feuilleton/medien-und-film/medienpolitik/team-merz-und-die-wm-pleiten-pannen-eigentore-200979078.html,https://www.faz.net/aktuell/feuilleton/medien-und-film/medienpolitik/team-merz-und-die-wm-pleiten-pannen-eigentore-200979078.html,0,www.faz.net,Kanzler und Fussball: Friedrich Merz und das peinlichste Eigentor der WM,Viele halten das Scheitern der Nationalmannschaft bei der Fußball-WM für ein Sinnbild des Landes. Aber würden deutsche Tugenden der Wirtschaft weiterhelfen? Oder ist der Trainer schuld?,https://media0.faz.net/image/w1200h627/55bb246b1737/w3571h1865x708y443o/202606/43601.0.2198064006/laesst-als-trainer.webp,2026-07-02T16:31:37Z,,"Es war keine Überraschung, dass nach dem blamablen Ausscheiden der deutschen Herrenfußballnationalmannschaft bei der WM die Zeit der 80 Millionen Bundestrainer kommen würde. Doch diesmal klang es ehe… [+3070 chars]",,de,'Friedrich Merz'
https://www.welt.de/politik/ausland/plus6a462735ae0977c5aff19fb4/drohende-zwangsmobilisierung-dumme-selbstmoerderische-befehle-russlands-rekrutierungsstrategie-geraet-an-ihre-grenzen.html,https://www.welt.de/politik/ausland/plus6a462735ae0977c5aff19fb4/drohende-zwangsmobilisierung-dumme-selbstmoerderische-befehle-russlands-rekrutierungsstrategie-geraet-an-ihre-grenzen.html,0,www.welt.de,"„Dumme, selbstmörderische Befehle“ – Russlands Rekrutierungsstrategie gerät an ihre Grenzen","In Russland geht das Video eines Unteroffiziers viral. Er wirft Befehlshabern der Armee vor, ihre Untergebenen zu misshandeln oder gar zu töten. Das dürfte die ohnehin schwierige Rekrutierung weiter erschweren. Der Kreml erwägt deshalb eine drastische Maßnahm…",https://images.welt.de/6a462735ae0977c5aff19fb4/9e8c313d79f81c3ec21310aad1c5aa0b-master/ci16x9-w1200/593413043-jpg,2026-07-02T16:59:22Z,,"In Russland geht das Video eines Unteroffiziers viral. Er wirft Befehlshabern der Armee vor, ihre Untergebenen zu misshandeln oder gar zu töten. Das dürfte die ohnehin schwierige Rekrutierung weiter … [+61 chars]",,de,'Kreml'
https://www.zeit.de/politik/ausland/2026-07/paketbomben-monaco-wadym-jermolajew-oligarch,https://www.zeit.de/politik/ausland/2026-07/paketbomben-monaco-wadym-jermolajew-oligarch,0,www.zeit.de,Paketbombenanschlag in Monaco: Ermittler identifizieren verdächtige Person nach Explosion in Monaco,Eine Paketbombe verletzte in Monaco drei Menschen – darunter offenbar einen Geschäftsmann aus der Ukraine. Nun wird eine verdächtige Person zur Fahndung ausgeschrieben.,https://img.zeit.de/politik/ausland/2026-07/paketbomben-monaco-wadym-jermolajew-oligarch-foto-1/wide__1300x731,2026-07-02T22:52:42Z,,Die Staatsanwaltschaft von Monaco hat nach der Explosion einer Paketbombe eine verdächtige Person identifiziert. Bei dem Vorfall war ein aus der Ukraine stammender Geschäftsmann schwer verletzt worde… [+1700 chars],,de,'Ukraine'
https://www.nzz.ch/schweiz/ich-ueberlebte-dank-meinen-nachbarn-der-sanktionierte-schweizer-jacques-baud-meldet-sich-zu-wort-die-eu-widerspricht-ld.10013842,https://www.nzz.ch/schweiz/ich-ueberlebte-dank-meinen-nachbarn-der-sanktionierte-schweizer-jacques-baud-meldet-sich-zu-wort-die-eu-widerspricht-ld.10013842,0,www.nzz.ch,«Ich überlebte dank meinen Nachbarn»: Der mit einer Sanktion belegte Schweizer Jacques Baud meldet sich zu Wort – die EU widerspricht,"Weil er für den Kreml Propaganda betreibe, hat die EU die Konti des Genfer Autors gesperrt. Dieser sagt, dass er keinerlei Verbindung zu Russland habe, und erzählt vom Alltag ohne Geld.","https://img-msp-prod.nzz.ch/2026/01/16/ae1e462a-5507-4c8f-b66d-5411999b591f.jpg?width=1200&height=675&fit=bounds&quality=75&auto=webp&crop=5315,2990,x0,y277&wmark=nzz",2026-07-03T03:30:00Z,,"Weil er für den Kreml Propaganda betreibe, hat die EU die Konti des Genfer Autors gesperrt. Dieser sagt, dass er keinerlei Verbindung zu Russland habe, und erzählt vom Alltag ohne Geld.
Zusammenfass… [+4408 chars]",,de,'Kreml'
https://www.nzz.ch/pro/putin-schwaecht-mit-dem-ukraine-krieg-russlands-macht-ld.10013888,https://www.nzz.ch/pro/putin-schwaecht-mit-dem-ukraine-krieg-russlands-macht-ld.10013888,0,www.nzz.ch,Wladimir der Grosse?,Mit dem Ukraine-Krieg hat Putin den Traum von der russischen Weltmacht ruiniert. Die Pfeiler seiner Macht sind allesamt geschwächt.,"https://img-msp-prod.nzz.ch/2026/07/01/6d4dc5de-b7af-4029-90d7-82a0c95d6eed.jpg?width=1200&height=675&fit=bounds&quality=75&auto=webp&crop=4053,2280,x0,y1497&wmark=nzz",2026-07-03T03:30:00Z,,"Mit dem Ukraine-Krieg hat Putin den Traum von der russischen Weltmacht ruiniert. Die Pfeiler seiner Macht sind allesamt geschwächt.
Ulrich Speck03.07.2026, 05.30 Uhr
Kommentieren
Zusammenfassung
… [+8979 chars]",,de,'Wladimir Putin'
https://www.nzz.ch/international/russland-schliesst-grenzuebergaenge-zu-finnland-estland-und-lettland-ld.10013825,https://www.nzz.ch/international/russland-schliesst-grenzuebergaenge-zu-finnland-estland-und-lettland-ld.10013825,0,www.nzz.ch,"Russland schliesst sieben Grenzübergänge zu Finnland, Estland und Lettland. Was steckt dahinter?","In nur 48 Stunden war die Grenze dicht. In Russlands Nachbarländern wird darüber gerätselt, was den Kreml zu diesem Eiltempo bewogen hat.","https://img-msp-prod.nzz.ch/2023/06/05/1b7d09d4-98c2-4410-9363-4dcbcdbbbe34.jpeg?width=1200&height=675&fit=bounds&quality=75&auto=webp&crop=8192,4608,x0,y0&wmark=nzz",2026-07-03T03:30:00Z,,"In nur 48 Stunden war die Grenze dicht. In Russlands Nachbarländern wird darüber gerätselt, was den Kreml zu diesem Eiltempo bewogen hat.
Zusammenfassung
In Russland wirbt die Armee um neue Soldate… [+4541 chars]",,de,'Kreml'
https://www.zeit.de/gesellschaft/2026-07/alexej-nawalny-wladimir-putin-russland-bibelpodcast,https://www.zeit.de/gesellschaft/2026-07/alexej-nawalny-wladimir-putin-russland-bibelpodcast,0,www.zeit.de,Alexej Nawalny: Einer gegen Putin,"So lang er konnte, kämpfte der russische Aktivist Alexej Nawalny gegen den Präsidenten Wladimir Putin, der das Land zugrunde richtet. Deshalb musste er sterben.",https://img.zeit.de/2026-07/alexej-nawalny-wladimir-putin-russland-bibelpodcast-bild/wide__1300x731,2026-07-03T04:05:07Z,,"Alexej Nawalny (1976 2024) erlebte den langsamen Untergang Russlands: Als er ein Kind war, explodierte das Atomkraftwerk in Tschernobyl. Später sah der junge Rechtsanwalt, wie überall Lügen, Korrupti… [+521 chars]",,de,'Kreml'
https://www.focus.de/politik/ausland/sarg-von-ali-chamenei-im-iran-erstmals-oeffentlich-gezeigt_a5c90faa-cb38-4df9-b760-03abdccc0643.html,https://www.focus.de/politik/ausland/sarg-von-ali-chamenei-im-iran-erstmals-oeffentlich-gezeigt_a5c90faa-cb38-4df9-b760-03abdccc0643.html,0,www.focus.de,Sarg von Ali Chamenei im Iran erstmals öffentlich gezeigt,Im Iran ist erstmals der Sarg des bei einem US-israelischen Luftangriff getöteten Obersten Religionsführers Ali Chamenei gezeigt worden. Die Trauerfeiern sollen ab Samstag im ganzen Land gefeiert werden.,"https://quadro.burda-forward.de/ctf/85f00676-21a4-4953-a39c-eb74b63a98b5.f453e2e8-2252-49fa-84e8-f731da033843.jpeg?im=RegionOfInterestCrop=(1200,630),regionOfInterest=(1112,902)&hash=4158e96f8f889e297c0448e93fb3facec3708192f00930f85a52ff7675398613",2026-07-03T04:23:00Z,,"Vom Machtzentrum in Teheran bis Nadschaf im Irak: Sechs Tage lang sind ab Samstag in fünf Städten Trauerzeremonien für den bei US-israelischen Angriffen getöteten obersten Führer des Iran, Ali Chamen… [+4147 chars]",,de,'Iran'
https://www.golem.de/sonstiges/zustimmung/auswahl.html?from=https://www.golem.de/news/politik-koalition-will-informationsfreiheit-einschraenken-2607-210458.html&referer=https://t.co/fcbb1064c3,https://www.golem.de/sonstiges/zustimmung/auswahl.html?from=https://www.golem.de/news/politik-koalition-will-informationsfreiheit-einschraenken-2607-210458.html&referer=https://t.co/fcbb1064c3,0,www.golem.de,Politik: Koalition will Informationsfreiheit einschränken,"Bürger sollen künftig ein berechtigtes Interesse nachweisen, Vereine und Verbände dürfen gar nicht mehr anfragen. (Friedrich Merz, Politik)",,2026-07-03T05:32:02Z,,"Besuchen Sie Golem.de wie gewohnt mit Werbung und Tracking,
 indem Sie der Nutzung aller Cookies zustimmen.
 Details zum Tracking finden Sie im Privacy Center.
Skript wurde nicht geladen. Informat… [+607 chars]",,de,'Friedrich Merz'
https://www.zeit.de/politik/ausland/2026-07/angriffe-russland-benzinkrise-ukraine-5vor8,https://www.zeit.de/politik/ausland/2026-07/angriffe-russland-benzinkrise-ukraine-5vor8,0,www.zeit.de,Angriffe auf russisches Gebiet: Wann merken sie es endlich?,"Schlangen an den Tankstellen, steigende Preise, brennende Raffinerien: Der Krieg ist längst in Russland angekommen. Warum die Bevölkerung dennoch nicht aufbegehrt",https://img.zeit.de/politik/ausland/2026-07/angriffe-russland-benzinkrise-ukraine-5vor8-bild/wide__1300x731,2026-07-03T05:49:25Z,,"Schließen
Artikelzusammenfassung
Die Ukraine-Krise spitzt sich zu: Ukrainische Drohnen dringen immer tiefer in russisches Gebiet vor, lösen Chaos und Zerstörung aus. Die russische Bevölkerung leide… [+799 chars]",,de,'Krieg'
https://rivva.de/336737953,https://rivva.de/336737953,0,rivva.de,Wissenschaft trifft Praxis: Was kommt nach dem Bürgergeld? – IAB-Forum,,,2026-07-03T06:10:01Z,,"rivva.de ist ein Aggregator für deutschsprachige Blogs.Ein unabhängiges Projekt von Frank Westphal.
Rivva ist zu 100 % auf Unterstützung durch freiwillige Mitgliedschaften und Spenden angewiesen.Dam… [+225 chars]",,de,'Bürgergeld'
https://www.tagesschau.de/ausland/europa/ukraine-russland-angriffe-tote-106.html,https://www.tagesschau.de/ausland/europa/ukraine-russland-angriffe-tote-106.html,0,www.tagesschau.de,Erneute Angriffe auf Ukraine - mindestens vier Tote,Bei russischen Angriffen auf mehrere Regionen in der Ukraine sind erneut mehrere Menschen getötet und verletzt worden. In Kiew ist die Zahl der Todesopfer durch die massiven Attacken in der Nacht auf Donnerstag auf mindestens 30 gestiegen.,https://images.tagesschau.de/image/24be2202-a792-4d0e-bb63-fbedf00b660a/AAABnyayqt4/AAABnSSvrFg/16x9-big/ukraine-krieg-624.jpg?width=1280,2026-07-03T06:37:51Z,,"Stand: 03.07.2026 08:37 Uhr
Bei russischen Angriffen auf mehrere Regionen in der Ukraine sind erneut mehrere Menschen getötet und verletzt worden. In Kiew ist die Zahl der Todesopfer durch die massi… [+2082 chars]",,de,'Ukraine'
https://www.n-tv.de/politik/Totenzahl-nach-russischen-Angriffen-auf-Kiew-steigt-auf-30-id31042749.html,https://www.n-tv.de/politik/Totenzahl-nach-russischen-Angriffen-auf-Kiew-steigt-auf-30-id31042749.html,0,www.n-tv.de,Kreml setzt auf Kriegsverbrechen: Totenzahl nach russischen Angriffen auf Kiew steigt auf 30,"Russlands wirtschaftliche Probleme werden durch ukrainische Angriffe größer, gleichzeitig gibt es kaum noch Erfolge auf dem Schlachtfeld. Die Kreml-Streitkräfte attackieren derweil weiter die ukrainische Zivilbevölkerung. In Kiew werden weitere Leichen gefund…",https://www.n-tv.de/img/31042758/1783062924/Img_16_9/1200/260702-KIEV-July-2-2026-Municipal-workers-work-at-the-site-of-a-missile-strike-in-Kiev-Ukraine-on-July-2-2026-At-least-27-people-were-killed-in-a-Russian-attack-on-the-Ukrainian-capital-on-Thursday-Tymur-Tkachenko-head-of-the-Kiev-City-Military-Administration-said.jpg,2026-07-03T07:40:42Z,,"Russlands wirtschaftliche Probleme werden durch ukrainische Angriffe größer, gleichzeitig gibt es kaum noch Erfolge auf dem Schlachtfeld. Die Kreml-Streitkräfte attackieren derweil weiter die ukraini… [+1833 chars]",,de,'Kreml'
https://www.sueddeutsche.de/meinung/reformen-bundesregierung-wirtschaft-deutschland-kommentar-li.3509435,https://www.sueddeutsche.de/meinung/reformen-bundesregierung-wirtschaft-deutschland-kommentar-li.3509435,0,www.sueddeutsche.de,Reformen: So wird die Industrie nicht wieder auferstehen,"Die Koalition versäumt es, ein Konzept zu erarbeiten, das der deutschen Wirtschaft den Weg aus der Sackgasse weist.",https://www.sueddeutsche.de/2026/07/03/570c8156-416d-4256-9397-6d014e908d66.jpg?q=60&fm=webp&width=1200&rect=200%2C395%2C3182%2C1790,2026-07-03T08:57:15Z,,"Man sollte die Beschlüsse nicht kleinreden, die der Koalitionsausschuss von CDU, CSU und SPD in dieser Woche vereinbart hat. Die Abschaffung vieler Berichtspflichten, die Ausweitung befristeter Besch… [+346 chars]",,de,'Industrie'
https://www.welt.de/politik/deutschland/article6a4779e6ad32e994f8759c42/zdfchef-himmler-verteidigt-buergergelddoku-nach-zahlreichen-beschwerden.html,https://www.welt.de/politik/deutschland/article6a4779e6ad32e994f8759c42/zdfchef-himmler-verteidigt-buergergelddoku-nach-zahlreichen-beschwerden.html,0,www.welt.de,ZDF‑Chef Himmler verteidigt Bürgergeld‑Doku nach zahlreichen Beschwerden,Zahlreiche Beschwerden zur Bürgergeld‑Doku haben das ZDF zu einer öffentlichen Stellungnahme veranlasst. Intendant Norbert Himmler weist die Vorwürfe zurück.,https://images.welt.de/6a4779e6ad32e994f8759c42/8d10426a09e5d5df42386c80e554fee1-master/ci16x9-w1200/dpa-com-20090101-260312-935-1212676-jpg,2026-07-03T09:23:43Z,,"ZDF-Intendant Norbert Himmler hat Vorwürfe gegen die Dokumentation Am Puls mit Sarah Tacke System Bürgergeld: Leben ohne Leistung? zurückgewiesen. Ziel des Films war es nicht, Menschen im Bürgergeldb… [+1855 chars]",,de,'Bürgergeld'
https://orf.at/stories/3435149/,https://orf.at/stories/3435149/,0,orf.at,Trauerfeierlichkeiten für Chamenei gestartet,Der Iran bereitet sich auf das für drei Tage angesetzte Staatsbegräbnis von Ajatollah Ali Chamenei vor. Neben der Aufbahrung des getöteten obersten Führers des Landes in Teheran ab Samstag sind Trauerzeremonien im ganzen Land geplant. Auch zahlreiche ausländi…,https://ibs.orf.at/news?image=https%3A%2F%2Fassets.orf.at%2Fmims%2F2026%2F27%2F83%2Fcrops%2Fw%3D1200%2Ch%3D630%2Cq%3D75%2F3099355_master_1200383_iran_chamenei_beisetzung_vorbereitung_im.jpg%3Fs%3Dc145c660c74c41714d4d3b70dbd0762956ebf43e,2026-07-03T10:15:40Z,,"Am Freitag wurde der Leichnam Chameneis zur Aufbahrung auf den Musalla von Teheran gebracht. Fotos zeigten Menschen, die den mit der iranischen Flagge bedeckten Sarg auf den Platz der Großen Moschee … [+3460 chars]",,de,'Chamenei'
https://www.n-tv.de/politik/Grosser-Abschied-fuer-Chamenei-sechstaegige-Trauerfeier-beginnt-id31043912.html,https://www.n-tv.de/politik/Grosser-Abschied-fuer-Chamenei-sechstaegige-Trauerfeier-beginnt-id31043912.html,0,www.n-tv.de,Ausnahmezustand im Iran: Großer Abschied für Chamenei - sechstägige Trauerfeier beginnt,"Ende Februar wird der iranische oberste Führer Chamenei bei einem US-israelischen Angriff getötet. Nun beginnen sechstägige Trauerfeierlichkeiten, bei denen sein Leichnam von Iran bis in den Irak getragen wird. Sie zeigen: Selbst im Tod soll die Macht des Reg…",https://www.n-tv.de/img/31044029/1783078049/Img_16_9/1200/dpatopbilder-HANDOUT-03-07-2026-Iran-Teheran-Auf-diesem-vom-Buero-des-Obersten-Fuehrers-des-Iran-veroeffentlichten-Foto-sind-Trauernde-zu-sehen-die-sich-um-den-Sarg-des-Obersten-Fuehrers-des-Iran-Ajatollah-Ali-Chamenei-versammeln-der-vor-seiner-Beisetzung-in-einer-Trauerhalle-neben-der-Imam-Chomeini-Hoseiniye-auf-dem-Gelaende-des-Obersten-Fuehrers-aufgebahrt-ist.jpg,2026-07-03T10:30:17Z,,"Ausnahmezustand im IranGroßer Abschied für Chamenei - sechstägige Trauerfeier beginnt
Tausende Trauernde versammelten sich in Teheran um den Sarg von Ali Chamenei. (Foto: Uncredited/Iranian Supreme … [+3221 chars]",,de,'Chamenei'
https://www.zeit.de/news/2026-07/03/landkreis-genehmigt-bau-von-pumpspeicherwerk-riedl,https://www.zeit.de/news/2026-07/03/landkreis-genehmigt-bau-von-pumpspeicherwerk-riedl,0,www.zeit.de,Erneuerbare Energie: Landkreis genehmigt Bau von Pumpspeicherwerk Riedl,Hier finden Sie Informationen zu dem Thema „Erneuerbare Energie“. Lesen Sie jetzt „Landkreis genehmigt Bau von Pumpspeicherwerk Riedl“.,https://img.zeit.de/news/2026-07/03/landkreis-genehmigt-bau-von-pumpspeicherwerk-riedl-image-group/wide__1300x731,2026-07-03T11:52:09Z,,Die Bauarbeiten für das umstrittene Pumpspeicherwerk Riedl in der Gemeinde Untergriesbach (Landkreis Passau) können trotz laufender Klagen beginnen. Das Landratsamt Passau hat nach eigenen Angaben di… [+2113 chars],,de,'Energie'
https://www.zeit.de/news/2026-07/03/ukraine-soll-bei-nato-gipfel-milliardenversprechen-erhalten,https://www.zeit.de/news/2026-07/03/ukraine-soll-bei-nato-gipfel-milliardenversprechen-erhalten,0,www.zeit.de,Spitzentreffen in Ankara: Ukraine soll bei Nato-Gipfel Milliardenversprechen erhalten,Hier finden Sie Informationen zu dem Thema „Spitzentreffen in Ankara“. Lesen Sie jetzt „Ukraine soll bei Nato-Gipfel Milliardenversprechen erhalten“.,https://img.zeit.de/news/2026-07/03/ukraine-soll-bei-nato-gipfel-milliardenversprechen-erhalten-image-group/wide__1300x731,2026-07-03T12:32:27Z,,Die von Russland angegriffene Ukraine soll beim Nato-Gipfel in Ankara ein neues Versprechen für milliardenschwere Militärhilfen bekommen. Darauf verständigten sich Vertreter der 32 Bündnisstaaten wen… [+4846 chars],,de,'Ukraine'
https://www.zeit.de/politik/deutschland/2026-07/gesundheitsreform-pharmaindustrie-lobby-koalition,https://www.zeit.de/politik/deutschland/2026-07/gesundheitsreform-pharmaindustrie-lobby-koalition,0,www.zeit.de,"Gesundheitsreform: Alle sollen sparen, nur die Pharmabranche kommt glimpflich davon",Die Bundesregierung wollte mit der Gesundheitsreform auch bei Pharmafirmen sparen. Doch nach Druck aus der Industrie schwächt die Koalition die Pläne ab. Zurecht?,https://img.zeit.de/politik/deutschland/2026-07/gesundheitsreform-pharmaindustrie-lobby-koalition-bild/wide__1300x731,2026-07-03T12:38:44Z,,"Es waren intensive Wochen für die Lobbyisten der Pharmaindustrie. Sie schrieben unzählige E-Mails an Bundestagsabgeordnete, vereinbarten Treffen in Ministerien, präsentierten ihre Argumente. In zahlr… [+771 chars]",,de,'Industrie'
https://www.n-tv.de/politik/Darum-koennte-die-Krim-den-Ukraine-Krieg-entscheiden-id31043092.html,https://www.n-tv.de/politik/Darum-koennte-die-Krim-den-Ukraine-Krieg-entscheiden-id31043092.html,0,www.n-tv.de,Plant der Kreml die Evakuierung?: Darum könnte die Krim den Ukraine-Krieg entscheiden,"Die Ukraine attackiert Russland an seiner Achillesferse: Die Krim ist das logistische und militärische Drehkreuz. Kiew ist auf dem besten Weg, die Halbinsel komplett zu isolieren und vom Nachschub abzuschneiden. Das hat Auswirkungen auf die Front in der Süduk…",https://www.n-tv.de/img/31041879/1783021279/Img_16_9/1200/A-satellite-image-shows-smoke-rising-from-Crimea-Bridge-amid-Russia-Ukraine-conflict-Crimea-June-22-2026-Vantor-Handout-via-REUTERS-THIS-IMAGE-HAS-BEEN-SUPPLIED-BY-A-THIRD-PARTY-NO-RESALES-NO-ARCHIVES-MANDATORY-CREDIT-DO-NOT-OBSCURE-LOGO.jpg,2026-07-03T13:18:27Z,,"Rauch steigt von der Krim-Brücke auf, sie verbindet die Halbinsel mit dem russischen Festland. (Foto: via REUTERS)
Die Ukraine attackiert Russland an seiner Achillesferse: Die Krim ist das logistisc… [+8035 chars]",,de,'Ukraine'
https://www.n-tv.de/politik/Bericht-USA-warnten-Iran-vor-israelischen-Attentatsplaenen-id31045367.html,https://www.n-tv.de/politik/Bericht-USA-warnten-Iran-vor-israelischen-Attentatsplaenen-id31045367.html,0,www.n-tv.de,Verhandlungsführer im Visier: Bericht: USA warnten Iran vor israelischen Attentatsplänen,"Einem Bericht zufolge vermuten US-Beamte im Frühjahr, dass Israel die obersten iranischen Verhandlungsführer töten will. Die Attentate hätten die Gespräche über ein Abkommen mit Teheran erheblich erschwert.",https://www.n-tv.de/img/31045384/1783090770/Img_16_9/1200/Der-iranische-Aussenminister-Seyyed-Abbas-Araghtschi-im-Ferienresort-Buergenstock-Nach-der-Unterzeichnung-eines-Rahmenabkommens-zum-Frieden-in-Frankreich-in-dieser-Woche-treffen-sich-die-Delegationen-der-USA-und-des-Iran-im-Resort-Buergenstock-um-unter-Beteiligung-der-Vermittler-Pakistan-und-Katar-weitere-Einzelheiten-und-technische-Fragen-zu-eroertern.jpg,2026-07-03T13:22:21Z,,"Der iranische Außenminister Seyyed Abbas Araghtschi. (Foto: picture alliance/dpa/KEYSTONE)
Einem Bericht zufolge vermuten US-Beamte im Frühjahr, dass Israel die obersten iranischen Verhandlungsführe… [+2350 chars]",,de,'Chamenei'
https://www.sueddeutsche.de/projekte/artikel/wirtschaft/roboter-industrie-wirtschaft-robotik-e486836/,https://www.sueddeutsche.de/projekte/artikel/wirtschaft/roboter-industrie-wirtschaft-robotik-e486836/,0,www.sueddeutsche.de,"Industrie: Mensch, Roboter!",Ist das nur ein Hype – oder die Zukunft der Fabrik? Milliarden fließen in die Entwicklung humanoider Maschinen.  Zu Besuch bei lernenden Robotern und Entwicklern.,"https://www.sueddeutsche.de/projekte/artikel/wirtschaft/roboter-industrie-wirtschaft-robotik-e486836/f07ad01b7b5d8adf27e83c221d0d93933b2ccc92e0db41f5b5f697f996c7be02_w2400_h1256_r567,0,5000,2617_q70.jpg",2026-07-03T13:37:00Z,,"Nummer 28 lernt noch. Seine Aufgabe: Er muss Ober- und Unterteil eines Heckspoilers aus der Kunststoff-Spritzgussmaschine holen, beides einige Meter hinübertragen zu einem Automaten, der alles mitein… [+106 chars]",,de,'Industrie'
https://www.zeit.de/news/2026-07/03/aurubis-190-millionen-euro-in-recyclinganlage-investiert,https://www.zeit.de/news/2026-07/03/aurubis-190-millionen-euro-in-recyclinganlage-investiert,0,www.zeit.de,Industrie: Aurubis: 190 Millionen Euro in Recyclinganlage investiert,Hier finden Sie Informationen zu dem Thema „Industrie“. Lesen Sie jetzt „Aurubis: 190 Millionen Euro in Recyclinganlage investiert“.,https://img.zeit.de/news/2026-07/03/aurubis-190-millionen-euro-in-recyclinganlage-investiert-image-group/wide__1300x731,2026-07-03T13:57:52Z,,"Der Kupferproduzent Aurubis hat in Hamburg eine Recyclinganlage in Betrieb genommen, in die das Unternehmen nach eigenen Angaben 190 Millionen Euro investiert hat. Das teilte Aurubis mit. Die Besonde… [+587 chars]",,de,'Industrie'
https://www.zeit.de/news/2026-07/03/woidke-strompreiszone-mit-polnischen-regionen-pruefen,https://www.zeit.de/news/2026-07/03/woidke-strompreiszone-mit-polnischen-regionen-pruefen,0,www.zeit.de,Energiepreise: Woidke: Strompreiszone mit polnischen Regionen prüfen,Hier finden Sie Informationen zu dem Thema „Energiepreise“. Lesen Sie jetzt „Woidke: Strompreiszone mit polnischen Regionen prüfen“.,https://img.zeit.de/news/2026-07/03/woidke-strompreiszone-mit-polnischen-regionen-pruefen-image-group/wide__1300x731,2026-07-03T14:01:29Z,,"Brandenburg lotet nach Angaben von Ministerpräsident Dietmar Woidke die Möglichkeit einer gemeinsamen Strompreiszone mit Regionen im Nachbarland Polen aus. «Schleswig-Holstein, Hamburg, Teile von Nie… [+2106 chars]",,de,'Industrie'
https://www.tagesspiegel.de/berlin/energiepreise-woidke-strompreiszone-mit-polnischen-regionen-prufen-15795131.html,https://www.tagesspiegel.de/berlin/energiepreise-woidke-strompreiszone-mit-polnischen-regionen-prufen-15795131.html,0,www.tagesspiegel.de,Energiepreise: Woidke: Strompreiszone mit polnischen Regionen prüfen,Hohe Strompreise gelten als Hemmnis für die Wirtschaft und sind ein Ärgernis für die Verbraucher. Brandenburgs Regierungschef Woidke will sich einen Vorschlag aus Schleswig-Holstein näher anschauen.,https://www.tagesspiegel.de/images/15795130/alternates/BASE_16_9_W1400/1783087345000/brandenburgs-ministerprasident-dietmar-woidke.jpeg,2026-07-03T14:02:25Z,,"Brandenburg lotet nach Angaben von Ministerpräsident Dietmar Woidke die Möglichkeit einer gemeinsamen Strompreiszone mit Regionen im Nachbarland Polen aus. Schleswig-Holstein, Hamburg, Teile von Nied… [+2159 chars]",,de,'Energie'
https://www.golem.de/sonstiges/zustimmung/auswahl.html?from=https://www.golem.de/news/mangelnde-governance-bei-ki-nutzung-schatten-ki-bedroht-sicherheit-in-unternehmen-2607-210496.html&referer=https://t.co/65362465ec,https://www.golem.de/sonstiges/zustimmung/auswahl.html?from=https://www.golem.de/news/mangelnde-governance-bei-ki-nutzung-schatten-ki-bedroht-sicherheit-in-unternehmen-2607-210496.html&referer=https://t.co/65362465ec,0,www.golem.de,Mangelnde Governance bei KI-Nutzung: Schatten-KI bedroht Sicherheit in Unternehmen,"Deutsche Firmen nutzen KI-Agenten ohne ausreichende Regelung. Sicherheitsverantwortliche sehen eine wachsende Gefahr für Unternehmensdaten. (Studien, Datenschutz)",,2026-07-03T14:40:02Z,,"Besuchen Sie Golem.de wie gewohnt mit Werbung und Tracking,
 indem Sie der Nutzung aller Cookies zustimmen.
 Details zum Tracking finden Sie im Privacy Center.
Skript wurde nicht geladen. Informat… [+607 chars]",,de,'Sicherheit'
https://www.focus.de/politik/ausland/video-zeigt-die-beerdigungszeremonie-von-ayatollah-ali-chamenei_9439b975-6d72-4c82-b748-d71c3f774525.html,https://www.focus.de/politik/ausland/video-zeigt-die-beerdigungszeremonie-von-ayatollah-ali-chamenei_9439b975-6d72-4c82-b748-d71c3f774525.html,0,www.focus.de,Video zeigt die Beerdigungszeremonie von Ayatollah Ali Chamenei,"Am Freitag hat die staatliche Gedenkfeier für den ehemaligen Obersten Führer des Iran, Ali Chamenei, begonnen.","https://quadro.burda-forward.de/ctf/2f8076d4-47f0-43d3-96c3-2f17c9861ec6.2e4a362a-eee1-4eaf-8046-dea03f31f2e5.jpg?im=RegionOfInterestCrop=(1200,630),regionOfInterest=(947,317)&hash=7ae3c30a105b66f571a1d0c13a63723253a83a40316041621e1271af91f7be5c",2026-07-03T14:58:00Z,,"Aufnahmen der Nachrichtenagentur Associated Press zeigen trauernde Gäste, sowie hochrangige iranische Politiker und religiöse Würdenträger, um Chamenei ihre letzte Ehre zu erweisen.
Die Abschiedsfei… [+392 chars]",,de,'Chamenei'
https://www.freitag.de/autoren/janina-luett/kuerzungen-im-buergergeld-weiss-markus-soeder-eigentlich-wieviel-ein-doener-kostet,https://www.freitag.de/autoren/janina-luett/kuerzungen-im-buergergeld-weiss-markus-soeder-eigentlich-wieviel-ein-doener-kostet,0,www.freitag.de,"Kürzungen im Bürgergeld: Weiß Markus Söder eigentlich, wieviel ein Döner kostet?",Ein Döner ist für Menschen im Bürgergeld-Bezug inzwischen Luxus. Warum die Debatten über Kürzungen an der Lebensrealität vorbeigehen und warum Deutschland endlich über Armut statt über das Leben von Armutsbetroffenen sprechen muss Jüngst forderte Bayerns Mini…,https://www.freitag.de/autoren/janina-luett/kuerzungen-im-buergergeld-weiss-markus-soeder-eigentlich-wieviel-ein-doener-kostet/@@images/image/great,2026-07-03T16:02:00Z,,"Jüngst forderte Bayerns Ministerpräsident Markus Söder (CSU), das Bürgergeld müsse auf das „absolut verfassungsrechtliche Minimum reduziert werden“. Seine Worte vermitteln den Eindruck, als hätten wi… [+4361 chars]",,de,'Bürgergeld'
https://www.zeit.de/politik/ausland/2026-07/ukraine-lage-raketen-marschflugkoerper-fire-point-woche,https://www.zeit.de/politik/ausland/2026-07/ukraine-lage-raketen-marschflugkoerper-fire-point-woche,0,www.zeit.de,Lage in der Ukraine: Kommt die ukrainische Rakete?,Die Ukraine arbeitet an eigenen ballistischen Raketen. Eine russische Meldung legt nahe: Eine davon soll erstmals in Russland eingesetzt worden sein. Der Wochenrückblick,https://img.zeit.de/politik/ausland/2026-07/ukraine-lage-raketen-marschflugkoerper-fire-point-woche-bild-eurosatory/wide__1300x731,2026-07-03T16:36:11Z,,Die trockene Sprache der Lageberichte des russischen Verteidigungsministeriums lädt nur selten zum Aufhorchen ein. Dies gilt auf den ersten Blick auch für eine Mitteilung vom Mittwochvormittag verbre… [+14943 chars],,de,'Ukraine'
https://www.zeit.de/arbeit/2026-07/krankschreibung-attestpflicht-reform-bundesregierung-misstrauen,https://www.zeit.de/arbeit/2026-07/krankschreibung-attestpflicht-reform-bundesregierung-misstrauen,0,www.zeit.de,"Krankschreibung: Misstrauen ist gut, Vertrauen ist besser",Friedrich Merz fordert die Attest-Pflicht ab dem ersten Tag und verheddert sich im kommunikativen Chaos. Doch das Problem der Reform reicht noch viel tiefer.,https://img.zeit.de/arbeit/2026-07/krankschreibung-attestpflicht-reform-bundesregierung-misstrauen-bild/wide__1300x731,2026-07-03T18:30:54Z,,"Da ist es also nun, das »Programm
für Aufschwung und Beschäftigung«: Steuern, Rente, Arbeitsmarkt,
Bürokratieabbau das alles will die Bundesregierung reformieren. Und mit ihnen
offenbar auch: den … [+694 chars]",,de,'Friedrich Merz'
https://www.focus.de/kultur/kino-tv/buergergeld-empfaenger-pascal-will-influencer-werden-doch-erst-braucht-er-eine-auszeit_086f2ed9-e7ae-4656-a766-0c3369fcbd1a.html,https://www.focus.de/kultur/kino-tv/buergergeld-empfaenger-pascal-will-influencer-werden-doch-erst-braucht-er-eine-auszeit_086f2ed9-e7ae-4656-a766-0c3369fcbd1a.html,0,www.focus.de,Bürgergeld-Empfänger Pascal will Influencer werden – doch erst braucht er eine Auszeit,Nach dem Zerwürfnis mit seiner Mutter Petra blickt „Hartz und herzlich“-Star Pascal nach vorn. In den sozialen Netzwerken verrät der Bürgergeld-Empfänger nun seine Zukunftspläne.,"https://quadro.burda-forward.de/ctf/05544a88-63e4-4847-ae71-aed966d1f9d9.fd947eb4-fe55-4101-81f3-49d35ee8d700.jpeg?im=RegionOfInterestCrop=(1200,630),regionOfInterest=(800,450)&hash=d3bf3994999630e4fd79f57b12db1385742ffbd669cea011021ffe7bec455fbb",2026-07-03T18:47:00Z,,"Petra, Pascal und Selina, die wegen Sozialbetrugs vor Gericht standen, wurden mehrere Jahre lang für die RTLZWEI-Sozialdoku Hartz und herzlich von einem Kamerateam begleitet. Doch dann stieg die Fami… [+1803 chars]",,de,'Bürgergeld'
https://www.tagesspiegel.de/sport/wm-qualifikation-fur-2027-am-ort-des-em-triumphs-basketballer-besiegen-israel-15796036.html,https://www.tagesspiegel.de/sport/wm-qualifikation-fur-2027-am-ort-des-em-triumphs-basketballer-besiegen-israel-15796036.html,0,www.tagesspiegel.de,WM-Qualifikation für 2027: Am Ort des EM-Triumphs: Basketballer besiegen Israel,Die deutschen Basketballer machen einen wichtigen Schritt zur WM 2027 in Katar. Am Montag wartet im heimischen Bamberg eine Pflichtaufgabe in der Qualifikation.,https://www.tagesspiegel.de/images/15796035/alternates/BASE_16_9_W1400/1783105584000/israel-deutschland.jpeg,2026-07-03T19:06:24Z,,Die deutschen Basketballer haben in der WM-Qualifikation den nächsten Sieg gefeiert. Der von Kapitän Dennis Schröder angeführte Welt- und Europameister gewann in Riga gegen Israel mit 92:86 (45:37) u… [+1844 chars],,de,'Katar'
https://www.n-tv.de/sport/Voellig-veraendertes-DBB-Team-reuessiert-am-Ort-des-EM-Triumphs-id31046693.html,https://www.n-tv.de/sport/Voellig-veraendertes-DBB-Team-reuessiert-am-Ort-des-EM-Triumphs-id31046693.html,0,www.n-tv.de,Nur ein Weltmeister dabei: Völlig verändertes DBB-Team reüssiert am Ort des EM-Triumphs,"Für die deutschen Basketballer geht es um die WM 2027 in Katar. Dort wollen sie ihren WM-Titel verteidigen. Erst einmal müssen sie die Qualifikation überstehen - gegen Israel gelingt das souveräner als das Ergebnis klingt. Und das an dem Ort, an dem das Team …",https://www.n-tv.de/img/31046696/1783113997/Img_16_9/1200/Basketball-Maenner-WM-Qualifikation-Israel-Deutschland-Europa-1-Runde-Gruppe-E-5-Spieltag-Dennis-Schroeder-Deutschland-dribbelt.jpg,2026-07-03T19:49:40Z,,Für die deutschen Basketballer geht es um die WM 2027 in Katar. Dort wollen sie ihren WM-Titel verteidigen. Erst einmal müssen sie die Qualifikation überstehen - gegen Israel gelingt das souveräner a… [+2253 chars],,de,'Katar'
https://www.n-tv.de/politik/21-36-Ukrainische-Drohnen-treffen-zehn-Umspannwerke-auf-der-Krim-id31046955.html,https://www.n-tv.de/politik/21-36-Ukrainische-Drohnen-treffen-zehn-Umspannwerke-auf-der-Krim-id31046955.html,0,www.n-tv.de,Ukraine-Krieg im Liveticker: +++ 21:36 Ukrainische Drohnen treffen zehn Umspannwerke auf der Krim +++,"Berlin, Washington, Brüssel - überall. ntv berichtet von allen wichtigen Schauplätzen der Innen- und Außenpolitik.",https://www.n-tv.de/img/2339153/1721988811/Img_16_9/1200/Ukraine-Liveticker.jpg,2026-07-03T20:00:00Z,,"In der Nacht greift die ukrainische Armee 48 Ziele, vor allem auf der von Russland besetzten Krim mit Drohnen an. Laut Robert Browdy, dem Chef der ukrainischen Drohnen-Einheit, sind darunter zehn Ene… [+29918 chars]",,de,'Ukraine'
https://www.zeit.de/politik/ausland/2026-07/polen-ukraine-streit-upa-zweiter-weltkrieg,https://www.zeit.de/politik/ausland/2026-07/polen-ukraine-streit-upa-zweiter-weltkrieg,0,www.zeit.de,»Helden der UPA«: Außenminister Polens und der Ukraine versuchen Streit zu beruhigen,"Die Außenminister Polens und der Ukraine haben versucht, die Diplomatie zwischen den Ländern zu wahren. Zuvor war ein Streit zwischen den Präsidenten aufgeflammt.",https://img.zeit.de/administratives/sharing/fallback-image-die-zeit/wide__1300x731,2026-07-03T20:50:23Z,,Die Außenminister Polens und der Ukraine haben sich in Warschau um eine Deeskalation im Streit über die Geschichte ihrer Länder im Zweiten Weltkrieg bemüht. Der polnische Minister Radoslaw Sikorski u… [+1401 chars],,de,'Ukraine'
https://www.zeit.de/news/2026-07/03/energie-enttaeuscht-gegen-altglienicke,https://www.zeit.de/news/2026-07/03/energie-enttaeuscht-gegen-altglienicke,0,www.zeit.de,2. Bundesliga: Energie enttäuscht gegen Altglienicke,Hier finden Sie Informationen zu dem Thema „2. Bundesliga“. Lesen Sie jetzt „Energie enttäuscht gegen Altglienicke“.,https://img.zeit.de/news/2026-07/03/energie-enttaeuscht-gegen-altglienicke-image-group/wide__1300x731,2026-07-03T20:57:37Z,,Energie Cottbus hat nach hohen Siegen gegen unterklassige Vereine in der Vorbereitung auf die Saison in der 2. Fußball-Bundesliga einen Dämpfer erhalten. Beim 1:1 (0:0) gegen den Regionalligisten VSG… [+662 chars],,de,'Energie'
https://sport.orf.at/stories/3159267/,https://sport.orf.at/stories/3159267/,0,sport.orf.at,Canadi übernimmt Trainerjob in Katar,,https://sport.orf.at/mojo/1_4_1/storyserver//news/common/images/og-fallback-sport.png,2026-07-03T21:19:53Z,,"Damir Canadi, der in seiner Trainerkarriere u. a. den SCR Altach (zweimal) und Rapid (für 17 Spiele) gecoacht hat, hat einen neuen Job in Katar bekommen. Der 56-jährige Wiener übernimmt das Amt beim … [+183 chars]",,de,'Katar'
https://www.tagesschau.de/ausland/ukraine-russland-krieg-142.html,https://www.tagesschau.de/ausland/ukraine-russland-krieg-142.html,0,www.tagesschau.de,Russland meldet Einnahme wichtiger Stadt im ukrainischen Donbass,Russland rückt nach eigenen Angaben im Osten der Ukraine vor und will eine strategisch wichtige Stadt erobert haben. Bei einem russischen Angriff auf die ukrainische Stadt Sumy gibt es mehrere Tote.,https://images.tagesschau.de/image/ac433ffb-83bb-4e93-bd5d-18403a988516/AAABnyoZ_2g/AAABnSSvrFg/16x9-big/putin-1502.jpg?width=1280,2026-07-03T22:29:34Z,,"Stand: 04.07.2026 00:29 Uhr
Russland rückt nach eigenen Angaben im Osten der Ukraine vor und will eine strategisch wichtige Stadt erobert haben. Bei einem russischen Angriff auf die ukrainische Stad… [+1579 chars]",,de,'Wladimir Putin'
https://www.zeit.de/news/2026-07/04/basf-trotzt-iran-krise-warum-der-chemieriese-gelassen-ist,https://www.zeit.de/news/2026-07/04/basf-trotzt-iran-krise-warum-der-chemieriese-gelassen-ist,0,www.zeit.de,Geopolitik als Chance: BASF trotzt Iran-Krise: Warum der Chemieriese gelassen ist,Hier finden Sie Informationen zu dem Thema „Geopolitik als Chance“. Lesen Sie jetzt „BASF trotzt Iran-Krise: Warum der Chemieriese gelassen ist“.,https://img.zeit.de/news/2026-07/04/basf-trotzt-iran-krise-warum-der-chemieriese-gelassen-ist-image-group/wide__1300x731,2026-07-04T02:15:05Z,,Der Chemiekonzern BASF sieht sich trotz der geopolitischen Spannungen und der Unsicherheit rund um die Straße von Hormus im Iran-Krieg widerstandsfähig aufgestellt. Finanzvorstand Dirk Elvermann verw… [+2454 chars],,de,'Iran'
https://www.zeit.de/news/2026-07/04/lng-anteil-an-gasimporten-trotz-iran-konfliktes-gestiegen,https://www.zeit.de/news/2026-07/04/lng-anteil-an-gasimporten-trotz-iran-konfliktes-gestiegen,0,www.zeit.de,Flüssigerdgas: LNG-Anteil an Gasimporten trotz Iran-Konfliktes gestiegen,Hier finden Sie Informationen zu dem Thema „Flüssigerdgas“. Lesen Sie jetzt „LNG-Anteil an Gasimporten trotz Iran-Konfliktes gestiegen“.,https://img.zeit.de/news/2026-07/04/lng-anteil-an-gasimporten-trotz-iran-konfliktes-gestiegen-image-group/wide__1300x731,2026-07-04T02:30:05Z,,Trotz des Iran-Kriegs ist der Anteil des über die deutschen LNG-Terminals eingeführten Erdgases am Gesamtimport weiter gestiegen. Nach Zahlen der Bundesnetzagentur (BNetzA) kamen im ersten Halbjahr r… [+3222 chars],,de,'Iran'
https://www.tagesspiegel.de/wirtschaft/flussigerdgas-lng-anteil-an-gasimporten-trotz-iran-konfliktes-gestiegen-15796414.html,https://www.tagesspiegel.de/wirtschaft/flussigerdgas-lng-anteil-an-gasimporten-trotz-iran-konfliktes-gestiegen-15796414.html,0,www.tagesspiegel.de,Flüssigerdgas: LNG-Anteil an Gasimporten trotz Iran-Konfliktes gestiegen,"Der Anteil des Erdgases, das per Schiff an deutschen Küsten angeliefert wird, steigt weiter. Aber ganz ohne Auswirkungen bleibt der Iran-Konflikt nicht.",https://www.tagesspiegel.de/images/15796413/alternates/BASE_16_9_W1400/1783132285000/halbjahresbilanz-der-lng-terminals.jpeg,2026-07-04T02:31:25Z,,Trotz des Iran-Kriegs ist der Anteil des über die deutschen LNG-Terminals eingeführten Erdgases am Gesamtimport weiter gestiegen. Nach Zahlen der Bundesnetzagentur (BNetzA) kamen im ersten Halbjahr r… [+3274 chars],,de,'Gas'
https://www.tagesschau.de/ausland/asien/iran-trauerfeier-ali-chamenei-100.html,https://www.tagesschau.de/ausland/asien/iran-trauerfeier-ali-chamenei-100.html,0,www.tagesschau.de,In Iran beginnt Trauerfeier für getöteten obersten Führer Chamenei,Mehrere Tage soll an verschiedenen Orten der getötete oberste Führer Ali Chamenei gefeiert werden. Das iranische Regime versucht die größtmögliche Inszenierung - aber nicht alle wollen mitmachen. Von Uwe Lueb.,https://images.tagesschau.de/image/9bd0bc41-be28-443c-80a2-54568f79fc9d/AAABnytrlto/AAABnSSvrFg/16x9-big/teheran-292.jpg?width=1280,2026-07-04T04:38:19Z,,"Stand: 04.07.2026 06:38 Uhr
Mehrere Tage soll an verschiedenen Orten der getötete oberste Führer Ali Chamenei gefeiert werden. Das iranische Regime versucht die größtmögliche Inszenierung - aber nic… [+4899 chars]",,de,'Chamenei'
https://www.faz.net/aktuell/politik/ausland/liveblog-irankrieg-hoechste-sicherheitsstufe-in-iran-waehrend-trauerfeiern-fuer-chamenei-faz-200583539.html,https://www.faz.net/aktuell/politik/ausland/liveblog-irankrieg-hoechste-sicherheitsstufe-in-iran-waehrend-trauerfeiern-fuer-chamenei-faz-200583539.html,0,www.faz.net,Liveblog Irankrieg: Höchste Sicherheitsstufe in Iran während Trauerfeiern für Chamenei,Mindestens fünf Tote bei Bombenexplosion in Damaskus +++ USA und Iran einigen sich in Qatar auf „Kommunikationskanal“ +++ Trump spricht von „sehr guten Treffen“ mit Iran +++ alle Entwicklungen im Liveblog,https://media0.faz.net/image/w1200h627/a9e019c3d9a2/w3569h1864x0y258o/202607/43601.0.2296400586/mehrere-millionen-menschen.webp,2026-07-04T04:39:54Z,,"Riesige Porträts, Gluthitze und hektische Betriebsamkeit unter strengen Sicherheitsvorkehrungen: In Teheran haben die Vorbereitungen für die staatlichen Trauerfeierlichkeiten für Ayatollah Ali Khamen… [+1199 chars]",,de,'Chamenei'
https://www.focus.de/kultur/kino-tv/buergergeld-empfaenger-will-influencer-werden-doch-erst-braucht-er-eine-auszeit_086f2ed9-e7ae-4656-a766-0c3369fcbd1a.html,https://www.focus.de/kultur/kino-tv/buergergeld-empfaenger-will-influencer-werden-doch-erst-braucht-er-eine-auszeit_086f2ed9-e7ae-4656-a766-0c3369fcbd1a.html,0,www.focus.de,Bürgergeld-Empfänger will Influencer werden – doch erst braucht er eine Auszeit,Nach dem Zerwürfnis mit seiner Mutter Petra blickt „Hartz und herzlich“-Star Pascal nach vorn. In den sozialen Netzwerken verrät der Bürgergeld-Empfänger nun seine Zukunftspläne.,"https://quadro.burda-forward.de/ctf/05544a88-63e4-4847-ae71-aed966d1f9d9.fd947eb4-fe55-4101-81f3-49d35ee8d700.jpeg?im=RegionOfInterestCrop=(1200,630),regionOfInterest=(800,450)&hash=d3bf3994999630e4fd79f57b12db1385742ffbd669cea011021ffe7bec455fbb",2026-07-04T04:46:00Z,,"Petra, Pascal und Selina, die wegen Sozialbetrugs vor Gericht standen, wurden mehrere Jahre lang für die RTLZWEI-Sozialdoku Hartz und herzlich von einem Kamerateam begleitet. Doch dann stieg die Fami… [+1803 chars]",,de,'Bürgergeld'
https://www.zeit.de/news/2026-07/04/iran-beginnt-oeffentliche-trauerfeiern-fuer-chamenei,https://www.zeit.de/news/2026-07/04/iran-beginnt-oeffentliche-trauerfeiern-fuer-chamenei,0,www.zeit.de,Getötetes Staatsoberhaupt: Öffentliche Trauerfeier für Chamenei in Teheran begonnen,Hier finden Sie Informationen zu dem Thema „Getötetes Staatsoberhaupt“. Lesen Sie jetzt „Öffentliche Trauerfeier für Chamenei in Teheran begonnen“.,https://img.zeit.de/news/2026-07/04/iran-beginnt-oeffentliche-trauerfeiern-fuer-chamenei-image-group/wide__1300x731,2026-07-04T05:05:37Z,,In der iranischen Hauptstadt Teheran haben die öffentlichen Trauerfeiern für den im Krieg getöteten obersten Führer Ajatollah Ali Chamenei begonnen. Aufnahmen im Staatsfernsehen zeigten den Sarg des … [+647 chars],,de,'Chamenei'
https://orf.at/stories/3435222/,https://orf.at/stories/3435222/,0,orf.at,Öffentliche Trauerfeier für Chamenei in Teheran begonnen,,https://orf.at/mojo/1_4_1/storyserver//news/common/images/og-fallback-news.png,2026-07-04T05:58:51Z,,In der iranischen Hauptstadt Teheran haben heute die öffentlichen Trauerfeiern für den im Krieg getöteten obersten Führer Ajatollah Ali Chamenei begonnen. Zahlreiche Anhänger und Anhängerinnen strömt… [+608 chars],,de,'Chamenei'
https://www.zeit.de/news/2026-07/04/kant-klopse-krieg-80-jahre-kaliningrad-statt-koenigsberg,https://www.zeit.de/news/2026-07/04/kant-klopse-krieg-80-jahre-kaliningrad-statt-koenigsberg,0,www.zeit.de,"Geschichte einer Stadt: Kant, Klopse, Krieg: 80 Jahre Kaliningrad statt Königsberg","Hier finden Sie Informationen zu dem Thema „Geschichte einer Stadt“. Lesen Sie jetzt „Kant, Klopse, Krieg: 80 Jahre Kaliningrad statt Königsberg“.",https://img.zeit.de/news/2026-07/04/kant-klopse-krieg-80-jahre-kaliningrad-statt-koenigsberg-image-group/wide__1300x731,2026-07-04T06:00:06Z,,"Vom alten Königsberg zeugen nur noch wenige Inseln in Kaliningrad, der heute westlichsten Großstadt Russlands. Die wohl eindrucksvollste ist die Kant-Insel, der ehemalige Kneiphof. 
Majestätisch erh… [+5956 chars]",,de,'Krieg'
https://www.zeit.de/politik/deutschland/2026-07/reform-bundesregierung-rente-steuer-finanzierung,https://www.zeit.de/politik/deutschland/2026-07/reform-bundesregierung-rente-steuer-finanzierung,0,www.zeit.de,Reformen der Bundesregierung: In der Sprache des Geldes haben wir uns nichts mehr zu sagen,"Das soll eine große Reform sein? Es fehlen die großen Zahlen, der politische Horizont, das Herz. Friedrich Merz macht Politik für eine Welt, die es nicht mehr gibt.",https://img.zeit.de/politik/deutschland/2026-07/reform-bundesregierung-rente-steuer-finanzierung-bild/wide__1300x731,2026-07-04T06:08:55Z,,"Die Reformen der Bundesregierung zu kritisieren, das ist, als würde man einem Artisten, der eh schon mit 38 Bällen jongliert, noch einen Amboss zuwerfen. Das will natürlich keiner. Entsprechend milde… [+674 chars]",,de,'Friedrich Merz'
https://www.zeit.de/news/2026-07/04/ukraine-attackiert-russische-oelanlagen-bei-st-petersburg,https://www.zeit.de/news/2026-07/04/ukraine-attackiert-russische-oelanlagen-bei-st-petersburg,0,www.zeit.de,Ukraine-Krieg: Ukraine attackiert russische Ölanlagen bei St. Petersburg,Hier finden Sie Informationen zu dem Thema „Ukraine-Krieg“. Lesen Sie jetzt „Ukraine attackiert russische Ölanlagen bei St. Petersburg“.,https://img.zeit.de/news/2026-07/04/ukraine-attackiert-russische-oelanlagen-bei-st-petersburg-image-group/wide__1300x731,2026-07-04T06:30:56Z,,"Die Ukraine hat erneut russische Ölanlagen an der Ostsee bei St. Petersburg mit Drohnen angegriffen. Der Gouverneur des Umlands der Metropole, Alexander Drosdenko, berichtete, dass 67 feindliche Droh… [+1794 chars]",,de,'Krieg'
https://www.zeit.de/politik/ausland/2026-07/ali-chamenei-trauerfeier-teheran-iran,https://www.zeit.de/politik/ausland/2026-07/ali-chamenei-trauerfeier-teheran-iran,0,www.zeit.de,Trauerfeier in Teheran: Öffentliche Trauerfeier für Ali Chamenei hat in Teheran begonnen,Sechs Tage Trauer sind für Ayatollah Ali Chamenei geplant. Die Beisetzung in Maschhad soll am Donnerstag stattfinden.,https://img.zeit.de/politik/ausland/2026-07/ali-chamenei-trauerfeier-teheran-iran-foto-1/wide__1300x731,2026-07-04T06:53:08Z,,Im Iran haben die offiziellen Trauerfeierlichkeiten für den getöteten langjährigen obersten Führer Ayatollah Ali Chamenei begonnen. Zahlreiche Anhänger trafen bereits zur Dämmerung am Veranstaltungso… [+974 chars],,de,'Chamenei'
https://www.n-tv.de/politik/Tausende-stroemen-zur-Trauerfeier-fuer-Ajatollah-Chamenei-id31047269.html,https://www.n-tv.de/politik/Tausende-stroemen-zur-Trauerfeier-fuer-Ajatollah-Chamenei-id31047269.html,0,www.n-tv.de,Massenandrang in Teheran: Tausende strömen zur Trauerfeier für Ajatollah Chamenei,"Wochen nach seinem Tod beginnen in Teheran die Trauerfeierlichkeiten für Ajatollah Chamenei – zwischen religiöser Ekstase, Rufen nach Rache und politischer Machtdemonstration. Tausende Menschen kommen. Ihr Blick könnte sich auch auf den bisher unsichtbaren ne…",https://www.n-tv.de/img/31047283/1783155143/Img_16_9/1200/Water-is-sprayed-on-people-attending-a-public-farewell-ceremony-to-pay-their-respects-to-late-Supreme-Leader-Ayatollah-Ali-Khamenei-who-was-killed-on-February-28-in-Israeli-and-U-S-airstrikes-at-the-Imam-Khomeini-Grand-Mosalla-in-Tehran-Iran-July-4-2026-REUTERS-Murad-Sezer-Foreign-media-in-Iran-operate-under-guidelines-set-by-the-Ministry-of-Culture-and-Islamic-Guidance-which-regulates-press-activity-and-permissions-ISRAEL-OUT-NO-COMMERCIAL-OR-EDITORIAL-SALES-IN-ISRAEL-NO-ACCESS-FOR-ISRAELI-MEDIA-NO-USE-BBC-PERSIAN-NO-USE-VOA-PERSIAN-NO-USE-MANOTO-NO-USE-IRAN-INTERNATIONAL-NO-USE-RADIO-FARDA-DIGITAL-NO-USE-BBC-PERSIAN-NO-USE-VOA-PERSIAN-NO-USE-MANOTO-NO-USE-IRAN-INTERNATIONAL-NO-USE-RADIO-FARDA.jpg,2026-07-04T07:21:32Z,,"Teilnehmer einer öffentlichen Abschiedsfeier für Ajatollah Ali Chamenei im kühlenden Wassernebel. (Foto: REUTERS)
Wochen nach seinem Tod beginnen in Teheran die Trauerfeierlichkeiten für Ajatollah C… [+2282 chars]",,de,'Chamenei'
https://www.tagesschau.de/ausland/europa/ukraine-russland-angriffe-174.html,https://www.tagesschau.de/ausland/europa/ukraine-russland-angriffe-174.html,0,www.tagesschau.de,Tote bei russischen Angriffen - Ukraine attackiert Ölanlagen,In der Ukraine sind bei russischen Angriffen zehn Menschen getötet worden. Die Ukraine attackiert derweil erneut Ölanlagen in St. Petersburg. Und Russland meldet die Einnahme einer strategisch wichtigen Stadt - Kiew dementiert.,https://images.tagesschau.de/image/b2b0e5c5-d19b-428d-9e87-3348393bbaf8/AAABnywS0Cc/AAABnSSvrFg/16x9-big/ukraine-russland-226.jpg?width=1280,2026-07-04T07:41:00Z,,"Stand: 04.07.2026 09:41 Uhr
In der Ukraine sind bei russischen Angriffen zehn Menschen getötet worden. Die Ukraine attackiert derweil erneut Ölanlagen in St. Petersburg. Und Russland meldet die Einn… [+4120 chars]",,de,'Ukraine'
https://www.zeit.de/politik/ausland/2026-07/ukraine-russland-drohnenangriff-oelanlagen-ostsee-st-petersburg,https://www.zeit.de/politik/ausland/2026-07/ukraine-russland-drohnenangriff-oelanlagen-ostsee-st-petersburg,0,www.zeit.de,Ukraine-Russland-Krieg: Ukraine attackiert russische Ölanlagen bei St. Petersburg,Die Ukraine hat die Öl-Infrastruktur bei St. Petersburg erneut mit Drohnen beschossen. Im ukrainischen Sumy tötete ein russischer Bombenangriff mindestens vier Menschen.,https://img.zeit.de/politik/ausland/2026-07/ukraine-russland-drohnenangriff-oelanlagen-ostsee-st-petersburg-foto-1/wide__1300x731,2026-07-04T08:14:35Z,,"Die Ukraine hat erneut russische Ölanlagen an der Ostsee bei 
St. Petersburg mit Drohnen angegriffen. Der Gouverneur von Sankt
Petersburg, Alexander Beglow, bestätigte einen »großangelegten« Drohne… [+2541 chars]",,de,'Krieg'
https://www.zeit.de/news/2026-07/04/akku-auf-dachboden-loest-brand-aus-reihenhaus-unbewohnbar,https://www.zeit.de/news/2026-07/04/akku-auf-dachboden-loest-brand-aus-reihenhaus-unbewohnbar,0,www.zeit.de,Bewohner in Sicherheit: Akku auf Dachboden löst Brand aus - Reihenhaus unbewohnbar,Hier finden Sie Informationen zu dem Thema „Bewohner in Sicherheit“. Lesen Sie jetzt „Akku auf Dachboden löst Brand aus - Reihenhaus unbewohnbar“.,https://img.zeit.de/news/2026-07/04/akku-auf-dachboden-loest-brand-aus-reihenhaus-unbewohnbar-image-group/wide__1300x731,2026-07-04T09:00:27Z,,"Ein auf dem Dachboden gelagerter Akku eines Elektrogerätes hat nach ersten Erkenntnissen ein Feuer in einem Reihenhaus in Mannheim ausgelöst. Das Gebäude scheine nicht mehr bewohnbar zu sein, teilte … [+454 chars]",,de,'Sicherheit'
https://www.faz.net/aktuell/wirtschaft/alexandra-prokopenko-putin-kaempft-auf-die-kostspieligste-weise-accg-200986860.html,https://www.faz.net/aktuell/wirtschaft/alexandra-prokopenko-putin-kaempft-auf-die-kostspieligste-weise-accg-200986860.html,0,www.faz.net,"Der Krieg holt Putin ein: „Russland kämpft auf die kostspieligste Weise, die man sich nur denken kann“","Alexandra Prokopenko ist Kennerin der russischen Wirtschaft. Einen Kollaps sieht sie nicht. Doch gebe es ein Szenario, das Putin zwingen könnte, den Krieg zu beenden.",https://media0.faz.net/image/w1200h627/06532b6c69cf/w6180h3229x0y328o/202606/43601.0.2280756947/treibstoffmangel-selbst-in-der.webp,2026-07-04T11:04:26Z,,"Frau Prokopenko, viele im Westen zeichnen Untergangsszenarien für die russische Wirtschaft, manche Ökonomen sehen sie gar im Endstadium. Zu Recht?
Es ist unklar, was ein solcher Begriff für eine Vol… [+10695 chars]",,de,'Kreml'
https://taz.de/Trauerfeiern-fuer-Chamenei-in-Iran/!6193434/,https://taz.de/Trauerfeiern-fuer-Chamenei-in-Iran/!6193434/,0,taz.de,Trauerfeiern für Chamenei in Iran: Machtdemonstration eines trotzigen Regimes,Rund vier Monate nach seiner Tötung soll das religiöse Oberhaupt Ajatollah Ali Chamenei beerdigt werden. Für die iranische Staatsführung geht es dabei um mehr als öffentliche Trauer.,https://taz.de/picture/8591145/1200/604778945.jpeg,2026-07-04T11:05:00Z,,Rund vier Monate nach seiner Tötung soll das religiöse Oberhaupt Ajatollah Ali Chamenei beerdigt werden. Für die iranische Staatsführung geht es dabei um mehr als öffentliche Trauer. mehr...,,de,'Iran'
https://www.zeit.de/2026/29/un-entwicklungsprogramm-budget-ebola-alexander-de-croo,https://www.zeit.de/2026/29/un-entwicklungsprogramm-budget-ebola-alexander-de-croo,0,www.zeit.de,UN-Entwicklungsprogramm: Mit Steuerbeamten gegen den Hunger,"Ein Krieg endet nicht, wenn keine Bomben mehr fallen, sagt der Chef des UN-Entwicklungsprogramms. Hier erklärt er, wie Steuerbeamte gegen Hunger helfen sollen.",https://img.zeit.de/2026/29/mit-steuerbeamten-gegen-den-hunger-bild-1/wide__1300x731,2026-07-04T12:23:02Z,,"Inhalt
Auf einer Seite lesen
 Inhalt
<ol><li>Seite 1Mit Steuerbeamten gegen den Hunger
</li><li>Seite 2»Ein Krieg endet nicht, wenn keine Bomben mehr fallen«</li><li>Seite 3»Wir müssten auch den … [+3852 chars]",,de,'Krieg'
https://www.zeit.de/politik/ausland/2026-07/trauerfeier-iran-ali-chamenei-staatschef-teheran,https://www.zeit.de/politik/ausland/2026-07/trauerfeier-iran-ali-chamenei-staatschef-teheran,0,www.zeit.de,Trauerfeier im Iran: Ein Toter soll Stärke zeigen,"Ab heute wird Ali Chamenei, der im Krieg getötete Staatschef, in Teheran aufgebahrt. Selbst Saudi-Arabien gibt sich die Ehre. Was das über den Zustand des Regimes sagt.",https://img.zeit.de/politik/ausland/2026-07/dsc07136-copy-bildtrauerfeier-iran-ali-chamenei-staatschef-teheran-bildneu-bild-07/wide__1300x731,2026-07-04T12:27:33Z,,"Die Bilder von diesem Wochenende sollen grandios werden. Im Iran beginnen die Trauerfeierlichkeiten für Ali Chamenei, ehemals Staatsoberhaupt und sogenannter Revolutionsführer, der bereits am ersten … [+421 chars]",,de,'Krieg'
https://www.sueddeutsche.de/politik/iran-beerdigung-ali-chamenei-teheran-li.3509890,https://www.sueddeutsche.de/politik/iran-beerdigung-ali-chamenei-teheran-li.3509890,0,www.sueddeutsche.de,Iran: Sie beerdigen eine Ära,"Das iranische Regime will die Beerdigung von Ali Chamenei als historisches Ereignis inszenieren. Fast eine Woche soll sie dauern. Dabei dürften in der Führung manche froh sein, dass Chamenei nicht mehr da ist.",https://www.sueddeutsche.de/2026/07/04/6594f829-b555-41be-8c7a-10c9c1f10b83.jpg?q=60&fm=webp&width=1200&rect=0%2C209%2C4000%2C2250,2026-07-04T13:15:11Z,,"Und als sie da andächtig auf dem Sarg blickten, die Männer in weiß, darunter der stellvertretende saudische Außenminister, da wurde ein Vers aus dem Koran verlesen. So geschah es für jede Delegation,… [+6759 chars]",,de,'Chamenei'
https://www.welt.de/politik/ausland/article6a4909aead32e994f875b5a1/ukraine-krieg-ukrainische-drohnen-schlagen-in-st-petersburg-ein-selenskyj-meldet-treffer-auf-wichtiges-ziel.html,https://www.welt.de/politik/ausland/article6a4909aead32e994f875b5a1/ukraine-krieg-ukrainische-drohnen-schlagen-in-st-petersburg-ein-selenskyj-meldet-treffer-auf-wichtiges-ziel.html,0,www.welt.de,Ukrainische Drohnen schlagen in St. Petersburg ein – Selenskyj meldet Treffer auf „wichtiges Ziel“,Die Ukraine hat erneut Ziele in St. Petersburg angegriffen. Damit rückt der Krieg einmal mehr spürbar an die wichtige Metropole Russlands heran.,https://images.welt.de/6a4909aead32e994f875b5a1/28b1558418aece34ffd5eb8c3324f123/ci16x9-w1200/dpa-com-260704-935-1457102-jpg,2026-07-04T14:06:04Z,,Die Ukraine hat erneut Ziele in St. Petersburg angegriffen. Damit rückt der Krieg einmal mehr spürbar an die wichtige Metropole Russlands heran.Die Ukraine hat erneut Ölanlagen in St. Petersburg ange… [+2044 chars],,de,'Krieg'
https://orf.at/stories/3435270/,https://orf.at/stories/3435270/,0,orf.at,Massenandrang bei Trauerfeier für Chamenei,"Am Samstag sind Tausende Menschen auf den Musalla von Teheran geströmt, um das für drei Tage angesetzte Staatsbegräbnis von Ajatollah Ali Chamenei zu besuchen.  Neben der Aufbahrung des obersten Führers des Landes sind Trauerzeremonien im ganzen Land geplant.…",https://ibs.orf.at/news?image=https%3A%2F%2Fassets.orf.at%2Fmims%2F2026%2F27%2F82%2Fcrops%2Fw%3D1200%2Ch%3D630%2Cq%3D75%2F3101377_master_1201182_iran_chamenei_beisetzug_saab_r.jpg%3Fs%3Dfbd1acc5b3e91631a6b3997793ea9cd7380bdf85,2026-07-04T16:14:02Z,,"Viele Trauernde waren schwarz gekleidet, einige trugen rote Fahnen, im schiitischen Islam ein Symbol für Rache. Streng nach Geschlechtern getrennt füllten Tausende Frauen und Männer den großen Mosche… [+4792 chars]",,de,'Chamenei'
https://www.bild.de/news/inland/irrwitzige-regelung-kein-buergergeld-mehr-fuer-menschen-mit-haftbefehl-6a4791820b14ed961bb50833,https://www.bild.de/news/inland/irrwitzige-regelung-kein-buergergeld-mehr-fuer-menschen-mit-haftbefehl-6a4791820b14ed961bb50833,0,www.bild.de,Regierung will es stoppen - Kein Bürgergeld mehr für Menschen mit Haftbefehl,Bislang konnten sogar gesuchte Mörder und Vergewaltiger Bürgergeld beziehen. Das soll jetzt ein Ende haben.,"https://images.bild.de/6a4791820b14ed961bb50833/0466b5b6b89cdb907749e786720ad09e,a315d30d?w=1280",2026-07-04T17:02:32Z,,"+++Souverän ins Achtelfinale von Wimbledon: Zverev unaufhaltsam
+++Souverän ins Achtelfinale von Wimbledon: Zverev unaufhaltsam
+++Souverän ins Achtelfinale von Wimbledon: Zverev unaufhaltsam
+++S… [+448 chars]",,de,'Bürgergeld'
https://www.n-tv.de/politik/21-32-Selenskyj-Marine-soll-russische-Mistkerle-besiegen-id31049041.html,https://www.n-tv.de/politik/21-32-Selenskyj-Marine-soll-russische-Mistkerle-besiegen-id31049041.html,0,www.n-tv.de,"Ukraine-Krieg im Liveticker: +++ 21:32 Selenskyj: Marine soll ""russische Mistkerle besiegen"" +++","Berlin, Washington, Brüssel - überall. ntv berichtet von allen wichtigen Schauplätzen der Innen- und Außenpolitik.",https://www.n-tv.de/img/2339153/1721988811/Img_16_9/1200/Ukraine-Liveticker.jpg,2026-07-04T20:00:00Z,,"Der ukrainische Präsident Wolodymyr Selenskyj lobt die Marinestreitkräfte seines Landes für die militärischen Erfolge im Schwarzen Meer. ""Jedes reine Herz auf der Welt erwartet von der Ukraine nur ei… [+22254 chars]",,de,'Ukraine'
https://www.yahoo.com/news/articles/trump-offered-over-phone-help-225138179.html,https://www.yahoo.com/news/articles/trump-offered-over-phone-help-225138179.html,0,www.yahoo.com,"Trump offered over phone to help Putin find deal with Ukraine, Kremlin aide says",July 5 (Reuters) - U.S.,https://s.yimg.com/lo/mysterio/api/803503a424cab18e508e864fcf6d4eb548bf5611a99ccf6e25840696d4627e85/lightyear_networkapi/resizefill_w800_h502;quality_80;format_webp/https:%2F%2Fmedia.zenfs.com%2Fen%2Freuters.com%2F54fb8a778b90075d251c526dd8991f97,2026-07-04T22:51:38Z,,"July 5 (Reuters) - U.S. President Donald Trump, speaking to Russian leader Vladimir Putin by telephone for nearly 90 minutes, offered to help find a solution to the Ukraine war, Kremlin aide Yuri Ush… [+2730 chars]",,de,'Ukraine'
https://www.welt.de/politik/ausland/article6a498b680b14ed961bb522d5/ukraine-krieg-trump-laesst-sich-ueber-front-lage-unterrichten-85-minuten-telefonat-mit-putin.html,https://www.welt.de/politik/ausland/article6a498b680b14ed961bb522d5/ukraine-krieg-trump-laesst-sich-ueber-front-lage-unterrichten-85-minuten-telefonat-mit-putin.html,0,www.welt.de,Trump lässt sich von Moskau und Kiew über Front-Lage unterrichten – 85-Minuten-Telefonat mit Putin,Anlässlich des 250. Geburtstags der USA telefoniert Präsident Trump sowohl mit Putin als auch mit Selenskyj. Jeweils geht es unter anderem um die Lage im Krieg – und eine mögliche Lösung.,https://images.welt.de/6a498b680b14ed961bb522d5/6d6bcc42c2c4ae8b27124806b32867c9/ci16x9-w1200/2026-06-23t172850z-401895215-rc2v7gah8tah-rtrmadp-3-ukraine-crisis-russia-usa-jpg,2026-07-04T23:38:19Z,,Anlässlich des 250. Geburtstags der USA telefoniert Präsident Trump sowohl mit Putin als auch mit Selenskyj. Jeweils geht es unter anderem um die Lage im Krieg und eine mögliche Lösung.Kurz vor Begin… [+2094 chars],,de,'Wladimir Putin'
https://www.zeit.de/politik/ausland/2026-07/trump-putin-selenskyj-ukraine-telefonat-nato-gipfel,https://www.zeit.de/politik/ausland/2026-07/trump-putin-selenskyj-ukraine-telefonat-nato-gipfel,0,www.zeit.de,Ukraine-Krieg: Trump bietet nach Gespräche mit Putin und Selenskyj Vermittlung an,"Der US-Präsident hat der Ukraine Hilfe bei der Beendigung des Krieges angeboten. Zu Wladimir Putin sagte Trump, er werde sich für ein rasches Ende der Kämpfe einsetzen.",https://img.zeit.de/politik/ausland/2026-07/trump-putin-selenskyj-ukraine-telefonat-nato-gipfel-foto-1/wide__1300x731,2026-07-05T00:55:48Z,,US-Präsident Donald Trump hat nach Gesprächen mit dem russischen Staatschef Wladimir Putin und dem ukrainischen Präsidenten Wolodymyr Selenskyj Hilfe bei der Beendigung des Ukraine-Kriegs angeboten. … [+1826 chars],,de,'Wladimir Putin'
https://www.n-tv.de/politik/Putin-schildert-Trump-am-Telefon-Erfolge-russischer-Truppen-id31048951.html,https://www.n-tv.de/politik/Putin-schildert-Trump-am-Telefon-Erfolge-russischer-Truppen-id31048951.html,0,www.n-tv.de,Vor Nato-Gipfel in Ankara: Putin schildert Trump am Telefon Erfolge russischer Truppen,"Wenige Tage vor dem Nato-Gipfel berichtet der russische Präsident Putin bei einem Telefonat mit Trump von militärischen Eroberungen in der Ukraine. Der US-Präsident sei bereit, die Vermittlerrolle wieder zu übernehmen, sagt ein Putin-Berater. Aber auch Selens…",https://www.n-tv.de/img/31048952/1783219018/Img_16_9/1200/Die-Kombo-aus-Archivbildern-zeigt-Russlands-Praesidenten-Wladimir-Putin-l-25-12-2025-in-Moskau-und-den-US-Praesidenten-Donald-Trump-r-22-11-2018-in-Palm-Beach-jeweils-am-Telefon-zu-dpa-Putin-gratuliert-Trump-zum-80.jpg,2026-07-05T00:56:04Z,,"Das Gespräch dauerte fast 90 Minuten, heißt es aus dem Kreml. (Foto: picture alliance/dpa/Pool Sputnik Kremlin/AP)
Wenige Tage vor dem Nato-Gipfel berichtet der russische Präsident Putin bei einem T… [+2185 chars]",,de,'Kreml'
https://www.zeit.de/news/2026-07/05/totengebet-fuer-chamenei-in-teheran-abgehalten,https://www.zeit.de/news/2026-07/05/totengebet-fuer-chamenei-in-teheran-abgehalten,0,www.zeit.de,Getötetes Staatsoberhaupt: Totengebet für Chamenei in Teheran abgehalten,Hier finden Sie Informationen zu dem Thema „Getötetes Staatsoberhaupt“. Lesen Sie jetzt „Totengebet für Chamenei in Teheran abgehalten“.,https://img.zeit.de/news/2026-07/05/totengebet-fuer-chamenei-in-teheran-abgehalten-image-group/wide__1300x731,2026-07-05T06:22:31Z,,Im Iran hat ein hochrangiger Geistlicher das Totengebet für den im Krieg getöteten obersten Führer Ali Chamenei geleitet. Am zweiten Tag der öffentlichen Trauerfeiern trat der 97-jährige Großajatolla… [+1355 chars],,de,'Chamenei'
https://www.welt.de/politik/ausland/article6a49f9230b14ed961bb525c1/chamenei-trauerfeier-warum-lebt-der-groesste-bastard-der-welt-noch-iranischer-dichter-fordert-tod-von-donald-trump.html,https://www.welt.de/politik/ausland/article6a49f9230b14ed961bb525c1/chamenei-trauerfeier-warum-lebt-der-groesste-bastard-der-welt-noch-iranischer-dichter-fordert-tod-von-donald-trump.html,0,www.welt.de,„Warum lebt der größte Bastard der Welt noch?“ – Iranischer Dichter fordert Tod von Donald Trump,Bis zu 20 Millionen Besucher werden allein in Teheran zur sechs Tage langen Trauerfeier für den getöteten Religionsführer Chamenei erwartet. Dort sprach ein Künstler zu den Massen – und ließ seinem Hass auf die USA freien Lauf.,https://images.welt.de/6a49f9230b14ed961bb525c1/c11f4ec9ae15fece29f8e5c3d17f6e51/ci16x9-w1200/dpa-com-260704-99-957243-jpg,2026-07-05T06:54:41Z,,Bis zu 20 Millionen Besucher werden allein in Teheran zur sechs Tage langen Trauerfeier für den getöteten Religionsführer Chamenei erwartet. Dort sprach ein Künstler zu den Massen und ließ seinem Has… [+2869 chars],,de,'Benjamin Netanjahu'
https://www.tagesschau.de/ausland/europa/ukraine-selenskyj-trump-putin-100.html,https://www.tagesschau.de/ausland/europa/ukraine-selenskyj-trump-putin-100.html,0,www.tagesschau.de,Krieg gegen die Ukraine: Trump spricht mit Putin und Selenskyj,Thema war auch der russische Angriffskrieg gegen das Nachbarland: US-Präsident Trump hat mit Kremlchef Putin und dem ukrainischen Präsidenten Selenskyj telefoniert. Russland meldet massive Drohnenangriffe auf eigene Städte.,https://images.tagesschau.de/image/cefabf1c-0eb5-4773-b47c-1c2fe80924a0/AAABnzEet7M/AAABnSSvrFg/16x9-big/donald-trump-846.jpg?width=1280,2026-07-05T07:28:40Z,,"Stand: 05.07.2026 09:28 Uhr
Thema war auch der russische Angriffskrieg gegen das Nachbarland: US-Präsident Trump hat mit Kremlchef Putin und dem ukrainischen Präsidenten Selenskyj telefoniert. Russl… [+3067 chars]",,de,'Wladimir Putin'
https://orf.at/stories/3435300/,https://orf.at/stories/3435300/,0,orf.at,Trauerfeier für Chamenei: Totengebet ohne Nachfolger,,https://orf.at/mojo/1_4_1/storyserver//news/common/images/og-fallback-news.png,2026-07-05T08:13:58Z,,Im Iran hat ein hochrangiger Geistlicher das Totengebet für den getöteten obersten Führer Ali Chamenei geleitet. Am heutigen zweiten Tag der öffentlichen Trauerfeiern trat der 97-jährige Großayatolla… [+1114 chars],,de,'Chamenei'
https://www.n-tv.de/politik/Wird-Chamenei-Sohn-bei-Trauerfeier-erstmals-oeffentlich-auftreten-id31049391.html,https://www.n-tv.de/politik/Wird-Chamenei-Sohn-bei-Trauerfeier-erstmals-oeffentlich-auftreten-id31049391.html,0,www.n-tv.de,Massengebet in Teheran: Wird Chamenei-Sohn bei Trauerfeier erstmals öffentlich auftreten?,"Monate nach dem Tod Ali Chameneis durch einen israelischen Angriff beginnen die Zeremonien für das getötete iranische Staatsoberhaupt. Während Millionen um den alten Führer trauern, wird über den ersten öffentlichen Auftritt des designierten Nachfolgers speku…",https://www.n-tv.de/img/31049384/1783241789/Img_16_9/1200/05-07-2026-Iran-Teheran-Trauernde-versammeln-sich-vor-den-Gebeten-im-Rahmen-der-mehrtaegigen-Trauerfeierlichkeiten-fuer-den-getoeteten-iranischen-Obersten-Fuehrer-Ajatollah-Ali-Chamenei-und-Mitglieder-seiner-Familie-in-der-Imam-Khomeini-Mosalla-Grossmoschee.jpg,2026-07-05T08:14:48Z,,"Massengebet in TeheranWird Chamenei-Sohn bei Trauerfeier erstmals öffentlich auftreten?
Trauernde versammeln sich vor den Gebeten im Rahmen der mehrtägigen Trauerfeierlichkeiten für den getöteten ir… [+3913 chars]",,de,'Chamenei'
https://www.golem.de/sonstiges/zustimmung/auswahl.html?from=https://www.golem.de/news/anzeige-4k-mini-ueberwachungskamera-mit-wi-fi-und-akku-zum-tiefstpreis-2607-210503.html&referer=https://t.co/b62647f06a,https://www.golem.de/sonstiges/zustimmung/auswahl.html?from=https://www.golem.de/news/anzeige-4k-mini-ueberwachungskamera-mit-wi-fi-und-akku-zum-tiefstpreis-2607-210503.html&referer=https://t.co/b62647f06a,0,www.golem.de,Anzeige: 4K-Mini-Überwachungskamera mit Wi-Fi und Akku zum Tiefstpreis,"Die Mini-Überwachungskamera von Javiscam sorgt für mehr Sicherheit im Haushalt. Amazon verkauft sie wieder zu ihrem niedrigsten Preis. (Technik/Hardware, Amazon)",,2026-07-05T08:40:01Z,,"Besuchen Sie Golem.de wie gewohnt mit Werbung und Tracking,
 indem Sie der Nutzung aller Cookies zustimmen.
 Details zum Tracking finden Sie im Privacy Center.
Skript wurde nicht geladen. Informat… [+607 chars]",,de,'Sicherheit'
https://www.tagesschau.de/ausland/asien/iran-trauerfeier-chamenei-100.html,https://www.tagesschau.de/ausland/asien/iran-trauerfeier-chamenei-100.html,0,www.tagesschau.de,Chameneis Sohn und Nachfolger fehlt bei Trauerfeier in Teheran,In Iran gehen die Trauerfeiern für den getöteten Ajatollah Ali Chamenei weiter. Dessen Sohn und Nachfolger wurde dort bislang nicht gesichtet - was Spekulationen über seinen Gesundheitszustand anheizt.,https://images.tagesschau.de/image/a28ab289-4e09-4a6a-8d5c-a82e6a8089f9/AAABnzGq1wQ/AAABnSSvrFg/16x9-big/iran-1218.jpg?width=1280,2026-07-05T10:16:43Z,,"Stand: 05.07.2026 12:16 Uhr
In Iran gehen die Trauerfeiern für den getöteten Ajatollah Ali Chamenei weiter. Dessen Sohn und Nachfolger wurde dort bislang nicht gesichtet - was Spekulationen über sei… [+2096 chars]",,de,'Iran'
https://www.zeit.de/news/2026-07/05/polnischer-streit-wegen-patriot-raketen-fuer-die-ukraine,https://www.zeit.de/news/2026-07/05/polnischer-streit-wegen-patriot-raketen-fuer-die-ukraine,0,www.zeit.de,Ukraine-Krieg: Polnischer Streit wegen Patriot-Raketen für die Ukraine,Hier finden Sie Informationen zu dem Thema „Ukraine-Krieg“. Lesen Sie jetzt „Polnischer Streit wegen Patriot-Raketen für die Ukraine“.,https://img.zeit.de/news/2026-07/05/polnischer-streit-wegen-patriot-raketen-fuer-die-ukraine-image-group/wide__1300x731,2026-07-05T12:59:06Z,,In Polen entspinnt sich innenpolitischer Streit wegen einer mutmaßlichen Lieferung von Patriot-Flugabwehrraketen an die Ukraine im Frühjahr. Die nationalkonservative PiS und andere rechte Oppositions… [+2195 chars],,de,'Ukraine'
https://taz.de/Beerdigung-von-Chamenei/!6193526/,https://taz.de/Beerdigung-von-Chamenei/!6193526/,0,taz.de,Beerdigung von Chamenei: Mit Pomp und Propaganda,"Die iranischen Staatsmedien zeigen Hunderttausende, die am Samstag Ajatollah Chamenei beerdigen. Es ist auch ein Zeichen zum Unabhängigkeitstag der USA.",https://taz.de/picture/8591638/1200/41594096.jpeg,2026-07-05T13:48:00Z,,"Die iranischen Staatsmedien zeigen Hunderttausende, die am Samstag Ajatollah Chamenei beerdigen. Es ist auch ein Zeichen zum Unabhängigkeitstag der USA. mehr...",,de,'Chamenei'
https://www.faz.net/video/trauerfeier-fuer-getoeteten-ajatollah-chamenei-im-iran-200999837.html,https://www.faz.net/video/trauerfeier-fuer-getoeteten-ajatollah-chamenei-im-iran-200999837.html,0,www.faz.net,TEHRAN: Trauerfeier für getöteten Ajatollah Chamenei im Iran,"Der seit Monaten nicht öffentlich in Erscheinung getretene oberste Führer des Iran, Modschtaba Chamenei, ist auch bei der groß angelegten Trauerfeier für seinen Vater, Ajatollah Ali Chamenei, nicht gesichtet worden.",https://media0.faz.net/image/w1200h627/eaa645574815/w2200h1149x0y255o/202607/43601.0.2301280652/dpa.webp,2026-07-05T14:02:38Z,,"Externe Inhalte aktivieren 
Der seit Monaten nicht öffentlich in Erscheinung getretene oberste Führer des Iran, Modschtaba Chamenei, ist auch bei der groß angelegten Trauerfeier für seinen Vater, Aj… [+44 chars]",,de,'Chamenei'
https://www.faz.net/aktuell/gesellschaft/waldbraende-thessaloniki-151-patienten-evakuiert-accg-200999896.html,https://www.faz.net/aktuell/gesellschaft/waldbraende-thessaloniki-151-patienten-evakuiert-accg-200999896.html,0,www.faz.net,Brand in Griechenland: Patienten nahe Thessaloniki in Sicherheit gebracht,In Griechenland ist das Waldbrandrisiko wieder sehr hoch. Allein am Wochenende brachen Dutzende Feuer aus. In der zweitgrößten Stadt des Landes mussten die ersten Einwohner ihre Häuser verlassen.,https://media0.faz.net/image/w1200h627/c5c5721fefaf/w3425h1789x0y425o/202607/43601.0.2300992077/dichter-rauch-steigt-waehrend.webp,2026-07-05T14:37:31Z,,In Griechenland haben Feuerwehrleute am Sonntag weiter gegen Brände rund um zwei Fabriken in der Nähe der Großstadt Thessaloniki gekämpft. Dichter schwarzer Rauch aus einer Recyclinganlage und einer … [+1502 chars],,de,'Sicherheit'
https://www.nzz.ch/international/putin-sieht-keinen-anlass-fuer-ein-einknicken-ld.10014207,https://www.nzz.ch/international/putin-sieht-keinen-anlass-fuer-ein-einknicken-ld.10014207,0,www.nzz.ch,Putin sieht keinen Anlass für ein Einknicken,Der Kreml lenkt mit vermeintlichen Erfolgsmeldungen von der schwierigen Versorgungslage in Russland ab. Eine Bereitschaft zu ernsthaften Verhandlungen über eine Beendigung des Krieges ist nicht zu erkennen.,"https://img-msp-prod.nzz.ch/2026/07/01/3558b282-610f-4d21-b6e7-5ba914eb0b8b.jpg?width=1200&height=675&fit=bounds&quality=75&auto=webp&crop=2736,1539,x274,y71&wmark=nzz",2026-07-05T15:13:03Z,,Der Kreml lenkt mit vermeintlichen Erfolgsmeldungen von der schwierigen Versorgungslage in Russland ab. Eine Bereitschaft zu ernsthaften Verhandlungen über eine Beendigung des Krieges ist nicht zu er… [+4548 chars],,de,'Kreml'
https://www.welt.de/politik/ausland/article6a4a7bddad32e994f875c6e0/moegliche-friedensverhandlungen-ukrainischer-un-botschafter-melnyk-fordert-betonharte-europaeische-linie-gegenueber-moskau.html,https://www.welt.de/politik/ausland/article6a4a7bddad32e994f875c6e0/moegliche-friedensverhandlungen-ukrainischer-un-botschafter-melnyk-fordert-betonharte-europaeische-linie-gegenueber-moskau.html,0,www.welt.de,Ukrainischer UN-Botschafter Melnyk fordert „betonharte“ europäische Linie gegenüber Moskau,"UN-Botschafter Melnyk verlangt von Europa eine mit der Ukraine abgestimmte „betonharte Verhandlungsposition“ gegenüber Moskau – und warnt vor einer „Kakophonie“ der Strategien. Europa soll im Krieg nicht nur vermitteln, sondern mit „allen verfügbaren Mitteln“…",https://images.welt.de/6a4a7bddad32e994f875c6e0/5f97bad97d0ebb9891c122569481b49a-master/ci16x9-w1200/dscf0874-jpg,2026-07-05T15:56:40Z,,UN-Botschafter Melnyk verlangt von Europa eine mit der Ukraine abgestimmte betonharte Verhandlungsposition gegenüber Moskau und warnt vor einer Kakophonie der Strategien. Europa soll im Krieg nicht n… [+1995 chars],,de,'Wladimir Putin'
https://orf.at/stories/3435327/,https://orf.at/stories/3435327/,0,orf.at,Sohn fehlt bei Chameneis Beisetzung,"Zehntausende Iraner haben am Wochenende Abschied von dem getöteten langjährigen Machthaber Ajatollah Ali Chamenei genommen. Sein Sohn und Nachfolger Modschtaba Chamenei fehlte jedoch auch am Sonntag, dem zweiten Tag der offiziellen Trauerfeierlichkeiten in Te…",https://ibs.orf.at/news?image=https%3A%2F%2Fassets.orf.at%2Fmims%2F2026%2F28%2F23%2Fcrops%2Fw%3D1200%2Ch%3D630%2Cq%3D75%2F3102236_master_1201523_iran_chamenei_beisetzung_soab_afp.jpg%3Fs%3D444cf54d2116b5245902a8d21b069bfb21560c62,2026-07-05T16:43:57Z,,"Der erzkonservative oberste Führer des Iran, Chamenei, war am ersten Tag des US-israelischen Krieges gegen den Iran, bei einem Angriff auf seine Residenz in Teheran getötet worden. Mit dem 86-Jährige… [+3232 chars]",,de,'Iran'
https://www.faz.net/aktuell/politik/ukraine/ukraine-liveticker-vor-nato-gipfel-in-ankara-selenskyj-rechnet-mit-massiven-russischen-angriffen-faz-110683325.html,https://www.faz.net/aktuell/politik/ukraine/ukraine-liveticker-vor-nato-gipfel-in-ankara-selenskyj-rechnet-mit-massiven-russischen-angriffen-faz-110683325.html,0,www.faz.net,Liveblog Ukrainekrieg: Selenskyj rechnet vor NATO-Gipfel mit massiven russischen Angriffen,Weißes Haus: Trump trifft Selenskyj am Mittwoch +++ Trump spricht 90 Minuten mit Putin +++ Selenskyj weist russische Einnahme von strategisch wichtiger Stadt zurück +++ alle Neuigkeiten im Liveblog,https://media0.faz.net/image/w1200h627/a4bcf10c7287/w5755h3006x0y414o/202607/43601.0.2290471948/der-ukrainische-praesident.webp,2026-07-05T19:07:21Z,,Der ukrainische Präsident Wolodymyr Selenskyj rechnet mit massiven russischen Angriffen noch vor dem NATO-Gipfel Mitte der Woche in Ankara. In einer Warnung auf Facebook berief er sich dabei auf Info… [+1134 chars],,de,'Wladimir Putin'
https://www.zeit.de/news/2026-07/06/russland-fliegt-neue-luftangriffe-auf-ukraine,https://www.zeit.de/news/2026-07/06/russland-fliegt-neue-luftangriffe-auf-ukraine,0,www.zeit.de,Ukraine-Krieg: Russland fliegt neue Luftangriffe auf Ukraine,Hier finden Sie Informationen zu dem Thema „Ukraine-Krieg“. Lesen Sie jetzt „Russland fliegt neue Luftangriffe auf Ukraine“.,https://img.zeit.de/news/2026-07/06/russland-fliegt-neue-luftangriffe-auf-ukraine-image-group/wide__1300x731,2026-07-05T23:29:25Z,,Die vorab befürchtete Welle schwerer Luftangriffe Russlands auf ukrainische Städte hat sich in der Nacht bestätigt. Kurz nach Mitternacht waren in der Hauptstadt Kiew laut Behördenangaben und Medienb… [+1505 chars],,de,'Wladimir Putin'
https://www.n-tv.de/politik/21-17-Echtes-Gefuehl-der-Dringlichkeit-Weisses-Haus-bestaetigt-Trumps-Selenskyj-Treffen-id31051204.html,https://www.n-tv.de/politik/21-17-Echtes-Gefuehl-der-Dringlichkeit-Weisses-Haus-bestaetigt-Trumps-Selenskyj-Treffen-id31051204.html,0,www.n-tv.de,"Ukraine-Krieg im Liveticker: +++ 21:17 ""Echtes Gefühl der Dringlichkeit"": Weißes Haus bestätigt Trumps Selenskyj-Treffen +++","Berlin, Washington, Brüssel - überall. ntv berichtet von allen wichtigen Schauplätzen der Innen- und Außenpolitik.",https://www.n-tv.de/img/2339153/1721988811/Img_16_9/1200/Ukraine-Liveticker.jpg,2026-07-06T01:38:57Z,,"Im zähen Ringen um ein Ende des russischen Angriffskrieges trifft sich US-Präsident Donald Trump am Rande des Nato-Gipfels mit dem ukrainischen Präsidenten Wolodymyr Selenskyj, bestätigt nun das Weiß… [+24156 chars]",,de,'Saporischschja'
https://www.tagesschau.de/ausland/trump-selenskyj-treffen-ankara-100.html,https://www.tagesschau.de/ausland/trump-selenskyj-treffen-ankara-100.html,0,www.tagesschau.de,Trump und Selenskyj wollen sich beim NATO-Gipfel treffen,"Erst ein Telefonat, jetzt ein Treffen: US-Präsident Trump und der ukrainische Präsident Selenskyj wollen ihr Gespräch beim NATO-Gipfel fortsetzen. Dabei dürfte es um ein Ende des Krieges gegen die Ukraine gehen.",https://images.tagesschau.de/image/85a9df9d-8596-4734-8810-fcbaa41ad075/AAABnzT_gMk/AAABnSSvrFg/16x9-big/donald-trump-848.jpg?width=1280,2026-07-06T01:56:37Z,,"Stand: 06.07.2026 03:56 Uhr
Erst ein Telefonat, jetzt ein Treffen: US-Präsident Trump und der ukrainische Präsident Selenskyj wollen ihr Gespräch beim NATO-Gipfel fortsetzen. Dabei dürfte es um ein … [+1732 chars]",,de,'Wladimir Putin'
https://www.zeit.de/news/2026-07/06/trauerzug-mit-chameneis-leichnam-fuehrt-durch-teheran,https://www.zeit.de/news/2026-07/06/trauerzug-mit-chameneis-leichnam-fuehrt-durch-teheran,0,www.zeit.de,Getötetes Staatsoberhaupt: Trauerzug mit Chameneis Leichnam führt durch Teheran,Hier finden Sie Informationen zu dem Thema „Getötetes Staatsoberhaupt“. Lesen Sie jetzt „Trauerzug mit Chameneis Leichnam führt durch Teheran“.,https://img.zeit.de/news/2026-07/06/trauerzug-mit-chameneis-leichnam-fuehrt-durch-teheran-image-group/wide__1300x731,2026-07-06T02:15:04Z,,Vor der Beerdigung von Irans oberstem Führer Ajatollah Ali Chamenei soll dessen Leichnam in einer Prozession durch die Millionenmetropole Teheran geführt werden. Der Trauerzug für den früheren Religi… [+2961 chars],,de,'Chamenei'
https://www.zeit.de/news/2026-07/06/wer-hat-den-iran-krieg-gewonnen,https://www.zeit.de/news/2026-07/06/wer-hat-den-iran-krieg-gewonnen,0,www.zeit.de,Krieg in Nahost: Wer hat den Iran-Krieg gewonnen?,Hier finden Sie Informationen zu dem Thema „Krieg in Nahost“. Lesen Sie jetzt „Wer hat den Iran-Krieg gewonnen?“.,https://img.zeit.de/news/2026-07/06/wer-hat-den-iran-krieg-gewonnen-image-group/wide__1300x731,2026-07-06T02:57:05Z,,"Donald Trump spricht von einem Sieg der USA. Israels Ministerpräsident Benjamin Netanjahu feiert einen «historischen Erfolg», und auch Teheran reklamiert den Kriegsausgang für sich. Doch Experten zie… [+6214 chars]",,de,'Krieg'
https://www.tagesschau.de/ausland/europa/ukraine-russland-angriffe-176.html,https://www.tagesschau.de/ausland/europa/ukraine-russland-angriffe-176.html,0,www.tagesschau.de,Ukraine meldet mehrere Tote nach russischen Angriffen,"Luftalarm im ganzen Land, Explosionen in Kiew: Russland hat die Ukraine in der Nacht erneut attackiert - und das kurz vor einem NATO-Gipfel in der Türkei. Medien und Behörden zufolge gibt es mindestens neun Tote.",https://images.tagesschau.de/image/7e2de78d-1b7f-4971-934e-4274e7be23fd/AAABnzW2J8U/AAABnSSvrFg/16x9-big/explosion-kiew-102.jpg?width=1280,2026-07-06T04:35:58Z,,"Stand: 06.07.2026 06:35 Uhr
Luftalarm im ganzen Land, Explosionen in Kiew: Russland hat die Ukraine in der Nacht erneut attackiert - und das kurz vor einem NATO-Gipfel in der Türkei. Medien und Behö… [+1818 chars]",,de,'Wladimir Putin'
https://www.zeit.de/politik/ausland/2026-07/kiew-russland-luftangriffe-raketen-drohnen-tote,https://www.zeit.de/politik/ausland/2026-07/kiew-russland-luftangriffe-raketen-drohnen-tote,0,www.zeit.de,Russische Luftangriffe: Schwere russische Angriffe auf die Ukraine vor Nato-Gipfel,Mindestens sieben Menschen sind bei russischen Angriffen auf die Ukraine getötet worden. Selenskyj hatte vor heftigen Attacken kurz vor dem Nato-Gipfel gewarnt.,https://img.zeit.de/politik/ausland/2026-07/rettungskraefte-ort-russischer-raketenangriff-beschaedigtes-gebaeude-kyjiw/wide__1300x731,2026-07-06T04:38:18Z,,"Am Tag vor dem Nato-Gipfel in der Türkei hat Russland die nächste schwere 
Angriffswelle auf ukrainische Städte durchgeführt. Kurz nach Mitternacht 
löste die Flugabwehr in fast allen Landesregione… [+1025 chars]",,de,'Ukraine'
https://www.focus.de/politik/deutschland/die-wahrheit-zum-start-der-neuen-grundsicherung-bei-fast-jedem-5-empfaenger-fehlt-arbeitswille-komplett_94fae66b-d8fc-47a9-b79e-f2c6d00c180d.html,https://www.focus.de/politik/deutschland/die-wahrheit-zum-start-der-neuen-grundsicherung-bei-fast-jedem-5-empfaenger-fehlt-arbeitswille-komplett_94fae66b-d8fc-47a9-b79e-f2c6d00c180d.html,0,www.focus.de,Die Wahrheit zum Start der neuen Grundsicherung: Bei fast jedem 5. Empfänger fehlt Arbeitswille komplett,Bürgergeld wird meist als Frage von Sanktionen diskutiert. Daten zeigen jedoch ein tieferes Problem: Für viele ist Arbeit kein Ziel mehr.,"https://quadro.burda-forward.de/ctf/91ce20d1-9567-4061-92e9-fd22a83ec6bd.f2eb3b67-35e9-4cc8-8878-c44aae880328.jpg?im=RegionOfInterestCrop=(1200,630),regionOfInterest=(2520,833)&hash=0b2891cfe2ee07a2d17855296dbea71e7548f1348e9f8acc69aa08951dc207e1",2026-07-06T06:42:00Z,,"Und sie beginnt stets von Neuem: Die Bürgergeld-Debatte kreist wieder um Förderung, Sanktionen, Hilfsbedürftige und Totalverweigerer. Viele Bürger fragen sich daher, ob der Staat seine Mittel in dies… [+5587 chars]",,de,'Bürgergeld'
https://www.zeit.de/news/2026-07/06/auftragseingang-legt-staerker-als-erwartet-zu,https://www.zeit.de/news/2026-07/06/auftragseingang-legt-staerker-als-erwartet-zu,0,www.zeit.de,Industrie: Auftragseingang legt stärker als erwartet zu,Hier finden Sie Informationen zu dem Thema „Industrie“. Lesen Sie jetzt „Auftragseingang legt stärker als erwartet zu“.,https://img.zeit.de/news/2026-07/06/auftragseingang-legt-staerker-als-erwartet-zu-image-group/wide__1300x731,2026-07-06T06:54:13Z,,Hoffnungsschimmer für die angeschlagene deutsche Industrie: Nach dem Rückschlag im April hat der Auftragseingang im Mai wieder zugelegt. Der Anstieg fiel zudem deutlich höher aus als von Experten erw… [+1077 chars],,de,'Industrie'
https://www.golem.de/sonstiges/zustimmung/auswahl.html?from=https://www.golem.de/news/rads-to-watts-darpa-erforscht-nuklearbatterien-aus-atommuell-2607-210526.html&referer=https://t.co/a95579feaf,https://www.golem.de/sonstiges/zustimmung/auswahl.html?from=https://www.golem.de/news/rads-to-watts-darpa-erforscht-nuklearbatterien-aus-atommuell-2607-210526.html&referer=https://t.co/a95579feaf,0,www.golem.de,Rads to Watts: Darpa erforscht Nuklearbatterien aus Atommüll,"Das US-Militärprojekt Rads to Watts untersucht kompakte Mini-Generatoren aus Strontium-90 für Drohnen und Satelliten. (Energie, Darpa)",,2026-07-06T06:56:01Z,,"Besuchen Sie Golem.de wie gewohnt mit Werbung und Tracking,
 indem Sie der Nutzung aller Cookies zustimmen.
 Details zum Tracking finden Sie im Privacy Center.
Skript wurde nicht geladen. Informat… [+607 chars]",,de,'Energie'
https://www.zeit.de/politik/ausland/2026-07/krieg-ukraine-krim-drohnen-angriff-wladimir-putin,https://www.zeit.de/politik/ausland/2026-07/krieg-ukraine-krim-drohnen-angriff-wladimir-putin,0,www.zeit.de,Krieg in der Ukraine: Wolodymyr Selenskyj hat einen Plan für die Krim,Putin versprach den Krimbewohnern blühende Landschaften. Nun stürzen ukrainische Angriffe die Halbinsel in die Krise – und bringen die Besatzer in Bedrängnis.,https://img.zeit.de/politik/ausland/2026-07/krieg-ukraine-krim-drohnen-angriff-wladimir-putin-bild/wide__1300x731,2026-07-06T07:31:09Z,,"Beruhigende Worte für die Krimbewohner hat Sergej Aksjonow, der Chef der russischen Besatzungsverwaltung, in dieser Woche nicht mehr allzu viele. »Leider«, sagt Aksjonow in einer Videobotschaft, »wer… [+755 chars]",,de,'Krieg'
"https://www.gamestar.de/artikel/china-klimatechnik-verdunstungskaelte,3455848.html","https://www.gamestar.de/artikel/china-klimatechnik-verdunstungskaelte,3455848.html",0,www.gamestar.de,"Special: Energie - Regen, der nicht vom Himmel fällt: Wie China die Klimatisierung von Gebäuden neu denken und dabei weniger Strom verbrauchen will","Wasserschleier steigen zwischen Hochhäusern auf: Ein skurriles Projekt nutzt ein altbekanntes Prinzip, um ganze Wohnviertel abzukühlen.",https://images.cgames.de/images/gamestar/293/china-klimatisierung-verdunstungskälte-bildquelle-youtube-chinese-embassy-uk_6427464.jpg,2026-07-06T10:27:00Z,,"Von unten kaum von Nieselregen zu unterscheiden: Verdunstungskälte im großen Maßstab umgesetzt. (Bildquelle: YouTube, Chinese Embassy UK)
Über einer Wohnanlage in der chinesischen Metropole Yuncheng… [+4429 chars]",,de,'Energie'
https://www.tagesschau.de/ausland/iran-teheran-trauerfeier-100.html,https://www.tagesschau.de/ausland/iran-teheran-trauerfeier-100.html,0,www.tagesschau.de,Getöteter Oberster Führer Irans: Trauerzug mit Chameneis Sarg zieht durch Teheran,In Iran dauern die Trauerfeierlichkeiten des vor vier Monaten getöteten Obersten Führers Ali Chamenei noch mehrere Tage: Heute wird der Sarg durch die Hauptstadt Teheran gefahren.,https://images.tagesschau.de/image/6c4a9af6-338e-433d-95c2-88bd57115ebf/AAABnzb1Qbw/AAABnSSvrFg/16x9-big/ayatollah-ali-chamenei-100.jpg?width=1280,2026-07-06T12:29:46Z,,"Stand: 06.07.2026 14:29 Uhr
In Iran dauern die Trauerfeierlichkeiten des vor vier Monaten getöteten Obersten Führers Ali Chamenei noch mehrere Tage: Heute wird der Sarg durch die Hauptstadt Teheran … [+3516 chars]",,de,'Iran'
https://www.welt.de/politik/ausland/article6a4b9c267edf43f08dbcfa33/iran-millionen-menschen-bei-trauerzug-fuer-ajatollah-ali-chamenei-in-teheran.html,https://www.welt.de/politik/ausland/article6a4b9c267edf43f08dbcfa33/iran-millionen-menschen-bei-trauerzug-fuer-ajatollah-ali-chamenei-in-teheran.html,0,www.welt.de,Millionen Menschen bei Trauerzug für Ajatollah Ali Chamenei in Teheran,Die Führung in Teheran inszeniert eine gewaltige Trauerprozession für den getöteten Ajatollah Chamenei. Laut iranischen Angaben sollen Millionen von Menschen erscheinen. Dabei dürfte ein großer Teil der Bevölkerung der Staatstrauer gleichgültig bis ablehnend …,https://images.welt.de/6a4b9c267edf43f08dbcfa33/c2ce783e3c5bd9afc57753b2d280a4d1-master/ci16x9-w1200/dpa-com-260706-99-975384-jpg,2026-07-06T12:58:31Z,,Die Führung in Teheran inszeniert eine gewaltige Trauerprozession für den getöteten Ajatollah Chamenei. Laut iranischen Angaben sollen Millionen von Menschen erscheinen. Dabei dürfte ein großer Teil … [+1790 chars],,de,'Chamenei'
https://www.faz.net/aktuell/politik/ukraine/ukraine-liveticker-donald-trump-sieht-baldige-einigung-im-ukraine-krieg-faz-110683325.html,https://www.faz.net/aktuell/politik/ukraine/ukraine-liveticker-donald-trump-sieht-baldige-einigung-im-ukraine-krieg-faz-110683325.html,0,www.faz.net,"Liveblog Ukrainekrieg: Trump: Einigung im Ukrainekrieg näher, „als die Menschen glauben“","Nach einem Telefonat mit Putin sei er sich sicher, dass dieser den Krieg beenden wolle +++ Ukraine greift westsibirsche Region Omsk mit Drohnen an +++ Britische F-35-Kampfflugzeuge fangen russisches Flugzeug ab +++ alle Neuigkeiten im Liveblog",https://media0.faz.net/image/w1200h627/9cd670e64589/w5829h3045x0y280o/202607/43601.0.2303658425/us-praesident-donald-trump-bei.webp,2026-07-06T13:00:24Z,,Kurz nach Mitternacht waren in der Hauptstadt Kiew laut Behördenangaben und Medienberichten Alarmsirenen und heftige Explosionen zu hören. Demnach wurde fast in allen Landesregionen Luftalarm ausgelö… [+1082 chars],,de,'Krieg'
https://www.focus.de/finanzen/gkv-entwurf-bund-will-2-milliarden-mehr-fuer-buergergeld-zahlen_e8f0f2dd-b574-486c-858a-30d5999d72ef.html,https://www.focus.de/finanzen/gkv-entwurf-bund-will-2-milliarden-mehr-fuer-buergergeld-zahlen_e8f0f2dd-b574-486c-858a-30d5999d72ef.html,0,www.focus.de,GKV-Entwurf: Bund will 2 Milliarden mehr für Bürgergeld zahlen,Interner GKV-Entwurf: Der Bund will ab 2027 rund zwei Milliarden Euro mehr für Bürgergeld-Bezieher zahlen. Hintergrund sind Klagen der Krankenkassen.,"https://quadro.burda-forward.de/ctf/1208c685-30ae-4d0c-adc6-80056f9b95a8.8f96f92a-8d11-45d6-a0c9-2977088eefe3.jpeg?im=RegionOfInterestCrop=(1200,630),regionOfInterest=(1082,439)&hash=fe0c53516767e76dde19af01d2451d5f3d0eee27f18cdcdfbb1cb8360fb4e647",2026-07-06T13:26:00Z,,"Die Bundesregierung will offenbar auf einen der größten Kritikpunkte der gesetzlichen Krankenkassen reagieren. Nach einer internen Änderungsfassung des GKV-Beitragssatzstabilisierungsgesetzes, die FO… [+2377 chars]",,de,'Bürgergeld'
https://www.nzz.ch/international/kreml-spricht-von-krieg-neue-wortwahl-vor-dem-nato-gipfel-ld.10014282,https://www.nzz.ch/international/kreml-spricht-von-krieg-neue-wortwahl-vor-dem-nato-gipfel-ld.10014282,0,www.nzz.ch,Aus der «Spezialoperation» in der Ukraine wird ein «echter Krieg» – warum der Kreml gerade jetzt seine Wortwahl ändert,"Wer das Wort «Krieg» in den Mund nimmt, kann in Russland hart bestraft werden. Nun tut Kreml-Sprecher Dmitri Peskow genau das – und gibt dem Westen die Schuld dafür. Das ist kein Zufall.","https://img-msp-prod.nzz.ch/2026/07/06/5ccff8f3-fca1-4490-b379-d48a548956b1.jpg?width=1200&height=674&fit=bounds&quality=75&auto=webp&crop=4699,2643,x0,y196&wmark=nzz",2026-07-06T13:56:44Z,,"Wer das Wort «Krieg» in den Mund nimmt, kann in Russland hart bestraft werden. Nun tut Kreml-Sprecher Dmitri Peskow genau das  und gibt dem Westen die Schuld dafür. Das ist kein Zufall.
Zusammenfass… [+5833 chars]",,de,'Kreml'
https://www.zeit.de/politik/ausland/2026-07/ukraine-krieg-kyjiw-ballistische-raketen-patriot-flugabwehr-verhandlungen-nato-gipfel,https://www.zeit.de/politik/ausland/2026-07/ukraine-krieg-kyjiw-ballistische-raketen-patriot-flugabwehr-verhandlungen-nato-gipfel,0,www.zeit.de,Russische Raketenangriffe: Was das Flugabwehr-Problem der Ukraine für den Krieg bedeutet,"Russland greift Kyjiw mit 23 ballistischen Raketen an, keine davon wird abgewehrt. Damit setzt sich ein Trend fort, der Hoffnungen auf ein baldiges Kriegsende schmälert.",https://img.zeit.de/politik/ausland/2026-07/ukraine-krieg-kyjiw-ballistische-raketen-patriot-flugabwehr-verhandlungen-nato-gipfel-bild/wide__1300x731,2026-07-06T14:48:56Z,,Binnen weniger Tage hat Russland die ukrainische Hauptstadt zwei großen Luftangriffen unterzogen. Zwischen Donnerstag und dem heutigen Montag setzte das russische Militär bei Angriffen auf die Ukrain… [+9736 chars],,de,'Ukraine'
https://www.tagesschau.de/ausland/iran-chameini-100.html,https://www.tagesschau.de/ausland/iran-chameini-100.html,0,www.tagesschau.de,Trauerprozession für Chamenei in Teheran,Es geht mehr um Politik als um Trauer: Mit der mehrtägigen Zeremonie für den getöteten Obersten Führer Chamenei will Irans Regime Signale senden - nach innen und außen. Doch viele Menschen blieben der Prozession in Teheran fern. Von U. Lueb.,https://images.tagesschau.de/image/39d10b26-548a-4e5b-ad99-41d8c80de25b/AAABnzgoTxk/AAABnSSvrFg/16x9-big/teheran-300.jpg?width=1280,2026-07-06T16:21:03Z,,"Stand: 06.07.2026 18:21 Uhr
Es geht mehr um Politik als um Trauer: Mit der mehrtägigen Zeremonie für den getöteten Obersten Führer Chamenei will Irans Regime Signale senden - nach innen und außen. D… [+3684 chars]",,de,'Chamenei'
https://www.n-tv.de/politik/Russland-setzt-auf-neue-Taktik-bei-Angriffen-auf-Kiew-id31054726.html,https://www.n-tv.de/politik/Russland-setzt-auf-neue-Taktik-bei-Angriffen-auf-Kiew-id31054726.html,0,www.n-tv.de,"Mehr Ballistik, mehr Tote: Russland setzt auf neue Taktik bei Angriffen auf Kiew","Während die Ukraine mit modernen Drohnen gezielt russische Ölraffinerien tausende Kilometer hinter der Front trifft, setzt der Kreml als Antwort auf das ihm gut bekannte Mittel: Terror gegen die Zivilisten. Doch die Taktik, mit der er Kiew in die Knie zwingen…",https://www.n-tv.de/img/31054735/1783362166/Img_16_9/1200/Rescuers-use-a-crane-to-remove-debris-while-they-work-at-the-site-of-an-apartment-building-which-was-hit-during-Russian-missile-and-drone-strikes-amid-Russia-s-attack-on-Ukraine-in-Kyiv-Ukraine-July-6-2026.jpg,2026-07-06T16:52:31Z,,"Bei nächtlichen Angriffen auf Kiew wurden mehrere Wohnblocks schwer beschädigt. (Foto: REUTERS)
Während die Ukraine mit modernen Drohnen gezielt russische Ölraffinerien tausende Kilometer hinter der… [+5789 chars]",,de,'Kreml'
https://taz.de/Kreml-rueckt-ab-von-Spezialoperation/!6193747/,https://taz.de/Kreml-rueckt-ab-von-Spezialoperation/!6193747/,0,taz.de,Kreml rückt ab von „Spezialoperation“: Plötzlich Krieg,"Den Krieg gegen die Ukraine als solchen zu bezeichnen, wurde in Russland bislang hart bestraft. Nun macht der Kreml eine rhetorische Wende – aus Gründen.",https://taz.de/picture/8593546/1200/41525940.jpeg,2026-07-06T17:56:00Z,,"Den Krieg gegen die Ukraine als solchen zu bezeichnen, wurde in Russland bislang hart bestraft. Nun macht der Kreml eine rhetorische Wende – aus Gründen. mehr...",,de,'Krieg'
https://www.zeit.de/politik/ausland/2026-07/iran-ayatollah-chamenei-regime-beerdigung-maertyrer-gxe,https://www.zeit.de/politik/ausland/2026-07/iran-ayatollah-chamenei-regime-beerdigung-maertyrer-gxe,0,www.zeit.de,Iran: Dieses Regime ist gegen das Leben,"Die Islamische Republik verklärt Chameneis Tod zum Märtyrertum. Damit erschafft das Regime einen neuen nationalen Mythos. Und macht klar, wer sein größter Feind ist.",https://img.zeit.de/politik/ausland/2026-07/iran-ayatollah-chamenei-regime-beerdigung-maertyrer-gxe-bild5/wide__1300x731,2026-07-06T18:04:56Z,,"Im Persischen ist das Wort Märtyrer Schahid Substantiv und Adjektiv. Es bezeichnet einen Menschen, der für seine religiösen Überzeugungen den Tod in Kauf nimmt, und zugleich kann es jedem Namen, jede… [+905 chars]",,de,'Chamenei'
https://www.zeit.de/news/2026-07/07/was-laesst-sich-beim-tankstopp-abseits-der-autobahn-sparen,https://www.zeit.de/news/2026-07/07/was-laesst-sich-beim-tankstopp-abseits-der-autobahn-sparen,0,www.zeit.de,Spritpreise: Was lässt sich beim Tankstopp abseits der Autobahn sparen?,Hier finden Sie Informationen zu dem Thema „Spritpreise“. Lesen Sie jetzt „Was lässt sich beim Tankstopp abseits der Autobahn sparen?“.,https://img.zeit.de/news/2026-07/07/was-laesst-sich-beim-tankstopp-abseits-der-autobahn-sparen-image-group/wide__1300x731,2026-07-07T02:00:26Z,,"Wer zum Tanken die Autobahn verlässt, kann nach Angaben des ADAC kräftig Geld sparen. Im Landesdurchschnitt sind das nach einer Untersuchung des Verkehrsclubs rund 17 Cent in Brandenburg bei Super E1… [+1760 chars]",,de,'sparen'
https://www.zeit.de/news/2026-07/07/hessen-verstaerkt-spionageabwehr,https://www.zeit.de/news/2026-07/07/hessen-verstaerkt-spionageabwehr,0,www.zeit.de,Sicherheit: Hessen verstärkt Spionageabwehr,Hier finden Sie Informationen zu dem Thema „Sicherheit“. Lesen Sie jetzt „Hessen verstärkt Spionageabwehr“.,https://img.zeit.de/news/2026-07/07/hessen-verstaerkt-spionageabwehr-image-group/wide__1300x731,2026-07-07T02:00:44Z,,"Hessen baut seine Spionageabwehr aus. «Wir werden dafür in den kommenden Wochen einen neuen Schwerpunkt beim Landesamt für Verfassungsschutz setzen», sagte Innenminister Roman Poseck (CDU) in einem I… [+1359 chars]",,de,'Sicherheit'
https://www.faz.net/aktuell/politik/ukraine/ukraine-liveticker-buergermeister-moskau-von-mehr-als-400-ukrainischen-drohnen-ins-visier-genommen-faz-110683325.html,https://www.faz.net/aktuell/politik/ukraine/ukraine-liveticker-buergermeister-moskau-von-mehr-als-400-ukrainischen-drohnen-ins-visier-genommen-faz-110683325.html,0,www.faz.net,Liveblog Ukrainekrieg: Bürgermeister: Moskau von mehr als 400 ukrainischen Drohnen ins Visier genommen,Trump: Einigung im Ukrainekrieg ist näher als viele denken +++ Ukraine greift westsibirsche Region Omsk mit Drohnen an +++ Britische F-35-Kampfflugzeuge fangen russisches Flugzeug ab +++ alle Neuigkeiten im Liveblog,https://media0.faz.net/image/w1200h627/4e97f7e91b0c/w3000h1567x0y216o/202607/43601.0.2304119529/langstreckendrohnen-des-typs.webp,2026-07-07T03:42:00Z,,Kurz nach Mitternacht waren in der Hauptstadt Kiew laut Behördenangaben und Medienberichten Alarmsirenen und heftige Explosionen zu hören. Demnach wurde fast in allen Landesregionen Luftalarm ausgelö… [+1082 chars],,de,'Wladimir Putin'
https://www.zeit.de/news/2026-07/07/industrieproduktion-legt-staerker-zu-als-erwartet,https://www.zeit.de/news/2026-07/07/industrieproduktion-legt-staerker-zu-als-erwartet,0,www.zeit.de,Konjunktur: Industrieproduktion legt stärker zu als erwartet,Hier finden Sie Informationen zu dem Thema „Konjunktur“. Lesen Sie jetzt „Industrieproduktion legt stärker zu als erwartet“.,https://img.zeit.de/news/2026-07/07/industrieproduktion-legt-staerker-zu-als-erwartet-image-group/wide__1300x731,2026-07-07T07:08:01Z,,"Das verarbeitende Gewerbe in Deutschland hat sich im Mai besser als erwartet entwickelt. Die Gesamtproduktion sei im Vergleich zum Vormonat April saison- und kalenderbereinigt um 0,9 Prozent gestiege… [+1506 chars]",,de,'Industrie'
https://www.tagesschau.de/ausland/nato-gipfel-212.html,https://www.tagesschau.de/ausland/nato-gipfel-212.html,0,www.tagesschau.de,Was vom NATO-Gipfel in Ankara zu erwarten ist,"Ukraine, Iran und vor allem das Geld: Die Themen des NATO-Gipfels in der Türkei bergen Konfliktpotenzial. Kanzler Merz hofft auf den ""Geist von Ankara"" - aber die Ausgangslage ist schwierig. Das Wichtigste im Überblick.",https://images.tagesschau.de/image/cca0c0fc-499d-4646-bdc9-114184def562/AAABnzv-jTM/AAABnSSvrFg/16x9-big/nato-ankara-112.jpg?width=1280,2026-07-07T09:47:58Z,,"Stand: 07.07.2026 11:47 Uhr
Ukraine, Iran und vor allem das Geld: Die Themen des NATO-Gipfels in der Türkei bergen Konfliktpotenzial. Kanzler Merz hofft auf den ""Geist von Ankara"" - aber die Ausgang… [+7741 chars]",,de,'Iran'
https://www.faz.net/aktuell/feuilleton/debatten/nahost-konflikt-warum-israels-siege-zu-neuer-instabilitaet-fuehren-200996627.html,https://www.faz.net/aktuell/feuilleton/debatten/nahost-konflikt-warum-israels-siege-zu-neuer-instabilitaet-fuehren-200996627.html,0,www.faz.net,Nahost nach dem 7. Oktober: Warum Israels militärische Siege in die Isolation führen,"Israels Gegner sind geschwächt, aber nicht besiegt. Zwischen Iran, Libanon und den Golfstaaten entsteht eine konfliktreiche Regionalordnung mit brüchigen Allianzen und dem Risiko neuer Kriege.",https://media0.faz.net/image/w1200h627/cb6dfb5ce686/w5500h2873x0y397o/202607/43601.0.2293658861/abschiedszeremonie-fuer-den.webp,2026-07-07T11:42:46Z,,"Die langfristigen Folgen des Massakers vom 7. Oktober 2023 werden jeden Tag im Nahen Osten stärker spürbar. Und das nicht im Sinne einer Welt voller Handel, Kooperation und strategischer israelischer… [+6678 chars]",,de,'Benjamin Netanjahu'
https://www.derstandard.at/story/3000000330312/wenn-der-parkplatz-zur-sauna-wird-vcoe-draengt-auf-begruenungspflicht-fuer-grosse-parkplaetze,https://www.derstandard.at/story/3000000330312/wenn-der-parkplatz-zur-sauna-wird-vcoe-draengt-auf-begruenungspflicht-fuer-grosse-parkplaetze,0,www.derstandard.at,Wenn der Parkplatz zur Sauna wird: VCÖ drängt auf Begrünungspflicht für große Parkplätze,"Versiegelte Flächen heizen sich im Sommer besonders stark auf. Der Verkehrsclub Österreich fordert daher mehr Begrünung, Entsiegelung und verbindliche Vorgaben für größere Parkflächen",https://i.ds.at/Bsn0-Q/rs:fill:1200:600/plain/lido-images/2026/07/07/dea4274e-0ad7-41db-88f7-ef70a02ddad3.jpg,2026-07-07T12:30:00Z,,"Sie entscheiden darüber, wie Sie unsere Inhalte nutzen wollen. Ihr Gerät erlaubt uns derzeit leider nicht, die entsprechenden Optionen anzuzeigen.
Bitte deaktivieren Sie sämtliche Hard- und Software… [+180 chars]",,de,'heizen'
https://www.tagesspiegel.de/gesellschaft/die-burgergeldregeln-zu-andern-war-richtig-weil-menschen-keine-engel-sind-15805576.html,https://www.tagesspiegel.de/gesellschaft/die-burgergeldregeln-zu-andern-war-richtig-weil-menschen-keine-engel-sind-15805576.html,0,www.tagesspiegel.de,"Die Bürgergeldregeln zu ändern, war richtig: Weil Menschen keine Engel sind","Die Verschärfungen bei den Sozialleistungen wurden auch im Tagesspiegel scharf kritisiert. Doch es gibt grundsätzliche Prioritäten, die ein Land haben und durchsetzen sollte.",https://www.tagesspiegel.de/images/15811986/alternates/BASE_16_9_W1400/1783427519000/2026-07-07-ges-buergergeld-bs.jpeg,2026-07-07T12:39:14Z,,"Beim Bürgergeld gelten jetzt härtere Regeln, und natürlich kann man das beklagen. Man führt dann die Drastik an, wenn ab jetzt Totalsanktionen verhängbar sind. Die besonderen Schicksale von psychisch… [+190 chars]",,de,'Bürgergeld'
https://www.tagesschau.de/ausland/europa/nato-gipfel-ankara-102.html,https://www.tagesschau.de/ausland/europa/nato-gipfel-ankara-102.html,0,www.tagesschau.de,"NATO-Chef fordert ""Revolution"" in der Verteidigungsindustrie",Vor dem Gipfel hat NATO-Chef Rutte von der Verteidigungsindustrie noch mehr Einsatz gefordert. Mit Blick auf Russland äußerte er sich besorgt. Laut Kanzler Merz könnte der Gipfel aber einen Einschnitt im Ukraine-Krieg markieren.,https://images.tagesschau.de/image/4be1c718-cb27-4979-9266-e3919ba2a847/AAABnzyyweM/AAABnSSvrFg/16x9-big/rutte-302.jpg?width=1280,2026-07-07T13:09:35Z,,"Stand: 07.07.2026 15:09 Uhr
Vor dem Gipfel hat NATO-Chef Rutte von der Verteidigungsindustrie noch mehr Einsatz gefordert. Mit Blick auf Russland äußerte er sich besorgt. Laut Kanzler Merz könnte de… [+4162 chars]",,de,'Kreml'
https://www.zeit.de/feuilleton/2026-07/mathias-doepfner-friedrich-merz-axel-springer-afd-rnd-entschuldigung,https://www.zeit.de/feuilleton/2026-07/mathias-doepfner-friedrich-merz-axel-springer-afd-rnd-entschuldigung,0,www.zeit.de,Mathias Döpfner und Friedrich Merz: »Aufgebauscht«,Hat der Chef des Springer-Verlags den Bundeskanzler bedroht? Ein neuer Podcast beginnt mit einem journalistischen Auffahrunfall – und einer recht krassen Entschuldigung.,https://img.zeit.de/feuilleton/2026-07/mathias-doepfner-friedrich-merz-rnd-bilder/artikelbild-2er-kachel-do-pfner-merz-bild/wide__1300x731,2026-07-07T17:22:06Z,,"Was hat er denn nun wirklich gesagt? Der neue politische Podcast Wenn Sie wüssten  hatte vor einer Woche behauptet, dass der Vorstandschef und Miteigentümer des Springer-Verlags dem Bundeskanzler ged… [+815 chars]",,de,'Friedrich Merz'
https://www.n-tv.de/politik/Wie-Russland-seine-Armee-auffuellt-ohne-es-zuzugeben-id31058706.html,https://www.n-tv.de/politik/Wie-Russland-seine-Armee-auffuellt-ohne-es-zuzugeben-id31058706.html,0,www.n-tv.de,"Schattenmobilisierung des Kreml: Wie Russland seine Armee auffüllt, ohne es zuzugeben","Russland braucht immer mehr Soldaten, um seine hohen Verluste an der Front in der Ukraine auszugleichen. Eine offene Mobilisierung kommt für Machthaber Putin bislang offenbar nicht infrage. Deshalb findet die Mobilisierung verdeckt statt.",https://www.n-tv.de/img/31058792/1783441196/Img_16_9/1200/Russian-Federation-Saint-Petersburg-The-inscription-is-Service-under-Contract-Service-in-the-armed-forces-Russian-Federation-Saint-Petersburg-The-inscription-is-Service-under-Contract-Service-in-the-armed-forces.jpg,2026-07-07T17:36:38Z,,"Nachschub für Putins Krieg - das Bild zeigt Werbung in St. Petersburg für einen Vertrag mit der russischen Armee. (Foto: picture alliance / Russian Look)
Russland braucht immer mehr Soldaten, um sei… [+7586 chars]",,de,'Kreml'
https://www.faz.net/aktuell/feuilleton/kolumnen/brief-aus-iran-freiheit-chamenei-ist-tot-und-mein-grossvater-trauert-201004964.html,https://www.faz.net/aktuell/feuilleton/kolumnen/brief-aus-iran-freiheit-chamenei-ist-tot-und-mein-grossvater-trauert-201004964.html,0,www.faz.net,Brief aus dem Irankrieg: Der Diktator ist tot – und mein Großvater trauert,"Während Amerika seinen 250. Geburtstag feiert, trauert ein Teil Teherans um Chamenei. Unsere Kolumnistin aus Iran schreibt über den Verlust von Freiheit – und darüber, was sie Trump sagen würde, wenn sie könnte.",https://media0.faz.net/image/w1200h627/6226e9151139/w2400h1254x0y184o/202607/43601.0.2308260359/iranerinnen-in-teheran-am-7.webp,2026-07-07T19:40:39Z,,"Azizam, mein Lieber, heute ist der 4. Juli. Du hast mir ein Foto von dir geschickt, in Cowboykleidung, und geschrieben, dass Ihr zur Feier einer amerikanischen Freundin geht. Deine Weste erinnert mic… [+5023 chars]",,de,'Chamenei'
https://www.zeit.de/news/2026-07/07/usa-setzen-iranische-oelsanktionen-wieder-in-kraft,https://www.zeit.de/news/2026-07/07/usa-setzen-iranische-oelsanktionen-wieder-in-kraft,0,www.zeit.de,Iran-Krieg: USA setzen iranische Ölsanktionen wieder in Kraft,Hier finden Sie Informationen zu dem Thema „Iran-Krieg“. Lesen Sie jetzt „USA setzen iranische Ölsanktionen wieder in Kraft“.,https://img.zeit.de/news/2026-07/07/usa-setzen-iranische-oelsanktionen-wieder-in-kraft-image-group/wide__1300x731,2026-07-07T19:48:01Z,,"Die USA haben die zuvor gelockerten Sanktionen auf iranisches Öl wieder in Kraft gesetzt. Eine vor gut zwei Wochen erteilte Ausnahmegenehmigung werde wieder zurückgenommen, teilte das US-Finanzminist… [+1955 chars]",,de,'Krieg'
https://www.focus.de/kultur/kino-tv/hartz-und-herzlich-buergergeld-empfaenger-pascal-entschuldigt-sich-bei-sender_cec73379-e750-4a15-b55d-b3257ae28dd8.html,https://www.focus.de/kultur/kino-tv/hartz-und-herzlich-buergergeld-empfaenger-pascal-entschuldigt-sich-bei-sender_cec73379-e750-4a15-b55d-b3257ae28dd8.html,0,www.focus.de,„Hartz und herzlich“: Bürgergeld-Empfänger Pascal entschuldigt sich bei Sender,Pascal wurde jahrelang für die RTLZWEI-Sozialdoku „Hartz und herzlich“ begleitet. Nach dem Bruch mit Familie und Produktion überrascht er nun mit einer Entschuldigung an den Sender.,"https://quadro.burda-forward.de/ctf/7de73d97-e7c6-437f-8d1a-d45e38a958c2.9ec0c51c-d77d-4963-9396-e40db63ba475.jpeg?im=RegionOfInterestCrop=(1200,630),regionOfInterest=(800,450)&hash=6e7f46c9f56c731f2acc0347b16cfa786a61aefeb318d4bcda9381807fc97604",2026-07-07T20:31:00Z,,Über Jahre hinweg waren Hartz und herzlich-Pascal und seine Mutter Petra ein Herz und eine Seele. Doch dann kam es zum Zerwürfnis und eine öffentliche Schlammschlacht begann. Nicht nur mit seiner Mut… [+1770 chars],,de,'Bürgergeld'
https://orf.at/stories/3435573/,https://orf.at/stories/3435573/,0,orf.at,Leichnam von Chamenei im Irak eingetroffen,,https://orf.at/mojo/1_4_1/storyserver//news/common/images/og-fallback-news.png,2026-07-07T20:32:02Z,,Im Rahmen der Trauerfeierlichkeiten für den getöteten obersten Führer des Iran ist der Leichnam von Ajatollah Ali Chamenei im Irak eingetroffen. Das irakische Staatsfernsehen übertrug heute die Ankun… [+1012 chars],,de,'Chamenei'
https://www.bild.de/sport/fussball/trend-in-argentinien-hexen-frieren-messi-gegner-ein-6a4db3cddfc0c82fa2909a29,https://www.bild.de/sport/fussball/trend-in-argentinien-hexen-frieren-messi-gegner-ein-6a4db3cddfc0c82fa2909a29,0,www.bild.de,Trend in Argentinien - Hexen frieren Messi-Gegner ein,WM 2026: Die Welt staunt über das Comeback der Argentinier gegen Ägypten. Haben da etwa übersinnliche Kräfte geholfen?,"https://images.bild.de/6a4db3cddfc0c82fa2909a29/1057e7cbfb3abe1886b21305f2a23c32,c2cf3b18?w=1280",2026-07-08T03:22:58Z,,"TTS-Player überspringenArtikel weiterlesenWenn Sie sich fragen, wie Argentinien das WM-Spiel gegen Ägypten nach 0:2-Rückstand noch gedreht hat: Ich hätte da eine Antwort für Sie  übersinnliche Kräfte… [+2217 chars]",,de,'frieren'
https://taz.de/Wie-Berliner-Kinder-mit-Buergergeld-leben/!6182777/,https://taz.de/Wie-Berliner-Kinder-mit-Buergergeld-leben/!6182777/,0,taz.de,Wie Berliner Kinder mit Bürgergeld leben: Freibad ist diesen Monat nicht drin,"Der Berlin Pass ist eine feine Sache. Er ermöglicht viele Vergünstigungen für alle, die Bürgergeld beziehen – wenn er ankommt. Ein Erfahrungsbericht.",https://taz.de/picture/8465974/1200/41614525.jpeg,2026-07-08T04:00:00Z,,"Der Berlin Pass ist eine feine Sache. Er ermöglicht viele Vergünstigungen für alle, die Bürgergeld beziehen – wenn er ankommt. Ein Erfahrungsbericht. mehr...",,de,'Bürgergeld'
https://www.golem.de/sonstiges/zustimmung/auswahl.html?from=https://www.golem.de/news/praxistest-laeuft-autonome-us-militaerfahrzeuge-im-ukraine-einsatz-2607-210616.html&referer=https://t.co/88630292e2,https://www.golem.de/sonstiges/zustimmung/auswahl.html?from=https://www.golem.de/news/praxistest-laeuft-autonome-us-militaerfahrzeuge-im-ukraine-einsatz-2607-210616.html&referer=https://t.co/88630292e2,0,www.golem.de,Praxistest läuft: Autonome US-Militärfahrzeuge im Ukraine-Einsatz,"Mehr als 100 selbstfahrende Fahrzeuge des US-Herstellers Forterra sind seit neun Monaten in der Ukraine im Einsatz. (Militär, Politik)",,2026-07-08T05:59:02Z,,"Besuchen Sie Golem.de wie gewohnt mit Werbung und Tracking,
 indem Sie der Nutzung aller Cookies zustimmen.
 Details zum Tracking finden Sie im Privacy Center.
Skript wurde nicht geladen. Informat… [+607 chars]",,de,'Ukraine'
https://www.n-tv.de/politik/Sommer-Sonne-Sowjetunion-Russlands-neue-Reiserouten-id31056752.html,https://www.n-tv.de/politik/Sommer-Sonne-Sowjetunion-Russlands-neue-Reiserouten-id31056752.html,0,www.n-tv.de,"""Patriotisch"" in den Urlaub: Sommer, Sonne, Sowjethelden - Russlands neue Reiserouten","Auch im Urlaub sollen Russen stolz auf ihre Geschichte sein: Seit dem großangelegten Angriff gegen die Ukraine fördert der Kreml Reiseziele, die als besonders ""patriotisch"" gelten. Schüler müssen nun die Denkmäler von ""Nationalhelden"" bestaunen, Touristen dür…",https://www.n-tv.de/img/31057400/1783429909/Img_16_9/1200/Hero-City-Volgograd-8915317-01-05-2025-The-Motherland-is-Calling-Monument-at-the-Heroes-of-the-Battle-of-Stalingrad-memorial-complex-on-Mamayev-Kurgan-Hill.jpg,2026-07-08T06:03:49Z,,"""Patriotisch"" in den UrlaubSommer, Sonne, Sowjethelden - Russlands neue Reiserouten
Die Mutter-Heimat-Statue auf dem Mamajew-Hügel im heutigen Wolgograd: Sie erinnert an eines der schlimmsten Kapite… [+5200 chars]",,de,'Kreml'
https://www.welt.de/politik/ausland/video6a4deacebb0cf80de56a1c09/ukraine-konflikt-kreml-rueckt-vom-begriff-spezialoperation-ab-und-spricht-von-echtem-krieg.html,https://www.welt.de/politik/ausland/video6a4deacebb0cf80de56a1c09/ukraine-konflikt-kreml-rueckt-vom-begriff-spezialoperation-ab-und-spricht-von-echtem-krieg.html,0,www.welt.de,Kreml rückt vom Begriff „Spezialoperation“ ab – und spricht von „echtem Krieg“,"Der Ukraine-Konflikt habe sich zu einem „echten Krieg“ entwickelt, sagt Dmitri Peskow und ändert damit seine bisherige Wortwahl. Auch über ein Telefonat zwischen Putin und Trump gibt er Auskunft. Christoph Wanner berichtet aus Kiew.",https://images.welt.de/6a4deacebb0cf80de56a1c09/ab51fa1beaab2588d63b359f7f039812/ci16x9-w1200/dpa-com-260707-935-1464628-jpg,2026-07-08T06:49:00Z,,"Der Ukraine-Konflikt habe sich zu einem echten Krieg entwickelt, sagt Dmitri Peskow und ändert damit seine bisherige Wortwahl. Auch über ein Telefonat zwischen Putin und Trump gibt er Auskunft. Chris… [+90 chars]",,de,'Kreml'
https://www.telepolis.de/article/Chameneis-Beisetzung-Wie-Teheran-Einheit-inszeniert-11357575.html,https://www.telepolis.de/article/Chameneis-Beisetzung-Wie-Teheran-Einheit-inszeniert-11357575.html,0,www.telepolis.de,Chameneis Beisetzung: Wie Teheran Einheit inszeniert,"Millionen säumen Irans Straßen, während Chameneis Sarg durchs Land zieht. Trauer und Trotz vermischen sich zur Machtdemonstration. Doch eine Frage bleibt offen.",https://heise.cloudimg.io/bound/1200x1200/q85.png-lossy-85.webp-lossy-85.foil1/_www-heise-de_/imgs/18/5/1/1/3/2/1/6/shutterstock_2807671387-26533e3c4cc26354.jpg,2026-07-08T08:30:00Z,,"Die Beisetzung Chameneis dauert mehrere Tage
(Bild: ataurrahmanstudio/Shutterstock.com)
Millionen säumen Irans Straßen, während Chameneis Sarg durchs Land zieht. Trauer und Trotz vermischen sich zu… [+7683 chars]",,de,'Iran'
https://orf.at/stories/3435622/,https://orf.at/stories/3435622/,0,orf.at,Iran: Trauerzug für Chamenei erreicht Irak,,https://orf.at/mojo/1_4_1/storyserver//news/common/images/og-fallback-news.png,2026-07-08T10:06:20Z,,"Die tagelangen Trauerprozessionen für den getöteten obersten Führer des Iran, Ajatollah Ali Chamenei, haben das Nachbarland Irak erreicht.
Tausende Menschen erwiesen ihm heute in der irakischen Pilg… [+1481 chars]",,de,'Chamenei'
https://www.faz.net/aktuell/politik/ukraine/ukraine-liveticker-merz-auf-nato-gipfel-russland-hat-keine-chance-faz-110683325.html,https://www.faz.net/aktuell/politik/ukraine/ukraine-liveticker-merz-auf-nato-gipfel-russland-hat-keine-chance-faz-110683325.html,0,www.faz.net,Liveblog Ukrainekrieg: Merz: Russland hat keine Chance,Bundeskanzler kündigt weitere Unterstützung für die Ukraine an +++ Kreml  nennt ukrainische Angrifffe „sehr gefährlich“ +++ Russland greift Kiew wieder mit ballistischer Rakete an +++ alle Neuigkeiten im Liveblog,https://media0.faz.net/image/w1200h627/989e039a7414/w6000h3135x0y120o/202607/43601.0.2312172348/bundeskanzler-friedrich-merz.webp,2026-07-08T10:29:00Z,,Im Fall des Anschlags auf den ehemaligen ukrainischen Geschäftsmann Wadim Jermolajew und dessen Familie in Monaco ist die Hauptverdächtige tot. Die 39 Jahre alte  Anastasija Beresowska sei am Montag … [+1981 chars],,de,'Unterstützung'
https://www.tagesschau.de/ausland/asien/usa-iran-angriffe-perspektiven-100.html,https://www.tagesschau.de/ausland/asien/usa-iran-angriffe-perspektiven-100.html,0,www.tagesschau.de,"USA und Iran: ""Ich sehe keine Kompromisslösung""","Im US-Kurs gegenüber Iran erkennt der Nahost-Experte Guido Steinberg Ratlosigkeit. Nun gehe es erst einmal darum, das Abkommen zur Waffenruhe zu retten. Ein weitergehender Kompromiss in der Atomfrage sei nicht absehbar.",https://images.tagesschau.de/image/cb927cec-5749-4c9f-b4ea-d24b9e674735/AAABnYmlBOc/AAABnSSvrFg/16x9-big/strasse-von-hormus-138.jpg?width=1280,2026-07-08T11:28:45Z,,"Stand: 08.07.2026 13:28 Uhr
Im US-Kurs gegenüber Iran erkennt der Nahost-Experte Guido Steinberg Ratlosigkeit. Nun gehe es erst einmal darum, das Abkommen zur Waffenruhe zu retten. Ein weitergehende… [+6765 chars]",,de,'Iran'
https://www.tagesspiegel.de/sport/sportpolitik-kreml-lobt-aufhebung-der-sanktionen-gegen-russische-sportler-15817367.html,https://www.tagesspiegel.de/sport/sportpolitik-kreml-lobt-aufhebung-der-sanktionen-gegen-russische-sportler-15817367.html,0,www.tagesspiegel.de,Sportpolitik: Kreml lobt Aufhebung der Sanktionen gegen russische Sportler,Russland führt seit mehr als vier Jahren Krieg in der Ukraine. Die internationalen Sportfunktionäre wollen dies nicht mehr bestrafen. Der Kreml findet das gut.,https://www.tagesspiegel.de/images/15817366/alternates/BASE_16_9_W1400/1783510366000/ioc-hebt-sanktionen-gegen-russland-vorerst-auf.jpeg,2026-07-08T11:32:46Z,,Der Kreml hat die vorläufige Aufhebung der Sanktionen gegen russische Athleten durch das Internationale Olympische Komitee (IOC) begrüßt. Die Kehrtwende sei ein wichtiger Schritt auf dem Weg zur Wied… [+1596 chars],,de,'Krieg'
https://www.zeit.de/news/2026-07/08/nato-staaten-versprechen-ukraine-bei-gipfel-milliardenbetrag,https://www.zeit.de/news/2026-07/08/nato-staaten-versprechen-ukraine-bei-gipfel-milliardenbetrag,0,www.zeit.de,Nato: Nato-Staaten versprechen Ukraine bei Gipfel Milliardenbetrag,Hier finden Sie Informationen zu dem Thema „Nato“. Lesen Sie jetzt „Nato-Staaten versprechen Ukraine bei Gipfel Milliardenbetrag“.,https://img.zeit.de/administratives/sharing/fallback-image-die-zeit/wide__1300x731,2026-07-08T12:39:08Z,,"Die von Russland angegriffene Ukraine hat beim Nato-Gipfel in Ankara eine neue Zusage für milliardenschwere Militärhilfen erhalten. Für dieses Jahr sagen Verbündete 70 Milliarden Euro für Ausrüstung,… [+249 chars]",,de,'Ukraine'
https://www.faz.net/aktuell/sport/sportpolitik/ioc-laedt-russen-ein-diktatoren-und-kriegsherren-bleiben-im-spiel-201010101.html,https://www.faz.net/aktuell/sport/sportpolitik/ioc-laedt-russen-ein-diktatoren-und-kriegsherren-bleiben-im-spiel-201010101.html,0,www.faz.net,IOC beugt sich Russland: Diktatoren und Kriegsherren bleiben im Spiel,"Während Putin die Ukraine bombardiert, macht das IOC den Weg frei für die Rückkehr seiner Sportler zu Olympischen Spielen. Der deutsche Sport spielt mit – als Opportunist.",https://media0.faz.net/image/w1200h627/6472120f8f59/w2585h1350x122y52o/202512/43601.0.1600800286/fahne-gehisst-das-ioc-zeigt.webp,2026-07-08T13:10:08Z,,"In der Nacht, die auf den Nachmittag folgte, an dem die Präsidentin des Internationalen Olympischen Komitees (IOC), Kirsty Coventry, verkündete, dass ihre Organisation den Sportlerinnen und Sportlern… [+2897 chars]",,de,'Ukraine'
https://www.sueddeutsche.de/sport/ioc-olympia-sanktionen-russland-rueckkehr-li.3512615,https://www.sueddeutsche.de/sport/ioc-olympia-sanktionen-russland-rueckkehr-li.3512615,0,www.sueddeutsche.de,Internationales Olympisches Komitee: Der nächste Sieg für den Kreml,"Das IOC beschließt Russlands Rückkehr in den Weltsport und ermöglicht russischen Sportler die Qualifikation für Olympische Spiele. Dabei offenbart es in seiner Begründung, wie es sich im scharfen Kontrast zur Realität bewegt.",https://www.sueddeutsche.de/2026/07/08/3af6b148-dd34-4b6e-ba41-eca1608dadd6.jpg?q=60&fm=webp&width=1200&rect=0%2C219%2C3500%2C1969,2026-07-08T13:45:13Z,,"Dabei war diese klare Diktion nicht mal die bestimmende Tonlage in Russlands führenden Sportkreisen. Stattdessen waren viele Stellungnahmen mit einigen Prisen Zurückhaltung versehen, nicht zuletzt be… [+8434 chars]",,de,'Kreml'
https://www.golem.de/sonstiges/zustimmung/auswahl.html?from=https://www.golem.de/news/haengender-beton-gravitationsspeicher-in-china-speichert-100-mwh-2607-210657.html&referer=https://t.co/28e1f2a3fe,https://www.golem.de/sonstiges/zustimmung/auswahl.html?from=https://www.golem.de/news/haengender-beton-gravitationsspeicher-in-china-speichert-100-mwh-2607-210657.html&referer=https://t.co/28e1f2a3fe,0,www.golem.de,Hängender Beton: Gravitationsspeicher in China speichert 100 MWh,"Ein beeindruckender fensterloser Turm in Ostchina speichert erneuerbare Energie dank Gravitation. Allein der Beton dafür kostet Millionen. (Energiewende, Akku)",,2026-07-08T13:59:01Z,,"Besuchen Sie Golem.de wie gewohnt mit Werbung und Tracking,
 indem Sie der Nutzung aller Cookies zustimmen.
 Details zum Tracking finden Sie im Privacy Center.
Skript wurde nicht geladen. Informat… [+607 chars]",,de,'Energie'
https://www.zeit.de/news/2026-07/08/peter-inselkammer-ist-neuer-bihk-praesident,https://www.zeit.de/news/2026-07/08/peter-inselkammer-ist-neuer-bihk-praesident,0,www.zeit.de,Industrie und Handel: Peter Inselkammer ist neuer BIHK-Präsident,Hier finden Sie Informationen zu dem Thema „Industrie und Handel“. Lesen Sie jetzt „Peter Inselkammer ist neuer BIHK-Präsident“.,https://img.zeit.de/news/2026-07/08/peter-inselkammer-ist-neuer-bihk-praesident-image-group/wide__1300x731,2026-07-08T14:03:17Z,,Der Bayerische Industrie- und Handelskammertag (BIHK) hat einen neuen Präsidenten. Peter Inselkammer - unter anderem als Sprecher der Wiesnwirte bekannt - wurde von der IHK für München und Oberbayern… [+2139 chars],,de,'Industrie'
https://www.tagesschau.de/ausland/europa/nato-gipfel-ukraine-110.html,https://www.tagesschau.de/ausland/europa/nato-gipfel-ukraine-110.html,0,www.tagesschau.de,NATO-Gipfel: Milliarden für die Ukraine - milde Töne von Trump,Der NATO-Gipfel ist mit milliardenschweren Hilfszusagen für die Ukraine zu Ende gegangen. Nach den Verbalattacken gegen Partnerländer stimmte US-Präsident Trump offenbar mildere Töne an - und lobte Deutschland.,https://images.tagesschau.de/image/ec17087b-846e-44ef-ad82-9c97bf358e54/AAABn0IMtN8/AAABnSSvrFg/16x9-big/nato-gipfel-220.jpg?width=1280,2026-07-08T15:00:29Z,,"Stand: 08.07.2026 17:00 Uhr
Der NATO-Gipfel ist mit milliardenschweren Hilfszusagen für die Ukraine zu Ende gegangen. Nach den Verbalattacken gegen Partnerländer stimmte US-Präsident Trump offenbar … [+4631 chars]",,de,'Ukraine'
https://www.tagesschau.de/ausland/asien/chamenei-trauerzeremonien-100.html,https://www.tagesschau.de/ausland/asien/chamenei-trauerzeremonien-100.html,0,www.tagesschau.de,Trauerprozession für getöteten Chamenei im Irak,Die tagelangen Trauerzeremonien für Irans getöteten Obersten Führer Chamenei haben den Irak erreicht: Zahlreiche Menschen begleiteten den Sarg in der Stadt Nadschaf. Es ist auch eine iranische Machtdemonstration. Von M. Behrendt.,https://images.tagesschau.de/image/5b1f0de1-1e4d-4502-972f-88338598034d/AAABn0I-jNg/AAABnSSvrFg/16x9-big/chamanei-sarg-100.jpg?width=1280,2026-07-08T15:19:46Z,,"Stand: 08.07.2026 17:19 Uhr
Die tagelangen Trauerzeremonien für Irans getöteten Obersten Führer Chamenei haben den Irak erreicht: Zahlreiche Menschen begleiteten den Sarg in der Stadt Nadschaf. Es i… [+2607 chars]",,de,'Chamenei'
https://www.zeit.de/politik/ausland/2026-07/irankrieg-usa-waffenruhe-angriffe-donald-trump,https://www.zeit.de/politik/ausland/2026-07/irankrieg-usa-waffenruhe-angriffe-donald-trump,0,www.zeit.de,Irankrieg: So bleibt Trump nichts anderes als Krieg,"Wenn USA und Iran ihren vermeintlichen Frieden nun wieder aufgeben, wird vor allem eines sichtbar: Das Regime in Teheran ist eine Gefahr, mit der nicht zu verhandeln ist.",https://img.zeit.de/politik/ausland/2026-07/irankrieg-usa-waffenruhe-angriffe-donald-trump-bild/wide__1300x731,2026-07-08T17:35:25Z,,"Ob der Krieg zwischen den USA und dem Iran in den kommenden Tagen wirklich ernsthaft wieder aufflammen wird, lässt sich noch nicht sagen. Donald Trump hat nach dem jüngsten Schlagabtausch der beiden … [+345 chars]",,de,'Iran'
https://www.faz.net/aktuell/wirtschaft/eu-emissionshandel-wie-bruessel-die-industrie-entlasten-will-201000930.html,https://www.faz.net/aktuell/wirtschaft/eu-emissionshandel-wie-bruessel-die-industrie-entlasten-will-201000930.html,0,www.faz.net,Emissionshandel: Wie lässt sich der Klimaschutz in der EU retten?,Brüssel will die Industrie von den hohen CO₂-Preisen entlasten. An welchen Stellschrauben will die Kommission drehen und zu welchen Bedingungen? Ein Überblick.,https://media0.faz.net/image/w1200h627/2997a7636683/w3144h1642x0y205o/202201/43600.0.645958366/am-abend-ist-hinter-dem.webp,2026-07-08T19:12:13Z,,"Es ist ein doppelter Balanceakt: Wie kann die EU die Industrie von zu hohen CO-Preisen entlasten, ohne ihre Klimaziele zu gefährden? Wie kann sie die besonders leidende Chemiebranche besserstellen, o… [+7352 chars]",,de,'Industrie'
https://www.faz.net/aktuell/politik/ukraine/ukrainische-drohnen-greifen-russische-raffinerien-an-201009611.html,https://www.faz.net/aktuell/politik/ukraine/ukrainische-drohnen-greifen-russische-raffinerien-an-201009611.html,0,www.faz.net,Ukrainische Angriffe: Selbst Raffinerien in Sibirien sind nicht mehr sicher,Sechzehn russische Raffinerien hat die Ukraine in diesem Jahr schon mehrfach attackiert. Die Drohnen legen immer größere Entfernungen zurück.,https://media0.faz.net/image/w1200h627/048645142574/w2558h1336x0y52o/202607/43601.0.2307002677/in-omsk-am-montag-ein-brand.webp,2026-07-08T19:32:11Z,,"Die Serie ukrainischer Drohnenangriffe auf russische Raffinerien reißt nicht ab. In der Nacht auf Mittwoch brach im Ölverarbeitungswerk von Saratow an der Wolga, das dem Konzern Rosneft gehört, ein B… [+4599 chars]",,de,'Ukraine'
https://www.zeit.de/politik/ausland/2026-07/explosionen-iran-bandar-abbas-sirik,https://www.zeit.de/politik/ausland/2026-07/explosionen-iran-bandar-abbas-sirik,0,www.zeit.de,Irankrieg: US-Militär greift erneut Ziele im Iran an,Nach der Ankündigung von US-Präsident Trump haben US-Streitkräfte wieder iranische Ziele angegriffen. Es ist das zweite Mal binnen 24 Stunden.,https://img.zeit.de/politik/ausland/2026-07/explosionen-iran-bandar-abbas-sirik-foto-1/wide__1300x731,2026-07-08T20:37:37Z,,Das US-Militär hat nach eigenen Angaben eine neue Welle von Angriffen gegen den Iran gestartet. Im Süden des Iran soll es örtlichen Medien zufolge zu Explosionen gekommen sein. Die iranische Luftabwe… [+758 chars],,de,'Iran'
https://www.zeit.de/news/2026-07/09/boehringer-deutschlandchef-industrie-wird-de-priorisiert,https://www.zeit.de/news/2026-07/09/boehringer-deutschlandchef-industrie-wird-de-priorisiert,0,www.zeit.de,Gesundheitspolitik: Boehringer-Deutschlandchef: Industrie wird de-priorisiert,Hier finden Sie Informationen zu dem Thema „Gesundheitspolitik“. Lesen Sie jetzt „Boehringer-Deutschlandchef: Industrie wird de-priorisiert“.,https://img.zeit.de/news/2026-07/09/boehringer-deutschlandchef-industrie-wird-de-priorisiert-image-group/wide__1300x731,2026-07-09T02:00:26Z,,Kurz vor den geplanten Abstimmungen in Bundestag und Bundesrat zur Reform der gesetzlichen Krankenkassen hat der Deutschlandchef von Boehringer Ingelheim vor negativen Folgen gewarnt. Es gebe eine Be… [+2317 chars],,de,'Industrie'
https://www.zeit.de/news/2026-07/09/usa-und-iran-eskalieren-weiter-geht-der-krieg-wieder-los,https://www.zeit.de/news/2026-07/09/usa-und-iran-eskalieren-weiter-geht-der-krieg-wieder-los,0,www.zeit.de,Die Lage im Überblick: USA und Iran eskalieren weiter - Geht der Krieg wieder los?,Hier finden Sie Informationen zu dem Thema „Die Lage im Überblick“. Lesen Sie jetzt „USA und Iran eskalieren weiter - Geht der Krieg wieder los?“.,https://img.zeit.de/news/2026-07/09/usa-und-iran-eskalieren-weiter-geht-der-krieg-wieder-los-image-group/wide__1300x731,2026-07-09T03:55:54Z,,Die USA haben im Streit mit dem Iran um die Straße von Hormus in zweiter Nacht in Folge Ziele in der Islamischen Republik bombardiert. Es seien entlang der iranischen Küste rund 90 militärische Ziele… [+6371 chars],,de,'Krieg'
https://www.welt.de/politik/ausland/plus6a4ca3d5b2ab39bc4a323a6f/trauerfeier-fuer-revolutionsfuehrer-blutrache-nur-mit-der-atombombe-chameneis-letzte-inszenierung-ist-eine-botschaft-an-die-welt.html,https://www.welt.de/politik/ausland/plus6a4ca3d5b2ab39bc4a323a6f/trauerfeier-fuer-revolutionsfuehrer-blutrache-nur-mit-der-atombombe-chameneis-letzte-inszenierung-ist-eine-botschaft-an-die-welt.html,0,www.welt.de,„Blutrache nur mit der Atombombe“ – Chameneis letzte Inszenierung ist eine Botschaft an die Welt,"Die tagelange Beerdigungsfeier für Ali Chamenei geht ihrem glanzlosen Ende entgegen. Auf den Straßen Teherans ist Unmut zu spüren, wie unser Autor vor Ort berichtet. Die Anhänger des Regimes jedoch richten radikale Drohungen an den Westen.",https://images.welt.de/6a4ca3d5b2ab39bc4a323a6f/8a888b7f81fb9996509cac60904567f8/ci16x9-w1200/whatsapp-image-2026-07-07-at-08-58-52-1-jpg,2026-07-09T04:55:02Z,,"Die tagelange Beerdigungsfeier für Ali Chamenei geht ihrem glanzlosen Ende entgegen. Auf den Straßen Teherans ist Unmut zu spüren, wie unser Autor vor Ort berichtet. Die Anhänger des Regimes jedoch r… [+39 chars]",,de,'Chamenei'
https://www.golem.de/sonstiges/zustimmung/auswahl.html?from=https://www.golem.de/news/apex-recordhunter-quantum-systems-stellt-drohnen-geschwindigkeitsrekord-auf-2607-210620.html&referer=https://t.co/c25e617184,https://www.golem.de/sonstiges/zustimmung/auswahl.html?from=https://www.golem.de/news/apex-recordhunter-quantum-systems-stellt-drohnen-geschwindigkeitsrekord-auf-2607-210620.html&referer=https://t.co/c25e617184,0,www.golem.de,Apex Recordhunter: Quantum Systems stellt Drohnen-Geschwindigkeitsrekord auf,"Eine elektrisch angetriebene Drohne mit 699 km/h und zwei geplante Rekordversuche in der Ukraine: Quantum Systems treibt seine Rekordambitionen voran. (Drohne, Politik)",,2026-07-09T05:45:01Z,,"Besuchen Sie Golem.de wie gewohnt mit Werbung und Tracking,
 indem Sie der Nutzung aller Cookies zustimmen.
 Details zum Tracking finden Sie im Privacy Center.
Skript wurde nicht geladen. Informat… [+607 chars]",,de,'Ukraine'
https://www.zeit.de/politik/ausland/2026-07/krieg-sudan-el-obeid-drohnen-5vor8,https://www.zeit.de/politik/ausland/2026-07/krieg-sudan-el-obeid-drohnen-5vor8,0,www.zeit.de,"Krieg im Sudan: Kein Grund, den Krieg zu beenden","Der Zermürbungskrieg um El Obeid im Sudan kann noch Monate dauern. Eigentlich genug Zeit, um das Schlimmste zu verhindern. Doch der Rest der Welt hat andere Interessen.",https://img.zeit.de/politik/ausland/2026-07/2279489565-bild/wide__1300x731,2026-07-09T05:53:37Z,,"Inhalt
Auf einer Seite lesen
 Inhalt
<ol><li>Seite 1Kein Grund, den Krieg zu beenden
</li><li>Seite 2Kollateralschaden der neuen geostrategischen Umbrüche</li></ol>
Sunflower 200. Der Name würde… [+4567 chars]",,de,'Krieg'
https://www.dw.com/de/iran-krieg-usa-trump-chamenei-iom-migration-who-krebs-tedros-russland-ukraine-selenskyj-nato-vw/a-77883612,https://www.dw.com/de/iran-krieg-usa-trump-chamenei-iom-migration-who-krebs-tedros-russland-ukraine-selenskyj-nato-vw/a-77883612,0,www.dw.com,US-Präsident Donald Trump droht dem Iran mit noch heftigeren Angriffen - News kompakt: Das Wichtigste kurz gefasst,Der USA-Iran-Krieg eskaliert erneut durch Angriffe und Gegenschläge. Russland kritisiert die Ukraine-Hilfe von NATO-Staaten. VW-Führung will Sparkonzept vorlegen. Der DW-Nachrichtenüberblick.,https://static.dw.com/image/77882840_6.jpg,2026-07-09T07:00:00Z,,Die USA haben eine neue Welle von Militärschlägen gegen den Iran gestartet. Laut iranischen Regierungsangaben sind dabei mindestens 14 Menschen getötet worden. US-Präsident Donald Trump drohte dem Ir… [+5305 chars],,de,'Ukraine'
https://www.zeit.de/politik/deutschland/2026-07/merz-nato-reformen-regierungserklaerung-bundestag-livestream,https://www.zeit.de/politik/deutschland/2026-07/merz-nato-reformen-regierungserklaerung-bundestag-livestream,0,www.zeit.de,Friedrich Merz: Die Regierungserklärung des Bundeskanzlers im Livestream,Wie ist der Stand bei den Reformen? Bundeskanzler Friedrich Merz spricht im Bundestag über die Pläne der Regierung und das Treffen der Nato-Länder. Hier im Livestream,https://img.zeit.de/politik/deutschland/2026-06/nebeneinkuenfte-bundestag-abgeordnete-ophelia-nick-alexander-engelhard-foto-1/wide__1300x731,2026-07-09T07:04:12Z,,"An dieser Stelle ist ein externer Inhalt eingebunden
Zum Anschauen benötigen wir Ihre Zustimmung",,de,'Friedrich Merz'
https://www.zeit.de/politik/deutschland/2026-07/regierungserklaerung-friedrich-merz-reformplaene-koalition-live,https://www.zeit.de/politik/deutschland/2026-07/regierungserklaerung-friedrich-merz-reformplaene-koalition-live,0,www.zeit.de,Regierungserklärung des Bundeskanzlers: Friedrich Merz erklärt im Bundestag seine Reformpolitik,"Steuerentlastungen, Attestpflicht ab Tag eins, höhere Reichensteuer: Der Kanzler bezieht im Bundestag Stellung zu den Reformplänen seiner Regierung. Jetzt im Liveblog",https://img.zeit.de/politik/deutschland/2026-07/bundeskanzler-friedrich-merz-cdu-regierungserklaerung/wide__1300x731,2026-07-09T07:06:08Z,,"Auf 34 Maßnahmen haben sich CDU, CSU und SPD vergangene Woche in ihrem Koalitionsausschuss verständigt. Die Reformvorschläge sollen vor allem zur Stärkung der Wirtschaft und des Arbeitsmarktes beitra… [+760 chars]",,de,'Friedrich Merz'
https://www.golem.de/sonstiges/zustimmung/auswahl.html?from=https://www.golem.de/news/gleichmaessige-stromproduktion-alpiner-solarstrom-fliesst-auch-im-winter-2607-210678.html&referer=https://t.co/c82ab6944b,https://www.golem.de/sonstiges/zustimmung/auswahl.html?from=https://www.golem.de/news/gleichmaessige-stromproduktion-alpiner-solarstrom-fliesst-auch-im-winter-2607-210678.html&referer=https://t.co/c82ab6944b,0,www.golem.de,Gleichmäßige Stromproduktion: Alpiner Solarstrom fließt auch im Winter,"Eine Solaranlage auf 2.500 m Höhe liefert ganzjährig gleichmäßigen Strom. Gleichzeitig liegt ihr Ertrag 50 Prozent höher als der Durchschnitt. (Solarenergie, Energiewende)",,2026-07-09T07:45:02Z,,"Besuchen Sie Golem.de wie gewohnt mit Werbung und Tracking,
 indem Sie der Nutzung aller Cookies zustimmen.
 Details zum Tracking finden Sie im Privacy Center.
Skript wurde nicht geladen. Informat… [+607 chars]",,de,'Winter'
https://www.prnewswire.com/news-releases/65-equity-partners-wird-gemeinsam-mit-den-grundern-und-florac-eine-partnerschaftsinvestition-in-theop-tatigen-302821726.html,https://www.prnewswire.com/news-releases/65-equity-partners-wird-gemeinsam-mit-den-grundern-und-florac-eine-partnerschaftsinvestition-in-theop-tatigen-302821726.html,0,www.prnewswire.com,65 Equity Partners wird gemeinsam mit den Gründern und Florac eine Partnerschaftsinvestition in Theop tätigen,"LONDON und PARIS, 9. Juli 2026 /PRNewswire/ -- 65 Equity Partners, eine globale Investmentgesellschaft, die sich auf die Unterstützung unternehmergeführter Unternehmen spezialisiert hat, gibt heute eine Partnerschaftsinvestition in Theop („das Unternehmen"" od…",https://mma.prnewswire.com/media/3005080/Theop_Logo.jpg?p=facebook,2026-07-09T08:19:00Z,,"LONDON und PARIS, 9. Juli 2026 /PRNewswire/ -- 65 Equity Partners, eine globale Investmentgesellschaft, die sich auf die Unterstützung unternehmergeführter Unternehmen spezialisiert hat, gibt heute e… [+8230 chars]",,de,'Industrie'
https://www.golem.de/sonstiges/zustimmung/auswahl.html?from=https://www.golem.de/news/hohe-verluste-im-iran-die-usa-brauchen-auch-billige-kampfdrohnen-sagen-die-usa-2607-210683.html&referer=https://t.co/f96cd0b40e,https://www.golem.de/sonstiges/zustimmung/auswahl.html?from=https://www.golem.de/news/hohe-verluste-im-iran-die-usa-brauchen-auch-billige-kampfdrohnen-sagen-die-usa-2607-210683.html&referer=https://t.co/f96cd0b40e,0,www.golem.de,"Hohe Verluste im Iran: Die USA brauchen auch billige Kampfdrohnen, sagen die USA","Der Iran hat wohl bereits 30 MQ-9-Reaper-Drohnen des US-Militärs zerstört. Eine Reaper kostet so viel wie 1.000 iranische Shaheds. (Drohne, Politik)",,2026-07-09T09:13:01Z,,"Besuchen Sie Golem.de wie gewohnt mit Werbung und Tracking,
 indem Sie der Nutzung aller Cookies zustimmen.
 Details zum Tracking finden Sie im Privacy Center.
Skript wurde nicht geladen. Informat… [+607 chars]",,de,'Iran'
https://www.welt.de/wirtschaft/plus6a4cf28ddfc0c82fa290901e/trassenpreisreform-preisschock-auf-der-schiene-jetzt-schlaegt-die-industrie-alarm.html,https://www.welt.de/wirtschaft/plus6a4cf28ddfc0c82fa290901e/trassenpreisreform-preisschock-auf-der-schiene-jetzt-schlaegt-die-industrie-alarm.html,0,www.welt.de,Preisschock auf der Schiene – jetzt schlägt die Industrie Alarm,"Jedes Jahr wird der Güterverkehr auf der Schiene teurer, weil die Trassenpreise steigen. Das belastet alle Firmen, die Güterzüge nutzen. Kommendes Jahr droht erneut ein Plus von zehn Prozent bei der Schienenmaut. Industrieverbände sehen einen langfristigen Pl…",https://images.welt.de/6a4cf28ddfc0c82fa290901e/230a6c37a5eff5aa6031d2108c62a810/ci16x9-w1200/568795214-jpg,2026-07-09T09:14:39Z,,"Jedes Jahr wird der Güterverkehr auf der Schiene teurer, weil die Trassenpreise steigen. Das belastet alle Firmen, die Güterzüge nutzen. Kommendes Jahr droht erneut ein Plus von zehn Prozent bei der … [+78 chars]",,de,'Industrie'
https://www.tagesspiegel.de/politik/studienfinanzierung-bafog-erhohung-verschiebt-sich-um-halbes-jahr-15822665.html,https://www.tagesspiegel.de/politik/studienfinanzierung-bafog-erhohung-verschiebt-sich-um-halbes-jahr-15822665.html,0,www.tagesspiegel.de,Studienfinanzierung: Bafög-Erhöhung verschiebt sich um halbes Jahr,"Nach langem Hin und Her gibt es beim Bafög Gewissheit: Für einige Empfänger kommen Erhöhungen nicht wie geplant schon zum Wintersemester, sondern ein halbes Jahr später.",https://www.tagesspiegel.de/images/15822683/alternates/BASE_16_9_W1400/1783589253000/horsaal-an-der-uni-leipzig-symbolbild.jpeg,2026-07-09T09:22:57Z,,Bestimmte Bafög-Empfänger können nicht wie geplant mit einer Erhöhung der Unterstützung schon zum Wintersemester rechnen. Die ursprünglich geplante Anhebung der im Bafög enthaltenen Wohnkostenpauscha… [+2818 chars],,de,'Winter'
https://www.focus.de/politik/deutschland/teil-der-bafoeg-reform-wird-verschoben_32f4d787-d4c9-43f0-a052-8e1a5fb0b2e8.html,https://www.focus.de/politik/deutschland/teil-der-bafoeg-reform-wird-verschoben_32f4d787-d4c9-43f0-a052-8e1a5fb0b2e8.html,0,www.focus.de,Teil der Bafög-Reform wird verschoben,Die für das Wintersemester geplanten Leistungserhöhungen beim Bafög werden um ein halbes Jahr verschoben.,"https://quadro.burda-forward.de/ctf/7e772205-11c0-4d5e-bd00-52e70ce7e195.d9a5bf60-d42b-41d0-94d2-66da2d7e4f8b.jpeg?im=RegionOfInterestCrop=(1200,630),regionOfInterest=(1024,746)&hash=7c68ce54cd19ea040b9b2a00a1ccfa58d58d7da19d9a9ba33b825c4fc679b2c3",2026-07-09T09:35:00Z,,"Die Anhebung der sogenannten Wohnkostenpauschale von 380 auf 440 Euro für diejenigen, die nicht mehr bei den Eltern wohnen, soll demnach erst zum Sommersemester 2027 kommen. Das teilten die zuständig… [+2596 chars]",,de,'Bürgergeld'
https://www.telepolis.de/article/Wirtschaft-in-der-Ukraine-Warum-deutsche-Betriebe-jetzt-investieren-11359196.html,https://www.telepolis.de/article/Wirtschaft-in-der-Ukraine-Warum-deutsche-Betriebe-jetzt-investieren-11359196.html,0,www.telepolis.de,Wirtschaft in der Ukraine: Warum deutsche Betriebe jetzt investieren,"Krieg und Strommangel bremsen die Ukraine, doch deutsche Unternehmen setzen auf den Wiederaufbau und planen laut AHK neue Investitionen.",https://heise.cloudimg.io/bound/1200x1200/q85.png-lossy-85.webp-lossy-85.foil1/_www-heise-de_/imgs/18/5/1/1/4/0/3/3/UkraineEuropa-0cb01815f325d6c9.jpg,2026-07-09T09:40:00Z,,"(Bild: Johannes Börnsen / Heise online)
Krieg und Strommangel bremsen die Ukraine, doch deutsche Unternehmen setzen auf den Wiederaufbau und planen laut AHK neue Investitionen.
Es ist das fünfte Kr… [+4431 chars]",,de,'Industrie'
https://www.telepolis.de/article/Ukraine-Deutsche-Firmen-trotzen-dem-Krieg-und-planen-Expansion-11359196.html,https://www.telepolis.de/article/Ukraine-Deutsche-Firmen-trotzen-dem-Krieg-und-planen-Expansion-11359196.html,0,www.telepolis.de,Ukraine: Deutsche Firmen trotzen dem Krieg – und planen Expansion,KPMG-Umfrage: 80 Prozent der deutschen Betriebe bewerten ihre Lage als gut. Milliardenpakete von EU und Weltbank treiben den Wiederaufbau an.,https://heise.cloudimg.io/bound/1200x1200/q85.png-lossy-85.webp-lossy-85.foil1/_www-heise-de_/imgs/18/5/1/1/4/0/3/3/UkraineEuropa-0cb01815f325d6c9.jpg,2026-07-09T09:40:00Z,,"(Bild: Johannes Börnsen / Heise online)
KPMG-Umfrage: 80 Prozent der deutschen Betriebe bewerten ihre Lage als gut. Milliardenpakete von EU und Weltbank treiben den Wiederaufbau an.
Es ist das fünf… [+4418 chars]",,de,'Ukraine'
https://www.telepolis.de/article/Waffenruhe-am-Ende-USA-setzen-Iran-Krieg-fort-11359174.html,https://www.telepolis.de/article/Waffenruhe-am-Ende-USA-setzen-Iran-Krieg-fort-11359174.html,0,www.telepolis.de,Waffenruhe am Ende: USA setzen Iran-Krieg fort,"Die Waffenruhe ist vorbei. Die USA haben in der Nacht neue Luftschläge gestartet, Iran reagierte mit Angriffen auf US-Basen. Wie weit wird Trump diesmal gehen?",https://heise.cloudimg.io/bound/1200x1200/q85.png-lossy-85.webp-lossy-85.foil1/_www-heise-de_/imgs/18/5/1/1/4/0/2/2/shutterstock_2689000359-754a95d596214fa1.jpg,2026-07-09T09:46:00Z,,"US-Präsident Donald Trump ordnete neue Militärschläge an und erklärt: ""Iran will unbedingt einen Deal""
(Bild: YousufDean/Shutterstock.com)
Die Waffenruhe ist vorbei. Die USA haben in der Nacht neue… [+8118 chars]",,de,'Krieg'
https://www.welt.de/politik/deutschland/article6a4f6a37fe4170d03593b24e/bafoeg-erhoehung-verzoegert-sich-um-mehrere-monate.html,https://www.welt.de/politik/deutschland/article6a4f6a37fe4170d03593b24e/bafoeg-erhoehung-verzoegert-sich-um-mehrere-monate.html,0,www.welt.de,BAföG-Erhöhung kommt später – neuer Termin im Sommersemester,"Schlechte Nachrichten für viele Studenten: Die Koalition verschiebt die höhere Wohnkostenpauschale. Geplant war eine Erhöhung zum Wintersemester, nun ist es voraussichtlich ein halbes Jahr später so weit.",https://images.welt.de/6a4f6a37fe4170d03593b24e/ffb7298fc2db3d5dd9f49d8d60e50d4f-master/ci16x9-w1200/dpa-com-260709-935-1468385-jpg,2026-07-09T10:00:30Z,,"Schlechte Nachrichten für viele Studenten: Die Koalition verschiebt die höhere Wohnkostenpauschale. Geplant war eine Erhöhung zum Wintersemester, nun ist es voraussichtlich ein halbes Jahr später so … [+2864 chars]",,de,'Bürgergeld'
https://www.dw.com/de/iran-die-neue-machtordnung-nach-ali-chamenei/a-77876611,https://www.dw.com/de/iran-die-neue-machtordnung-nach-ali-chamenei/a-77876611,0,www.dw.com,Iran: Die neue Machtordnung nach Ali Chamenei,"Nach dem Tod Ayatollah Ali Chameneis hat sein Sohn Modschtaba ein politisches System übernommen, das sein Vater über Jahrzehnte aufgebaut und nach seinen eigenen Vorstellungen geformt hat. Nach den staatlichen Trauerfeiern für Ayatollah Ali Chamenei, der am 2…",https://static.dw.com/image/77425276_6.jpg,2026-07-09T10:04:00Z,,"Nach den staatlichen Trauerfeiern für Ayatollah Ali Chamenei, der am 28. Februar bei US-amerikanischen und israelischen Angriffen getötet wurde, beginnt im Iran eine neue politische Phase.
Denn mit … [+6215 chars]",,de,'Chamenei'
https://www.zeit.de/politik/deutschland/2026-07/tomahawk-marschflugkoerper-usa-deutschland-friedrich-merz-regierungserklaerung,https://www.zeit.de/politik/deutschland/2026-07/tomahawk-marschflugkoerper-usa-deutschland-friedrich-merz-regierungserklaerung,0,www.zeit.de,Regierungserklärung von Friedrich Merz: USA sagen Verkauf von Tomahawk-Marschflugkörpern an Deutschland zu,Die USA sagten eine geplante Stationierung weitreichender Tomahawk-Waffen in Deutschland ab. Ein von Deutschland erhoffter Kauf wurde laut Kanzler Merz aber vereinbart.,https://img.zeit.de/politik/deutschland/2026-07/tomahawk-marschflugkoerper-usa-deutschland-friedrich-merz-foto-1/wide__1300x731,2026-07-09T10:05:51Z,,Die US-Regierung hat laut Bundeskanzler Friedrich Merz (CDU) einem von Deutschland erhofften Verkauf von reichweitenstarken Tomahawk-Marschflugkörpern an die Bundesrepublik zugestimmt. Am Rande des N… [+4953 chars],,de,'Friedrich Merz'
https://www.zeit.de/news/2026-07/09/was-nuetzen-der-ukraine-die-beschluesse-auf-dem-nato-gipfel,https://www.zeit.de/news/2026-07/09/was-nuetzen-der-ukraine-die-beschluesse-auf-dem-nato-gipfel,0,www.zeit.de,Russischer Angriffskrieg: Was nützen der Ukraine die Beschlüsse auf dem Nato-Gipfel?,Hier finden Sie Informationen zu dem Thema „Russischer Angriffskrieg“. Lesen Sie jetzt „Was nützen der Ukraine die Beschlüsse auf dem Nato-Gipfel?“.,https://img.zeit.de/news/2026-07/09/was-nuetzen-der-ukraine-die-beschluesse-auf-dem-nato-gipfel-image-group/wide__1300x731,2026-07-09T10:11:47Z,,Der ukrainische Präsident Wolodymyr Selenskyj kehrt mit vielen Zusagen vom Nato-Gipfeltreffen in Ankara zurück. Das westliche Bündnis hat seine Unterstützung für die von Russland angegriffene Ukraine… [+4532 chars],,de,'Ukraine'
https://www.dw.com/de/usa-iran-angriffe-golf-strasse-von-hormus-kuwait-katar-bahrain/a-77885723,https://www.dw.com/de/usa-iran-angriffe-golf-strasse-von-hormus-kuwait-katar-bahrain/a-77885723,0,www.dw.com,USA und Iran liefern sich neue Angriffe am Persischen Golf,Der Streit um die Straße von Hormus spitzt sich wieder zu: Der Iran meldet Tote nach den US-Angriffen und reagiert mit Gegenschlägen auf Stützpunkte in der Golfregion. Beide Seiten drohen mit weiterer Eskalation. Nachdem US-Präsident Donald Trump die Waffenru…,https://static.dw.com/image/77885133_6.jpg,2026-07-09T10:22:00Z,,"Nachdem US-Präsident Donald Trump die Waffenruhe mit der Führung in Teheran vorerst für beendet erklärt hatte, ist der Konflikt zwischen den USA und dem Iran erneut eskaliert. In der Nacht zum Donner… [+7064 chars]",,de,'Chamenei'
https://orf.at/stories/3435714/,https://orf.at/stories/3435714/,0,orf.at,"Luftalarm in Kuwait, Katar und Bahrain","Im Nahen Osten stehen die Zeichen nach der zweiten großangelegten US-Angriffswelle auf Ziele im Iran weiter auf Eskalation. Der Iran reagierte am Donnerstag erneut mit Gegenschlägen – im Fokus standen militärische Einrichtungen in Kuwait, Bahrain und Katar.",https://ibs.orf.at/news?image=https%3A%2F%2Fassets.orf.at%2Fmims%2F2026%2F28%2F22%2Fcrops%2Fw%3D1200%2Ch%3D630%2Cq%3D75%2F3107069_master_1203422_iran_krieg_usa_angriffe_luftalarm_bahrain_im.jpg%3Fs%3D3e3d62484c5a86b329132764a32e3e5bac211e73,2026-07-09T10:31:34Z,,"Das Innenministerium in Bahrain rief die Bevölkerung am Vormittag auf, Ruhe zu bewahren und sich erneut zum nächstgelegenen sicheren Ort zu begeben. Berichten zufolge handelte es sich um den bereits … [+6432 chars]",,de,'Chamenei'
https://www.focus.de/panorama/welt/bis-2040-japan-will-zehn-millionen-roboter-fuer-pflege-und-industrie-einsetzen_34d5ea52-e474-4f65-909f-1682835ec30f.html,https://www.focus.de/panorama/welt/bis-2040-japan-will-zehn-millionen-roboter-fuer-pflege-und-industrie-einsetzen_34d5ea52-e474-4f65-909f-1682835ec30f.html,0,www.focus.de,Bis 2040: Japan will zehn Millionen Roboter für Pflege und Industrie einsetzen,"Die japanische Regierung will die Wirtschaft mit Millionen neuer Roboter digitalisieren. Ein neues KI-Modell soll dabei helfen, dem extremen Mangel an Arbeitskräften im Land entgegenzuwirken.","https://quadro.burda-forward.de/ctf/d4a6e7e7-1e39-4290-9e0a-57acf0241edc.41061e8e-3e0f-4db0-bc30-6f3c2944b239.jpg?im=RegionOfInterestCrop=(1200,630),regionOfInterest=(956,514)&hash=1928f8b09d1e1339d8107d457c54ef30ad9360ae20c7d5a3da326994a2844a01",2026-07-09T10:53:00Z,,Japan will dem wachsenden Fachkräftemangel mit einer massiven Automatisierungswelle begegnen. Bis zum Jahr 2040 sollen landesweit rund zehn Millionen zusätzliche Roboter im Einsatz sein. Wie das Port… [+3064 chars],,de,'Industrie'
https://www.tagesspiegel.de/politik/viele-staatliche-eingriffe-sind-teuer-und-wirkungslos-was-wettbewerbshuter-zur-sicherung-des-wirtschaftsstandorts-fordern-15822207.html,https://www.tagesspiegel.de/politik/viele-staatliche-eingriffe-sind-teuer-und-wirkungslos-was-wettbewerbshuter-zur-sicherung-des-wirtschaftsstandorts-fordern-15822207.html,0,www.tagesspiegel.de,„Viele staatliche Eingriffe sind teuer und wirkungslos“: Was Wettbewerbshüter zur Sicherung des Wirtschaftsstandorts fordern,Die Monopolkommission warnt vor einer Schrumpfung der Industrie. In ihrem neuen Gutachten rechnet sie mit Praktiken der Regierung ab und appelliert für mehr Wettbewerb. Die wichtigsten Empfehlungen.,https://www.tagesspiegel.de/images/15823480/alternates/BASE_16_9_W1400/1783595353000/industriestrompreis.jpeg,2026-07-09T12:27:58Z,,"Es sind Worte, die so auch von Bundeswirtschaftsministerin Katherina Reiche stammen können. Keine Subvention, kein nationaler Champion ersetzt, was ein funktionierender Markt leistet. Sie stammen aus… [+5800 chars]",,de,'Industrie'
https://www.zeit.de/news/2026-07/09/energienetze-profitieren-von-hoeherer-stromnachfrage,https://www.zeit.de/news/2026-07/09/energienetze-profitieren-von-hoeherer-stromnachfrage,0,www.zeit.de,Energie: Energienetze profitieren von höherer Stromnachfrage,Hier finden Sie Informationen zu dem Thema „Energie“. Lesen Sie jetzt „Energienetze profitieren von höherer Stromnachfrage“.,https://img.zeit.de/news/2026-07/09/energienetze-profitieren-von-hoeherer-stromnachfrage-image-group/wide__1300x731,2026-07-09T13:15:05Z,,Der Strom- und Gasnetzbetreiber Hamburger Energienetze GmbH hat im jüngsten Geschäftsjahr von einer gestiegenen Nachfrage nach Energie profitiert. Die Umsätze des städtischen Unternehmens stiegen - a… [+3251 chars],,de,'Energie'
https://www.zeit.de/sport/2026-07/ausschluss-russische-athleten-world-athletics-cas,https://www.zeit.de/sport/2026-07/ausschluss-russische-athleten-world-athletics-cas,0,www.zeit.de,Leichtathletik: Russland zieht wegen Sperre im Leichtathletik vor Sportgerichtshof Cas,Russische Leichtathleten dürfen seit Beginn des Ukraine-Kriegs nur als neutrale Sportler ohne Flagge starten. Dagegen will der russische Verband vor Gericht vorgehen.,https://img.zeit.de/sport/2026-07/ausschluss-russische-athleten-world-athletics-cas-foto-1/wide__1300x731,2026-07-09T13:26:43Z,,Der russische Leichtathletik-Verband will gegen den Ausschluss seiner Sportlerinnen und Sportler von internationalen Wettbewerben vor den Internationalen Sportgerichtshof Cas ziehen. Man habe den Cas… [+651 chars],,de,'Ukraine'
https://www.n-tv.de/politik/Angst-vor-US-Angriffen-ueberschattet-Chamenei-Begraebnis-im-Iran-id31067859.html,https://www.n-tv.de/politik/Angst-vor-US-Angriffen-ueberschattet-Chamenei-Begraebnis-im-Iran-id31067859.html,0,www.n-tv.de,Leichnam kehrt aus Irak zurück: Angst vor US-Angriffen überschattet Chamenei-Begräbnis im Iran,"Im Irak gehen Millionen Menschen auf die Straße, um den Tod von Ajatollah Ali Chamenei zu betrauern. Dessen Leichnam soll heute nach der Rückkehr in der Heimat bestattet werden - doch im Iran herrscht vor dem Staatsbegräbnis eine andere Stimmung als im Nachba…",https://www.n-tv.de/img/31067879/1783606582/Img_16_9/1200/NAJAF-IRAQ-JULY-9-The-coffin-of-former-Iranian-leader-Ali-Khamenei-is-being-transported-from-Najaf-International-Airport-following-a-farewell-ceremony-held-in-Najaf-Iraq-on-July-9-2026-Khamenei-is-expected-to-be-buried-at-the-Imam-Reza-Shrine-in-Mashhad-Iran-after-a-final-funeral-ceremony.jpg,2026-07-09T13:29:51Z,,"Der Sarg mit dem Leichnam von Chamenei wird aus dem Irak zurück in den Iran transportiert. (Foto: picture alliance / Anadolu)
Im Irak gehen Millionen Menschen auf die Straße, um den Tod von Ajatolla… [+5809 chars]",,de,'Chamenei'
https://www.welt.de/politik/ausland/article6a4f9180fe4170d03593b81e/ukraine-krieg-putin-bereitet-angeblich-eskalation-des-ukraine-kriegs-vor-peskow-sieht-irrglauben-bei-trump.html,https://www.welt.de/politik/ausland/article6a4f9180fe4170d03593b81e/ukraine-krieg-putin-bereitet-angeblich-eskalation-des-ukraine-kriegs-vor-peskow-sieht-irrglauben-bei-trump.html,0,www.welt.de,Putin bereitet angeblich Eskalation des Ukraine-Kriegs vor – Peskow sieht „Irrglauben“ bei Trump,"Trump glaubt, die ukrainischen Angriffe auf Russland könnten zu einem Ende des Kriegs beitragen. Der Kreml widerspricht – und droht der Ukraine. Insider rechnen offenbar mit einer Eskalation des Konflikts durch Putin.",https://images.welt.de/6a4f9180fe4170d03593b81e/cace28861bd49dab1b9d87f34cc140e8/ci16x9-w1200/apdpa-c74c3aa46ef147c2bb0793b6c4ab6773-jpg,2026-07-09T13:36:50Z,,"Trump glaubt, die ukrainischen Angriffe auf Russland könnten zu einem Ende des Kriegs beitragen. Der Kreml widerspricht und droht der Ukraine. Insider rechnen offenbar mit einer Eskalation des Konfli… [+4066 chars]",,de,'Krieg'
https://www.tagesschau.de/ausland/adebahr-iran-100.html,https://www.tagesschau.de/ausland/adebahr-iran-100.html,0,www.tagesschau.de,"""Irans Regime hat sich zumindest gefestigt""","Wie geht es jetzt weiter in Nahost? Es sei nicht die Zeit, in der Iran einknicke, sagt Nahost-Experte Adebahr von der Deutschen Gesellschaft für Auswärtige Politik im Interview. Das Regime habe einen langen Atem.",https://images.tagesschau.de/image/e961f105-99b0-44bf-9b83-32d75c3f5e46/AAABn0cNXsU/AAABnSSvrFg/16x9-big/sendungsbild-1761878.jpg?width=1280,2026-07-09T14:03:33Z,,"Stand: 09.07.2026 16:03 Uhr
Wie geht es jetzt weiter in Nahost? Es sei nicht die Zeit, in der Iran einknicke, sagt Nahost-Experte Adebahr von der Deutschen Gesellschaft für Auswärtige Politik im Int… [+5809 chars]",,de,'Chamenei'
https://www.zeit.de/politik/deutschland/2026-07/regierungserklaerung-friedrich-merz-bundestag-reformplaene-steuer-rente,https://www.zeit.de/politik/deutschland/2026-07/regierungserklaerung-friedrich-merz-bundestag-reformplaene-steuer-rente,0,www.zeit.de,"Regierungserklärung: Als es heißt, »Sommer, Sonne, Sozialkahlschlag«, steht der Kanzler auf",Friedrich Merz will im Bundestag von seinen Reformen überzeugen und landet unversehens im Ostwahlkampf. Da wartet bereits die AfD.,https://img.zeit.de/politik/deutschland/2026-07/regierungserklaerung-friedrich-merz-bundestag-reformplaene-steuer-rente-bild/wide__1300x731,2026-07-09T14:26:44Z,,"Der Kanzler kam in den Bundestag und suchte etwas, das er nicht bekommen sollte. »Sie müssten doch Beifall klatschen«, beschied er den zwischenrufenden Grünen, da ging es um eine neue Chipfabrik in D… [+725 chars]",,de,'Friedrich Merz'
https://www.faz.net/aktuell/rhein-main/wirtschaft/das-unternehmen-t-en-zimmer-geht-auf-hans-zimmers-genialen-vater-zurueck-200465498.html,https://www.faz.net/aktuell/rhein-main/wirtschaft/das-unternehmen-t-en-zimmer-geht-auf-hans-zimmers-genialen-vater-zurueck-200465498.html,0,www.faz.net,Experte für Kunststoffe: Warum Zimmer auch in der Industrie ein großer Name ist,Nicht nur in der Welt des Films spielt ein Zimmer in der ersten Liga. Auch in der Industrie steht der Name für eine internationale Erfolgsgeschichte. Sie geht auf den Vater des bekannten Komponisten zurück.,https://media0.faz.net/image/w1200h627/4f5da58e8242/w5500h2873x0y215o/202602/43601.0.1794619398/kontrollblick-betriebsleiter.webp,2026-07-09T14:34:08Z,,Sie müsse zuerst den Frauen danken. Das hat der Autor eines Firmenporträts der Zimmer AG zum 50. Gründungstag empfohlen. Die weibliche Begeisterung für Nylonstrümpfe habe das Unternehmen aus Frankfur… [+5675 chars],,de,'Industrie'
https://www.zeit.de/politik/2026-07/friedrich-merz-reformen-raketen-deal-iran-nachrichtenpodcast,https://www.zeit.de/politik/2026-07/friedrich-merz-reformen-raketen-deal-iran-nachrichtenpodcast,0,www.zeit.de,"Friedrich Merz: Ob die Sommerpause eine wird, entscheidet sich morgen","Vor der Sommerpause versucht der Kanzler im Bundestag, Zuversicht zu verbreiten. Den Nato-Gipfel verbucht er als Erfolg. Und: Iran zwischen Staatstrauer und Angriffen",https://img.zeit.de/politik/2026-07/friedrich-merz-regierungserklaerung-was-jetzt-podcast-bild/wide__1300x731,2026-07-09T15:24:55Z,,In seiner letzten Regierungserklärung vor der Sommerpause hat Bundeskanzler Friedrich Merz noch einmal für die Reformen seiner Regierung geworben. In ihrem Koalitionsausschuss hatten sich Union und S… [+2558 chars],,de,'Chamenei'
https://www.welt.de/videos/video6a4fbba5bb0cf80de56a3ce2/laut-kreml-insidern-es-gab-zwei-drastische-warnungen-putin-bereitet-angeblich-eskalation-des-ukraine-kriegs-vor.html,https://www.welt.de/videos/video6a4fbba5bb0cf80de56a3ce2/laut-kreml-insidern-es-gab-zwei-drastische-warnungen-putin-bereitet-angeblich-eskalation-des-ukraine-kriegs-vor.html,0,www.welt.de,„Es gab zwei drastische Warnungen“ – Putin bereitet angeblich Eskalation des Ukraine-Kriegs vor,"Russlands Präsident Putin bereitet angeblich eine Eskalation des Ukraine-Kriegs vor. Das erfuhr Reuters von Kreml-Insidern. „Der Ukraine blieben nur zwei Monate. Dann könnte Russland eine Generalmobilmachung verhängen“, so Axel Springer Global Reporter Paul R…",https://images.welt.de/6a4fbba5bb0cf80de56a3ce2/828bb322c5025a906d0592d023118967/ci16x9-w1200/apdpa-c74c3aa46ef147c2bb0793b6c4ab6773-jpg,2026-07-09T15:52:57Z,,Russlands Präsident Putin bereitet angeblich eine Eskalation des Ukraine-Kriegs vor. Das erfuhr Reuters von Kreml-Insidern. Der Ukraine blieben nur zwei Monate. Dann könnte Russland eine Generalmobil… [+127 chars],,de,'Krieg'
https://www.focus.de/kultur/kino-tv/amt-greift-durch-hartz-und-herzlich-pascal-wird-zur-arbeit-begleitet_7b99c2c4-1ce8-4056-837b-e219f0ee5f46.html,https://www.focus.de/kultur/kino-tv/amt-greift-durch-hartz-und-herzlich-pascal-wird-zur-arbeit-begleitet_7b99c2c4-1ce8-4056-837b-e219f0ee5f46.html,0,www.focus.de,Amt greift durch: „Hartz und herzlich“-Pascal wird zur Arbeit begleitet,Seit Jahren versucht Pascal aus „Hartz und herzlich“ einen festen Job zu finden – bislang ohne Erfolg. Nun wagt der ehemalige Bürgergeld-Empfänger mit spezieller Unterstützung vom Jobcenter einen neuen Schritt Richtung Arbeitsmarkt.,"https://quadro.burda-forward.de/ctf/9d41c71f-9e41-4e7a-b162-5aef8516f023.fdddc44d-5b45-4f85-ab3d-27fde0e8935b.jpeg?im=RegionOfInterestCrop=(1200,630),regionOfInterest=(800,450)&hash=19985702043fc9a529b468af7470ef188e7a9167fc6cb757415eeca0a5f9ccda",2026-07-09T16:30:00Z,,"Pascal kämpft schon lange darum, beruflich Fuß zu fassen. Eine feste Arbeitsstelle hatte der Hartz und herzlich-Protagonist aus Mannheim bislang noch nie. Zwar absolvierte der Bürgergeld-Empfänger me… [+2388 chars]",,de,'Bürgergeld'
https://www.zeit.de/politik/ausland/2026-07/strasse-von-hormus-iran-usa-golfstaaten-konflikt,https://www.zeit.de/politik/ausland/2026-07/strasse-von-hormus-iran-usa-golfstaaten-konflikt,0,www.zeit.de,Straße von Hormus: Eine militärische Lösung gibt es nicht,"Die USA und der Iran führen derzeit Krieg und Verhandlungen zugleich. Was wie ein Widerspruch klingt, ist das neue Normal, mit dem sich die Welt arrangieren muss.",https://img.zeit.de/politik/ausland/2026-07/strasse-von-hormus-iran-usa-golfstaaten-konflikt-bild/wide__1300x731,2026-07-09T16:36:18Z,,"Wie soll man diese erneute Eskalation verstehen? Seit Tagen greift der Iran Tanker in der Meerenge von Hormus an, dazu US-Militärbasen am Golf. Die Amerikaner bombardieren im Gegenzug zahlreiche Ziel… [+631 chars]",,de,'Iran'
https://orf.at/stories/3435763/,https://orf.at/stories/3435763/,0,orf.at,Verkehr in Straße von Hormus vor Stillstand,"Nach der jüngsten militärischen Eskalation zwischen den USA und dem Iran ist der Schiffsverkehr in der Straße von Hormus am Donnerstag nahezu vollständig zum Stillstand gekommen. Zuvor hatte der Iran militärische Einrichtungen in Kuwait, Bahrain und Katar att…",https://ibs.orf.at/news?image=https%3A%2F%2Fassets.orf.at%2Fmims%2F2026%2F28%2F66%2Fcrops%2Fw%3D1200%2Ch%3D630%2Cq%3D75%2F3107867_master_1203766_iran_krieg_golfregion_doab_gy.jpg%3Fs%3D6c58959b78c0a250c60e55048b9680a78a79e209,2026-07-09T16:59:59Z,,"Der Tankerverkehr durch die Straße von Hormus ist im Wesentlichen zum Erliegen gekommen, was im Moment mehr über die Risikowahrnehmung aussagt als jede Erklärung aus Washington oder Teheran, erklärte… [+5516 chars]",,de,'Chamenei'
https://www.bild.de/politik/ausland-und-internationales/kriegssumpf-irankrieg-versenkt-trumps-praesidentschaft-6a4fc1d143b7fd518500411e,https://www.bild.de/politik/ausland-und-internationales/kriegssumpf-irankrieg-versenkt-trumps-praesidentschaft-6a4fc1d143b7fd518500411e,0,www.bild.de,US-Experten über „Kriegssumpf“ - „Irankrieg versenkt Trumps Präsidentschaft!“,Trump wollte den Irankrieg schnell gewinnen. Doch nach 132 Tagen steckt der US-Präsident in einer neuen Nahost-Falle fest.,"https://images.bild.de/6a4fc1d143b7fd518500411e/427a27cdf2d97fa556bc9e4f3a12705b,37d13838?w=1280",2026-07-09T17:04:35Z,,TTS-Player überspringenArtikel weiterlesenWashington/Teheran Donald Trump (80) hatte wohl einen schnellen Sieg gegen den Iran erwartet: eine Enthauptung des Regimes mit der Tötung von Ober-Mullah Ali… [+3038 chars],,de,'Krieg'
https://www.faz.net/aktuell/politik/ukraine/deutschland-kauft-tomahawk-marschflugkoerper-um-putin-abzuschrecken-201014594.html,https://www.faz.net/aktuell/politik/ukraine/deutschland-kauft-tomahawk-marschflugkoerper-um-putin-abzuschrecken-201014594.html,0,www.faz.net,Berlin kauft Tomahawk: Um Putin von einem Angriff abzuschrecken,"Im Kriegsfall muss man nicht nur angreifende Drohnen, Raketen und Panzerspitzen bekämpfen können. Sondern auch Startplätze, Kommandozentralen und Nachschubwege.",https://media0.faz.net/image/w1200h627/1831a7d53da9/w2100h1097x0y42o/202510/43601.0.1358811442/ein-amerikanisches.webp,2026-07-09T17:43:21Z,,"Die NATO sei stärker als je zuvor, behauptet deren Generalsekretär Rutte aus naheliegenden Gründen. Auch der deutsche Verteidigungsminister Pistorius spricht von der stärksten NATO ever.
Tatsächlich… [+1946 chars]",,de,'Krieg'
https://www.welt.de/videos/video6a4fdcb543b7fd51850042df/iran-krieg-dieses-regime-hat-kein-interesse-daran-dass-ein-friedensabkommen-zustande-kommt.html,https://www.welt.de/videos/video6a4fdcb543b7fd51850042df/iran-krieg-dieses-regime-hat-kein-interesse-daran-dass-ein-friedensabkommen-zustande-kommt.html,0,www.welt.de,"„Dieses Regime hat kein Interesse daran, dass ein Friedensabkommen zustande kommt“","An den mehrtägigen Trauerfeiern für den von Israel getöteten obersten Führer Ajatollah Ali Chamenei haben im Iran Hunderttausende Menschen teilgenommen. „Für dieses Regime ist das eine wunderbare Gelegenheit, öffentlich Stärke zu demonstrieren“, so Bijan Djir…",https://images.welt.de/6a4fdcb543b7fd51850042df/c35086dc0804411c4c5f5740acf60c86/ci16x9-w1200/1783526723502-afp-b9mw8b8-jpg,2026-07-09T17:53:29Z,,An den mehrtägigen Trauerfeiern für den von Israel getöteten obersten Führer Ajatollah Ali Chamenei haben im Iran Hunderttausende Menschen teilgenommen. Für dieses Regime ist das eine wunderbare Gele… [+130 chars],,de,'Chamenei'
https://www.zeit.de/news/2026-07/10/irans-oberster-fuehrer-chamenei-beerdigt,https://www.zeit.de/news/2026-07/10/irans-oberster-fuehrer-chamenei-beerdigt,0,www.zeit.de,Iran-Krieg: Irans oberster Führer Chamenei beerdigt,Hier finden Sie Informationen zu dem Thema „Iran-Krieg“. Lesen Sie jetzt „Irans oberster Führer Chamenei beerdigt“.,https://img.zeit.de/news/2026-07/10/irans-oberster-fuehrer-chamenei-beerdigt-image-group/wide__1300x731,2026-07-09T22:15:53Z,,Mehr als vier Monate nach seiner Tötung ist Irans früherer oberster Führer Ajatollah Ali Chamenei beerdigt worden. Die Bestattung erfolgte im Imam-Resa-Schrein seiner Heimatstadt Maschhad im Nordoste… [+1811 chars],,de,'Chamenei'
https://www.tagesspiegel.de/internationales/iran-krieg-irans-oberster-fuhrer-chamenei-beerdigt-15825418.html,https://www.tagesspiegel.de/internationales/iran-krieg-irans-oberster-fuhrer-chamenei-beerdigt-15825418.html,0,www.tagesspiegel.de,Iran-Krieg: Irans oberster Führer Chamenei beerdigt,Fast eine Woche lang dauerten die staatlich organisierten Trauerfeiern für das getötete iranische Staatsoberhaupt Ajatollah Ali Chamenei. Das Land steuert in eine politisch ungewisse Zukunft.,https://www.tagesspiegel.de/images/15825417/alternates/BASE_16_9_W1400/1783635441000/iran-krieg-beisetzung-chamenei.jpeg,2026-07-09T22:17:21Z,,Mehr als vier Monate nach seiner Tötung ist Irans früherer oberster Führer Ajatollah Ali Chamenei beerdigt worden. Die Bestattung erfolgte im Imam-Resa-Schrein seiner Heimatstadt Maschhad im Nordoste… [+1865 chars],,de,'Chamenei'
https://www.sueddeutsche.de/politik/iran-beerdigung-ajatollah-chamenei-li.3513566,https://www.sueddeutsche.de/politik/iran-beerdigung-ajatollah-chamenei-li.3513566,0,www.sueddeutsche.de,Getötetes Staatsoberhaupt: Irans oberster Führer Chamenei beerdigt,Lange galt Ajatollah Ali Chamenei als unantastbar. Ende Februar tötete das israelische Militär ihn bei einem Luftangriff.  Nach tagelanger Staatstrauer wurde er nun in seiner Heimatstadt beigesetzt.,https://www.sueddeutsche.de/2026/07/09/06662654-0f92-457c-bcc5-61e52623cdbe.jpg?q=60&fm=webp&width=1200&rect=0%2C107%2C2048%2C1152,2026-07-09T23:03:32Z,,"Chamenei war am 28. Februar durch einen israelischen Luftangriff auf seinen Amtssitz in Teheran getötet worden. Mehr als fünf Wochen führten die USA und Israel daraufhin Krieg gegen den Iran, bis Anf… [+1387 chars]",,de,'Chamenei'
https://www.zeit.de/news/2026-07/10/usa-wollen-trotz-attacken-mit-iran-reden-chamenei-beerdigt,https://www.zeit.de/news/2026-07/10/usa-wollen-trotz-attacken-mit-iran-reden-chamenei-beerdigt,0,www.zeit.de,Die Lage im Überblick: USA wollen trotz Attacken mit Iran reden - Chamenei beerdigt,Hier finden Sie Informationen zu dem Thema „Die Lage im Überblick“. Lesen Sie jetzt „USA wollen trotz Attacken mit Iran reden - Chamenei beerdigt“.,https://img.zeit.de/news/2026-07/10/usa-wollen-trotz-attacken-mit-iran-reden-chamenei-beerdigt-image-group/wide__1300x731,2026-07-10T03:27:38Z,,Trotz der jüngsten militärischen Eskalation zwischen den USA und dem Iran im Streit um die Straße von Hormus gehen die Bemühungen um eine Beilegung der Feindseligkeiten weiter. «Die Vereinigten Staat… [+5762 chars],,de,'Chamenei'
https://www.tagesspiegel.de/internationales/die-lage-im-uberblick-usa-und-iran-wollen-weiter-reden-trump-waffenruhe-vorbei-15825549.html,https://www.tagesspiegel.de/internationales/die-lage-im-uberblick-usa-und-iran-wollen-weiter-reden-trump-waffenruhe-vorbei-15825549.html,0,www.tagesspiegel.de,Die Lage im Überblick: USA und Iran wollen weiter reden - Trump: Waffenruhe vorbei,"Nach gegenseitigen Angriffen der USA und des Iran geht die Suche nach einer Verhandlungslösung weiter. Beide Seiten scheinen bereit, weiterzuverhandeln – US-Präsident Trump meldet sich nun zu Wort.",https://www.tagesspiegel.de/images/15828643/alternates/BASE_16_9_W1400/1783696705000/us-prasident-trump.jpeg,2026-07-10T03:29:17Z,,Trotz der militärischen Eskalationen zwischen den Vereinigten Staaten und dem Iran bricht der Gesprächsfaden zwischen den Kriegsparteien nicht ab. Zugleich bekräftigte US-Präsident Donald Trump aber … [+5764 chars],,de,'Iran'
https://www.tagesspiegel.de/internationales/die-lage-im-uberblick-trotz-angriffen-gesprachsbereitschaft-zwischen-usa-und-iran-15825549.html,https://www.tagesspiegel.de/internationales/die-lage-im-uberblick-trotz-angriffen-gesprachsbereitschaft-zwischen-usa-und-iran-15825549.html,0,www.tagesspiegel.de,Die Lage im Überblick: Trotz Angriffen: Gesprächsbereitschaft zwischen USA und Iran,"Nach gegenseitigen Angriffen der USA und des Iran geht die Suche nach einer Verhandlungslösung weiter. Beide Seiten scheinen bereit, weiterzuverhandeln. Aber bleibt die Dialogbereitschaft bestehen?",https://www.tagesspiegel.de/images/15827604/alternates/BASE_16_9_W1400/1783686275000/iran-krieg-gesprache-in-pakistan.jpeg,2026-07-10T03:29:17Z,,Nach den jüngsten militärischen Eskalationen zwischen den USA und dem Iran setzen beide Seiten ihre Bemühungen für eine diplomatische Lösung des Konflikts fort. Die Vereinigten Staaten setzen sich we… [+4881 chars],,de,'Chamenei'
https://www.tagesspiegel.de/internationales/die-lage-im-uberblick-usa-wollen-trotz-attacken-mit-iran-reden-chamenei-beerdigt-15825549.html,https://www.tagesspiegel.de/internationales/die-lage-im-uberblick-usa-wollen-trotz-attacken-mit-iran-reden-chamenei-beerdigt-15825549.html,0,www.tagesspiegel.de,Die Lage im Überblick: USA wollen trotz Attacken mit Iran reden - Chamenei beerdigt,Nach gegenseitigen Angriffen zwischen den USA und dem Iran geht die Suche nach einer Verhandlungslösung weiter. Der Konflikt überschattet das Begräbnis von Irans oberstem Führer. Plant Teheran Rache?,https://www.tagesspiegel.de/images/15825548/alternates/BASE_16_9_W1400/1783654157000/iran-krieg-trauerzug-in-kerbela.jpeg,2026-07-10T03:29:17Z,,Trotz der jüngsten militärischen Eskalation zwischen den USA und dem Iran im Streit um die Straße von Hormus gehen die Bemühungen um eine Beilegung der Feindseligkeiten weiter. Die Vereinigten Staate… [+5805 chars],,de,'Chamenei'
https://www.n-tv.de/politik/Ayatollah-Ali-Chamenei-im-Iran-beerdigt-id31070041.html,https://www.n-tv.de/politik/Ayatollah-Ali-Chamenei-im-Iran-beerdigt-id31070041.html,0,www.n-tv.de,Wo steckt der Nachfolger?: Ayatollah Ali Chamenei im Iran beerdigt,Schon am ersten Tag des Iran-Kriegs wird das geistliche Oberhaupt des Landes getötet. Doch jetzt erst wird Ajatollah Ali Chamenei nach gigantischen Trauerveranstaltungen beigesetzt. Dabei fehlt aber ausgerechnet sein Sohn und Nachfolger.,https://www.n-tv.de/img/31070050/1783665696/Img_16_9/1200/Trauernde-tragen-den-Sarg-des-iranischen-Obersten-Fuehrers-Ajatollah-Ali-Chamenei-waehrend-seines-Trauerzuges-in-Karbala.jpg,2026-07-10T05:09:23Z,,"Wo steckt der Nachfolger?Ayatollah Ali Chamenei im Iran beerdigt
Die Trauerfeier als Massenveranstaltung: Anhänger tragen den Sarg von Ajatollah Ali Chamenei in Karbala. (Foto: picture alliance/dpa)… [+3048 chars]",,de,'Iran'
https://www.welt.de/sport/fussball/wm/article6a4f951943b7fd5185003bbc/wm-2026-nach-trump-feldversuch-schlaegt-die-stunde-des-dalai-lama-und-wladimir-putin.html,https://www.welt.de/sport/fussball/wm/article6a4f951943b7fd5185003bbc/wm-2026-nach-trump-feldversuch-schlaegt-die-stunde-des-dalai-lama-und-wladimir-putin.html,0,www.welt.de,Nach Feldversuch mit Trump schlägt nun die Stunde des Dalai Lama und Wladimir Putin,"Die Aufregung war groß, als Donald Trump dafür sorgte, dass die Sperre von US-Stürmer Balogun zur Bewährung ausgesetzt wurde. Was die Öffentlichkeit aber nicht wusste: Dies war nur die Vorstufe zu einer umfassenden Reform.",https://images.welt.de/6a4f951943b7fd5185003bbc/093ed1159075af8186e54d2e76ae3e4e/ci16x9-w1200/gettyimages-2263074475-jpg,2026-07-10T05:16:56Z,,"Die Aufregung war groß, als Donald Trump dafür sorgte, dass die Sperre von US-Stürmer Balogun zur Bewährung ausgesetzt wurde. Was die Öffentlichkeit aber nicht wusste: Dies war nur die Vorstufe zu ei… [+3047 chars]",,de,'Wladimir Putin'
https://www.morgenpost.de/wirtschaft/article412505609/heizoelpreise-heizung-aktuell-10-juli-heute-heizoel-kaufen-preis.html,https://www.morgenpost.de/wirtschaft/article412505609/heizoelpreise-heizung-aktuell-10-juli-heute-heizoel-kaufen-preis.html,0,www.morgenpost.de,"Heizölpreise heute (Freitag, 10. Juli): Das ist der aktuelle Preis pro Liter",Die Lage im Nahen Osten bleibt hochdynamisch – die Energiemärkte reagieren nervös. Was bedeutet die Lage für die Heizölpreise? Der Überblick.,https://img.sparknews.funkemedien.de/406650229/406650229_1728544566_v16_9_1600.jpeg,2026-07-10T05:28:11Z,,Trump hat die Waffenruhe im Nahen Osten für beendet erklärt. Der Konflikt zwischen den USA und dem Iran verschärft sich damit erneut mit möglichen Folgen für die Ölpreise. Was bedeutet die volatile L… [+9037 chars],,de,'Energie'
https://www.focus.de/immobilien/wohnen/gaslage-schlimmer-als-oelpreise-das-kommt-auf-verbraucher-zu_b5b8e425-eb95-47db-839a-76ba7a1b5452.html,https://www.focus.de/immobilien/wohnen/gaslage-schlimmer-als-oelpreise-das-kommt-auf-verbraucher-zu_b5b8e425-eb95-47db-839a-76ba7a1b5452.html,0,www.focus.de,Gaslage schlimmer als Ölpreise: Das kommt auf Verbraucher zu,"Seit der Iran die Straße von Hormus wieder blockiert, steigen die Gaspreise stärker als die Ölpreise. Für Verbraucher könnte das ein Problem werden.","https://quadro.burda-forward.de/ctf/15b1743d-a334-4b16-8012-2a383d3ad7e3.a5c2761d-4718-4bf5-bc27-f14436c32dd8.jpg?im=RegionOfInterestCrop=(1200,630),regionOfInterest=(2056,1911)&hash=15212de0f2922121dd0033912fca1760b2fcf39387f1f1269e390abed2c31581",2026-07-10T05:43:00Z,,Um rund 20 Prozent sind die europäischen Gaspreise am niederländischen Handelspunkt TTF seit Ende Juni gestiegen. Allein in den vergangenen Tagen schossen sie um fünf Euro pro Megawattstunde nach obe… [+4032 chars],,de,'Iran'
https://www.tagesschau.de/ausland/asien/iran-begraebnis-chamenei-100.html,https://www.tagesschau.de/ausland/asien/iran-begraebnis-chamenei-100.html,0,www.tagesschau.de,Irans ehemaliger Oberster Führer Chamenei beigesetzt,Zu Beginn des Iran-Krieges war Irans Oberster Führer Chamenei bei einem Angriff getötet worden. Nun wurde er in seiner Heimatstadt beigesetzt. Auffällig ist das erneute öffentliche Fehlen seines Sohnes und Nachfolgers.,https://images.tagesschau.de/image/44dc426e-cd4b-4c77-9b59-98230b9647bc/AAABn0qNLYk/AAABnSSvrFg/16x9-big/iran-chamenei-beisetzung-100.jpg?width=1280,2026-07-10T05:43:14Z,,"Stand: 10.07.2026 07:43 Uhr
Zu Beginn des Iran-Krieges war Irans Oberster Führer Chamenei bei einem Angriff getötet worden. Nun wurde er in seiner Heimatstadt beigesetzt. Auffällig ist das erneute ö… [+1480 chars]",,de,'Chamenei'
https://www.tagesschau.de/wirtschaft/finanzen/marktberichte/marktbericht-dax-dow-vw-100.html,https://www.tagesschau.de/wirtschaft/finanzen/marktberichte/marktbericht-dax-dow-vw-100.html,0,www.tagesschau.de,DAX kaum verändert erwartet,Trotz weiterer US-Angriffe auf den Iran: Unter der Führung von Chip-Aktien zogen die Märkte in New York und Asien in der Nacht an. Der DAX kann davon aber nicht wirklich profitieren.,https://images.tagesschau.de/image/a021b8c8-10c0-4683-a7e8-c41b7264fd73/AAABlep15Cg/AAABnSSvrFg/16x9-big/boerse-frankfurt-176.jpg?width=1280,2026-07-10T05:44:54Z,,"Stand: 10.07.2026 07:44 Uhr
Trotz weiterer US-Angriffe auf den Iran: Unter der Führung von Chip-Aktien zogen die Märkte in New York und Asien in der Nacht an. Der DAX kann davon aber nicht wirklich … [+4141 chars]",,de,'Iran'
https://www.focus.de/politik/ausland/iran-eskalation-ist-folge-des-dummen-deals-von-us-praesident-donald-trump_20aa2b51-cc9c-4fb8-a02f-a6806825cf3e.html,https://www.focus.de/politik/ausland/iran-eskalation-ist-folge-des-dummen-deals-von-us-praesident-donald-trump_20aa2b51-cc9c-4fb8-a02f-a6806825cf3e.html,0,www.focus.de,Iran-Eskalation ist Folge des dummen Deals von US-Präsident Donald Trump,"US-Präsident Trump hat den Waffenstillstand mit dem Iran beendet, jetzt wird wieder gekämpft. Politik-Experte Krause meint: Diese Eskalation ist die Folge „des schlechtesten und dümmsten Dokuments, das je ein amerikanischer Präsident unterzeichnet hat”.","https://quadro.burda-forward.de/ctf/50f353be-2be8-4345-a8f3-a45dbeb63117.505b4589-f422-4eb0-95bf-cf1dff1870a1.png?im=RegionOfInterestCrop=(1200,630),regionOfInterest=(891,430)&hash=0bb9e3a9dfa4c5948b09981acdd965020429dfbe587ec0fb8495decc3cc2de55",2026-07-10T06:03:00Z,,"ANZEIGE
Iran hat Verpflichtungen nicht eingehalten
Die gemeinsame Absichtserklärung vom 15. Juni war in einer Weise gefasst, die dem Iran sehr entgegenkam. Aber der Iran hat diese Chance nicht genü… [+3770 chars]",,de,'Iran'
https://www.focus.de/politik/deutschland/ganze-wahrheit-zum-start-der-neuen-grundsicherung-bei-fast-jedem-5-empfaenger-fehlt-der-arbeitswille-komplett_94fae66b-d8fc-47a9-b79e-f2c6d00c180d.html,https://www.focus.de/politik/deutschland/ganze-wahrheit-zum-start-der-neuen-grundsicherung-bei-fast-jedem-5-empfaenger-fehlt-der-arbeitswille-komplett_94fae66b-d8fc-47a9-b79e-f2c6d00c180d.html,0,www.focus.de,Ganze Wahrheit zum Start der neuen Grundsicherung: Bei fast jedem 5. Empfänger fehlt der Arbeitswille komplett,Bürgergeld wird meist als Frage von Sanktionen diskutiert. Daten zeigen jedoch ein tieferes Problem: Für viele ist Arbeit kein Ziel mehr.,"https://quadro.burda-forward.de/ctf/91ce20d1-9567-4061-92e9-fd22a83ec6bd.f2eb3b67-35e9-4cc8-8878-c44aae880328.jpg?im=RegionOfInterestCrop=(1200,630),regionOfInterest=(2520,833)&hash=0b2891cfe2ee07a2d17855296dbea71e7548f1348e9f8acc69aa08951dc207e1",2026-07-10T06:04:00Z,,"Und sie beginnt stets von Neuem: Die Bürgergeld-Debatte kreist wieder um Förderung, Sanktionen, Hilfsbedürftige und Totalverweigerer. Viele Bürger fragen sich daher, ob der Staat seine Mittel in dies… [+5587 chars]",,de,'Bürgergeld'
https://www.welt.de/politik/ausland/article6a507e78bb0cf80de56a4316/ukraine-krieg-tschechischer-praesident-warnt-vor-eskalation-durch-putin-und-nennt-wichtiges-datum.html,https://www.welt.de/politik/ausland/article6a507e78bb0cf80de56a4316/ukraine-krieg-tschechischer-praesident-warnt-vor-eskalation-durch-putin-und-nennt-wichtiges-datum.html,0,www.welt.de,Tschechischer Präsident warnt vor Eskalation durch Putin – und nennt wichtiges Datum,"Nach den Wahlen im September könnte Putin den Ukraine-Krieg verschärfen und zur Generalmobilmachung aufrufen, warnt Tschechiens Präsident Petr Pavel. Er fordert maximalen Druck auf Moskau.",https://images.welt.de/6a507e78bb0cf80de56a4316/adbc5ef1ba4df16c81fbe0027b1b4a28-master/ci16x9-w1200/2026-06-23t084357z-1182969982-rc2r7ladpkyk-rtrmadp-3-nato-czech-summit-jpg,2026-07-10T06:13:35Z,,"Nach den Wahlen im September könnte Putin den Ukraine-Krieg verschärfen und zur Generalmobilmachung aufrufen, warnt Tschechiens Präsident Petr Pavel. Er fordert maximalen Druck auf Moskau.Tschechiens… [+2935 chars]",,de,'Ukraine'
https://www.zeit.de/politik/ausland/2026-07/ali-chamenei-beisetzung-iran-maschhad-gxe,https://www.zeit.de/politik/ausland/2026-07/ali-chamenei-beisetzung-iran-maschhad-gxe,0,www.zeit.de,Iran: Getötetes iranisches Staatsoberhaupt Chamenei im Iran beigesetzt,Nach einer Woche mit Trauerfeierlichkeiten ist Ali Chamenei in seiner Heimatstadt bestattet worden. Er war im Februar bei einem israelischen Luftangriff getötet worden.,https://img.zeit.de/politik/ausland/2026-07/ali-chamenei-beisetzung-iran-maschhad-foto-1/wide__1300x731,2026-07-10T06:14:31Z,,Das frühere iranische Staatsoberhaupt Ajatollah Ali Chamenei ist mit einem Staatsbegräbnis beigesetzt worden. Mehr als vier Monate nach seiner Tötung wurde er im Imam-Resa-Schrein seiner Heimatstadt … [+1671 chars],,de,'Chamenei'
https://www.focus.de/immobilien/smart-meter-rechnet-sich-nach-10-jahren_b56866c4-887a-4471-82bf-3d91f1fcd683.html,https://www.focus.de/immobilien/smart-meter-rechnet-sich-nach-10-jahren_b56866c4-887a-4471-82bf-3d91f1fcd683.html,0,www.focus.de,"Smart-Meter: 10 Jahre dauert es, bis Solaranlage sich amortisiert",Das Smart-Meter-Rollout soll jetzt schon zwei Jahre früher beendet sein. Verbraucher können dabei Geld sparen.,"https://quadro.burda-forward.de/ctf/11900b7c-a009-4fe1-817d-87c933719757.56fa1288-8934-460a-ae92-fdecfe84e319.jpg?im=RegionOfInterestCrop=(1200,630),regionOfInterest=(1877,996)&hash=8738f3ff7cece30caa22e5f0afa3456f0d99979be89f8df6ac413912b36f28e7",2026-07-10T06:30:00Z,,"Smart-Meter sollen grundsätzlich den Stromverbrauch messen und können in Kombination mit spezieller Technik den eigenen Verbrauch optimieren. Wie viel das ist, ist hochindividuell. Eine Beispielfamil… [+7098 chars]",,de,'Iran'
https://www.sueddeutsche.de/politik/liveblog-nahost-iran-news-li.3513707,https://www.sueddeutsche.de/politik/liveblog-nahost-iran-news-li.3513707,0,www.sueddeutsche.de,Krieg in Nahost: US-Regierung: Technische Gespräche mit Iran laufen weiter,Trotz der erneuten Eskalation arbeiten Washington und Teheran auf diplomatischer Ebene an einer Lösung des Konflikts. Der Schiffsverkehr in der Straße von Hormus ist fast zum Erliegen gekommen.,https://www.sueddeutsche.de/2026/07/10/a59f87a1-4fda-4c58-a15f-179b5e1eeac6.jpg?q=60&fm=webp&width=1200&rect=0%2C209%2C4000%2C2250,2026-07-10T07:03:47Z,,"Der Vermittlerstaat Pakistan hat die USA und Iran angesichts der erneuten militärischen Eskalation zu Zurückhaltung aufgerufen. Ein erneuter Konflikt liegt in niemandes Interesse, heißt es in einer E… [+884 chars]",,de,'Iran'
https://www.golem.de/sonstiges/zustimmung/auswahl.html?from=https://www.golem.de/news/heizungsgesetz-gas-und-oelheizungen-werden-hinter-buerokratie-versteckt-2607-210736.html&referer=https://t.co/665d7961c6,https://www.golem.de/sonstiges/zustimmung/auswahl.html?from=https://www.golem.de/news/heizungsgesetz-gas-und-oelheizungen-werden-hinter-buerokratie-versteckt-2607-210736.html&referer=https://t.co/665d7961c6,0,www.golem.de,Heizungsgesetz: Gas- und Ölheizungen werden hinter Bürokratie versteckt,"Der Einbau neuer Gasheizungen wird wieder erlaubt, aber für Mieter wie Vermieter könnte es kompliziert werden. (Energiewende, Politik)",,2026-07-10T07:58:02Z,,"Besuchen Sie Golem.de wie gewohnt mit Werbung und Tracking,
 indem Sie der Nutzung aller Cookies zustimmen.
 Details zum Tracking finden Sie im Privacy Center.
Skript wurde nicht geladen. Informat… [+607 chars]",,de,'Gas'
https://www.faz.net/aktuell/feuilleton/buecher/sachbuch/klaus-schlichte-ueber-geopolitik-wie-putins-weltbild-salonfaehig-wurde-200842657.html,https://www.faz.net/aktuell/feuilleton/buecher/sachbuch/klaus-schlichte-ueber-geopolitik-wie-putins-weltbild-salonfaehig-wurde-200842657.html,0,www.faz.net,„Das Elend der Geopolitik“: Wie Putins Weltbild salonfähig wurde,"Seit dem russischen Angriff auf die Ukraine boomt das Reden über „Einflusssphären“. Der Politikwissenschaftler Klaus Schlichte seziert die Karriere eines Begriffs – und zeigt, warum er mehr verschleiert als erklärt.",https://media0.faz.net/image/w1200h627/4cbef173ad01/w4046h2114x0y81o/202602/43601.0.1742092581/der-russische-praesident.webp,2026-07-10T08:02:17Z,,"Hat Wladimir Putin gesiegt? Fast scheint es so, meint Klaus Schlichte, jedenfalls mit Blick auf Putins neoimperiales Narrativ vom Kampf der Großmächte. Tatsächlich hat das Sprechen über Geopolitik se… [+3947 chars]",,de,'Kreml'
https://www.tagesschau.de/ausland/europa/russland-krieg-ukraine-tanken-kraftstoff-100.html,https://www.tagesschau.de/ausland/europa/russland-krieg-ukraine-tanken-kraftstoff-100.html,0,www.tagesschau.de,Kraftstoffkrise: Langes Warten an Russlands Tankstellen,"Der Kraftstoffmangel in Russland verschärft sich. Die Preise steigen - wer kann, tankt im Ausland. Zwar will der Kreml beruhigen, doch die Schlangen vor den Tankstellen sprechen eine andere Sprache. Von Lilia Becker.",https://images.tagesschau.de/image/a15375fa-9302-4ec7-8676-add1cb9fd4d9/AAABn0soxBs/AAABnSSvrFg/16x9-big/russland-tanken-100.jpg?width=1280,2026-07-10T08:33:10Z,,"Stand: 10.07.2026 10:33 Uhr
Der Kraftstoffmangel in Russland verschärft sich. Die Preise steigen - wer kann, tankt im Ausland. Zwar will der Kreml beruhigen, doch die Schlangen vor den Tankstellen s… [+2324 chars]",,de,'Kreml'
https://www.bild.de/politik/ausland-und-internationales/sechs-tage-trauerfeier-millionen-iraner-tragen-sarg-des-terrorfuersten-6a50aeb7bb0cf80de56a45a4,https://www.bild.de/politik/ausland-und-internationales/sechs-tage-trauerfeier-millionen-iraner-tragen-sarg-des-terrorfuersten-6a50aeb7bb0cf80de56a45a4,0,www.bild.de,Sechs Tage Trauerfeier - Millionen Iraner tragen Sarg des Terrorfürsten,Im Irak spielen sich unfassbare Szenen ab. Mehr als vier Monate nach seinem Tod wird der Terror-Führer Chamenei beigesetzt.,"https://images.bild.de/6a50aeb7bb0cf80de56a45a4/50fcb8d71ac2abbdafbf0f779b6a99ed,378a0a66?w=1280",2026-07-10T09:00:03Z,,"+++Ryanair-Drama bei Flug nach Bayern: Scheibe geplatzt! Passagier ragt aus Fenster
+++Ryanair-Drama bei Flug nach Bayern: Scheibe geplatzt! Passagier ragt aus Fenster
+++Ryanair-Drama bei Flug nac… [+648 chars]",,de,'Iran'
https://www.tagesschau.de/ausland/europa/ukraine-angriffe-raffinerien-russland-100.html,https://www.tagesschau.de/ausland/europa/ukraine-angriffe-raffinerien-russland-100.html,0,www.tagesschau.de,Ukraine attackiert erneut russische Energieanlagen,Russischen Angaben zufolge hat die Ukraine das Land in der vergangenen Nacht erneut mit Hunderten Drohnen attackiert. Viele der Angriffe zielten auf Raffinerien und Ölanlagen. Todesopfer oder Verletzte wurden bisher nicht gemeldet.,https://images.tagesschau.de/image/9eb6ceb3-9870-49cb-a71c-bde641abb8bf/AAABn0s2ubw/AAABnSSvrFg/16x9-big/karte-ukraine-frontverlaeufe-2194.jpg?width=1280,2026-07-10T09:17:02Z,,"Stand: 10.07.2026 11:17 Uhr
Russischen Angaben zufolge hat die Ukraine das Land in der vergangenen Nacht erneut mit Hunderten Drohnen attackiert. Viele der Angriffe zielten auf Raffinerien und Ölanl… [+1619 chars]",,de,'Kreml'
https://www.sueddeutsche.de/meinung/iran-chamenei-begraebnis-menschenmassen-kommentar-li.3513081,https://www.sueddeutsche.de/meinung/iran-chamenei-begraebnis-menschenmassen-kommentar-li.3513081,0,www.sueddeutsche.de,Chamenei-Begräbnis: Die iranische Mehrheit passt auf kein Foto,Bei den Trauerzeremonien für den getöteten Obersten Führer der Islamischen Republik zeigte das Regime diese Woche Bilder von Menschenmassen. Man sollte sich von ihnen nicht täuschen lassen.,https://www.sueddeutsche.de/2026/07/10/cd3ea1a5-eba8-46ad-b97c-b98719575d9c.jpg?q=60&fm=webp&width=1200&rect=0%2C209%2C4000%2C2250,2026-07-10T09:29:32Z,,"Das iranische Regime hat diese Woche die Bilder produziert, die es sehen wollte. Fotos von Menschenmassen, die um den Obersten Führer Ali Chamenei trauerten, vier Monate nach dessen Tod. In Teheran a… [+282 chars]",,de,'Chamenei'
https://www.dw.com/de/iran-krieg-usa-donald-trump-beisetzung-ajatollah-ali-chamenei-strasse-von-hormus-israel/a-77900917,https://www.dw.com/de/iran-krieg-usa-donald-trump-beisetzung-ajatollah-ali-chamenei-strasse-von-hormus-israel/a-77900917,0,www.dw.com,USA-Iran-Krieg: Gespräche trotz Eskalation,Die erneuten gegenseitigen Angriffe zwischen USA und Iran haben den Schiffsverkehr in der Straße von Hormus wieder zum Erliegen gebracht. Die US-Regierung will dennoch mit der Führung in Teheran weiterverhandeln. Bomben und Diplomatie: Trotz der jüngsten mili…,https://static.dw.com/image/77899665_6.jpg,2026-07-10T09:35:00Z,,Bomben und Diplomatie: Trotz der jüngsten militärischen Eskalation zwischen den USA und dem Iran im Streit um die Straße von Hormus wird parallel an Möglichkeiten für ein Ende der Feindseligkeiten ge… [+4398 chars],,de,'Chamenei'
https://www.faz.net/aktuell/wirtschaft/klima-nachhaltigkeit/bundestag-beschliesst-heizungsgesetz-jetzt-kommt-die-biotreppe-accg-201017572.html,https://www.faz.net/aktuell/wirtschaft/klima-nachhaltigkeit/bundestag-beschliesst-heizungsgesetz-jetzt-kommt-die-biotreppe-accg-201017572.html,0,www.faz.net,Neues Gesetz: Jetzt kommt die „Biotreppe“ in den Heizungskeller,Der Bundestag beschließt das neue Gebäudemodernisierungsgesetz. Der Einbau neuer Gas- und Ölheizungen bleibt erlaubt – unter Auflagen.,https://media0.faz.net/image/w1200h627/51398218d1f0/w6144h3210x0y626o/202602/43601.0.1824444064/noch-ohne-bioanteil-eine.webp,2026-07-10T12:11:32Z,,"Ein gutes Gesetz für die Freiheit nannte es Unionsfraktionsvize Sepp Müller: das neue Gebäudemodernisierungsgesetz, das der Bundestag am Freitag beschlossen hat. Die Regierung vertraue den Hauseigent… [+2713 chars]",,de,'Gas'
https://www.tagesschau.de/wirtschaft/finanzen/investitionen-112.html,https://www.tagesschau.de/wirtschaft/finanzen/investitionen-112.html,0,www.tagesschau.de,Investitionen in Sicherheit schafft Tausende neue Jobs,"Drohnen, Panzer und Munition sind nicht alles. Den NATO-Ländern geht es auch um Investitionen in die sicherheitsrelevante Infrastruktur. Das könnte Tausende neue Jobs schaffen. Fragen bleiben.",https://images.tagesschau.de/image/81b63ade-cd73-413d-b7b7-d9eed5183a15/AAABloM8X-M/AAABnSSvrFg/16x9-big/sendungsbild-1539000.jpg?width=1280,2026-07-10T12:27:48Z,,"Stand: 10.07.2026 14:27 Uhr
Drohnen, Panzer und Munition sind nicht alles. Den NATO-Ländern geht es auch um Investitionen in die sicherheitsrelevante Infrastruktur. Das könnte Tausende neue Jobs sch… [+3628 chars]",,de,'Sicherheit'
https://www.focus.de/kultur/kino-tv/buergergeld-empfaenger-pascal-will-seine-finanzen-nicht-offenlegen_13941845-2366-438a-b5d6-2d9d325e7dc1.html,https://www.focus.de/kultur/kino-tv/buergergeld-empfaenger-pascal-will-seine-finanzen-nicht-offenlegen_13941845-2366-438a-b5d6-2d9d325e7dc1.html,0,www.focus.de,Bürgergeld-Empfänger Pascal will seine Finanzen nicht offenlegen,Pascal aus der RTLZWEI-Sozialdoku „Hartz und herzlich“ träumt von einer Karriere als Influencer und gibt seinen Fans regelmäßig Einblicke in sein Privatleben. Eine Frage bleibt dabei jedoch unbeantwortet: Wovon lebt er eigentlich?,"https://quadro.burda-forward.de/ctf/19eb44bb-0229-40d4-bd99-6182a701b1bc.3635e1d9-0867-420a-9b9c-31a6139e9262.jpeg?im=RegionOfInterestCrop=(1200,630),regionOfInterest=(800,450)&hash=1dc626ba59ed7b0040990b043ad313c5c77141f5d0e29219c3dd611070431422",2026-07-10T14:43:00Z,,Zwischen Pascal und seiner Mutter Petra galt das Verhältnis lange als eng. Davon ist inzwischen jedoch nichts mehr zu spüren. Nach mehreren öffentlich ausgetragenen Auseinandersetzungen eskalierte de… [+2438 chars],,de,'Bürgergeld'
https://www.tagesschau.de/wirtschaft/verbraucher/heizen-gebaeudemodernisierungsgesetz-foerderung-100.html,https://www.tagesschau.de/wirtschaft/verbraucher/heizen-gebaeudemodernisierungsgesetz-foerderung-100.html,0,www.tagesschau.de,Neue Regeln für Wärmepumpe und Gas: Was sich beim Heizen ändert,Der Einbau einer Erdgas-Heizung in Neubauten ist künftig wieder möglich - wobei Experten vor den Kosten warnen. Und der Staat zahlt weniger Förderung für den Umstieg auf Wärmepumpen. Ein Überblick.,https://images.tagesschau.de/image/2cdfe5bc-c7ce-4c52-9335-c89282c12c74/AAABn0tnEMw/AAABnSSvrFg/16x9-big/waermepumpe-254.jpg?width=1280,2026-07-10T16:53:16Z,,"Stand: 10.07.2026 18:53 Uhr
Der Einbau einer Erdgas-Heizung in Neubauten ist künftig wieder möglich - wobei Experten vor den Kosten warnen. Und der Staat zahlt weniger Förderung für den Umstieg auf … [+7567 chars]",,de,'heizen'
https://www.dw.com/de/ukraine-emp%C3%B6rt-%C3%BCber-aufhebung-von-russlands-olympia-bann/a-77905468,https://www.dw.com/de/ukraine-emp%C3%B6rt-%C3%BCber-aufhebung-von-russlands-olympia-bann/a-77905468,0,www.dw.com,Ukraine empört über Aufhebung von Russlands Olympia-Bann,Das Internationale Olympische Komitee lässt für die Olympischen Spielen 2028 Mannschaften aus Russland wieder zu. Ukraines Sportminister Matwij Bidny erhebt Vorwürfe gegen das IOC und dessen Präsidentin. In dieser Woche hat das Internationale Olympische Komit…,https://static.dw.com/image/65143775_6.jpg,2026-07-10T17:04:00Z,,"In dieser Woche hat das Internationale Olympische Komitee (IOC) entscheiden, die Sanktionen gegen Sportlerinnen und Sportler aus Russland weiter aufzuweichen.
Rund viereinhalb Jahre nach dem Überfal… [+7266 chars]",,de,'Ukraine'
https://www.zeit.de/news/2026-07/11/usa-iran-muss-oeffnung-der-strasse-von-hormus-zusichern,https://www.zeit.de/news/2026-07/11/usa-iran-muss-oeffnung-der-strasse-von-hormus-zusichern,0,www.zeit.de,Iran-Krieg: USA: Iran muss Öffnung der Straße von Hormus zusichern,Hier finden Sie Informationen zu dem Thema „Iran-Krieg“. Lesen Sie jetzt „USA: Iran muss Öffnung der Straße von Hormus zusichern“.,https://img.zeit.de/news/2026-07/11/usa-iran-muss-oeffnung-der-strasse-von-hormus-zusichern-image-group/wide__1300x731,2026-07-11T00:24:35Z,,"Die USA fordern Medienberichten zufolge ein Bekenntnis des Irans zu einer freien und sicheren Schifffahrt in der Straße von Hormus. Bis Samstag solle die iranische Führung öffentlich versichern, dass… [+1850 chars]",,de,'Iran'
https://www.zeit.de/news/2026-07/11/verletzte-bei-raketenangriff-auf-kiew,https://www.zeit.de/news/2026-07/11/verletzte-bei-raketenangriff-auf-kiew,0,www.zeit.de,Ukraine-Krieg: Verletzte bei Raketenangriff auf Kiew,Hier finden Sie Informationen zu dem Thema „Ukraine-Krieg“. Lesen Sie jetzt „Verletzte bei Raketenangriff auf Kiew“.,https://img.zeit.de/news/2026-07/11/verletzte-bei-raketenangriff-auf-kiew-image-group/wide__1300x731,2026-07-11T02:20:13Z,,"Die ukrainische Hauptstadt Kiew ist in der Nacht erneut unter Raketenbeschuss geraten. Der Feind habe die Stadt mit ballistischen Raketen angegriffen, teilten Bürgermeister Vitali Klitschko und Milit… [+696 chars]",,de,'Krieg'
https://www.tagesspiegel.de/internationales/ukraine-krieg-russischer-gleitbombenangriff-tote-und-verletzte-in-sumy-15829353.html,https://www.tagesspiegel.de/internationales/ukraine-krieg-russischer-gleitbombenangriff-tote-und-verletzte-in-sumy-15829353.html,0,www.tagesspiegel.de,Ukraine-Krieg: Russischer Gleitbombenangriff: Tote und Verletzte in Sumy,In der ukrainischen Großstadt Sumy nahe der Grenze zu Russland fordert der Abwurf von Gleitbomben mehrere Opfer. Unter den Toten ist auch eine Minderjährige.,https://www.tagesspiegel.de/images/15830237/alternates/BASE_16_9_W1400/1783777087000/ukraine-krieg.jpeg,2026-07-11T02:21:26Z,,"Das russische Militär hat durch den Abwurf von Gleitbomben auf die nordostukrainische Stadt Sumy mindestens vier Menschen getötet. Darunter ist auch ein Mädchen, sagte der Bürgermeister von Sumy, Art… [+1328 chars]",,de,'Ukraine'
https://www.zeit.de/news/2026-07/11/diw-oekonom-warnt-technologieoffenheit-schadet-der-industrie,https://www.zeit.de/news/2026-07/11/diw-oekonom-warnt-technologieoffenheit-schadet-der-industrie,0,www.zeit.de,Handelspolitik: DIW-Ökonom warnt: Technologieoffenheit schadet der Industrie,Hier finden Sie Informationen zu dem Thema „Handelspolitik“. Lesen Sie jetzt „DIW-Ökonom warnt: Technologieoffenheit schadet der Industrie“.,https://img.zeit.de/news/2026-07/11/diw-oekonom-warnt-technologieoffenheit-schadet-der-industrie-image-group/wide__1300x731,2026-07-11T02:45:05Z,,Deutschland und Europa können auf die wachsende Übermacht Chinas in der Industrie aus Sicht des Berliner Ökonomen Martin Gornig mit spezialisierten Technologien reagieren. Der Kontinent und das Land … [+2405 chars],,de,'Industrie'
https://www.zeit.de/news/2026-07/11/china-schock-2-0-trifft-deutschlands-industrie,https://www.zeit.de/news/2026-07/11/china-schock-2-0-trifft-deutschlands-industrie,0,www.zeit.de,Wettbewerb aus Fernost: China-Schock 2.0 trifft Deutschlands Industrie,Hier finden Sie Informationen zu dem Thema „Wettbewerb aus Fernost“. Lesen Sie jetzt „China-Schock 2.0 trifft Deutschlands Industrie“.,https://img.zeit.de/news/2026-07/11/china-schock-2-0-trifft-deutschlands-industrie-image-group/wide__1300x731,2026-07-11T03:00:23Z,,"Zunächst kam Deutschland davon, der erste China-Schock traf vor allem andere. Nach Chinas Beitritt zur Welthandelsorganisation 2001 kamen billige Produkte aus der Volksrepublik in großem Stil auf die… [+7683 chars]",,de,'Industrie'
https://www.tagesschau.de/ausland/usa-iran-174.html,https://www.tagesschau.de/ausland/usa-iran-174.html,0,www.tagesschau.de,Offenbar weiter Gespräche zwischen USA und Iran,"Die Zukunft für das Verhältnis zwischen den USA und Iran bleibt ungewiss: Das Rahmenabkommen aufgekündigt, immer wieder Angriffe. Die Gespräche gehen offenbar trotzdem weiter - auf Wunsch von Iran, betont US-Präsident Trump. Teheran dementiert.",https://images.tagesschau.de/image/2a97fabc-b722-4dc9-94f9-92e854b78910/AAABn08gIes/AAABnSSvrFg/16x9-big/teheran-302.jpg?width=1280,2026-07-11T03:02:13Z,,"Stand: 11.07.2026 05:02 Uhr
Die Zukunft für das Verhältnis zwischen den USA und Iran bleibt ungewiss: Das Rahmenabkommen aufgekündigt, immer wieder Angriffe. Die Gespräche gehen offenbar trotzdem we… [+1644 chars]",,de,'Iran'
https://www.faz.net/aktuell/politik/ausland/liveblog-irankrieg-forscher-vermuten-reparaturen-an-irans-atomwaffen-anlagen-faz-200583539.html,https://www.faz.net/aktuell/politik/ausland/liveblog-irankrieg-forscher-vermuten-reparaturen-an-irans-atomwaffen-anlagen-faz-200583539.html,0,www.faz.net,Liveblog Irankrieg: Forscher vermuten Reparaturen an Irans Atomwaffen-Anlagen,USA: Iran muss Öffnung der Straße von Hormus zusichern +++ Iran weist Trumps Darstellung über Bitte um Gespräche zurück +++ US-Medien: Israel warnte Trump vor iranischem Mordkomplott +++ alle Entwicklungen im Liveblog,https://media0.faz.net/image/w1200h627/b2f0f2a1cd2d/w3264h1705x0y235o/202607/43601.0.2323732142/dieses-satellitenfoto-von.webp,2026-07-11T04:10:00Z,,Israel hat die US-Regierung Berichten zufolge vor iranischen Plänen zur Ermordung von Präsident Donald Trump gewarnt. Der Warnung zufolge habe die Führung in Teheran den Plan erst kürzlich ausgearbei… [+908 chars],,de,'Iran'
https://www.focus.de/kultur/kino-tv/amt-greift-bei-buergergeld-empfaenger-durch-hartz-und-herzlich-pascal-wird-zur-arbeit-begleitet_7b99c2c4-1ce8-4056-837b-e219f0ee5f46.html,https://www.focus.de/kultur/kino-tv/amt-greift-bei-buergergeld-empfaenger-durch-hartz-und-herzlich-pascal-wird-zur-arbeit-begleitet_7b99c2c4-1ce8-4056-837b-e219f0ee5f46.html,0,www.focus.de,Amt greift bei Bürgergeld-Empfänger durch: „Hartz und herzlich“-Pascal wird zur Arbeit begleitet,Seit Jahren versucht Pascal aus „Hartz und herzlich“ einen festen Job zu finden – bislang ohne Erfolg. Nun wagt der ehemalige Bürgergeld-Empfänger mit spezieller Unterstützung vom Jobcenter einen neuen Schritt Richtung Arbeitsmarkt.,"https://quadro.burda-forward.de/ctf/9d41c71f-9e41-4e7a-b162-5aef8516f023.fdddc44d-5b45-4f85-ab3d-27fde0e8935b.jpeg?im=RegionOfInterestCrop=(1200,630),regionOfInterest=(800,450)&hash=19985702043fc9a529b468af7470ef188e7a9167fc6cb757415eeca0a5f9ccda",2026-07-11T04:47:00Z,,"Pascal kämpft schon lange darum, beruflich Fuß zu fassen. Eine feste Arbeitsstelle hatte der Hartz und herzlich-Protagonist aus Mannheim bislang noch nie. Zwar absolvierte der Bürgergeld-Empfänger me… [+2388 chars]",,de,'Bürgergeld'
https://www.zeit.de/politik/ausland/2026-07/donald-trump-iran-usa-drohung-mordanschlag-attentat-geheimdienst,https://www.zeit.de/politik/ausland/2026-07/donald-trump-iran-usa-drohung-mordanschlag-attentat-geheimdienst,0,www.zeit.de,Berichte über Anschlagspläne: Trump droht Iran im Fall eines Attentats mit vollständiger Zerstörung,"Donald Trump reagiert auf Hinweise, dass der Iran einen Anschlag auf ihn plant. Das US-Militär sei bereit, das Land zu vernichten, drohte der US-Präsident.",https://img.zeit.de/politik/ausland/2026-07/donald-trump-iran-drohung-mordanschlag-geheimdienst-foto-1/wide__1300x731,2026-07-11T05:59:15Z,,US-Präsident Donald Trump hat dem Iran im Falle eines Mordanschlags auf ihn mit »vollständiger« Vernichtung gedroht. »1.000 Raketen sind scharf gemacht und auf die Islamische Republik Iran gerichtet«… [+1717 chars],,de,'Iran'
https://www.tagesschau.de/ausland/angriffe-kiew-wadephul-100.html,https://www.tagesschau.de/ausland/angriffe-kiew-wadephul-100.html,0,www.tagesschau.de,Krieg gegen die Ukraine: Wieder russische Angriffe auf Kiew,In der Nacht hat Russland Kiew erneut mit Raketen angegriffen. Es gab mehrere Verletzte. Trotz der Eskalation in den vergangenen Wochen sieht Bundesaußenminister Wadephul jetzt einen guten Zeitpunkt für Verhandlungen.,https://images.tagesschau.de/image/a75208c5-195e-409c-9fa5-d27df48af6af/AAABn1CQuJU/AAABnSSvrFg/16x9-big/kiew-466.jpg?width=1280,2026-07-11T09:44:49Z,,"Stand: 11.07.2026 11:44 Uhr
In der Nacht hat Russland Kiew erneut mit Raketen angegriffen. Es gab mehrere Verletzte. Trotz der Eskalation in den vergangenen Wochen sieht Bundesaußenminister Wadephul… [+1578 chars]",,de,'Ukraine'
https://www.welt.de/politik/ausland/article6a5217e71aef3ee58648149b/nyt-reporter-nach-berichten-ueber-air-force-one-vor-gericht-geladen-anwalt-beklagt-einschuechterung.html,https://www.welt.de/politik/ausland/article6a5217e71aef3ee58648149b/nyt-reporter-nach-berichten-ueber-air-force-one-vor-gericht-geladen-anwalt-beklagt-einschuechterung.html,0,www.welt.de,„Einschüchterung“ – „NYT“-Reporter nach Berichten über „Air Force One“ vor Gericht geladen,Die Trump-Regierung hat Journalisten der New York Times vorgeladen – nachdem über Sicherheitsbedenken im Zusammenhang mit dem von Katar gespendeten Flugzeug „Air Force One“ berichtet wurde.,https://images.welt.de/6a5217e71aef3ee58648149b/460dc0e49bf721c9859a5f81e40d12e5-master/ci16x9-w1200/1783616307415-2285378317-jpg,2026-07-11T10:53:51Z,,Die Trump-Regierung hat Journalisten der New York Times vorgeladen nachdem über Sicherheitsbedenken im Zusammenhang mit dem von Katar gespendeten Flugzeug Air Force One berichtet wurde.Nach Berichten… [+2352 chars],,de,'Sicherheit'
https://www.telepolis.de/article/Ruestung-statt-Sozialstaat-Wie-der-Umbau-der-Industrie-Jobs-und-Buerger-trifft-11358707.html,https://www.telepolis.de/article/Ruestung-statt-Sozialstaat-Wie-der-Umbau-der-Industrie-Jobs-und-Buerger-trifft-11358707.html,0,www.telepolis.de,Rüstung statt Sozialstaat? Wie der Umbau der Industrie Jobs und Bürger trifft,"Während Konzerne wie Rheinmetall expandieren, wächst bei VW der Protest. Zudem soll ein neues Gesetz das Gesundheitssystem auf Krieg trimmen.",https://heise.cloudimg.io/bound/1200x1200/q85.png-lossy-85.webp-lossy-85.foil1/_www-heise-de_/imgs/18/5/1/1/3/7/8/6/rheinmetall-logo-e174118bc1d0a961.jpg,2026-07-11T12:00:00Z,,"(Bild: nitpicker / Shutterstock.com)
Während Konzerne wie Rheinmetall expandieren, wächst bei VW der Protest. Zudem soll ein neues Gesetz das Gesundheitssystem auf Krieg trimmen.
Verteidigungsminis… [+7295 chars]",,de,'Bürgergeld'
https://www.faz.net/aktuell/feuilleton/medien-und-film/medienpolitik/wie-ki-die-meinungsbildung-manipuliert-accg-201014755.html,https://www.faz.net/aktuell/feuilleton/medien-und-film/medienpolitik/wie-ki-die-meinungsbildung-manipuliert-accg-201014755.html,0,www.faz.net,Quellen für Nachrichten: Warum fährt die KI auf den Kreml oder auf Springer ab?,"Zwei Forscherinnen haben überprüft, mit welchen Quellen KI-Systeme bei Nachrichten arbeiten. Es zeigt sich: Claude nutzt russische Propaganda, ChatGPT fährt auf welt.de ab. Dafür gibt es Gründe.",https://media0.faz.net/image/w1200h627/ea92ac5bb2f1/w2819h1472x190y389o/202607/43601.0.2317756091/auf-einem-smartphone.webp,2026-07-11T12:18:01Z,,"Dass selbst Sam Altmann, der CEO von Open AI, den Kontakt seines Sohnes mit Künstlicher Intelligenz (KI) so lange wie möglich hinauszögern will, hat mehr als einen faden Beigeschmack. Eine Studie von… [+3473 chars]",,de,'Kreml'
https://www.golem.de/sonstiges/zustimmung/auswahl.html?from=https://www.golem.de/news/kuenstliche-intelligenz-anthropic-spendiert-claude-code-einen-eingebauten-browser-2607-210775.html&referer=https://t.co/86ce21efdc,https://www.golem.de/sonstiges/zustimmung/auswahl.html?from=https://www.golem.de/news/kuenstliche-intelligenz-anthropic-spendiert-claude-code-einen-eingebauten-browser-2607-210775.html&referer=https://t.co/86ce21efdc,0,www.golem.de,Künstliche Intelligenz: Anthropic spendiert Claude Code einen eingebauten Browser,"Claude Code kann ab sofort direkt aus der Desktop-App heraus im Web surfen. Anthropic betont die Sicherheit dieses Ansatzes. (Claude, Browser)",,2026-07-11T13:02:01Z,,"Besuchen Sie Golem.de wie gewohnt mit Werbung und Tracking,
 indem Sie der Nutzung aller Cookies zustimmen.
 Details zum Tracking finden Sie im Privacy Center.
Skript wurde nicht geladen. Informat… [+607 chars]",,de,'Sicherheit'
https://www.n-tv.de/politik/Iran-schwoert-Vergeltung-fuer-Tod-von-Chamenei-id31075294.html,https://www.n-tv.de/politik/Iran-schwoert-Vergeltung-fuer-Tod-von-Chamenei-id31075294.html,0,www.n-tv.de,Liste mit Namen der Zielpersonen: Iran schwört Vergeltung für Tod von Chamenei,"Ajatollah Ali Chamenei wird Ende Februar von den USA getötet. Fünf Tage dauern die Trauerfeierlichkeiten, sein Sohn und Nachfolger Modschtaba erscheint selbst zur Beerdigung nicht persönlich. Nun wird in seinem Namen auf Rache an den USA und Israel geschworen.",https://www.n-tv.de/img/31075325/1783781029/Img_16_9/1200/QOM-IRAN-MAY-26-An-woman-sits-under-the-image-of-Iran-s-Supreme-Leader-Mojtaba-Khamenei-at-a-religious-ceremony-for-Eid-al-Adha-on-May-26-2026-in-Qom-Iran-Eid-al-Adha-the-Festival-of-Sacrifice-is-one-of-the-most-sacred-holidays-in-Islam-expected-to-be-celebrated-from-26-27-May-2026-until-29-30-May-2026-depending-on-regional-moon-sightings-It-honors-the-willing-of-Prophet-Ibrahim-to-sacrifice-his-son-Ismail-in-obedience-to-God-s-command-and-marks-the-conclusion-of-the-annual-Hajj-pilgrimage-to-Mecca.jpg,2026-07-11T14:35:02Z,,"Liste mit Namen der ZielpersonenIran schwört Vergeltung für Tod von Chamenei
Modschtaba Chamenei wurde seit dem Luftangriff Ende Februar, der seinen Vater tötete nicht mehr öffentlich gesichtet. (Fo… [+2566 chars]",,de,'Chamenei'
https://www.focus.de/kultur/kino-tv/ueberall-muell-und-dreckiges-geschirr-buergergeld-empfaengerin-lena-braucht-hilfe-beim-aufraeumen_0c1704bf-3d50-4aad-a55b-aec636ab489d.html,https://www.focus.de/kultur/kino-tv/ueberall-muell-und-dreckiges-geschirr-buergergeld-empfaengerin-lena-braucht-hilfe-beim-aufraeumen_0c1704bf-3d50-4aad-a55b-aec636ab489d.html,0,www.focus.de,Überall Müll und dreckiges Geschirr: Bürgergeld-Empfängerin Lena braucht Hilfe beim Aufräumen,"Lena aus der RTLZWEI-Sozialdoku „Hartz und herzlich“ kämpft mit fehlender Motivation, endlich Ordnung in ihrer Wohnung zu schaffen. Nun will ihre Freundin Pamela sie unterstützen.","https://quadro.burda-forward.de/ctf/ed987218-2f4c-4dc8-84e1-eb6bc37b354e.df7771ba-721c-42ea-9417-4b1b1b2e8393.jpeg?im=RegionOfInterestCrop=(1200,630),regionOfInterest=(800,450)&hash=bfe039e78cc3b1ce4aa7584aa598eb3ba5a1c50ad59d4bdbfc389dd80f8c999e",2026-07-11T15:09:00Z,,"Nach der Sommerpause stehen die neuen Folgen von Hartz und herzlich aus Rostock in den Startlöchern. In den neuen Episoden geht es unter anderem um Sandra, die mit den Hürden ihres Führerscheins kämp… [+2002 chars]",,de,'Bürgergeld'
https://www.zeit.de/wissenschaft/2026-07/david-albright-atomwaffen-anlage-iran-satellitenbilder-krieg,https://www.zeit.de/wissenschaft/2026-07/david-albright-atomwaffen-anlage-iran-satellitenbilder-krieg,0,www.zeit.de,"David Albright: »Der Iran scheint entschlossen, die Atomanlage wieder aufzubauen«","Satellitenbilder zeigen, dass der Iran eine Militäranlage repariert. Der Nuklearexperte David Albright erklärt, was das für das iranische Atomwaffenprogramm bedeutet.",https://img.zeit.de/wissenschaft/2026-07/david-albright-atomwaffen-anlage-iran-satellitenbilder-krieg-bild/wide__1300x731,2026-07-11T15:58:10Z,,"David Albright gilt als einer der kundigsten Atomwaffenexperten weltweit. Neue Satellitenbilder, die sein Institut zusammen mit CNN analysiert hat, offenbaren nun: Der Iran arbeitet daran, die zerstö… [+424 chars]",,de,'Iran'
https://www.tagesschau.de/ausland/asien/iran-krieg-verhandlungen-102.html,https://www.tagesschau.de/ausland/asien/iran-krieg-verhandlungen-102.html,0,www.tagesschau.de,Neuer Anlauf für Iran-Verhandlungen im Oman,"Die USA und Iran drohen sich öffentlich einmal mehr mit Rache und Vernichtung. Doch hinter den Kulissen wird offenbar wieder verhandelt - unter anderem im Oman. Im Fokus: die Straße von Hormus. Gelingt es, den Seeweg zu öffnen?",https://images.tagesschau.de/image/fe2bc9d5-305c-49ee-923a-a80c93f3f53f/AAABn1JNvUk/AAABnSSvrFg/16x9-big/araghtschi-oman-100.jpg?width=1280,2026-07-11T18:08:54Z,,"Stand: 11.07.2026 20:08 Uhr
Die USA und Iran drohen sich öffentlich einmal mehr mit Rache und Vernichtung. Doch hinter den Kulissen wird offenbar wieder verhandelt - unter anderem im Oman. Im Fokus:… [+2986 chars]",,de,'Iran'
https://www.zeit.de/politik/deutschland/2026-07/janosch-dahmen-wehrdienstverweigerung-reservist-bundeswehr,https://www.zeit.de/politik/deutschland/2026-07/janosch-dahmen-wehrdienstverweigerung-reservist-bundeswehr,0,www.zeit.de,Wehrdienst: Janosch Dahmen meldet sich als Reservist bei der Bundeswehr,Der Grünen-Politiker zog seine frühere Wehrdienstverweigerung zurück. Er begründet das mit der veränderten Sicherheitslage seit dem russischen Angriff auf die Ukraine.,https://img.zeit.de/politik/deutschland/2026-07/janosch-dahmen-wehrdienstverweigerung-reservist-bundeswehr-foto-1/wide__1300x731,2026-07-11T18:30:27Z,,Der gesundheitspolitische Sprecher der Grünen Janosch Dahmen hat seine frühere Wehrdienstverweigerung zurückgezogen und sich als Reservist der Bundeswehr gemeldet. In einem Interview mit dem Spiegel … [+1293 chars],,de,'Sicherheit'
https://www.welt.de/politik/ausland/article6a52ce7736e98236c4bc594d/iran-verkuendet-sperrung-der-strasse-von-hormus-warnschuesse-auf-schiff.html,https://www.welt.de/politik/ausland/article6a52ce7736e98236c4bc594d/iran-verkuendet-sperrung-der-strasse-von-hormus-warnschuesse-auf-schiff.html,0,www.welt.de,Iran verkündet Sperrung der Straße von Hormus – Warnschüsse auf Schiff,"Die Straße Hormus ist „bis auf Weiteres“ geschlossen, meldeten iranische Staatsmedien unter Berufung auf die Revolutionsgarden. Zuvor wurden Warnschüsse auf ein Schiff abgefeuert, das eine „nicht genehmigte Route“ befahren habe.",https://images.welt.de/6a52ce7736e98236c4bc594d/ee76e64877184f325388a2dfed79c1f3-master/ci16x9-w1200/dpa-com-260628-935-1441884-jpg,2026-07-11T23:29:31Z,,"Die Straße Hormus ist bis auf Weiteres geschlossen, meldeten iranische Staatsmedien unter Berufung auf die Revolutionsgarden. Zuvor wurden Warnschüsse auf ein Schiff abgefeuert, das eine nicht genehm… [+2890 chars]",,de,'Iran'
https://www.welt.de/politik/ausland/article6a52ce7736e98236c4bc594d/iran-beschiesst-schiff-strasse-von-hormus-gesperrt-usa-reagieren-mit-neuen-angriffen.html,https://www.welt.de/politik/ausland/article6a52ce7736e98236c4bc594d/iran-beschiesst-schiff-strasse-von-hormus-gesperrt-usa-reagieren-mit-neuen-angriffen.html,0,www.welt.de,"Iran beschießt Schiff, Straße von Hormus gesperrt – USA reagieren mit neuen Angriffen","Neue Eskalation im Nahen Osten: Die Straße Hormus ist bis zum „Ende der US-Einmischung in dieser Region“ geschlossen, melden die iranischen Revolutionsgarden. Ein Schiff ist beschossen und gestoppt worden. Das US-Militär reagiert unmittelbar.",https://images.welt.de/6a52ce7736e98236c4bc594d/ee76e64877184f325388a2dfed79c1f3-master/ci16x9-w1200/dpa-com-260628-935-1441884-jpg,2026-07-11T23:29:31Z,,"Neue Eskalation im Nahen Osten: Die Straße Hormus ist bis zum Ende der US-Einmischung in dieser Region geschlossen, melden die iranischen Revolutionsgarden. Ein Schiff ist beschossen und gestoppt wor… [+3725 chars]",,de,'Iran'
https://www.tagesspiegel.de/internationales/iran-krieg-usa-und-iran-konflikt-um-strasse-von-hormus-eskaliert-15830814.html,https://www.tagesspiegel.de/internationales/iran-krieg-usa-und-iran-konflikt-um-strasse-von-hormus-eskaliert-15830814.html,0,www.tagesspiegel.de,Iran und USA greifen sich gegenseitig an: Konflikt um Straße von Hormus eskaliert erneut,Bereits zum dritten Mal innerhalb einer Woche greift das US-Militär den Iran an. Auslöser war iranischer Beschuss eines Schiffs in der Straße von Hormus. Eine diplomatische Lösung rückt in die Ferne.,https://www.tagesspiegel.de/images/15831151/alternates/BASE_16_9_W1400/1783847561000/iran-krieg-katar.jpeg,2026-07-11T23:35:11Z,,Der Konflikt um die Straße von Hormus spitzt sich nach gegenseitigen Angriffen der USA und des Iran erneut gefährlich zu. Bereits zum dritten Mal innerhalb einer Woche bombardierte das US-Militär Zie… [+5510 chars],,de,'Chamenei'
https://www.tagesspiegel.de/internationales/die-lage-im-uberblick-usa-greifen-erneut-iran-an--strasse-von-hormus-geschlossen-15830814.html,https://www.tagesspiegel.de/internationales/die-lage-im-uberblick-usa-greifen-erneut-iran-an--strasse-von-hormus-geschlossen-15830814.html,0,www.tagesspiegel.de,Die Lage im Überblick: USA greifen erneut Iran an – Straße von Hormus geschlossen,Irans Revolutionsgarden sollen ein Handelsschiff in der umkämpften Meerenge angegriffen haben. Diese bleibe bis auf weiteres geschlossen. Teheran hat nach Meinung der USA eine Gelegenheit verpasst.,https://www.tagesspiegel.de/images/15830843/alternates/BASE_16_9_W1400/1783822373000/satellitenaufnahme-des-persischen-golfs.jpeg,2026-07-11T23:35:11Z,,Bereits zum dritten Mal binnen einer Woche hat das US-Militär eigenen Angaben zufolge in der Nacht Ziele im Iran angegriffen. Die Attacke sei eine Reaktion auf einen Angriff der Iranischen Revolution… [+7000 chars],,de,'Iran'
https://www.faz.net/aktuell/politik/ausland/liveblog-irankrieg-iran-schliesst-strasse-von-hormus-faz-200583539.html,https://www.faz.net/aktuell/politik/ausland/liveblog-irankrieg-iran-schliesst-strasse-von-hormus-faz-200583539.html,0,www.faz.net,Liveblog Irankrieg: Iran schließt Straße von Hormus,Warnschüsse auf ein Schiff in der Meerenge abgegeben +++ Trump droht Iran bei Mordanschlag auf ihn mit „vollständiger Vernichtung“ +++ Forscher vermuten Reparaturen an Irans Atomwaffen-Anlagen +++ alle Entwicklungen im Liveblog,https://media0.faz.net/image/w1200h627/c4440ff9ec3b/w6000h3135x0y120o/202605/43601.0.2045989455/oeltanker-liegen-in-der.webp,2026-07-11T23:40:00Z,,Israel hat die US-Regierung Berichten zufolge vor iranischen Plänen zur Ermordung von Präsident Donald Trump gewarnt. Der Warnung zufolge habe die Führung in Teheran den Plan erst kürzlich ausgearbei… [+908 chars],,de,'Iran'
https://www.sueddeutsche.de/politik/iran-strasse-hormus-usa-angriffe-welthandel-li.3514454,https://www.sueddeutsche.de/politik/iran-strasse-hormus-usa-angriffe-welthandel-li.3514454,0,www.sueddeutsche.de,Nahost: Iran schließt Straße von Hormus – USA greifen wieder an,Die Iranischen Revolutionsgarden haben nach eigenen Angaben ein Schiff in der Straße von Hormus gestoppt – und die Meerenge vorerst geschlossen. Das US-Militär reagiert seinerseits mit Angriffen.,https://www.sueddeutsche.de/2026/06/30/fd767295-b945-43f4-a300-26bd76f20b29.jpg?q=60&fm=webp&width=1200&rect=0%2C107%2C2048%2C1152,2026-07-12T01:58:02Z,,"Kurz darauf hieß es vom US-Militär, man habe erneut Ziele im Iran angegriffen. Die Attacke sei eine Reaktion auf einen Angriff der IRGC auf das unter zyprischer Flagge fahrende Containerschiff GFS Ga… [+2895 chars]",,de,'Iran'
https://www.zeit.de/news/2026-07/12/dlrg-mahnt-zu-vorsicht-am-wasser-worauf-man-achten-sollte,https://www.zeit.de/news/2026-07/12/dlrg-mahnt-zu-vorsicht-am-wasser-worauf-man-achten-sollte,0,www.zeit.de,Sicherheit im Wasser: DLRG mahnt zu Vorsicht am Wasser - Worauf man achten sollte,Hier finden Sie Informationen zu dem Thema „Sicherheit im Wasser“. Lesen Sie jetzt „DLRG mahnt zu Vorsicht am Wasser - Worauf man achten sollte“.,https://img.zeit.de/news/2026-07/12/dlrg-mahnt-zu-vorsicht-am-wasser-worauf-man-achten-sollte-image-group/wide__1300x731,2026-07-12T02:00:35Z,,Die Deutsche Lebens-Rettungs-Gesellschaft (DLRG) ruft Badegäste in den Sommerferien zu besonderer Vorsicht auf. Bundesweit ertranken im Juni 99 Menschen - so viele wie seit 2003 nicht mehr. In Sachse… [+1757 chars],,de,'Sicherheit'
https://www.zeit.de/news/2026-07/12/lies-sorgt-sich-um-offshore-ausbau-kleine-akws-unsinn,https://www.zeit.de/news/2026-07/12/lies-sorgt-sich-um-offshore-ausbau-kleine-akws-unsinn,0,www.zeit.de,Energiewende: Lies sorgt sich um Offshore-Ausbau – Kleine AKWs «Unsinn»,Hier finden Sie Informationen zu dem Thema „Energiewende“. Lesen Sie jetzt „Lies sorgt sich um Offshore-Ausbau – Kleine AKWs «Unsinn»“.,https://img.zeit.de/news/2026-07/12/lies-sorgt-sich-um-offshore-ausbau-kleine-akws-unsinn-image-group/wide__1300x731,2026-07-12T03:30:05Z,,"Niedersachsens Ministerpräsident Olaf Lies fordert von der Bundesregierung mehr Tempo für die Energiewende. «Im Moment habe ich die Sorge, dass man in Berlin aus dem Analysemodus noch nicht rauskommt… [+2438 chars]",,de,'Energie'
https://www.focus.de/kultur/kino-tv/hartz-und-herzlich-buergergeld-empfaenger-will-seine-finanzen-nicht-offenlegen_13941845-2366-438a-b5d6-2d9d325e7dc1.html,https://www.focus.de/kultur/kino-tv/hartz-und-herzlich-buergergeld-empfaenger-will-seine-finanzen-nicht-offenlegen_13941845-2366-438a-b5d6-2d9d325e7dc1.html,0,www.focus.de,„Hartz und herzlich“: Bürgergeld-Empfänger will seine Finanzen nicht offenlegen,Pascal aus der RTLZWEI-Sozialdoku „Hartz und herzlich“ träumt von einer Karriere als Influencer und gibt seinen Fans regelmäßig Einblicke in sein Privatleben. Eine Frage bleibt dabei jedoch unbeantwortet: Wovon lebt er eigentlich?,"https://quadro.burda-forward.de/ctf/19eb44bb-0229-40d4-bd99-6182a701b1bc.3635e1d9-0867-420a-9b9c-31a6139e9262.jpeg?im=RegionOfInterestCrop=(1200,630),regionOfInterest=(800,450)&hash=1dc626ba59ed7b0040990b043ad313c5c77141f5d0e29219c3dd611070431422",2026-07-12T04:34:00Z,,Zwischen Pascal und seiner Mutter Petra galt das Verhältnis lange als eng. Davon ist inzwischen jedoch nichts mehr zu spüren. Nach mehreren öffentlich ausgetragenen Auseinandersetzungen eskalierte de… [+2438 chars],,de,'Bürgergeld'
https://www.faz.net/aktuell/politik/ukraine/ukraine-liveticker-ukraine-trifft-abermals-eine-russische-raffinerie-faz-110683325.html,https://www.faz.net/aktuell/politik/ukraine/ukraine-liveticker-ukraine-trifft-abermals-eine-russische-raffinerie-faz-110683325.html,0,www.faz.net,Liveblog Ukrainekrieg: Ukraine trifft abermals eine russische Raffinerie,Selenskyj fordert raschere Umsetzung von Waffenabkommen +++ Tusk kündigt Bau von Gedenkstätte für UPA-Opfer an +++ Videobotschaft am Wolhynien-Gedenktag +++ alle Neuigkeiten im Liveblog,https://media0.faz.net/image/w1200h627/f81166a38c0e/w3000h1567x0y163o/202607/43601.0.2327403291/ein-ukrainischer-soldat-des.webp,2026-07-12T05:50:00Z,,Kiews Bürgermeister Vitali Klitschko spricht angesichts mehrerer schwerer russischer Luftangriffe in den vergangenen Tagen von einer weiteren Eskalation des Ukrainekriegs durch Moskau. Er habe so etw… [+1055 chars],,de,'Ukraine'
https://www.focus.de/politik/ausland/iranische-zeitung-setzt-merz-mit-droh-collage-auf-todesliste_e444e2e3-b2f6-4d2b-93b8-5bcabfed76f1.html,https://www.focus.de/politik/ausland/iranische-zeitung-setzt-merz-mit-droh-collage-auf-todesliste_e444e2e3-b2f6-4d2b-93b8-5bcabfed76f1.html,0,www.focus.de,Iranische Zeitung setzt Merz mit Droh-Collage auf Todesliste,Die iranische Zeitung „Hamshahri“ ruft in einer Online-Grafik zu Vergeltung gegen westliche Politiker auf. Darunter sind auch europäische Regierungschefs abgebildet.,"https://quadro.burda-forward.de/ctf/9d6df8ac-9c2a-4d61-bbdb-557db5f60949.35594042-3a1d-4771-a262-52f8cae4841c.png?im=RegionOfInterestCrop=(1200,630),regionOfInterest=(309,98)&hash=32efc47c1608b484fba9017637c1eb85380a9f9f59d0fed962b5aad8308627e1",2026-07-12T05:55:00Z,,Eine auflagenstarke Tageszeitung im Iran hat eine Infografik mit Racheaufrufen gegen Politiker aus dem Westen veröffentlicht. Auf ihrer Website publizierte das Blatt Hamshahri aus der Hauptstadt Tehe… [+907 chars],,de,'Chamenei'
https://www.n-tv.de/politik/US-Senator-Lindsey-Graham-ist-tot-Republikaner-und-Ukraine-Unterstuetzer-stirbt-mit-71-Jahren-id31076460.html,https://www.n-tv.de/politik/US-Senator-Lindsey-Graham-ist-tot-Republikaner-und-Ukraine-Unterstuetzer-stirbt-mit-71-Jahren-id31076460.html,0,www.n-tv.de,"Nach ""plötzlicher Erkrankung"": US-Senator Lindsey Graham gestorben","Er war einer der einflussreichsten Republikaner: Nun ist der US-Senator Lindsey Graham im Alter von 71 Jahren gestorben. Die republikanische Partei verliert damit einen scharfen Kritiker des Kreml. Der ukrainische Präsident Selenskyj zeigt sich ""zutiefst betr…",https://www.n-tv.de/img/31077020/1783859436/Img_16_9/1200/Der-republikanische-Senator-Lindsey-Graham-beantwortet-in-der-Naehe-einer-Ausstellung-beschaedigter-russischer-Fahrzeuge-Fragen-der-Medien-Lindsey-ist-am-11-07-2026-nach-kurzer-und-schwerer-Krankheit-gestorben.jpg,2026-07-12T06:42:10Z,,Er war einer der einflussreichsten Republikaner: Nun ist der US-Senator Lindsey Graham im Alter von 71 Jahren gestorben. Die republikanische Partei verliert damit einen scharfen Kritiker des Kreml. D… [+4466 chars],,de,'Kreml'
https://www.zeit.de/news/2026-07/12/ukraine-attackiert-raffinerie-im-wolgagabiet-samara,https://www.zeit.de/news/2026-07/12/ukraine-attackiert-raffinerie-im-wolgagabiet-samara,0,www.zeit.de,Drohnenkrieg: Ukraine attackiert Raffinerie im Wolgagabiet Samara,Hier finden Sie Informationen zu dem Thema „Drohnenkrieg“. Lesen Sie jetzt „Ukraine attackiert Raffinerie im Wolgagabiet Samara“.,https://img.zeit.de/news/2026-07/12/ukraine-attackiert-raffinerie-im-wolgagabiet-samara-image-group/wide__1300x731,2026-07-12T07:06:02Z,,"Im russischen Gebiet Samara an der Wolga ist offiziellen Angaben nach ein Mann durch ukrainische Drohnenangriffe ums Leben gekommen. «Drei Personen wurden verletzt, darunter auch ein Kind», teilte Go… [+1867 chars]",,de,'Ukraine'
https://www.welt.de/politik/ausland/article6a5339588eaf4a27fe1e3b9f/krieg-in-nahost-wunsch-nach-einem-ruhigen-tod-mit-ins-grab-nehmen-iranische-tageszeitung-droht-merz.html,https://www.welt.de/politik/ausland/article6a5339588eaf4a27fe1e3b9f/krieg-in-nahost-wunsch-nach-einem-ruhigen-tod-mit-ins-grab-nehmen-iranische-tageszeitung-droht-merz.html,0,www.welt.de,„Wunsch nach einem ruhigen Tod mit ins Grab nehmen“ – Iranische Tageszeitung droht Merz,Friedrich Merz rückt ins Zentrum iranischer Drohpropaganda: Eine Zeitung zeigt ihn in Häftlingskleidung neben Trump und Netanjahu – als angebliches Ziel der angekündigten Vergeltung nach Chameneis Tötung.,https://images.welt.de/6a5339588eaf4a27fe1e3b9f/c05ff72f8d1d3a5ce69346f1906037eb/ci16x9-w1200/1781772052856-afp-b7h29ue-jpg,2026-07-12T07:20:09Z,,Eine auflagenstarke Tageszeitung im Iran hat eine Infografik mit Racheaufrufen gegen Politiker aus dem Westen veröffentlicht. Auf ihrer Website publizierte das Blatt Hamshahri aus der Hauptstadt Tehe… [+899 chars],,de,'Chamenei'
https://www.bild.de/politik/inland/buergergeld-und-grundsicherung-empfaenger-schulden-staat-3-55-milliarden-euro-6a5323ac8eaf4a27fe1e3ae2,https://www.bild.de/politik/inland/buergergeld-und-grundsicherung-empfaenger-schulden-staat-3-55-milliarden-euro-6a5323ac8eaf4a27fe1e3ae2,0,www.bild.de,Bürgergeld-Bilanz - Stütze-Empfänger schulden Staat Milliarden,"Die Grundsicherung hat das Bürgergeld abgelöst, doch es sind noch Rechnungen offen!","https://images.bild.de/6a5323ac8eaf4a27fe1e3ae2/9a68c7584290bbd0f221ecf321029acd,da4a4050?w=1280",2026-07-12T08:25:26Z,,"TTS-Player überspringenArtikel weiterlesenBerlin Die neue Grundsicherung hat das Bürgergeld abgelöst, doch aus dem alten System sind noch eine Menge Rechnungen offen. Wie die Bundesagentur für Arbeit… [+2533 chars]",,de,'Bürgergeld'
https://www.tagesspiegel.de/internationales/trump-netanjahu-und-merz-im-visier-grosse-zeitung-im-iran-fordert-rache-und-zeigt-den-kanzler-in-haftlingskleidung-15830998.html,https://www.tagesspiegel.de/internationales/trump-netanjahu-und-merz-im-visier-grosse-zeitung-im-iran-fordert-rache-und-zeigt-den-kanzler-in-haftlingskleidung-15830998.html,0,www.tagesspiegel.de,"Trump, Netanjahu und Merz im Visier: Große Zeitung im Iran fordert Rache und zeigt den Kanzler in Häftlingskleidung",Das Blatt „Hamshahri“ ruft in einer Darstellung online zur Vergeltung gegen westliche Regierungschefs auf. Die Köpfe des amerikanischen und israelischen Präsidenten erscheinen in einem Fadenkreuz.,https://www.tagesspiegel.de/images/15831032/alternates/BASE_16_9_W1400/1783844847000/merz.png,2026-07-12T08:44:08Z,,"Die Lage im Nahen Osten beruhigt sich nicht. Seit Tagen gibt es wechselseitige Angriffe der USA und des Iran. US-Präsident Donald Trump erklärte gerade die Waffenruhe für beendet, gleichzeitig halten… [+3736 chars]",,de,'Benjamin Netanjahu'
https://www.n-tv.de/politik/Merz-auf-Vergeltungsliste-einer-iranischen-Zeitung-id31076788.html,https://www.n-tv.de/politik/Merz-auf-Vergeltungsliste-einer-iranischen-Zeitung-id31076788.html,0,www.n-tv.de,Auch Trump und Netanjahu dabei: Merz auf Vergeltungsliste einer iranischen Zeitung,"Iranische Hardliner dürsten wegen des Krieges gegen ihr Land nach Rache. Die auflagenstarke Tageszeitung ""Hamshahri"" erstellt gar eine Liste derjenigen, ""die auf die Vergeltung des iranischen Volkes warten müssen"". Mit dabei: der deutsche Bundeskanzler.",https://www.n-tv.de/img/31076736/1783855156/Img_16_9/1200/IPA86604679-Iran-The-Iranian-newspaper-Hamshari-has-blacklisted-Meloni-as-one-of-those-responsible-for-Khameneis-death-His-son-Mojtaba-said-The-nation-demands-vengeance-Image-frame-distributed-by-this-Agency-exclusively-for-editorial-purposes-The-material-may-originate-from-social-media-television-stations-press-offices-or-other-publicly-accessible-third-party-sources-The-Agency-does-not-claim-any-ownership-rights-copyrights-or-licenses-to-the-material-Any-fees-requested-apply-exclusively-to-the-Agencys-services-The-user-is-responsible-for-verifying-and-obtaining-any-rights-authorizations-or-consents-necessary-for-the-use-of-the-material.jpg,2026-07-12T09:30:18Z,,"In der untersten Reihe der Liste derer, die büßen sollen: Bundeskanzler Merz. (Foto: picture alliance / ipa-agency)
Iranische Hardliner dürsten wegen des Krieges gegen ihr Land nach Rache. Die aufla… [+2402 chars]",,de,'Benjamin Netanjahu'
https://orf.at/stories/3435979/,https://orf.at/stories/3435979/,0,orf.at,US-Senator Lindsey Graham ist tot,"Der prominente republikanische US-Senator Lindsey Graham ist tot. Er starb am Samstag (Ortszeit) im Alter von 71 Jahren. Graham war seit 2003 Senator, in der Außenpolitik vertrat er eine harte Linie gegenüber Russland und dem Iran. Früher einer der schärfsten…",https://ibs.orf.at/news?image=https%3A%2F%2Fassets.orf.at%2Fmims%2F2026%2F29%2F89%2Fcrops%2Fw%3D1200%2Ch%3D630%2Cq%3D75%2F3110262_master_1204789_usa_senator_lindsey_graham_tot_ap.jpg%3Fs%3Dd0a5633e8e9530cc9ca29f5a8c963041ba017865,2026-07-12T09:48:26Z,,"Wie seine Familie bzw. sein Büro laut dem US-Sender CNN bekanntgaben, starb Graham, der im Senat den Bundesstaat South Carolin vertrat, unerwartet und nach kurzer und plötzlicher Krankheit"".
In der … [+4129 chars]",,de,'Benjamin Netanjahu'
https://www.kino.de/news/groesser-duesterer-epischer-dune-3-verspricht-einen-spektakulaeren-sci-fi-kriegsthriller-im-kino--01KX3H931Q8B83DBK79DM9T8KC,https://www.kino.de/news/groesser-duesterer-epischer-dune-3-verspricht-einen-spektakulaeren-sci-fi-kriegsthriller-im-kino--01KX3H931Q8B83DBK79DM9T8KC,0,www.kino.de,"Größer, düsterer, epischer: „Dune 3“ verspricht einen spektakulären Sci-Fi-Kriegsthriller im Kino",Ich konnte die ersten sieben Minuten von „Dune: Part Three“ bereits sehen – und sie deuten auf den bislang intensivsten und düstersten Teil der Sci-Fi-Reihe hin.,https://static.kino.de/b7/d9/11/13d717100d3fd4c3cd2588dfd1_ZmMgODBmOTc5NDFmZmZmIDE5MjAgMTA4MANiOTE3MWRkMzI4ZA==.jpg,2026-07-12T09:53:00Z,,"Ich konnte die ersten sieben Minuten von Dune: Part Three bereits sehen und sie deuten auf den bislang intensivsten und düstersten Teil der Sci-Fi-Reihe hin.
Mit Dune: Part Three erwartet uns einer … [+4062 chars]",,de,'Krieg'
https://www.tagesschau.de/ausland/amerika/nyt-reporter-airforce-one-gerichtsvorladung-100.html,https://www.tagesschau.de/ausland/amerika/nyt-reporter-airforce-one-gerichtsvorladung-100.html,0,www.tagesschau.de,USA: Kritik an Justizvorladungen von NYT-Reportern,Gibt es Sicherheitsbedenken bei der neuen US-Präsidentenmaschine? Mit dieser Frage beschäftigte sich die New York Times - und prompt erhielten die Reporter Vorladungen der Justiz. Die Zeitung und Journalistenverbände sind empört.,https://images.tagesschau.de/image/dd52877d-fadc-41bd-a063-d02a33cf7e5c/AAABn1XongQ/AAABnSSvrFg/16x9-big/trump-air-force-one-106.jpg?width=1280,2026-07-12T11:22:18Z,,"Stand: 12.07.2026 13:22 Uhr
Gibt es Sicherheitsbedenken bei der neuen US-Präsidentenmaschine? Mit dieser Frage beschäftigte sich die New York Times - und prompt erhielten die Reporter Vorladungen de… [+3801 chars]",,de,'Katar'
https://www.n-tv.de/politik/Chamenei-Berater-nennt-Strasse-von-Hormus-wichtiger-als-Atombomben-id31077084.html,https://www.n-tv.de/politik/Chamenei-Berater-nennt-Strasse-von-Hormus-wichtiger-als-Atombomben-id31077084.html,0,www.n-tv.de,"Das Druckmittel der Mullahs: Chamenei-Berater nennt Straße von Hormus ""wichtiger als Atombomben""","Die Sorge, dass der Iran irgendwann Atomwaffen produzieren kann, ist groß. Dabei haben die Mullahs noch ein ganz anderes Mittel an der Hand, mit dem sie Druck auf westliche Staaten ausüben können.",https://www.n-tv.de/img/31077111/1783861838/Img_16_9/1200/Handelsschiffe-sind-in-der-Strasse-von-Hormus-vor-Bandar-Abbaszu-sehen.jpg,2026-07-12T11:47:13Z,,"Das Druckmittel der MullahsChamenei-Berater nennt Straße von Hormus ""wichtiger als Atombomben""
Handelsschiffe reihen sich in der Straße von Hormus vor Bandar Abbas auf. (Foto: picture alliance/dpa/I… [+4581 chars]",,de,'Chamenei'
https://www.faz.net/aktuell/rhein-main/frankfurt/frankfurt-kommunale-waermeplanung-verfehlt-stichtag-accg-201015430.html,https://www.faz.net/aktuell/rhein-main/frankfurt/frankfurt-kommunale-waermeplanung-verfehlt-stichtag-accg-201015430.html,0,www.faz.net,Kommunale Wärmeplanung: Nur Frankfurt verfehlt Stichtag,"Alle deutschen Großstädte haben bis zum 30. Juni eine Wärmeplanung erarbeiten müssen. Die zeigt auf, wie bis 2045 die Energiewende möglich ist. Eine hat das Ziel verpasst.",https://media0.faz.net/image/w1200h627/547b2796d842/w1997h1043x0y891o/202503/43601.0.1356443369/ausbau-des-fernwaermenetzes-in.webp,2026-07-12T12:44:28Z,,"Frankfurt hat als einzige hessische Großstadt nicht bis zum Stichtag 30. Juni eine kommunale Wärmeplanung erarbeitet und beschlossen. Ob Hamburg, Berlin, München, Hannover, Mainz oder Karlsruhe, sie … [+5635 chars]",,de,'Energie'
https://www.tagesschau.de/ausland/asien/iran-angriffe-golfstaaten-108.html,https://www.tagesschau.de/ausland/asien/iran-angriffe-golfstaaten-108.html,0,www.tagesschau.de,Iran attackiert Ziele in mehreren Golfstaaten,Der Konflikt zwischen den USA und Iran hat sich erneut zugespitzt. Nach Angriffen der USA in der Nacht befehligte Teheran neue Attacken auf US-Verbündete im Golf - und betonte die strategische Bedeutung der Straße von Hormus.,https://images.tagesschau.de/image/b140d380-7a09-42d1-9a5d-08b5552a41ee/AAABn1ZCZRM/AAABnSSvrFg/16x9-big/bahrain-iran-katar-kuwait-oman-vae-100.jpg?width=1280,2026-07-12T13:14:53Z,,"Stand: 12.07.2026 15:14 Uhr
Der Konflikt zwischen den USA und Iran hat sich erneut zugespitzt. Nach Angriffen der USA in der Nacht befehligte Teheran neue Attacken auf US-Verbündete im Golf - und be… [+3852 chars]",,de,'Iran'
https://www.diepresse.com/36746878/wer-den-maschinenraum-unserer-demokratie-leitet-darf-uns-nicht-egal,https://www.diepresse.com/36746878/wer-den-maschinenraum-unserer-demokratie-leitet-darf-uns-nicht-egal,0,www.diepresse.com,"Wer den Maschinenraum unserer Demokratie leitet, darf uns nicht egal sein [premium]",Nationalratspräsidium und Parlamentsdirektion sind in der Hand freiheitlicher Burschenschafter. Mit wie viel Energie verteidigen sie die liberale Demokratie?,https://img.diepresse.com/public/incoming/txfxj7-kein-titel/alternates/WEBP_WIDE_1200/kein%20Titel,2026-07-12T13:26:38Z,,"Benno Kern feiert in diesen Tagen seinen 99. Geburtstag. Er trägt einen langen, grauen Bart und erzählt die Geschichte eines unwahrscheinlichen Überlebens: Kindheit in der Wiener Leopoldstadt, Flucht… [+4112 chars]",,de,'Energie'
https://www.n-tv.de/politik/Fast-alle-Besatzungsmitglieder-nach-Angriff-auf-Frachter-gerettet-id31077557.html,https://www.n-tv.de/politik/Fast-alle-Besatzungsmitglieder-nach-Angriff-auf-Frachter-gerettet-id31077557.html,0,www.n-tv.de,Ist die Straße von Hormus offen?: Fast alle Besatzungsmitglieder nach Angriff auf Frachter gerettet,"Die USA machen den Iran für den Beschuss eines Handelsschiffs vor der Küste des Oman verantwortlich. Die gute Nachricht: Fasst alle Seeleute können gerettet werden. Die schlechte Nachricht: Völlig unklar ist, ob die Straße von Hormus befahrbar ist.",https://www.n-tv.de/img/31075977/1783874245/Img_16_9/1200/Vessels-at-the-Strait-of-Hormuz-as-seen-from-Musandam-Oman-July-8-2026.jpg,2026-07-12T15:11:17Z,,"Der Angriff erfolgte vor der Küste des Omans, in der Straße von Hormus. (Foto: REUTERS)
Die USA machen den Iran für den Beschuss eines Handelsschiffs vor der Küste des Oman verantwortlich. Die gute … [+2980 chars]",,de,'Iran'
https://www.dw.com/de/iran-usa-us-armee-schiffsverkehr-durch-stra%C3%9Fe-von-hormus-fliesst-donald-trump-centcom/a-77921273,https://www.dw.com/de/iran-usa-us-armee-schiffsverkehr-durch-stra%C3%9Fe-von-hormus-fliesst-donald-trump-centcom/a-77921273,0,www.dw.com,US-Armee: Schiffsverkehr durch Straße von Hormus fließt,"Der Iran will die für den Welthandel wichtige Meerenge geschlossen haben. Die Vereinigten Staaten widersprechen dem ausdrücklich. Der Iran sei bei neuen Angriffen ""hart getroffen"" worden, berichtet US-Präsident Trump. Trotz der Ansage des Iran, die Straße von…",https://static.dw.com/image/77922743_6.jpg,2026-07-12T15:14:00Z,,"Trotz der Ansage des Iran, die Straße von Hormus wieder geschlossen zu haben, fließt der Schiffsverkehr durch die Meerenge nach Darstellung der US-Armee weiterhin. ""Der Iran kontrolliert die Meerenge… [+3172 chars]",,de,'Chamenei'
https://orf.at/stories/3436011/,https://orf.at/stories/3436011/,0,orf.at,USA widersprechen Iran bei Straße von Hormus,"Trotz der Verkündung des Iran, die Straße von Hormus bis auf Weiteres zu schließen, fließt der Schiffsverkehr durch die für den Welthandel wichtige Meerenge nach Angaben der US-Armee weiterhin. Mit ihren jüngsten Angriffen hätten die USA aus Sicht von Präside…",https://ibs.orf.at/news?image=https%3A%2F%2Fassets.orf.at%2Fmims%2F2026%2F29%2F84%2Fcrops%2Fw%3D1200%2Ch%3D630%2Cq%3D75%2F3110716_master_1204984_iran_krieg_hormus_offen_geschlossen_afp.jpg%3Fs%3D6404e5656a0369674d1892a1904e3a107c3357fd,2026-07-12T15:40:16Z,,"Der Iran kontrolliert die Meerenge nicht. Der Verkehr fließt, erklärte das zuständige US-Regionalkommando Centcom am Sonntag auf der Plattform X. Die Straße von Hormus sei offen für alle Schiffe, die… [+3184 chars]",,de,'Chamenei'
https://www.n-tv.de/politik/Trump-Haben-Iran-letzte-Nacht-hart-getroffen-id31077634.html,https://www.n-tv.de/politik/Trump-Haben-Iran-letzte-Nacht-hart-getroffen-id31077634.html,0,www.n-tv.de,"""Mit denen ist etwas faul"": Trump: Haben Iran ""letzte Nacht hart getroffen""","Seit Tagen greifen die USA wieder den Iran an, der mit Attacken auf Länder des Nahen Osten antwortet. Nun verkündet US-Präsident Trump, Teheran habe bereits kurz vor einem ""Deal"" gestanden. Und er widerspricht Aussagen der Iranischen Revolutionsgarden.",https://www.n-tv.de/img/31077633/1783876756/Img_16_9/1200/President-Donald-Trump-speaks-during-a-media-conference-at-the-NATO-summit-in-Ankara-Turkey-Wednesday-July-8-2026.jpg,2026-07-12T15:49:29Z,,"""Mit denen ist etwas faul""Trump: Haben Iran ""letzte Nacht hart getroffen"" 
Seit Tagen greifen die USA wieder den Iran an, der mit Attacken auf Länder des Nahen Osten antwortet. Nun verkündet US-Präs… [+4508 chars]",,de,'Iran'
https://www.bild.de/politik/ausland-und-internationales/iran-mysterioeser-maskenmann-befeuert-geruechte-um-entstellten-chamenei-6a53768836e98236c4bc61a5,https://www.bild.de/politik/ausland-und-internationales/iran-mysterioeser-maskenmann-befeuert-geruechte-um-entstellten-chamenei-6a53768836e98236c4bc61a5,0,www.bild.de,Trauerfeier für Ober-Mullah - Maskenmann befeuert Gerüchte um Chamenei,Baseballcap statt Turban. Sturmhaube statt offenem Gesicht. Ein mysteriöser Maskenmann tauchte bei der Beerdigung von Ali Chamenei auf.,"https://images.bild.de/6a53768836e98236c4bc61a5/aa0b6325de8dce83772c0837737d78ba,4c324eeb?w=1280",2026-07-12T15:58:36Z,,"TTS-Player überspringenArtikel weiterlesenTeheran Er sah ganz anders aus als die bärtigen Mullahs um ihn herum: Baseballcap statt Turban, Sturmhaube statt offenem Gesicht. Bei der Trauerfeier für den… [+2224 chars]",,de,'Chamenei'
https://stadt-bremerhaven.de/apple-plant-neue-apple-pencils-fuer-das-naechste-jahr/,https://stadt-bremerhaven.de/apple-plant-neue-apple-pencils-fuer-das-naechste-jahr/,0,stadt-bremerhaven.de,Apple plant neue Apple Pencils für das nächste Jahr,"Apple hat für das kommende Jahr offenbar wieder einiges in der Pipeline, besonders was das iPad-Line-up und das passende Zubehör angeht. Neben neuen iPad-Pro-Modellen, die für die erste Jahreshälfte des kommenden Jahres erwartet werden, schraubt Cupertino im …",https://stadt-bremerhaven.de/wp-content/uploads/2024/05/apple-pencil-2.jpg,2026-07-12T16:30:09Z,,"Apple hat für das kommende Jahr offenbar wieder einiges in der Pipeline, besonders was das iPad-Line-up und das passende Zubehör angeht. Neben neuen iPad-Pro-Modellen, die für die erste Jahreshälfte … [+1870 chars]",,de,'Pipeline'
https://www.welt.de/politik/ausland/article6a53c48736e98236c4bc6700/am-27-oktober-israel-legt-wahltermin-fest-netanjahu-muss-laut-umfragen-um-seine-mehrheit-bangen.html,https://www.welt.de/politik/ausland/article6a53c48736e98236c4bc6700/am-27-oktober-israel-legt-wahltermin-fest-netanjahu-muss-laut-umfragen-um-seine-mehrheit-bangen.html,0,www.welt.de,Israel legt Wahltermin fest – Netanjahu muss laut Umfragen um seine Mehrheit bangen,"Am 27. Oktober wird in Israel ein neues Parlament gewählt. Ob Ministerpräsident Benjamin Netanjahu erneut eine Mehrheit erhält, ist laut aktuellen Umfragen offen. Ex-General Gadi Eisenkot holt deutlich auf.",https://images.welt.de/6a53c48736e98236c4bc6700/ca69baaec2b54640fec788d7a52d1fde-master/ci16x9-w1200/dpa-com-260706-935-1462171-jpg,2026-07-12T16:55:48Z,,Einige Monate vor der Parlamentswahl in Israel steht nun der 27. Oktober als Wahltermin fest. Das meldeten mehrere lokale Medien am späten Nachmittag. Das Gesetz schreibt eine Durchführung der Wahl b… [+4530 chars],,de,'Benjamin Netanjahu'
https://www.zeit.de/politik/ausland/2026-07/angriffe-usa-iran-strasse-von-hormus-centcom,https://www.zeit.de/politik/ausland/2026-07/angriffe-usa-iran-strasse-von-hormus-centcom,0,www.zeit.de,Straße von Hormus: Trump dementiert Blockade von Hormus – Iran meldet neue Angriffe,"Der US-Präsident behauptet entgegen iranischer Angaben, dass die Straße von Hormus offen sei. Unterdessen berichten iranische Medien von Luftangriffen in der Meerenge.",https://img.zeit.de/politik/ausland/2026-07/angriffe-usa-iran-strasse-von-hormus-centcom-foto-1/wide__1300x731,2026-07-12T18:10:09Z,,Die Straße von Hormus ist nach Angaben von US-Präsident Donald Trump für die Handelsschifffahrt offen. Das sagte er in einem Interview der NBC-Sendung Meet the Press. Auch das für die Region zuständi… [+2295 chars],,de,'Iran'
https://www.faz.net/aktuell/politik/ausland/liveblog-irankrieg-us-militaer-startet-neue-angriffe-auf-iran-faz-200583539.html,https://www.faz.net/aktuell/politik/ausland/liveblog-irankrieg-us-militaer-startet-neue-angriffe-auf-iran-faz-200583539.html,0,www.faz.net,Liveblog Irankrieg: US-Militär startet neue Angriffe auf Iran,US-Militär: Angriffe sollen iranische Attacken auf zivile Seeleute und Handelsschiffe verhindern +++ USA greifen in der Nacht auf Sonntag 140 Ziele in Iran an +++ Luftalarm in Golfstaaten +++ Iran schließt eigenen Angaben zufolge Straße von Hormus +++ alle En…,https://media0.faz.net/image/w1200h627/df76ae7af2a0/w6144h3210x0y443o/202607/43601.0.2312102249/ein-kampfflugzeug-manoevriert.webp,2026-07-12T21:36:38Z,,Nach nächtlichen Angriffen des US-Militärs gegen Iran herrschte in den frühen Morgenstunden in mehreren mit den USA verbündeten Golfstaaten Alarm.In Bahrain ertönten in den frühen Morgenstunden wiede… [+1031 chars],,de,'Iran'
https://www.focus.de/gesundheit/ratgeber/psychologen-sagen-menschen-die-immer-wieder-zum-strand-zurueckkehren-sich-nicht-nur-entspannen-sondern-etwas-tieferes-wiederherstellen_f1c84d55-f2d8-41ba-b43e-c871d2837771.html,https://www.focus.de/gesundheit/ratgeber/psychologen-sagen-menschen-die-immer-wieder-zum-strand-zurueckkehren-sich-nicht-nur-entspannen-sondern-etwas-tieferes-wiederherstellen_f1c84d55-f2d8-41ba-b43e-c871d2837771.html,0,www.focus.de,"Psychologen sagen: Menschen, die immer wieder zum Strand zurückkehren, sich nicht nur entspannen, sondern etwas Tieferes wiederherstellen","Der Strand ist viel mehr als ein Urlaubsort: Er kann Stress lindern, neue Energie schenken und zu einem Ort persönlicher Verbundenheit werden.","https://quadro.burda-forward.de/ctf/43787d34-52bc-41ca-9b42-f7c276b58674.34ef82e9-f20d-472d-95b2-ec4fae2cdbda.jpg?im=RegionOfInterestCrop=(1200,630),regionOfInterest=(1165,576)&hash=f60359ffbb61fce85e20688c007058dbc2948a560e1dd70eac0db509a58eeb43",2026-07-12T21:47:00Z,,"Küstenlandschaften und Strände faszinieren viele Menschen auf besondere Weise und wirken oft weit über den Moment hinaus. Wie die englische Online-Zeitung The Economic Times erklärt, können Strände u… [+3394 chars]",,de,'Energie'
https://www.tagesschau.de/ausland/asien/usa-iran-angriffe-112.html,https://www.tagesschau.de/ausland/asien/usa-iran-angriffe-112.html,0,www.tagesschau.de,Neue US-Angriffe auf Iran,"In der Nacht hat das US-Militär erneut Ziele in Iran bombardiert. Damit solle die Fähigkeit Teherans eingeschränkt werden, Handelsschiffe in der Straße von Hormus zu attackieren, hieß es.",https://images.tagesschau.de/image/85e75c9a-a1ed-4683-9c4d-6e2514a81630/AAABn1iE0OI/AAABnSSvrFg/16x9-big/usa-iran-176.jpg?width=1280,2026-07-13T01:25:42Z,,"Stand: 13.07.2026 03:25 Uhr
In der Nacht hat das US-Militär erneut Ziele in Iran bombardiert. Damit solle die Fähigkeit Teherans eingeschränkt werden, Handelsschiffe in der Straße von Hormus zu atta… [+1793 chars]",,de,'Iran'
https://www.zeit.de/news/2026-07/13/eu-und-ukraine-unterstuetzer-beraten-ueber-weitere-hilfen,https://www.zeit.de/news/2026-07/13/eu-und-ukraine-unterstuetzer-beraten-ueber-weitere-hilfen,0,www.zeit.de,Abwehrkampf gegen Russland: EU und Ukraine-Unterstützer beraten über weitere Hilfen,Hier finden Sie Informationen zu dem Thema „Abwehrkampf gegen Russland“. Lesen Sie jetzt „EU und Ukraine-Unterstützer beraten über weitere Hilfen“.,https://img.zeit.de/news/2026-07/13/eu-und-ukraine-unterstuetzer-beraten-ueber-weitere-hilfen-image-group/wide__1300x731,2026-07-13T03:00:33Z,,Die sogenannte Koalition der Willigen aus westlichen Unterstützerländern der Ukraine kommt am Montag zu Beratungen in Paris zusammen. Bei den Gesprächen des von Frankreich und Großbritannien angeführ… [+3882 chars],,de,'Ukraine'
https://www.zeit.de/news/2026-07/13/us-militaer-erklaert-angriffe-auf-iran-vorerst-fuer-beendet,https://www.zeit.de/news/2026-07/13/us-militaer-erklaert-angriffe-auf-iran-vorerst-fuer-beendet,0,www.zeit.de,Iran-Krieg: US-Militär erklärt Angriffe auf Iran vorerst für beendet,Hier finden Sie Informationen zu dem Thema „Iran-Krieg“. Lesen Sie jetzt „US-Militär erklärt Angriffe auf Iran vorerst für beendet“.,https://img.zeit.de/news/2026-07/13/us-militaer-erklaert-angriffe-auf-iran-vorerst-fuer-beendet-image-group/wide__1300x731,2026-07-13T03:53:25Z,,"Das US-Militär hat seine nächtlichen Attacken auf Ziele im Iran nach mehreren Stunden für beendet erklärt. Die Angriffswelle sei vorbei und habe Dutzende Zielobjekte mit Präzisionsmunition getroffen,… [+1850 chars]",,de,'Iran'
https://www.faz.net/aktuell/politik/ausland/liveblog-irankrieg-neue-us-angriffswelle-gegen-iran-erstmals-seedrohne-im-einsatz-faz-200583539.html,https://www.faz.net/aktuell/politik/ausland/liveblog-irankrieg-neue-us-angriffswelle-gegen-iran-erstmals-seedrohne-im-einsatz-faz-200583539.html,0,www.faz.net,Liveblog Irankrieg: Neue US-Angriffswelle gegen Iran – erstmals Seedrohne im Einsatz,Ölpreis steigt +++ Iranische Staatsmedien: Toter durch US-Angriffe +++ US-Militär: Angriffe sollen iranische Attacken auf Handelsschiffe verhindern +++ Iran meldet Angriffe auf US-Stützpunkte +++  alle Entwicklungen im Liveblog,https://media0.faz.net/image/w1200h627/ac5de693cc8a/w3840h2006x0y77o/202607/43601.0.2327485529/ein-projektil-wird-von-den-usa.webp,2026-07-13T04:15:46Z,,Eine auflagenstarke Tageszeitung in Iran hat eine Infografik mit Racheaufrufen gegen Politiker aus dem Westen veröffentlicht. Auf ihrer Website publizierte das Blatt Hamshahri aus der Hauptstadt Tehe… [+900 chars],,de,'Benjamin Netanjahu'
https://www.faz.net/aktuell/politik/ukraine/ukraine-liveticker-eu-und-ukraine-unterstuetzer-beraten-ueber-weitere-hilfen-faz-110683325.html,https://www.faz.net/aktuell/politik/ukraine/ukraine-liveticker-eu-und-ukraine-unterstuetzer-beraten-ueber-weitere-hilfen-faz-110683325.html,0,www.faz.net,Liveblog Ukrainekrieg: EU und Ukraine-Unterstützer beraten über weitere Hilfen,Treffen der Koalition der Willigen in Paris +++ Selenskyj kündigt Ablösung von Ministerpräsidentin Swyrydenko an – Regierungsumbildung geplant +++ alle Neuigkeiten im Liveblog,https://media0.faz.net/image/w1200h627/3c501351b3f2/w4107h2145x0y364o/202607/43601.0.2328563964/bundeskanzler-friedrich-merz.webp,2026-07-13T05:38:13Z,,Der ukrainische Präsident Wolodymyr Selenskyj hat die Ablösung von Ministerpräsidentin Julija Swyrydenko und weitere personelle Änderungen in Kiew angekündigt. Er danke Swyrydenko für ihre Arbeit und… [+2174 chars],,de,'Ukraine'
https://www.focus.de/politik/deutschland/ganze-wahrheit-zum-start-der-neuen-grundsicherung-bei-fast-jedem-5-empfaenger-fehlt-der-arbeitswille_94fae66b-d8fc-47a9-b79e-f2c6d00c180d.html,https://www.focus.de/politik/deutschland/ganze-wahrheit-zum-start-der-neuen-grundsicherung-bei-fast-jedem-5-empfaenger-fehlt-der-arbeitswille_94fae66b-d8fc-47a9-b79e-f2c6d00c180d.html,0,www.focus.de,Ganze Wahrheit zum Start der neuen Grundsicherung: Bei fast jedem 5. Empfänger fehlt der Arbeitswille,Bürgergeld wird meist als Frage von Sanktionen diskutiert. Daten zeigen jedoch ein tieferes Problem: Für viele ist Arbeit kein Ziel mehr.,"https://quadro.burda-forward.de/ctf/91ce20d1-9567-4061-92e9-fd22a83ec6bd.f2eb3b67-35e9-4cc8-8878-c44aae880328.jpg?im=RegionOfInterestCrop=(1200,630),regionOfInterest=(2520,833)&hash=0b2891cfe2ee07a2d17855296dbea71e7548f1348e9f8acc69aa08951dc207e1",2026-07-13T06:16:00Z,,"Und sie beginnt stets von Neuem: Die Bürgergeld-Debatte kreist wieder um Förderung, Sanktionen, Hilfsbedürftige und Totalverweigerer. Viele Bürger fragen sich daher, ob der Staat seine Mittel in dies… [+5587 chars]",,de,'Bürgergeld'
https://hallespektrum.de/bild-der-woche/gefluegelte-kriegsendfigur/477865/,https://hallespektrum.de/bild-der-woche/gefluegelte-kriegsendfigur/477865/,0,hallespektrum.de,Geflügelte Kriegsendfigur,"Pflanze der Woche, 13.-19. Juli 2026 Die Überfahrt nach der Insel von Samothrake war beschwerlich. Nixi hatte den Platz ganz vorn auf dem Schiffsbug bekommen. Mit jeder Welle schlug Gischt über das Deck. Bald war ihr helles Leinengewand vollständig durchnässt…",https://hallespektrum.de/wp-content/uploads/2026/07/pdw13072026.jpg,2026-07-13T06:30:00Z,,"Pflanze der Woche, 13.-19. Juli 2026
Die Überfahrt nach der Insel von Samothrake war beschwerlich. Nixi hatte den Platz ganz vorn auf dem Schiffsbug bekommen. Mit jeder Welle schlug Gischt über das … [+5753 chars]",,de,'frieren'
https://www.zeit.de/wirtschaft/2026-07/usa-iran-angriffe-golf-strasse-von-hormus-oelpreis,https://www.zeit.de/wirtschaft/2026-07/usa-iran-angriffe-golf-strasse-von-hormus-oelpreis,0,www.zeit.de,USA und Iran: Ölpreise steigen nach neuen Angriffen am Golf,Die neuen US-Angriffe auf den Iran und iranische Attacken in der Golfregion lassen den Ölpreis steigen. Der Anstieg ist aber deutlich geringer als zu Beginn des Krieges.,https://img.zeit.de/wirtschaft/2026-07/persischer-golf-strasse-von-hormus-iran-oelpreis-foto-1/wide__1300x731,2026-07-13T06:39:10Z,,"Nach den neuen Angriffen der USA auf den Iran und iranischen Attacken in der Golfregion ist der Ölpreis gestiegen. Ein Barrel (159 Liter) der Nordseesorte Brent verteuerte sich um 3,3 Prozent auf 78,… [+915 chars]",,de,'Iran'
https://www.n-tv.de/politik/Sicherheitspolitiker-befuerchten-iranischen-Terror-in-Deutschland-id31078933.html,https://www.n-tv.de/politik/Sicherheitspolitiker-befuerchten-iranischen-Terror-in-Deutschland-id31078933.html,0,www.n-tv.de,"Merz auf ""Vergeltungsliste"": Sicherheitspolitiker befürchten iranischen Terror in Deutschland","Vermutlich geschah es nicht ohne Billigung der Mullahs: Eine Zeitung veröffentlicht eine Racheliste, auf der auch Bundeskanzler Merz steht. Deutsche Sicherheitspolitiker warnen vor Attentaten hierzulande.",https://www.n-tv.de/img/30300223/1783937959/Img_16_9/1200/Eine-iranische-Einheit-des-Korps-der-Islamischen-Revolutionsgarden-IRGC-schwenkt-eine-iranische-Flagge-waehrend-einer-anti-israelischen-Kundgebung-auf-dem-Platz-der-Islamischen-Revolution.jpg,2026-07-13T08:41:18Z,,"Aktiv auch im Ausland: eine iranische Einheit der Islamischen Revolutionsgarden. (Foto: picture alliance/dpa/ZUMA Press Wire)
Vermutlich geschah es nicht ohne Billigung der Mullahs: Eine Zeitung ver… [+2952 chars]",,de,'Benjamin Netanjahu'
https://www.tagesschau.de/ausland/europa/ukraine-russland-koalition-der-willigen-eu-aussenminister-100.html,https://www.tagesschau.de/ausland/europa/ukraine-russland-koalition-der-willigen-eu-aussenminister-100.html,0,www.tagesschau.de,"""Koalition der Willigen"" berät über weitere Hilfen für die Ukraine","Russlands Krieg gegen die Ukraine ist heute Thema in Paris und Brüssel. Bevor die ""Koalition der Willigen"" über weitere militärische Hilfe für die Ukraine berät, verhandeln die EU-Außenminister über nächste Sanktionen gegen Russland.",https://images.tagesschau.de/image/76944ba3-549d-46ee-8fe5-208b959b90f4/AAABn1qUOzk/AAABnSSvrFg/16x9-big/wadephul-368.jpg?width=1280,2026-07-13T09:23:04Z,,"Stand: 13.07.2026 11:23 Uhr
Russlands Krieg gegen die Ukraine ist heute Thema in Paris und Brüssel. Bevor die ""Koalition der Willigen"" über weitere militärische Hilfe für die Ukraine berät, verhande… [+5852 chars]",,de,'Krieg'
https://www.n-tv.de/politik/Auch-bei-Putin-befinden-wir-uns-oft-im-Bereich-der-Psychiatrie-id31078719.html,https://www.n-tv.de/politik/Auch-bei-Putin-befinden-wir-uns-oft-im-Bereich-der-Psychiatrie-id31078719.html,0,www.n-tv.de,"Interview mit Wolodymyr Fessenko: ""Auch bei Putin befinden wir uns oft im Bereich der Psychiatrie""","Der ukrainische Politologe Wolodymyr Fessenko hält einen baldigen Waffenstillstand für unwahrscheinlich: ""Putin will unbedingt als Sieger aus dieser Pattsituation rausgehen, in die er sich selbst gebracht hat. Die aktuelle Kriegsphase wird allerdings mit groß…",https://www.n-tv.de/img/31067974/1783607439/Img_16_9/1200/RUSSIA-JULY-3-EDITORIAL-USE-ONLY-MANDATORY-CREDIT-KREMLIN-PRESS-SERVICE-HANDOUT-NO-MARKETING-NO-ADVERTISING-CAMPAIGNS-DISTRIBUTED-AS-A-SERVICE-TO-CLIENTS-A-screen-grab-taken-from-a-video-shows-Russian-President-Vladimir-Putin-during-a-military-meeting-with-Chief-of-the-General-Staff-of-the-Russian-Armed-Forces-Valery-Gerasimov-and-senior-troop-commanders-at-a-command-center-of-the-Joint-Group-of-Forces-in-Russia-on-July-03-2026.jpg,2026-07-13T09:23:31Z,,"Putin inszeniert sich als Heerführer, nicht als Verhandler. (Foto: picture alliance / Anadolu)
Der ukrainische Politologe Wolodymyr Fessenko sieht die Vergabe einer Produktionslizenz für Patriot-Abw… [+8796 chars]",,de,'Kreml'
https://www.zeit.de/news/2026-07/13/raffinerie-schwedt-erhaelt-suedamerika-oel-ueber-polen,https://www.zeit.de/news/2026-07/13/raffinerie-schwedt-erhaelt-suedamerika-oel-ueber-polen,0,www.zeit.de,Pipeline-Sperrung: Raffinerie Schwedt erhält Südamerika-Öl über Polen,Hier finden Sie Informationen zu dem Thema „Pipeline-Sperrung“. Lesen Sie jetzt „Raffinerie Schwedt erhält Südamerika-Öl über Polen“.,https://img.zeit.de/news/2026-07/13/raffinerie-schwedt-erhaelt-suedamerika-oel-ueber-polen-image-group/wide__1300x731,2026-07-13T09:58:47Z,,Die Raffinerie PCK in Schwedt erhält über Polen eine Ladung Öl aus Südamerika. Das teilte der polnische Kraftstoffhändler Unimot Paliwa mit. Die Lieferung über den Hafen von Danzig (Gdansk) sei ein A… [+1083 chars],,de,'Pipeline'
https://www.faz.net/aktuell/politik/ukraine/ukraine-liveticker-eu-verhaengt-sanktionen-gegen-russland-wegen-cyberangriffen-faz-110683325.html,https://www.faz.net/aktuell/politik/ukraine/ukraine-liveticker-eu-verhaengt-sanktionen-gegen-russland-wegen-cyberangriffen-faz-110683325.html,0,www.faz.net,Liveblog Ukrainekrieg: EU verhängt Sanktionen gegen Russland wegen Cyberangriffen,Berlin bestellt russischen Botschafter ein +++ EU und Ukraine-Unterstützer beraten über weitere Hilfen +++ Selenskyj kündigt Regierungsumbildung an +++ alle Neuigkeiten im Liveblog,https://media0.faz.net/image/w1200h627/ef272dd316ff/w4000h2090x0y289o/202607/43601.0.2330559647/das-moskauer-hauptquartier-des.webp,2026-07-13T10:37:05Z,,Der ukrainische Präsident Wolodymyr Selenskyj hat die Ablösung von Ministerpräsidentin Julija Swyrydenko und weitere personelle Änderungen in Kiew angekündigt. Er danke Swyrydenko für ihre Arbeit und… [+2174 chars],,de,'Winter'
https://www.tagesspiegel.de/politik/iranische-todesdrohung-gegen-merz-sicherheitspolitiker-warnen-vor-anschlagen-in-deutschland-15833554.html,https://www.tagesspiegel.de/politik/iranische-todesdrohung-gegen-merz-sicherheitspolitiker-warnen-vor-anschlagen-in-deutschland-15833554.html,0,www.tagesspiegel.de,Iranische Todesdrohung gegen Merz: Sicherheitspolitiker warnen vor Anschlägen in Deutschland,"Eine iranische Zeitung hat mehreren westlichen Politikern mit Vergeltung gedroht – darunter der Bundeskanzler. Deutsche Politiker reagieren besorgt und fordern, iranische Vertreter auszuweisen.",https://www.tagesspiegel.de/images/15833582/alternates/BASE_16_9_W1400/1783938052000/roderich-kiesewetter.jpeg,2026-07-13T10:39:26Z,,"Politiker von Union, SPD und Grünen warnen angesichts eines Racheaufrufs gegen westliche Politiker in einer iranischen Tageszeitung vor Anschlägen in Deutschland.
Ich gehe davon aus, dass das Terror… [+3113 chars]",,de,'Benjamin Netanjahu'
https://www.zeit.de/politik/deutschland/2026-07/iranische-zeitung-hamshahri-liste-friedrich-merz-anschlag-gxe,https://www.zeit.de/politik/deutschland/2026-07/iranische-zeitung-hamshahri-liste-friedrich-merz-anschlag-gxe,0,www.zeit.de,Iran: Sicherheitspolitiker warnen vor iranischen Anschlägen in Deutschland,"Eine iranische Tageszeitung ruft zu »Rache« an westlichen Politikern auf – auch an Friedrich Merz. Politiker von Union, SPD und Grünen mahnen, die Gefahr ernstzunehmen.",https://img.zeit.de/politik/ausland/2026-07/iranische-zeitung-hamshahri-liste-friedrich-merz-anschlag-bild/wide__1300x731,2026-07-13T11:00:25Z,,"Politiker von Union, SPD und Grünen haben angesichts eines Racheaufrufs gegen westliche Politiker in einer iranischen Tageszeitung vor Anschlägen in Deutschland gewarnt. Die auflagenstarke Tageszeitu… [+2567 chars]",,de,'Friedrich Merz'
https://www.nzz.ch/international/der-erdoelmacht-russland-fehlt-der-treibstoff-was-ist-passiert-ld.10015239,https://www.nzz.ch/international/der-erdoelmacht-russland-fehlt-der-treibstoff-was-ist-passiert-ld.10015239,0,www.nzz.ch,ERKLÄRT - Der Erdölmacht Russland fehlt der Treibstoff – was ist passiert?,"Russland erlebt seit dem Frühjahr 2026 die schwerste Benzinknappheit der letzten Jahrzehnte. Sie zeigt, wie verwundbar der Kreml geworden ist. Die wichtigsten Fragen und Antworten.","https://img-msp-prod.nzz.ch/2026/07/13/d305bc74-1e9b-4640-aafe-549e785ed37b.jpg?width=1200&height=674&fit=bounds&quality=75&auto=webp&crop=6824,3838,x0,y653&wmark=nzz",2026-07-13T12:33:55Z,,"Russland erlebt seit dem Frühjahr 2026 die schwerste Benzinknappheit der letzten Jahrzehnte. Sie zeigt, wie verwundbar der Kreml geworden ist. Die wichtigsten Fragen und Antworten.
Zusammenfassung
… [+6368 chars]",,de,'Kreml'
https://www.telepolis.de/article/Lindsey-Graham-Der-letzte-Kalte-Krieger-11362962.html,https://www.telepolis.de/article/Lindsey-Graham-Der-letzte-Kalte-Krieger-11362962.html,0,www.telepolis.de,Lindsey Graham: Der letzte Kalte Krieger,"US-Senator Lindsey Graham ist mit 71 Jahren gestorben. Sein Tod hinterlässt eine Lücke, die die Ukraine und Israel hart treffen könnte. Ein Gastbeitrag.",https://heise.cloudimg.io/bound/1200x1200/q85.png-lossy-85.webp-lossy-85.foil1/_www-heise-de_/imgs/18/5/1/1/5/9/3/8/shutterstock_2582617215-391a197e8f9a3c80.jpg,2026-07-13T13:00:00Z,,"Lindsey Graham galt als einer der lautstärksten Falken in der US-Politik
(Bild: Maxim Elramsisy/Shutterstock.com)
US-Senator Lindsey Graham ist mit 71 Jahren gestorben. Sein Tod hinterlässt eine Lü… [+5149 chars]",,de,'Krieg'
https://www.telepolis.de/article/US-Senator-Lindsey-Graham-gestorben-Der-haerteste-Falke-im-Kapitol-ist-tot-11362962.html,https://www.telepolis.de/article/US-Senator-Lindsey-Graham-gestorben-Der-haerteste-Falke-im-Kapitol-ist-tot-11362962.html,0,www.telepolis.de,US-Senator Lindsey Graham gestorben: Der härteste Falke im Kapitol ist tot,Der plötzliche Tod von US-Senator Lindsey Graham (71) hinterlässt ein Machtvakuum. Die Ukraine und Israel verlieren ihren lautsten Förderer. Ein Gastbeitrag.,https://heise.cloudimg.io/bound/1200x1200/q85.png-lossy-85.webp-lossy-85.foil1/_www-heise-de_/imgs/18/5/1/1/5/9/3/8/shutterstock_2582617215-391a197e8f9a3c80.jpg,2026-07-13T13:00:00Z,,"Lindsey Graham galt als einer der lautstärksten Falken in der US-Politik
(Bild: Maxim Elramsisy/Shutterstock.com)
Der plötzliche Tod von US-Senator Lindsey Graham (71) hinterlässt ein Machtvakuum. … [+5173 chars]",,de,'Benjamin Netanjahu'
https://www.zeit.de/news/2026-07/13/schule-in-friedrichshafen-wegen-gasgeruchs-geraeumt,https://www.zeit.de/news/2026-07/13/schule-in-friedrichshafen-wegen-gasgeruchs-geraeumt,0,www.zeit.de,Notfalleinsatz: Schule in Friedrichshafen wegen Gasgeruchs geräumt,Hier finden Sie Informationen zu dem Thema „Notfalleinsatz“. Lesen Sie jetzt „Schule in Friedrichshafen wegen Gasgeruchs geräumt“.,https://img.zeit.de/news/2026-07/13/schule-in-friedrichshafen-wegen-gasgeruchs-geraeumt-image-group/wide__1300x731,2026-07-13T13:43:57Z,,"Wegen Gasgeruchs ist eine Schule in Friedrichshafen (Bodenseekreis) geräumt worden. Rund 500 Schüler und 40 Lehrer mussten das Gebäude am Morgen verlassen, wie die Polizei mitteilte. Feuerwehrleute u… [+356 chars]",,de,'Gas'
https://www.zeit.de/news/2026-07/13/ministerin-haelt-potsdam-fuer-vorbild-bei-der-tiefengeothermie,https://www.zeit.de/news/2026-07/13/ministerin-haelt-potsdam-fuer-vorbild-bei-der-tiefengeothermie,0,www.zeit.de,Energie für die Zukunft: Ministerin hält Potsdam für Vorbild bei der Tiefengeothermie,Hier finden Sie Informationen zu dem Thema „Energie für die Zukunft“. Lesen Sie jetzt „Ministerin hält Potsdam für Vorbild bei der Tiefengeothermie“.,https://img.zeit.de/news/2026-07/13/ministerin-haelt-potsdam-fuer-vorbild-bei-der-tiefengeothermie-image-group/wide__1300x731,2026-07-13T13:46:31Z,,"In die Tiefe bohren, um Erdwärme zu nutzen: In Potsdam ist ein zweites Projekt für Tiefengeothermie gestartet worden. Der Energieerzeuger Energie und Wasser Potsdam (EWP) beginnt am Heizkraftwerk Pot… [+1674 chars]",,de,'Energie'
https://www.zeit.de/politik/ausland/2026-07/us-praesident-donald-trump-verkuendet-erneute-seeblockade-gegen-den-iran,https://www.zeit.de/politik/ausland/2026-07/us-praesident-donald-trump-verkuendet-erneute-seeblockade-gegen-den-iran,0,www.zeit.de,US-Präsident Donald Trump verkündet erneute Seeblockade gegen den Iran,Lesen Sie jetzt „US-Präsident Donald Trump verkündet erneute Seeblockade gegen den Iran“.,https://img.zeit.de/administratives/eilmeldung/fallback-bild/wide__1300x731,2026-07-13T14:34:30Z,,"Schließen
Artikelzusammenfassung
US-Präsident Donald Trump kündigt die Wiederaufnahme der Seeblockade in der Straße von Hormus an, um Schiffe, die iranische Häfen ansteuern oder verlassen, zu stopp… [+411 chars]",,de,'Iran'
https://www.n-tv.de/politik/Klimakonferenzen-und-Safe-House-Wie-der-Mossad-Ahmadinedschad-installieren-wollte-id31080354.html,https://www.n-tv.de/politik/Klimakonferenzen-und-Safe-House-Wie-der-Mossad-Ahmadinedschad-installieren-wollte-id31080354.html,0,www.n-tv.de,"Als Nachfolger von Ali Chamenei: Klimakonferenzen und ""Safe House"": Wie der Mossad Ahmadinedschad installieren wollte","Laut einem US-Bericht wurde Mahmud Ahmadinedschad von israelischen Agenten zu einem geheimen Unterschlupf gebracht, als ein Luftangriff sein Anwesen im Iran traf. Demnach heckte der Mossad jahrelang einen ambitionierten Plan für den Ex-Präsidenten aus - der o…",https://www.n-tv.de/img/31080775/1783956155/Img_16_9/1200/Mahmoud-Ahmadinejad-former-president-of-Iran-waves-at-a-press-conference-after-registering-as-a-candidate-for-the-presidential-election-at-the-Interior-Ministry-in-Tehran-Iran-June-2-2024.jpg,2026-07-13T14:52:52Z,,"Als Nachfolger von Ali ChameneiKlimakonferenzen und ""Safe House"": Wie der Mossad Ahmadinedschad installieren wollte
Ahmadinedschad trat während seiner Amtszeit als Hardliner auf. Erst später mäßigte… [+4674 chars]",,de,'Chamenei'
https://www.faz.net/aktuell/politik/ausland/drohnenangriff-nahe-moskau-drei-tote-im-umland-201024315.html,https://www.faz.net/aktuell/politik/ausland/drohnenangriff-nahe-moskau-drei-tote-im-umland-201024315.html,0,www.faz.net,Russlands Krieg: Im Kreml gibt nur ein Todesfall Anlass zur Freude,"Putins Einpeitscher freuen sich über den Tod von Lindsey Graham. Zuletzt gelang es Russlands Herrscher immer schlechter, Trump zu beeinflussen.",https://media0.faz.net/image/w1200h627/40a3ddf14929/w5726h2991x0y345o/202607/43601.0.2322238388/es-laeuft-nicht-russlands.webp,2026-07-13T14:54:20Z,,"Auch im Moskauer Umland kommt es neuerdings häufig zu Schäden durch ukrainische Drohnenangriffe. Aber dass, wie in der Nacht auf Montag, drei Menschen getötet werden, hatte es zuvor erst zweimal gege… [+5497 chars]",,de,'Kreml'
https://www.zeit.de/politik/ausland/2026-07/regierung-ukraine-umbildung-wolodymyr-selenskyj-botschaft-usa-julija-swyrydenk,https://www.zeit.de/politik/ausland/2026-07/regierung-ukraine-umbildung-wolodymyr-selenskyj-botschaft-usa-julija-swyrydenk,0,www.zeit.de,Regierung in der Ukraine: Selenskyjs beste Frau soll Trump auf ihre Seite ziehen,Julija Swyrydenko galt als eine der wenigen Unbestechlichen in Selenskyjs Team. Trotzdem entlässt er die Ministerpräsidentin nach einem Jahr und schickt sie in die USA.,https://img.zeit.de/politik/ausland/2026-07/regierung-ukraine-umbildung-wolodymyr-selenskyj-botschaft-usa-julija-swyrydenk-bild-2/wide__1300x731,2026-07-13T16:49:57Z,,"Schließen
Artikelzusammenfassung
Der Politikbetrieb in Kyjiw ist chaotisch, doch selbst das Umfeld des Präsidenten wurde von der anstehenden Regierungsumbildung überrascht. Nach nur einem Jahr im A… [+823 chars]",,de,'Ukraine'
https://www.n-tv.de/politik/Trump-kehrt-zu-seiner-alten-Strategie-vor-dem-Waffenstillstand-zurueck-id31081608.html,https://www.n-tv.de/politik/Trump-kehrt-zu-seiner-alten-Strategie-vor-dem-Waffenstillstand-zurueck-id31081608.html,0,www.n-tv.de,"Krieg mit dem Iran: ""Trump kehrt zu seiner alten Strategie vor dem Waffenstillstand zurück""","Das iranische Regime hat kein Interesse an einem stabilen Frieden mit den USA, sagt Regionalexperte Philipp Dienstbier. In Teheran glaube man, als Gewinner aus diesem Krieg hervorgegangen zu sein. ""Was das Regime im Iran auf jeden Fall dazugewonnen hat, ist d…",https://www.n-tv.de/img/31081631/1783968513/Img_16_9/1200/The-Qatari-Armed-Forces-intercept-a-missile-attack-The-United-States-and-Iran-exchanged-strikes-amidst-the-ongoing-conflict-between-them-over-the-Strait-of-Hormuz.jpg,2026-07-13T17:42:30Z,,"12. Juli 2026: Die Armee von Katar wehrt einen Raketenangriff ab. (Foto: picture alliance/dpa)
Das iranische Regime hat kein Interesse an einem stabilen Frieden mit den USA, sagt Regionalexperte Phi… [+9333 chars]",,de,'Krieg'
https://www.zeit.de/news/2026-07/13/us-iran-rahmenabkommen-was-hat-trump-ueberhaupt-erreicht,https://www.zeit.de/news/2026-07/13/us-iran-rahmenabkommen-was-hat-trump-ueberhaupt-erreicht,0,www.zeit.de,Iran-Krieg: US-Iran-Rahmenabkommen: Was hat Trump überhaupt erreicht?,Hier finden Sie Informationen zu dem Thema „Iran-Krieg“. Lesen Sie jetzt „US-Iran-Rahmenabkommen: Was hat Trump überhaupt erreicht?“.,https://img.zeit.de/news/2026-07/13/us-iran-rahmenabkommen-was-hat-trump-ueberhaupt-erreicht-image-group/wide__1300x731,2026-07-13T18:01:57Z,,Vor knapp einem Monat ist das Rahmenabkommen zwischen den USA und dem Iran in Kraft getreten. Es sollte der Startpunkt für vertiefte Verhandlungen mit dem Ziel eines dauerhaften Kriegsendes sein. In … [+5346 chars],,de,'Iran'
https://www.n-tv.de/politik/Schliesst-sich-bald-wieder-der-Eiserne-Vorhang-id31080889.html,https://www.n-tv.de/politik/Schliesst-sich-bald-wieder-der-Eiserne-Vorhang-id31080889.html,0,www.n-tv.de,Russen misstrauen dem Kreml: Schließt sich bald wieder der Eiserne Vorhang?,"Berichte besagen, Russen könnten für Auslandsreisen bald wieder staatliche Erlaubnis benötigen. Der Kreml bestreitet das, doch der Freiraum der Bevölkerung schrumpft bereits jetzt.",https://www.n-tv.de/img/31081108/1783959350/Img_16_9/1200/Russia-Moscow-Tourists-from-China-who-arrived-on-a-visa-free-regime-On-August-10-the-first-group-of-tourists-from-China-arrived-in-Russia-under-the-agreement-on-group-visa-free-exchange.jpg,2026-07-13T18:07:57Z,,"Glaubt man Berichten, die in Russland kursieren, könnten Russen bald wieder ein Ausreisevisum benötigen, um ihr Land zu verlassen. (Foto: IMAGO/Russian Look)
Berichte besagen, Russen könnten für Aus… [+5832 chars]",,de,'Kreml'
https://www.zeit.de/news/2026-07/13/gas-auf-klinikgelaende-ausgetreten-feuerwehreinsatz,https://www.zeit.de/news/2026-07/13/gas-auf-klinikgelaende-ausgetreten-feuerwehreinsatz,0,www.zeit.de,Feuerwehreinsatz: Gas auf Klinikgelände ausgetreten - Feuerwehreinsatz,Hier finden Sie Informationen zu dem Thema „Feuerwehreinsatz“. Lesen Sie jetzt „Gas auf Klinikgelände ausgetreten - Feuerwehreinsatz“.,https://img.zeit.de/news/2026-07/13/gas-auf-klinikgelaende-ausgetreten-feuerwehreinsatz-image-group/wide__1300x731,2026-07-13T18:16:08Z,,"Eine auslaufende Flüssigkeit hat einen größeren Feuerwehreinsatz in Berlin-Zehlendorf ausgelöst. Rund 70 Feuerwehrleute waren am frühen Nachmittag auf dem Klinikgelände in der Walterhöferstraße, um e… [+528 chars]",,de,'Gas'
https://www.zeit.de/news/2026-07/13/macron-ueberrascht-mit-ankuendigung-von-manoevern-fuer-ukraine,https://www.zeit.de/news/2026-07/13/macron-ueberrascht-mit-ankuendigung-von-manoevern-fuer-ukraine,0,www.zeit.de,Koalition der Willigen: Macron überrascht mit Ankündigung von Manövern für Ukraine,Hier finden Sie Informationen zu dem Thema „Koalition der Willigen“. Lesen Sie jetzt „Macron überrascht mit Ankündigung von Manövern für Ukraine“.,https://img.zeit.de/news/2026-07/13/macron-ueberrascht-mit-ankuendigung-von-manoevern-fuer-ukraine-image-group/wide__1300x731,2026-07-13T20:15:36Z,,Frankreichs Präsident Emmanuel Macron hat überraschend schon für die nächsten Monate gemeinsame Manöver der «Koalition der Willigen» der Ukraine-Verbündeten in den Nachbarländern des von Russland ang… [+5159 chars],,de,'Ukraine'
https://www.zeit.de/news/2026-07/13/trump-kuendigte-weitere-angriffe-auf-den-iran-an,https://www.zeit.de/news/2026-07/13/trump-kuendigte-weitere-angriffe-auf-den-iran-an,0,www.zeit.de,Iran-Krieg: Trump kündigte weitere Angriffe auf den Iran an,Hier finden Sie Informationen zu dem Thema „Iran-Krieg“. Lesen Sie jetzt „US-Militär: Haben neue Angriffe auf den Iran begonnen“.,https://img.zeit.de/news/2026-07/13/trump-kuendigte-weitere-angriffe-auf-den-iran-an-image-group/wide__1300x731,2026-07-13T21:03:12Z,,"Das US-Militär greift nach eigenen Angaben erneut iranische Ziele an. Um 16.45 US-Ortsküstenzeit (22.45 deutscher Zeit) hätten die Streitkräfte die dritte Nacht in Folge Angriffe gestartet, teilte da… [+1039 chars]",,de,'Iran'
https://www.faz.net/aktuell/politik/ausland/liveblog-irankrieg-nach-beginn-weiterer-us-angriffe-greift-iran-offenbar-tanker-an-faz-200583539.html,https://www.faz.net/aktuell/politik/ausland/liveblog-irankrieg-nach-beginn-weiterer-us-angriffe-greift-iran-offenbar-tanker-an-faz-200583539.html,0,www.faz.net,Liveblog Irankrieg: Nach Beginn weiterer US-Angriffe greift Iran offenbar Tanker an,US-Militär greift dritte Nacht in Folge an +++ Trump kündigt Wiedereinführung einer Seeblockade gegen Iran an +++ Iran sieht sich bei US-Verstößen nicht mehr an Rahmenabkommen gebunden +++ alle Entwicklungen im Liveblog,https://media0.faz.net/image/w1200h627/51a7b10e28b5/w2560h1337x0y51o/202607/43601.0.2329674886/in-einem-von-centcom-geteilten.webp,2026-07-13T23:21:56Z,,"Der Krieg gegen Iran richtet sich nicht nur gegen die Islamische Republik, sondern auch gegen seine Verbündeten. Am Montag wurde deshalb offenbar der internationale Flughafen der jemenitischen Haupts… [+970 chars]",,de,'Iran'
https://www.zeit.de/news/2026-07/14/rwe-erwartet-stabile-strompreise-fuer-haushalte,https://www.zeit.de/news/2026-07/14/rwe-erwartet-stabile-strompreise-fuer-haushalte,0,www.zeit.de,Energiekosten: RWE erwartet stabile Strompreise für Haushalte,Hier finden Sie Informationen zu dem Thema „Energiekosten“. Lesen Sie jetzt „RWE erwartet stabile Strompreise für Haushalte“.,https://img.zeit.de/news/2026-07/14/rwe-erwartet-stabile-strompreise-fuer-haushalte-image-group/wide__1300x731,2026-07-14T01:00:09Z,,"Deutschlands größter Stromerzeuger RWE geht für die kommenden fünf Jahre von insgesamt eher stabilen Preisen für Haushaltskunden aus. RWE-Chef Markus Krebber erwartet nach eigenen Angaben nicht, dass… [+1433 chars]",,de,'Gas'
https://www.bild.de/politik/ausland-und-internationales/iran-kommandant-prahlt-wir-koennen-trump-im-weissen-haus-toeten-6a55859886a2f0846eaafaae,https://www.bild.de/politik/ausland-und-internationales/iran-kommandant-prahlt-wir-koennen-trump-im-weissen-haus-toeten-6a55859886a2f0846eaafaae,0,www.bild.de,Todesdrohung gegen Trump - „Iran könnte das leicht im Weißen Haus machen“,Iranische Morddrohungen gegen Trump eskalieren. Ex-IRGC-Kommandeur prahlt sogar mit einem Anschlag im Weißen Haus.,"https://images.bild.de/6a55859886a2f0846eaafaae/5b51f185d3256c500968d102551dcd83,7873f745?w=1280",2026-07-14T03:11:19Z,,TTS-Player überspringenArtikel weiterlesenWashington/Teheran Die Todesdrohungen aus dem Iran gegen Donald Trump (80) werden lauter! In Teheran trugen trauernde Massen beim Staatsbegräbnis des zu Krie… [+2404 chars],,de,'Chamenei'
https://www.welt.de/videos/video6a55c786cf92fabbfe399ddd/treffen-in-paris-im-kreml-nennt-man-die-koalition-der-willigen-die-koalition-der-kriegstreiber.html,https://www.welt.de/videos/video6a55c786cf92fabbfe399ddd/treffen-in-paris-im-kreml-nennt-man-die-koalition-der-willigen-die-koalition-der-kriegstreiber.html,0,www.welt.de,„Im Kreml nennt man die ‚Koalition der Willigen‘ die ‚Koalition der Kriegstreiber‘“,Frankreichs Präsident Macron hat für die nächsten Monate gemeinsame Manöver der „Koalition der Willigen“ in den Nachbarländern der Ukraine angekündigt. Korrespondent Christoph Wanner berichtet.,https://images.welt.de/6a55c786cf92fabbfe399ddd/e133c3fa8598317800040582c188ab1d/ci16x9-w1200/dpa-com-260713-99-49488-jpg,2026-07-14T05:41:54Z,,Die WELT als ePaper: Die vollständige Ausgabe steht Ihnen bereits am Vorabend zur Verfügung so sind Sie immer hochaktuell informiert. Weitere Informationen https://epaper.welt.de,,de,'Ukraine'
https://www.telepolis.de/article/Analyse-Warum-Trumps-Krieg-um-Hormus-zum-Bumerang-wird-11363065.html,https://www.telepolis.de/article/Analyse-Warum-Trumps-Krieg-um-Hormus-zum-Bumerang-wird-11363065.html,0,www.telepolis.de,Analyse: Warum Trumps Krieg um Hormus zum Bumerang wird,"Ölreserven auf Tiefstand, Wahlen in vier Monaten: Das US-iranische Abkommen ist faktisch tot, während Trump wenig zu gewinnen hat. Ein Gastbeitrag.",https://heise.cloudimg.io/bound/1200x1200/q85.png-lossy-85.webp-lossy-85.foil1/_www-heise-de_/imgs/18/5/1/1/5/9/9/0/shutterstock_2217248205-faaaea4a6802f600.jpg,2026-07-14T08:00:00Z,,"Raketen im Teheraner Militärmuseum: ""Iran baut schneller Raketen, als die USA Abfangsysteme produzieren können""
(Bild: saeediex/Shutterstock.com)
Ölreserven auf Tiefstand, Wahlen in vier Monaten: D… [+11095 chars]",,de,'Chamenei'
https://www.zeit.de/news/2026-07/14/polen-kuendigt-erste-manoever-der-koalition-der-willigen-an,https://www.zeit.de/news/2026-07/14/polen-kuendigt-erste-manoever-der-koalition-der-willigen-an,0,www.zeit.de,Ukraine-Krieg: Polen kündigt erste Manöver der «Koalition der Willigen» an,Hier finden Sie Informationen zu dem Thema „Ukraine-Krieg“. Lesen Sie jetzt „Polen kündigt erste Manöver der «Koalition der Willigen» an“.,https://img.zeit.de/news/2026-07/14/polen-kuendigt-erste-manoever-der-koalition-der-willigen-an-image-group/wide__1300x731,2026-07-14T08:06:47Z,,"Erste Militärmanöver der «Koalition der Willigen» zur Unterstützung der Ukraine sollen in diesem Herbst in Polen stattfinden. Das kündigte der polnische Ministerpräsident Donald Tusk in Paris an, nac… [+837 chars]",,de,'Ukraine'
https://www.zeit.de/politik/ausland/2026-07/koalition-der-willigen-militaermanoever-polen-ukraine-donald-tusk,https://www.zeit.de/politik/ausland/2026-07/koalition-der-willigen-militaermanoever-polen-ukraine-donald-tusk,0,www.zeit.de,Koalition der Willigen: Polen kündigt erste Manöver der Ukraineverbündeten für Herbst an,Die von Emmanuel Macron angekündigten gemeinsamen Manöver der Ukraine-Unterstützer werden konkreter: Im Herbst sollen laut Donald Tusk erste Übungen in Polen stattfinden.,https://img.zeit.de/politik/ausland/2026-07/koalition-der-willigen-militaermanoever-polen-ukraine-donald-tusk-foto-1/wide__1300x731,2026-07-14T08:45:44Z,,Der polnische Ministerpräsident Donald Tusk hat Details zu Militärmanövern der sogenannten Koalition der Willigen bekanntgegeben. Erste Übungen der Ukraineverbündeten finden ihm zufolge in diesem Her… [+2125 chars],,de,'Wladimir Putin'
https://www.focus.de/politik/ausland/expertin-ukrainische-angriffe-radikalisieren-putin-und-spaltet-die-russen-zerstoerung-kiews-einsatz-von-atomwaffen_c6a28165-985c-455e-82a2-5599a113c820.html,https://www.focus.de/politik/ausland/expertin-ukrainische-angriffe-radikalisieren-putin-und-spaltet-die-russen-zerstoerung-kiews-einsatz-von-atomwaffen_c6a28165-985c-455e-82a2-5599a113c820.html,0,www.focus.de,"Expertin: Ukrainische Angriffe radikalisieren Putin und spaltet die Russen – „Zerstörung Kiews, Einsatz von Atomwaffen…“",Ukrainische Angriffe treffen Russland inzwischen tief im Inneren. Eine Forscherin warnt vor einer gefährlichen Radikalisierung im Kreml.,"https://quadro.burda-forward.de/ctf/e94a97f6-eff8-4690-af02-b75689ae80f3.b74e33bc-8064-447d-b14a-a8e0afd407fc.jpg?im=RegionOfInterestCrop=(1200,630),regionOfInterest=(2686,1322)&hash=4bc468cecd8971597bc2c711fa6d86328eb2a005615be11b73b3d5e5d2c21d02",2026-07-14T08:56:00Z,,Russlands Krieg gegen die Ukraine könnte in diesem Jahr in eine besonders kritische Phase eintreten. Die Folgen der Kämpfe seien inzwischen erstmals seit vier Jahren deutlich innerhalb Russlands zu s… [+3107 chars],,de,'Kreml'
https://www.golem.de/sonstiges/zustimmung/auswahl.html?from=https://www.golem.de/news/erster-kampfeinsatz-us-militaer-schickt-drohnenboote-gegen-iran-2607-210836.html&referer=https://t.co/041f79f782,https://www.golem.de/sonstiges/zustimmung/auswahl.html?from=https://www.golem.de/news/erster-kampfeinsatz-us-militaer-schickt-drohnenboote-gegen-iran-2607-210836.html&referer=https://t.co/041f79f782,0,www.golem.de,Erster Kampfeinsatz: US-Militär schickt Drohnenboote gegen Iran,"Drei autonome Wasserfahrzeuge haben laut US-Militär einen Marinestützpunkt im Iran angegriffen. Das US-Kommando spricht von einer Premiere. (Schifffahrt, Politik)",,2026-07-14T09:05:02Z,,"Besuchen Sie Golem.de wie gewohnt mit Werbung und Tracking,
 indem Sie der Nutzung aller Cookies zustimmen.
 Details zum Tracking finden Sie im Privacy Center.
Skript wurde nicht geladen. Informat… [+607 chars]",,de,'Iran'
https://www.bild.de/politik/ausland-und-internationales/bericht-mossad-warb-den-irren-von-teheran-fuer-regimesturz-im-iran-an-6a55d10086a2f0846eaafd76,https://www.bild.de/politik/ausland-und-internationales/bericht-mossad-warb-den-irren-von-teheran-fuer-regimesturz-im-iran-an-6a55d10086a2f0846eaafd76,0,www.bild.de,„New York Times“ berichtet - Mossad warb den „Irren von Teheran“ an,Mahmud Ahmadinedschad (69) soll Israels Geheimplan für einen Regimewechsel im Iran unterstützt haben.,"https://images.bild.de/6a55d10086a2f0846eaafd76/ece04706a9ba3b8bb59ad16e8c333180,3d4c82e?w=1280",2026-07-14T09:54:41Z,,TTS-Player überspringenArtikel weiterlesenBerlin Er galt als der Irre von Teheran und als einer der gefährlichsten Männer der Welt: der ehemalige iranische Präsident Mahmud Ahmadinedschad (69). Um de… [+2249 chars],,de,'Benjamin Netanjahu'
https://www.nzz.ch/deutschland/wirtschaft/deutschland-droht-eine-chronische-konsum-und-investitionsflaute-ld.10015367,https://www.nzz.ch/deutschland/wirtschaft/deutschland-droht-eine-chronische-konsum-und-investitionsflaute-ld.10015367,0,www.nzz.ch,Deutschland droht eine chronische Konsum- und Investitionsflaute,"Die Umsätze im Einzelhandel und im Gastgewerbe schrumpfen, die Investitionsbereitschaft der Unternehmen sinkt.  Ohne durchgreifende Verbesserungen der Standortbedingungen droht Deutschland eine Abwärtsspirale aus Konsum- und Investitionszurückhaltung.","https://img-msp-prod.nzz.ch/2026/07/14/4cb75a7f-8d9a-453d-9a99-39da1bd6df29.jpg?width=1200&height=674&fit=bounds&quality=75&auto=webp&crop=6230,3504,x0,y393&wmark=nzz",2026-07-14T10:00:55Z,,"Die Umsätze im Einzelhandel und im Gastgewerbe schrumpfen, die Investitionsbereitschaft der Unternehmen sinkt.  Ohne durchgreifende Verbesserungen der Standortbedingungen droht Deutschland eine Abwär… [+5118 chars]",,de,'heizen'
https://www.morgenpost.de/wirtschaft/article412573583/vw-aktionaer-katar-stellt-sich-gegen-israelische-plaene-fuer-werk-in-osnabrueck.html,https://www.morgenpost.de/wirtschaft/article412573583/vw-aktionaer-katar-stellt-sich-gegen-israelische-plaene-fuer-werk-in-osnabrueck.html,0,www.morgenpost.de,VW-Aktionär Katar stellt sich gegen israelische Pläne für Werk in Osnabrück,Im VW-Werk Osnabrück läuft die Autoproduktion 2027 aus. Ein israelisches Rüstungsunternehmen wollte einspringen. Doch daraus wird wohl nichts.,https://img.sparknews.funkemedien.de/412573584/412573584_1784023845_v16_9_1600.jpeg,2026-07-14T10:10:45Z,,Es sind bittere Zeiten für die deutschen Automobilkonzerne. Allein bei Volkswagen sollen nach Angaben von Konzernchef Oliver Blume bis 2030 weltweit 50.000 Arbeitsplätze wegfallen. Mehr als 37.000 Be… [+2852 chars],,de,'Benjamin Netanjahu'
https://taz.de/Das-WM-Tagebuch-des-Fifa-Praesidenten/!6195873/,https://taz.de/Das-WM-Tagebuch-des-Fifa-Praesidenten/!6195873/,0,taz.de,Das WM-Tagebuch des Fifa-Präsidenten: Ein Fußballherz aus Gold,Gianni Infantino macht eine WM-Pause und fliegt kurz nach Katar. Der Tod des einstigen Emirs erschüttert ihn. Beide haben sich viel zu verdanken.,https://taz.de/picture/8609352/1200/41665738.jpeg,2026-07-14T10:29:00Z,,Gianni Infantino macht eine WM-Pause und fliegt kurz nach Katar. Der Tod des einstigen Emirs erschüttert ihn. Beide haben sich viel zu verdanken. mehr...,,de,'Katar'
https://www.welt.de/politik/ausland/article6a561291327771d6e72e53f2/krieg-in-der-ukraine-kreml-weist-merz-vorstoss-zurueck-putin-laut-expertin-bereit-fast-jeden-preis-zu-zahlen.html,https://www.welt.de/politik/ausland/article6a561291327771d6e72e53f2/krieg-in-der-ukraine-kreml-weist-merz-vorstoss-zurueck-putin-laut-expertin-bereit-fast-jeden-preis-zu-zahlen.html,0,www.welt.de,"Kreml weist Merz‘ Vorstoß zurück – Putin laut Expertin bereit, „fast jeden Preis zu zahlen“","Russland gerät durch die ukrainische Offensive wirtschaftlich unter Druck. Doch statt der erhofften Verhandlungsbereitschaft wird genau das Gegenteil erreicht, diagnostiziert eine Russland-Expertin. Der Kreml reagiert derweil auf eine Äußerung von Kanzler Mer…",https://images.welt.de/6a561291327771d6e72e53f2/0ad0b87919f40b61e79f927f350dbd30/ci16x9-w1200/gyi-2285311023-jpg,2026-07-14T11:59:10Z,,"Russland gerät durch die ukrainische Offensive wirtschaftlich unter Druck. Doch statt der erhofften Verhandlungsbereitschaft wird genau das Gegenteil erreicht, diagnostiziert eine Russland-Expertin. … [+6678 chars]",,de,'Kreml'
https://www.faz.net/aktuell/politik/ausland/militaerparade-in-paris-europas-staerke-gegen-russland-accg-201027760.html,https://www.faz.net/aktuell/politik/ausland/militaerparade-in-paris-europas-staerke-gegen-russland-accg-201027760.html,0,www.faz.net,Feier zum 14. Juli: Eine Parade der europäischen Entschlossenheit,Die Ukraine und ihre Verbündeten sind Ehrengäste in Paris. Auf das Defilee sollen Manöver der Koalition der Willigen folgen.,https://media0.faz.net/image/w1200h627/9f8d4bc943d0/w3740h1954x0y346o/202607/43601.0.2333327263/emmanuel-macron-mit-dem.webp,2026-07-14T12:29:27Z,,"Mit einer Militärparade der Superlative ist in Paris das strategische Erwachen Europas zelebriert worden. So lautete das Motto des französischen Nationalfeiertags, zu dem 25 Staats- und Regierungsche… [+5511 chars]",,de,'Wladimir Putin'
https://www.tagesschau.de/ausland/europa/ukraine-koalition-der-willigen-manoever-100.html,https://www.tagesschau.de/ausland/europa/ukraine-koalition-der-willigen-manoever-100.html,0,www.tagesschau.de,"""Koalition der Willigen"": Tusk kündigt gemeinsames Manöver in Polen an",Die Unterstützerländer der Ukraine gehen den nächsten Schritt: Sie wollen gemeinsam militärisch üben - im Herbst in Polen. Das kündigte Ministerpräsident Tusk an. Neben Polen sollen Frankreich und Großbritannien an den Manövern teilnehmen.,https://images.tagesschau.de/image/fdad6bec-e6d4-4289-af18-1ce725b28cc6/AAABn2CmwOo/AAABnSSvrFg/16x9-big/ukraine-unterstuetzer-100.jpg?width=1280,2026-07-14T12:42:49Z,,"Stand: 14.07.2026 14:42 Uhr
Die Unterstützerländer der Ukraine gehen den nächsten Schritt: Sie wollen gemeinsam militärisch üben - im Herbst in Polen. Das kündigte Ministerpräsident Tusk an. Neben P… [+3009 chars]",,de,'Wladimir Putin'
https://www.faz.net/aktuell/gesellschaft/menschen/liveticker-zur-hitzewelle-in-deutschland-muenchner-muessen-wasser-sparen-stadt-erlaesst-verbote-faz-200949959.html,https://www.faz.net/aktuell/gesellschaft/menschen/liveticker-zur-hitzewelle-in-deutschland-muenchner-muessen-wasser-sparen-stadt-erlaesst-verbote-faz-200949959.html,0,www.faz.net,Hitze-Liveblog: Münchner müssen Wasser sparen – Stadt erlässt Verbote,Wasserverbrauch in München ist zu hoch +++ Wetterdienst warnt vor Unwettern +++ Viele zusätzliche Todesfälle durch Hitzewelle Ende Juni +++ alle Entwicklungen im Liveblog,https://media0.faz.net/image/w1200h627/cec6552d7324/w6144h3210x0y295o/202606/43601.0.2256755854/ein-paerchen-sitzt-auf-einer.webp,2026-07-14T12:52:37Z,,"Die Stadt München hat am Dienstag mehrere Regeln für den Wasserverbrauch aufgestellt, der nach Angaben der Stadt zuletzt deutlich von 300 auf 360 Millionen Liter pro Tag angestiegen ist. Verboten ist… [+990 chars]",,de,'Winter'
https://www.dw.com/de/iran-zeitung-drohung-bundeskanzler-merz-mit-vergeltung-krieg-chamenei/a-77945772,https://www.dw.com/de/iran-zeitung-drohung-bundeskanzler-merz-mit-vergeltung-krieg-chamenei/a-77945772,0,www.dw.com,"Iranische Zeitung droht Bundeskanzler Merz mit ""Vergeltung""","Eine wichtige Zeitung im Iran veröffentlicht eine Morddrohung gegen Bundeskanzler Friedrich Merz. Deutsche Politiker zeigen sich besorgt. Die Bundesregierung reagiert zurückhaltend. Es war eine extrem verstörende Meldung, die am vergangenen Wochenende aus dem…",https://static.dw.com/image/77887488_6.jpg,2026-07-14T13:02:00Z,,"Es war eine extrem verstörende Meldung, die am vergangenen Wochenende aus dem Iran kam: Die ultra-konservative Zeitung ""Hamshahri"" veröffentlichte am Samstag im Internet eine Art Fahndungsaufruf mit … [+5012 chars]",,de,'Friedrich Merz'
https://www.tagesspiegel.de/internationales/neue-details-zu-israels-planen-mit-ahmadinedschad-im-iran-eine-jahrelange-geheimdienstoperation--und-warum-sie-scheiterte-15837735.html,https://www.tagesspiegel.de/internationales/neue-details-zu-israels-planen-mit-ahmadinedschad-im-iran-eine-jahrelange-geheimdienstoperation--und-warum-sie-scheiterte-15837735.html,0,www.tagesspiegel.de,Neue Details zu Israels Plänen mit Ahmadinedschad im Iran: Eine jahrelange Geheimdienstoperation – und warum sie scheiterte,Israel hat den iranischen Ex-Präsidenten Ahmadinedschad offenbar über Jahre angeworben und ihm Geld gezahlt. Laut einem Medienbericht sollen immer wieder geheime Treffen im Ausland stattgefunden haben.,https://www.tagesspiegel.de/images/15616960/alternates/BASE_16_9_W1400/1784031076000/june-2-2024-tehran-iran-former-iranian-president-mahmoud-ahmadinejad-shows-a-victory-sign-after-registering-his-cand.jpeg,2026-07-14T13:48:03Z,,Der iranische Hardliner und frühere Präsident Mahmud Ahmadinedschad stand zuletzt immer wieder im Mittelpunkt von Gerüchten und Spekulationen selbst sein angeblicher Tod war schon vermeldet worden. W… [+4770 chars],,de,'Iran'
https://www.zeit.de/politik/ausland/2026-07/polen-ukraine-uebergriffe-auslaenderfeindlichkeit-bielsko-biala,https://www.zeit.de/politik/ausland/2026-07/polen-ukraine-uebergriffe-auslaenderfeindlichkeit-bielsko-biala,0,www.zeit.de,Ukrainische Aufständische Armee (UPA): Immer mehr Berichte über Angriffe auf Ukrainer in Polen,In Polen kommt es vermehrt zu Attacken gegen Menschen aus der Ukraine. Hintergrund ist eine historische Debatte der beiden Länder über den Zweiten Weltkrieg.,https://img.zeit.de/politik/ausland/2026-07/polen-ukraine-uebergriffe-auslaenderfeindlichkeit-bielsko-biala-foto-1/wide__1300x731,2026-07-14T14:31:12Z,,Vor dem Hintergrund des politischen Streits mit der Ukraine häufen sich in Polen Berichte über Übergriffe auf dort lebende Ukrainerinnen und Ukrainer. Innenminister Marcin Kierwiski warf der politisc… [+2560 chars],,de,'Ukraine'
https://www.tagesschau.de/inland/innenpolitik/china-wettbewerb-deutschland-100.html,https://www.tagesschau.de/inland/innenpolitik/china-wettbewerb-deutschland-100.html,0,www.tagesschau.de,China-Politik: Wie Deutschland seine Industrie schützen will,Der Verlust deutscher Industriearbeitsplätze wird zunehmend auf China zurückgeführt. Die Bundesregierung setzt deshalb auf einen härteren Kurs gegenüber Peking. Doch die neue Strategie birgt auch Risiken. Von Ruth Kirchner.,https://images.tagesschau.de/image/793000bb-544f-46b1-97e8-a17c089234a8/AAABnmhOWCo/AAABnSSvrFg/16x9-big/konjunktur-358.jpg?width=1280,2026-07-14T14:37:33Z,,"Stand: 14.07.2026 16:37 Uhr
Der Verlust deutscher Industriearbeitsplätze wird zunehmend auf China zurückgeführt. Die Bundesregierung setzt deshalb auf einen härteren Kurs gegenüber Peking. Doch die … [+5514 chars]",,de,'Industrie'
https://www.tagesspiegel.de/internationales/ukraine-invasion-tag-1602-warum-selenskyj-die-regierung-umbaut--und-die-ministerprasidentin-geht-15838466.html,https://www.tagesspiegel.de/internationales/ukraine-invasion-tag-1602-warum-selenskyj-die-regierung-umbaut--und-die-ministerprasidentin-geht-15838466.html,0,www.tagesspiegel.de,"Ukraine-Invasion, Tag 1602: Warum Selenskyj die Regierung umbaut – und die Ministerpräsidentin geht",Ukraine attackiert Raffinerie am Uralgebirge. Und: Drohnenkommandeur über Krim-Brücke. Der Nachrichtenüberblick.,https://www.tagesspiegel.de/images/15838502/alternates/BASE_16_9_W1400/1784042989000/files-ukraine-russia-conflict-politics-war.jpeg,2026-07-14T15:31:40Z,,"Während ich diesen Newsletter schreibe, hat das ukrainische Parlament den Rücktritt von MinisterpräsidentinJulija Swyrydenko gebilligt. Ein Prozedere, das sich seit Sonntag als Formalie abzeichnete.… [+6112 chars]",,de,'Ukraine'
https://www.bild.de/politik/inland/eine-bild-analyse-was-der-merz-eintrag-auf-der-todesliste-der-mullahs-bedeutet-6a55f07604bf7e616bda7eac,https://www.bild.de/politik/inland/eine-bild-analyse-was-der-merz-eintrag-auf-der-todesliste-der-mullahs-bedeutet-6a55f07604bf7e616bda7eac,0,www.bild.de,Gefährdungsanalyse - Merz auf der Todesliste der Mullahs,"Berlin - Bundeskanzler Friedrich Merz (70, CDU) ist auf einer iranischen Todesliste aufgetaucht. Irans oberster Führer Modschtaba Ch...","https://images.bild.de/6a55f07604bf7e616bda7eac/2236724c24e442f82448a43370e1e21f,f2fd5303?w=1280",2026-07-14T16:12:51Z,,"TTS-Player überspringenArtikel weiterlesenBerlin - Bundeskanzler Friedrich Merz (70, CDU) ist auf einer iranischen Todesliste aufgetaucht. Irans oberster Führer Modschtaba Chamenei (57) drohte nach d… [+3130 chars]",,de,'Iran'
https://www.zeit.de/news/2026-07/14/poseck-nato-bleibt-grundpfeiler-fuer-europas-sicherheit,https://www.zeit.de/news/2026-07/14/poseck-nato-bleibt-grundpfeiler-fuer-europas-sicherheit,0,www.zeit.de,Verteidigung: Poseck: Nato bleibt Grundpfeiler für Europas Sicherheit,Hier finden Sie Informationen zu dem Thema „Verteidigung“. Lesen Sie jetzt „Poseck: Nato bleibt Grundpfeiler für Europas Sicherheit“.,https://img.zeit.de/news/2026-07/14/poseck-nato-bleibt-grundpfeiler-fuer-europas-sicherheit-image-group/wide__1300x731,2026-07-14T16:31:32Z,,Hessens Innenminister Roman Poseck hat nach Gesprächen im Nato-Hauptquartier die Bedeutung der Allianz für Europas Sicherheit und die Unterstützung der Ukraine betont. «Die Nato ist und bleibt der Gr… [+1298 chars],,de,'Ukraine'
https://www.n-tv.de/politik/Trump-agiert-wie-von-Angst-getrieben-id31085469.html,https://www.n-tv.de/politik/Trump-agiert-wie-von-Angst-getrieben-id31085469.html,0,www.n-tv.de,Iranische Drohungen verfangen: Trump agiert wie von Angst getrieben,Am Morgen trifft der Iran zwei Tanker der Emirate. Freie Durchfahrt in der Straße von Hormus - scheint Wunschdenken zu sein. Zugleich droht Teheran Trump mit dem Tod. Treibt Angst den US-Präsidenten womöglich in einen noch größeren Krieg?,https://www.n-tv.de/img/31085524/1784050907/Img_16_9/1200/CHIPPEWA-COUNTY-WISCONSIN-JUNE-05-U-S-President-Donald-Trump-gets-in-an-armored-SUV-after-landing-at-Chippewa-Valley-Regional-Airport-in-Air-Force-One-on-June-05-2026-in-Chippewa-County-Wisconsin-President-Trump-traveled-to-Wisconsin-to-attend-a-roundtable-highlighting-his-administration-s-agricultural-policies.jpg,2026-07-14T16:54:25Z,,"Präsident Donald Trump steigt in einen geschützten SUV. (Foto: Getty Images)
Am Morgen treffen iranische Marschflugkörper zwei Tanker der Vereinigten Arabischen Emirate (VAE) vor der Küste des Oman.… [+10591 chars]",,de,'Krieg'
https://www.faz.net/aktuell/rhein-main/wirtschaft/ein-neuer-gewerbepark-fuer-frankfurt-201001777.html,https://www.faz.net/aktuell/rhein-main/wirtschaft/ein-neuer-gewerbepark-fuer-frankfurt-201001777.html,0,www.faz.net,Industrie in Frankfurt: Gewerbegebiet mit Uferpark,"In Frankfurt-Griesheim, wo sich 2016 noch ein Chemiepark befand, sollen Industriebetriebe und Handwerker eine neue Heimat finden.",https://media0.faz.net/image/w1200h627/44f80e1b4b31/w3464h1809x0y249o/202606/43601.0.2204435913/im-frankfurter-westen-entsteht.webp,2026-07-14T18:00:00Z,,"Im Grunde hat die Grünen-Politikerin Rosemarie Heilig den richtigen Riecher gehabt. Die Aufregung war groß im Frühjahr 2016, als die Frankfurter Umweltdezernentin vorschlug, die wenigen Firmen des In… [+5206 chars]",,de,'Industrie'
https://www.zeit.de/politik/2026-07/krieg-iran-usa-israel-nahost,https://www.zeit.de/politik/2026-07/krieg-iran-usa-israel-nahost,0,www.zeit.de,"Krieg im Iran: Wie mit der Nato, so mit dem Golf",Donald Trump setzt die Iran-Blockade wieder in Kraft. Er zerstört damit die Legitimation des US-Einsatzes: die Freiheit der Seewege. Das ist gefährlicher Irrsinn.,https://img.zeit.de/politik/2026-07/krieg-iran-usa-israel-nahost-bild/wide__1300x731,2026-07-14T18:32:58Z,,"Was der US-Präsident für diesen Dienstagabend auf seinem Netzwerk Truth Social angekündigt hat, verdient anders als zahlreiche andere wirre Posts höchste Aufmerksamkeit. Nicht nur, weil sich damit ei… [+631 chars]",,de,'Krieg'
https://www.zeit.de/gesellschaft/zeitgeschehen/2026-07/hochwasser-katastrophe-ahrtal-gordon-schnieder-entschuldigung,https://www.zeit.de/gesellschaft/zeitgeschehen/2026-07/hochwasser-katastrophe-ahrtal-gordon-schnieder-entschuldigung,0,www.zeit.de,Gedenkfeier zur Hochwasserkatastrophe: Schnieder bittet nach Ahrtal-Katastrophe um Entschuldigung,Der Ministerpräsident von Rheinland-Pfalz hat sich für das Staatsversagen bei der Flut entschuldigt. Friedrich Merz sprach von besserem Schutz vor Naturkatastrophen.,https://img.zeit.de/gesellschaft/zeitgeschehen/2026-07/hochwasser-katastrophe-ahrtal-gordon-schnieder-entschuldigung-foto-1/wide__1300x731,2026-07-14T18:33:28Z,,"Bundeskanzler Friedrich Merz (CDU) und der
rheinland-pfälzische Ministerpräsident Gordon Schnieder
(CDU) haben sich bei der Gedenkfeier in Bad Neuenahr-Ahrweiler anlässlich des fünften Jahrestages … [+802 chars]",,de,'Friedrich Merz'
https://www.zeit.de/politik/ausland/2026-07/iran-israel-usa-angriffe-militaerische-infrastruktur,https://www.zeit.de/politik/ausland/2026-07/iran-israel-usa-angriffe-militaerische-infrastruktur,0,www.zeit.de,Angriffe auf den Iran: Wird der Iran gerade zum Failed State?,"Die Islamische Republik ist in einem instabilen Zustand. Genau das macht sie gleichzeitig schwach und gefährlich, sagt der Politikwissenschaftler Mehrzad Boroujerdi.",https://img.zeit.de/politik/ausland/2026-07/ran-israel-usa-angriffe-militaerische-infrastruktur-bild/wide__1300x731,2026-07-14T18:33:33Z,,"Seit dem Krieg kann der Iran seinen Luftraum kaum noch schützen. Dennoch verfügt das Land weiterhin über genügend Raketen, Drohnen und strategische Hebel, um seinen Gegnern erhebliche Kosten aufzuerl… [+555 chars]",,de,'Iran'
https://www.faz.net/aktuell/wissen/weltraum/iss-sojus-ms-29-fliegt-mit-russen-und-us-astronaut-201030794.html,https://www.faz.net/aktuell/wissen/weltraum/iss-sojus-ms-29-fliegt-mit-russen-und-us-astronaut-201030794.html,0,www.faz.net,Trotz Ukraine-Krieg: Zwei Russen und ein US-Amerikaner fliegen zur ISS,Der Ukraine-Krieg belastet die Beziehungen zwischen Russland und den USA. Dennoch reist ein Nasa-Chef zu einem russischen Raketenstart ins ferne Kasachstan.,https://media0.faz.net/image/w1200h627/f82766b85be3/w6000h3135x0y435o/202607/43601.0.2335446306/die-internationale-raumstation.webp,2026-07-14T23:15:23Z,,Trotz der Spannungen aufgrund des russisch-ukrainischen Krieges sind zwei russische Kosmonauten mit einem US-Astronauten an Bord eines russischen Raumschiffs zur Internationalen Raumstation ISS geflo… [+2219 chars],,de,'Krieg'
https://www.zeit.de/news/2026-07/15/trump-droht-iran-mit-angriffen-auf-kraftwerke-und-bruecken,https://www.zeit.de/news/2026-07/15/trump-droht-iran-mit-angriffen-auf-kraftwerke-und-bruecken,0,www.zeit.de,Iran-Krieg: Trump droht Iran mit Angriffen auf Kraftwerke und Brücken,Hier finden Sie Informationen zu dem Thema „Iran-Krieg“. Lesen Sie jetzt „Trump droht Iran mit Angriffen auf Kraftwerke und Brücken“.,https://img.zeit.de/news/2026-07/15/trump-droht-iran-mit-angriffen-auf-kraftwerke-und-bruecken-image-group/wide__1300x731,2026-07-15T01:16:06Z,,"US-Präsident Donald Trump hat dem Iran mit Angriffen auf die zivile Infrastruktur des Landes gedroht. Nächste Woche würden alle Kraftwerke und Brücken zerstört, «es sei denn, sie kommen an den Verhan… [+1770 chars]",,de,'Iran'
https://www.zeit.de/politik/ausland/2026-07/usa-iran-angriffe-seeblockade-donald-trump,https://www.zeit.de/politik/ausland/2026-07/usa-iran-angriffe-seeblockade-donald-trump,0,www.zeit.de,"Iranüberblick: Seeblockade in Kraft, Trump droht mit Angriffen auf Zivilinfrastruktur","Die USA blockieren iranische Häfen und greifen Ziele im Iran an. Sollte der Iran sich nicht zurückhalten, werde man »Brücken« beschießen, sagt Donald Trump. Die Nacht",https://img.zeit.de/politik/ausland/2026-07/donald-trump-iran-usa-krieg/wide__1300x731,2026-07-15T01:43:31Z,,Die USA haben in der Nacht mit der erneuten Seeblockade iranischer Häfen begonnen und am vierten Tag in Folge mehrere Ziele im Iran angegriffen. Derzeit seien über 20 Kriegsschiffe der Marine und Hun… [+2595 chars],,de,'Iran'
https://www.faz.net/aktuell/politik/ausland/boris-nadjeschdin-wie-putin-kritiker-mundtot-macht-accg-201027916.html,https://www.faz.net/aktuell/politik/ausland/boris-nadjeschdin-wie-putin-kritiker-mundtot-macht-accg-201027916.html,0,www.faz.net,Repression in Russland: Plötzlich ein „ausländischer Agent“,"Das Vorgehen gegen den Antikriegspolitiker Boris Nadjeschdin zeigt, dass der Kreml keinerlei Kritik toleriert. Und bisweilen aus eigenen Fehlern lernt.",https://media0.faz.net/image/w1200h627/ed7f0a142e84/w5470h2858x0y212o/202607/43601.0.2331784164/kurzzeitig-festgehalten.webp,2026-07-15T05:27:38Z,,"Boris Nadjeschdin ist nicht nur einer der wenigen offenen Kriegsgegner, die noch in Russland sind. Der 63 Jahre alte Bartträger aus Dolgoprudnyj im Moskauer Umland, der sogar angesichts gröbster Will… [+4219 chars]",,de,'Kreml'
https://www.welt.de/politik/ausland/plus697e7ed0a7dd3fc6705560d6/ukraine-krieg-wir-haben-sie-binnen-stunden-vernichtet-die-frontstadt-an-der-putin-sich-die-zaehne-ausbeisst.html,https://www.welt.de/politik/ausland/plus697e7ed0a7dd3fc6705560d6/ukraine-krieg-wir-haben-sie-binnen-stunden-vernichtet-die-frontstadt-an-der-putin-sich-die-zaehne-ausbeisst.html,0,www.welt.de,"„Wir haben sie binnen Stunden vernichtet“ – die Frontstadt, an der Putin sich die Zähne ausbeißt","In Saporischschja versuchen 700.000 Menschen, wenige Kilometer hinter den Schützengräben ein halbwegs normales Leben zu führen. Putin hat die Einnahme der Stadt befohlen. Doch an der Front geraten nun die Russen unter Druck.",https://images.welt.de/697e7ed0a7dd3fc6705560d6/341998dd878a79864ec4c3ee6c789fca/ci16x9-w1200/604331249-jpg,2026-07-15T08:02:10Z,,"In Saporischschja versuchen 700.000 Menschen, wenige Kilometer hinter den Schützengräben ein halbwegs normales Leben zu führen. Putin hat die Einnahme der Stadt befohlen. Doch an der Front geraten nu… [+24 chars]",,de,'Saporischschja'
https://www.zeit.de/news/2026-07/15/177-000-industriearbeitsplaetze-in-einem-jahr-verloren,https://www.zeit.de/news/2026-07/15/177-000-industriearbeitsplaetze-in-einem-jahr-verloren,0,www.zeit.de,Arbeitsmarkt: 177.000 Industriearbeitsplätze in einem Jahr verloren,Hier finden Sie Informationen zu dem Thema „Arbeitsmarkt“. Lesen Sie jetzt „177.000 Industriearbeitsplätze in einem Jahr verloren“.,https://img.zeit.de/news/2026-07/15/177-000-industriearbeitsplaetze-in-einem-jahr-verloren-image-group/wide__1300x731,2026-07-15T09:40:30Z,,"Die deutsche Industrie hat im vergangenen Jahr 177.000 Arbeitsplätze verloren. Das gab die Bundesagentur für Arbeit in Nürnberg bekannt. Im Dezember 2025 seien somit noch 6,5 Millionen Menschen im ve… [+867 chars]",,de,'Industrie'
https://www.golem.de/sonstiges/zustimmung/auswahl.html?from=https://www.golem.de/news/kommerzielle-raumfahrt-spacex-monopol-gefaehrdet-eine-bezahlbare-raumfahrt-2607-210891.html&referer=https://t.co/eac63fce0f,https://www.golem.de/sonstiges/zustimmung/auswahl.html?from=https://www.golem.de/news/kommerzielle-raumfahrt-spacex-monopol-gefaehrdet-eine-bezahlbare-raumfahrt-2607-210891.html&referer=https://t.co/eac63fce0f,0,www.golem.de,Kommerzielle Raumfahrt: SpaceX-Monopol gefährdet eine bezahlbare Raumfahrt,"Die Kostenentwicklung beim Transport von Gütern ins All sollen um 90 Prozent sinken. 2040 könnte eine komplette Industrie etabliert sein. (Satelliten, Wirtschaft)",,2026-07-15T10:15:02Z,,"Besuchen Sie Golem.de wie gewohnt mit Werbung und Tracking,
 indem Sie der Nutzung aller Cookies zustimmen.
 Details zum Tracking finden Sie im Privacy Center.
Skript wurde nicht geladen. Informat… [+607 chars]",,de,'Industrie'
https://www.zeit.de/news/2026-07/15/deutschland-beteiligt-sich-an-manoever-der-ukraine-koalition,https://www.zeit.de/news/2026-07/15/deutschland-beteiligt-sich-an-manoever-der-ukraine-koalition,0,www.zeit.de,Ukraine-Krieg: Deutschland beteiligt sich an Manöver der Ukraine-Koalition,Hier finden Sie Informationen zu dem Thema „Ukraine-Krieg“. Lesen Sie jetzt „Deutschland beteiligt sich an Manöver der Ukraine-Koalition“.,https://img.zeit.de/news/2026-07/15/deutschland-beteiligt-sich-an-manoever-der-ukraine-koalition-image-group/wide__1300x731,2026-07-15T10:39:15Z,,Deutschland wird sich doch an dem ersten Manöver der von Ukraine-Verbündeten gegründeten «Koalition der Willigen» beteiligen. Am Freitag werde man in einer Sitzung des deutsch-französischen Sicherhei… [+2012 chars],,de,'Ukraine'
https://www.zeit.de/politik/deutschland/2026-07/sommerpressekonferenz-friedrich-merz-bundeskanzler-fragen-schwarz-rot-live,https://www.zeit.de/politik/deutschland/2026-07/sommerpressekonferenz-friedrich-merz-bundeskanzler-fragen-schwarz-rot-live,0,www.zeit.de,Sommerpressekonferenz des Bundeskanzlers: Friedrich Merz stellt sich der Hauptstadtpresse,Wie geht es weiter mit dem Reformpaket? Wie umgehen mit den Umfragewerten der AfD? Der Bundeskanzler steht in Berlin Rede und Antwort. Das Liveblog,https://img.zeit.de/politik/deutschland/2026-07/sommerinterview-ard-friedrich-merz-liveblog-teaser/wide__1300x731,2026-07-15T10:41:38Z,,"Merz erste Sommer-PK vor einem Jahr wurde von einem Thema dominiert, der eine Woche zuvor verpatzten Wahl der Verfassungsrichterin Frauke Brosius-Gersdorf. Der Kanzler wich damals vielen Fragen danac… [+545 chars]",,de,'Friedrich Merz'
https://www.zeit.de/video/2026-07/friedrich-merz-sommerpressekonferenz,https://www.zeit.de/video/2026-07/friedrich-merz-sommerpressekonferenz,0,www.zeit.de,Bundeskanzler: Live: Friedrich Merz in der Sommerpressekonferenz,Die Koalition bringt große Reformen auf den Weg – erntet für diese aber auch viel Kritik. Was sagt der Kanzler dazu in seiner zweiten Sommerpressekonferenz? Jetzt live,https://img.zeit.de/politik/deutschland/2026-07/sommerinterview-ard-friedrich-merz-bild/wide__1300x731,2026-07-15T11:01:43Z,,"An dieser Stelle ist ein externer Inhalt eingebunden
Zum Anschauen benötigen wir Ihre Zustimmung",,de,'Friedrich Merz'
https://www.golem.de/sonstiges/zustimmung/auswahl.html?from=https://www.golem.de/news/werteausrichtung-von-llms-ki-sicherheit-darf-kein-werkzeugkasten-fuer-zensur-sein-2607-210897.html&referer=https://t.co/791fe9e9fa,https://www.golem.de/sonstiges/zustimmung/auswahl.html?from=https://www.golem.de/news/werteausrichtung-von-llms-ki-sicherheit-darf-kein-werkzeugkasten-fuer-zensur-sein-2607-210897.html&referer=https://t.co/791fe9e9fa,0,www.golem.de,Werteausrichtung von LLMs: KI-Sicherheit darf kein Werkzeugkasten für Zensur sein,"Technische KI-Sicherheitsverfahren bergen ein erhebliches Missbrauchspotenzial, vor dem Forscher der LMU München warnen. (KI, Zensur)",,2026-07-15T11:21:01Z,,"Besuchen Sie Golem.de wie gewohnt mit Werbung und Tracking,
 indem Sie der Nutzung aller Cookies zustimmen.
 Details zum Tracking finden Sie im Privacy Center.
Skript wurde nicht geladen. Informat… [+607 chars]",,de,'Sicherheit'
https://www.faz.net/aktuell/finanzen/jetzt-kommt-die-fernwaerme-viele-immobilienbesitzer-wissen-nicht-woran-sie-sind-201016759.html,https://www.faz.net/aktuell/finanzen/jetzt-kommt-die-fernwaerme-viele-immobilienbesitzer-wissen-nicht-woran-sie-sind-201016759.html,0,www.faz.net,Energiepolitik: Jetzt kommt die Fernwärme,"Seit einigen Tagen ist klar: Deutschlands Großstädte setzen vor allem auf die Fernwärme. Trotzdem wissen viele Immobilienbesitzer nicht, woran sie sind.",https://media0.faz.net/image/w1200h627/f0b1a37745b4/w6000h3135x0y515o/202607/43601.0.2317836628/ein-stapel-neuer-rohre-fuer.webp,2026-07-15T11:47:05Z,,"Jetzt wissen alle Bescheid, zumindest die Bewohner von Großstädten. Bis zum 30. Juni mussten alle deutschen Gemeinden mit mehr als 100.000 Einwohnern einen kommunalen Wärmeplan erarbeiten. Haus- und … [+9584 chars]",,de,'heizen'
https://www.n-tv.de/politik/Ukraine-nimmt-russische-Tanker-im-Schwarzen-Meer-ins-Visier-id31088442.html,https://www.n-tv.de/politik/Ukraine-nimmt-russische-Tanker-im-Schwarzen-Meer-ins-Visier-id31088442.html,0,www.n-tv.de,Drohnentruppen melden 20 Treffer: Ukraine nimmt russische Tanker im Schwarzen Meer ins Visier,"Die Ukraine versucht, dem Kreml die Finanzierung des Angriffskrieges zu erschweren. Erst attackieren Kiews Truppen dafür zahlreiche russische Öltanker im Asowschen Meer - nun beginnt eine neue Angriffswelle in einem weiteren Gebiet.",https://www.n-tv.de/img/31088371/1784119923/Img_16_9/1200/Novorossiysk-Russia-08-18-2024-large-sea-vessel-sailing-cargo-transportation-Black-Sea-port-Krasnodar-Territory-Novorossiysk.jpg,2026-07-15T11:53:36Z,,"Russische Tanker im Schwarzen Meer: Die Drohnentruppen der Ukraine wollen mehr als hundert von ihnen aufhalten. (Archivbild) (Foto: picture alliance / Zoonar)
Die Ukraine versucht, dem Kreml die Fin… [+1577 chars]",,de,'Ukraine'
https://www.tagesschau.de/ausland/europa/ukraine-drohnen-abkommen-verteidigung-100.html,https://www.tagesschau.de/ausland/europa/ukraine-drohnen-abkommen-verteidigung-100.html,0,www.tagesschau.de,Von der Leyen und Selenskyj schließen Drohnenabkommen,Mit vereinten Kräften wollen die EU und die Ukraine die Produktion von Drohnen hochfahren. Ein neues Abkommen soll Europas Industrie mit der erprobten Drohnenexpertise der Ukraine verzahnen.,https://images.tagesschau.de/image/ff05b0ff-b4b4-40fa-8726-f1516798b8d7/AAABn2WTJ5Q/AAABnSSvrFg/16x9-big/selenskyj-leyen-104.jpg?width=1280,2026-07-15T11:57:10Z,,"Stand: 15.07.2026 13:57 Uhr
Mit vereinten Kräften wollen die EU und die Ukraine die Produktion von Drohnen hochfahren. Ein neues Abkommen soll Europas Industrie mit der erprobten Drohnenexpertise de… [+3118 chars]",,de,'Ukraine'
https://www.welt.de/politik/ausland/article6a57607b664e99bc41e93a60/wir-werden-trump-toeten-riesiges-propagandaplakat-im-iran-zeigt-us-praesident-in-sarg.html,https://www.welt.de/politik/ausland/article6a57607b664e99bc41e93a60/wir-werden-trump-toeten-riesiges-propagandaplakat-im-iran-zeigt-us-praesident-in-sarg.html,0,www.welt.de,„Wir werden Trump töten“ – Riesiges Propagandaplakat im Iran zeigt US-Präsident in Sarg,"Die Machthaber im Iran provozieren den US-Präsidenten: Ein großes Propagandaplakat in Teheran zeigt Donald Trump im Sarg, dazu gibt es eine Todesdrohung – auf Persisch und Englisch.",https://images.welt.de/6a57607b664e99bc41e93a60/9fd1a3cbf05cbc75c9389516a85f8490/ci16x9-w1200/dpa-com-260715-99-63872-jpg,2026-07-15T12:40:18Z,,"Die Machthaber im Iran provozieren den US-Präsidenten: Ein großes Propagandaplakat in Teheran zeigt Donald Trump im Sarg, dazu gibt es eine Todesdrohung  auf Persisch und Englisch.Dieser Krieg ist au… [+1132 chars]",,de,'Chamenei'
https://www.zeit.de/news/2026-07/15/eu-und-ukraine-schliessen-drohnen-deal-schiffe-angegriffen,https://www.zeit.de/news/2026-07/15/eu-und-ukraine-schliessen-drohnen-deal-schiffe-angegriffen,0,www.zeit.de,Verteidigung gegen Russland: EU und Ukraine schließen Drohnen-Deal - Schiffe angegriffen,Hier finden Sie Informationen zu dem Thema „Verteidigung gegen Russland“. Lesen Sie jetzt „EU und Ukraine schließen Drohnen-Deal - Schiffe angegriffen“.,https://img.zeit.de/news/2026-07/15/eu-und-ukraine-schliessen-drohnen-deal-schiffe-angegriffen-image-group/wide__1300x731,2026-07-15T13:02:28Z,,Vor dem Hintergrund weiterer massiver ukrainischer Angriffe auf russische Schiffe und andere Ziele schließen die EU und Kiew eine neue Partnerschaft zur gemeinsamen Produktion von Drohnen. Wie EU-Kom… [+4960 chars],,de,'Gas'
https://www.focus.de/kultur/kino-tv/hartz-und-herzlich-buergergeld-empfaenger-maik-bekommt-neue-zaehne_467cd4e0-aea1-4ed9-82ba-6a64b94c6b93.html,https://www.focus.de/kultur/kino-tv/hartz-und-herzlich-buergergeld-empfaenger-maik-bekommt-neue-zaehne_467cd4e0-aea1-4ed9-82ba-6a64b94c6b93.html,0,www.focus.de,„Hartz und herzlich“: Bürgergeld-Empfänger Maik bekommt neue Zähne,Jasmin und Maik gehören zu den bekanntesten Gesichtern aus „Hartz und herzlich“. Nun möchte der Bürgergeld-Empfänger etwas für sein Aussehen tun und gönnt sich neue Zähne.,"https://quadro.burda-forward.de/ctf/eb376c38-8344-47cb-852e-ce48945164ae.5ea8b457-a961-49eb-ac35-f60d10621b20.jpeg?im=RegionOfInterestCrop=(1200,630),regionOfInterest=(800,450)&hash=430479e5b253b0fa5eeaa6ffc3b8c3d4f2acaa7555c758623352170601658f7f",2026-07-15T13:08:00Z,,Die beiden wurden schon in jungen Jahren Eltern und begleiteten die Zuschauerinnen und Zuschauer über mehrere Jahre durch zahlreiche Höhen und Tiefen von finanziellen Sorgen über Konflikte mit Behörd… [+2499 chars],,de,'Bürgergeld'
https://www.zeit.de/politik/ausland/2026-07/drohnen-ukraine-revolution-ulrike-franke,https://www.zeit.de/politik/ausland/2026-07/drohnen-ukraine-revolution-ulrike-franke,0,www.zeit.de,Ulrike Franke: Was kommt als Nächstes? »Drohnenschwärme«,"Drohnen haben Krieg auf Arten verändert, die niemand erwartet hatte, sagt die Forscherin Ulrike Franke. Jeder Soldat müsse sie verstehen – ob als Operateur oder Gejagter.",https://img.zeit.de/politik/ausland/2026-07/drohnen-ukraine-revolution-ulrike-franke-bild/wide__1300x731,2026-07-15T14:00:58Z,,"Die deutsche Politologin Ulrike Franke hat in ihrer Doktorarbeit 
untersucht, wie Drohnen die Kriegsführung verändern. Sie forscht zu 
Verteidigungs- und Sicherheitspolitik und arbeitet beim Europe… [+341 chars]",,de,'Ukraine'
https://www.n-tv.de/politik/Iranische-Propaganda-zeigt-Trump-im-Sarg-id31088792.html,https://www.n-tv.de/politik/Iranische-Propaganda-zeigt-Trump-im-Sarg-id31088792.html,0,www.n-tv.de,Drohungen gegen US-Präsidenten: Iranische Propaganda zeigt Trump im Sarg,In Teheran werden die Rufe nach Vergeltung für die Tötung des obersten Führers Chamenei lauter. Ein neues Propagandaplakat nimmt US-Präsident Trump ins Visier. Dieser hat nach eigenen Aussagen für den Fall eines Anschlags auf ihn vorgesorgt.,https://www.n-tv.de/img/31088785/1784125081/Img_16_9/1200/Fussgaenger-und-Autos-passieren-auf-dem-Platz-der-Islamischen-Revolution-in-der-Innenstadt-von-Teheran-eine-Werbetafel-mit-Anti-Trump-Botschaften-darunter-der-Satz-We-Kill-Trump.jpg,2026-07-15T14:08:37Z,,"Die iranische Führung erneuert ihre Drohungen gegen US-Präsident Trump. (Foto: picture alliance/dpa/AP)
In Teheran werden die Rufe nach Vergeltung für die Tötung des obersten Führers Chamenei lauter… [+2541 chars]",,de,'Iran'
https://www.zeit.de/politik/ausland/2026-07/serhij-korezkyj-naftogaz-ministerpraesident-ukraine-wolodymyr-selenskyj,https://www.zeit.de/politik/ausland/2026-07/serhij-korezkyj-naftogaz-ministerpraesident-ukraine-wolodymyr-selenskyj,0,www.zeit.de,Serhij Korezkyj: Selenskyj schlägt Energiekonzern-Chef als Ministerpräsidenten vor,"Der ukrainische Präsident spricht sich für Naftogaz-Chef Serhij Korezkyj als Ministerpräsidenten aus. Offen ist derzeit, ob auch der Verteidigungsminister gehen muss.",https://img.zeit.de/politik/ausland/2026-07/serhij-korezkyj-naftogaz-ministerpraesident-ukraine-wolodymyr-selenskyj-foto-1/wide__1300x731,2026-07-15T15:16:34Z,,"Der ukrainische Präsident Wolodymyr Selenskyj will den Leiter des staatlichen Energiekonzerns Naftogaz, Serhij Korezkyj, als neuen Ministerpräsidenten nominieren. Korezkyj sei der am besten geeignete… [+3090 chars]",,de,'Ukraine'
https://www.faz.net/aktuell/politik/inland/friedrich-merz-bundeskanzler-zwischen-afd-und-sommerpause-201031738.html,https://www.faz.net/aktuell/politik/inland/friedrich-merz-bundeskanzler-zwischen-afd-und-sommerpause-201031738.html,0,www.faz.net,"Sommerpressekonferenz: Friedrich Merz, das lernende System","Ein nachdenklich-ernster Kanzler verabschiedet sich in die Sommerpause. Aber erst einmal stellt er klar, wie er sich selbst sieht.",https://media0.faz.net/image/w1200h627/989423c30bab/w4364h2280x259y464o/202607/43601.0.2337686500/bundeskanzler-friedrich-merz.webp,2026-07-15T15:28:07Z,,"Muss man sich Friedrich Merz vor der Sommerpause 2026 als einen zufriedenen Kanzler vorstellen? Jetzt, da seine Regierung ihre Reformpakete zumindest wie geplant noch auf den Weg gebracht hat und die… [+6642 chars]",,de,'Friedrich Merz'
https://www.faz.net/podcasts/f-a-z-podcast-fuer-deutschland/friedensnobelpreistraeger-bjaljazki-ueber-russland-wladimir-putin-und-die-ukraine-201031632.html,https://www.faz.net/podcasts/f-a-z-podcast-fuer-deutschland/friedensnobelpreistraeger-bjaljazki-ueber-russland-wladimir-putin-und-die-ukraine-201031632.html,0,www.faz.net,F.A.Z. PODCAST FÜR DEUTSCHLAND: Friedensnobelpreisträger Bjaljazki: „Die bösen Jungs verbünden sich“,Wir haben exklusiv den weißrussischen Friedensnobelpreisträger Ales Bjaljazki getroffen. Außerdem erzählt uns unser Autor Robert Putzbach über seine Reise in die Ukraine.,https://media0.faz.net/image/w1200h627/8c95d5879871/w3000h1567x0y98o/202512/43601.0.1579121630/4360101579121630.webp,2026-07-15T15:59:41Z,,Wir haben exklusiv den weißrussischen Friedensnobelpreisträger Ales Bjaljazki getroffen. Außerdem erzählt uns unser Autor Robert Putzbach über seine Reise in die Ukraine.,,de,'Ukraine'
https://www.zeit.de/politik/ausland/2026-07/ruestungsexporte-bundesregierung-anstieg-kriegswaffen-genehmigungen,https://www.zeit.de/politik/ausland/2026-07/ruestungsexporte-bundesregierung-anstieg-kriegswaffen-genehmigungen,0,www.zeit.de,"Rüstungsexporte: Bundesregierung genehmigt Rüstungsexporte für 13,87 Milliarden Euro",Die Bundesregierung hat Genehmigungen für Rüstungsexporte in Rekordhöhe erteilt. Das wichtigste Empfängerland der deutschen Waffenexporte bleibt die Ukraine.,https://img.zeit.de/politik/ausland/2026-07/ruestungsexporte-bundesregierung-anstieg-kriegswaffen-genehmigungen-foto-1/wide__1300x731,2026-07-15T16:29:49Z,,Die deutschen Rüstungsexporte haben erneut einen Höchstwert erreicht. Nach vorläufigen Angaben des Bundeswirtschaftsministeriums wurden allein im ersten Halbjahr 2026 Genehmigungen für die Ausfuhr vo… [+798 chars],,de,'Ukraine'
https://www.zeit.de/politik/deutschland/2026-07/friedrich-merz-pressekonferenz-sommer-kommunikation-bundeskanzler,https://www.zeit.de/politik/deutschland/2026-07/friedrich-merz-pressekonferenz-sommer-kommunikation-bundeskanzler,0,www.zeit.de,Friedrich Merz: Gesucht wird ein Gefühl,"Zuversichtlich, unbeirrt, einverstanden mit sich selbst. So geht der Kanzler in den Sommer. Doch beim letzten Auftritt in Berlin gibt es auch Spuren von Selbstkritik.",https://img.zeit.de/politik/deutschland/2026-07/friedrich-merz-pressekonferenz-sommer-kommunikation-bundeskanzler-bild/wide__1300x731,2026-07-15T16:32:24Z,,"Macht ihm das hier Spaß? Schwer zu sagen. Wenn, dann verbirgt der Kanzler es ganz gut. 
Mit viel hochgezogenen Stirnfalten und entschlossen bis ernstem Gesichtsausduck fräst Friedrich Merz sich durc… [+613 chars]",,de,'Friedrich Merz'
https://www.zeit.de/news/2026-07/15/eu-haelt-trotz-hoher-oel-preise-an-russland-preisdeckel-fest,https://www.zeit.de/news/2026-07/15/eu-haelt-trotz-hoher-oel-preise-an-russland-preisdeckel-fest,0,www.zeit.de,Ukraine-Krieg: EU hält trotz hoher Öl-Preise an Russland-Preisdeckel fest,Hier finden Sie Informationen zu dem Thema „Ukraine-Krieg“. Lesen Sie jetzt „EU hält trotz hoher Öl-Preise an Russland-Preisdeckel fest“.,https://img.zeit.de/news/2026-07/15/eu-haelt-trotz-hoher-oel-preise-an-russland-preisdeckel-fest-image-group/wide__1300x731,2026-07-15T16:36:11Z,,Die EU wird ihr Sanktionssystem zur Begrenzung von Russlands Einnahmen aus Ölexporten trotz der gestiegenen Weltmarktpreise wegen des Iran-Kriegs vorerst nicht lockern. Vertreter der Mitgliedstaaten … [+2042 chars],,de,'Iran'
https://www.zeit.de/news/2026-07/15/rosatom-drohne-toetet-chefingenieur-des-akw-saporischschja,https://www.zeit.de/news/2026-07/15/rosatom-drohne-toetet-chefingenieur-des-akw-saporischschja,0,www.zeit.de,Ukraine-Krieg: Rosatom: Drohne tötet Chefingenieur des AKW Saporischschja,Hier finden Sie Informationen zu dem Thema „Ukraine-Krieg“. Lesen Sie jetzt „Rosatom: Drohne tötet Chefingenieur des AKW Saporischschja“.,https://img.zeit.de/news/2026-07/15/rosatom-drohne-toetet-chefingenieur-des-akw-saporischschja-image-group/wide__1300x731,2026-07-15T18:39:50Z,,Eine ukrainische Drohne soll nach russischen Angaben den Chefingenieur des besetzten Atomkraftwerks Saporischschja in der Südostukraine getötet haben. «Eine Drohne der ukrainischen Streitkräfte griff… [+1515 chars],,de,'Ukraine'
https://www.tagesspiegel.de/internationales/ukraine-krieg-rosatom-drohne-totet-chefingenieur-des-akw-saporischschja-15844504.html,https://www.tagesspiegel.de/internationales/ukraine-krieg-rosatom-drohne-totet-chefingenieur-des-akw-saporischschja-15844504.html,0,www.tagesspiegel.de,Ukraine-Krieg: Rosatom: Drohne tötet Chefingenieur des AKW Saporischschja,Seit dem Frühjahr 2022 steht das größte Atomkraftwerk Europas in der Südostukraine unter russischer Kontrolle. Immer wieder sorgt Beschuss für Gefahr. Nun soll der Chefingenieur getötet worden sein.,https://www.tagesspiegel.de/images/15844503/alternates/BASE_16_9_W1400/1784140875000/akw-saporischschja.jpeg,2026-07-15T18:41:16Z,,Eine ukrainische Drohne soll nach russischen Angaben den Chefingenieur des besetzten Atomkraftwerks Saporischschja in der Südostukraine getötet haben. Eine Drohne der ukrainischen Streitkräfte griff … [+1565 chars],,de,'Saporischschja'
https://www.welt.de/politik/ausland/article6a581447a4dd37e74df569d2/ukraine-krieg-chefingenieur-von-akw-getoetet-russland-wirft-kiew-gezielten-terroranschlag-vor.html,https://www.welt.de/politik/ausland/article6a581447a4dd37e74df569d2/ukraine-krieg-chefingenieur-von-akw-getoetet-russland-wirft-kiew-gezielten-terroranschlag-vor.html,0,www.welt.de,Chefingenieur von besetztem AKW getötet – Russland wirft Kiew „gezielten Terroranschlag“ vor,Der Chefingenieur des von Russland besetzten Atomkraftwerks Saporischschja ist tot. Nach russischen Angaben wurde er Opfer eines gezielten ukrainischen Drohnenangriffs. Die Atomaufsicht IAEA verurteilt den Vorfall.,https://images.welt.de/6a581447a4dd37e74df569d2/16efb0d1f751f064049a76d5002f7932-master/ci16x9-w1200/dpa-com-20090101-251023-935-908828-jpg,2026-07-15T23:40:26Z,,Der Chefingenieur des von Russland besetzten Atomkraftwerks Saporischschja ist tot. Nach russischen Angaben wurde er Opfer eines gezielten ukrainischen Drohnenangriffs. Die Atomaufsicht IAEA verurtei… [+2751 chars],,de,'Saporischschja'
https://www.zeit.de/news/2026-07/16/usa-erhoehen-mit-neuen-angriffen-und-drohungen-druck-auf-iran,https://www.zeit.de/news/2026-07/16/usa-erhoehen-mit-neuen-angriffen-und-drohungen-druck-auf-iran,0,www.zeit.de,Iran-Krieg: USA erhöhen mit neuen Angriffen und Drohungen Druck auf Iran,Hier finden Sie Informationen zu dem Thema „Iran-Krieg“. Lesen Sie jetzt „USA erhöhen mit neuen Angriffen und Drohungen Druck auf Iran“.,https://img.zeit.de/news/2026-07/16/usa-erhoehen-mit-neuen-angriffen-und-drohungen-druck-auf-iran-image-group/wide__1300x731,2026-07-16T00:33:10Z,,Nach den neuen Angriffen und Drohungen der USA gegen den Iran scheint eine diplomatische Lösung erneut in weite Ferne gerückt zu sein. Das US-Militär startete am Mittwoch gleich zwei Angriffswellen u… [+6021 chars],,de,'Iran'
https://www.zeit.de/news/2026-07/16/energiekonzern-chef-soll-ukrainische-regierung-fuehren,https://www.zeit.de/news/2026-07/16/energiekonzern-chef-soll-ukrainische-regierung-fuehren,0,www.zeit.de,Regierungsumbau im Krieg: Energiekonzern-Chef soll ukrainische Regierung führen,Hier finden Sie Informationen zu dem Thema „Regierungsumbau im Krieg“. Lesen Sie jetzt „Energiekonzern-Chef soll ukrainische Regierung führen“.,https://img.zeit.de/news/2026-07/16/energiekonzern-chef-soll-ukrainische-regierung-fuehren-image-group/wide__1300x731,2026-07-16T01:28:33Z,,Mitten im Krieg gegen den Angreifer Russland gibt es in der Ukraine die nächste Regierungsumbildung. Präsident Wolodymyr Selenskyj will nach der Entlassung des gesamten Ministerkabinetts den bisherig… [+6082 chars],,de,'Energie'
https://www.tagesspiegel.de/internationales/regierungsumbau-im-krieg-energiekonzern-chef-soll-ukrainische-regierung-fuhren-15844669.html,https://www.tagesspiegel.de/internationales/regierungsumbau-im-krieg-energiekonzern-chef-soll-ukrainische-regierung-fuhren-15844669.html,0,www.tagesspiegel.de,Regierungsumbau im Krieg: Energiekonzern-Chef soll ukrainische Regierung führen,Überraschend baut der ukrainische Präsident wieder sein Kabinett um. Auch im Verteidigungsministerium steht ein Wechsel bevor. Grund dafür soll ein Konflikt des Ressortchefs mit der Armeeführung sein.,https://www.tagesspiegel.de/images/15844668/alternates/BASE_16_9_W1400/1784165412000/ukrainisches-parlament.jpeg,2026-07-16T01:30:13Z,,Mitten im Krieg gegen den Angreifer Russland gibt es in der Ukraine die nächste Regierungsumbildung. Präsident Wolodymyr Selenskyj will nach der Entlassung des gesamten Ministerkabinetts den bisherig… [+6138 chars],,de,'Energie'
https://www.bild.de/regional/hamburg/die-tiktok-luecke-beim-buergergeld-so-leicht-versagt-die-kontrolle-6a5254fd67eabcf0989496f2,https://www.bild.de/regional/hamburg/die-tiktok-luecke-beim-buergergeld-so-leicht-versagt-die-kontrolle-6a5254fd67eabcf0989496f2,0,www.bild.de,"Nahm Influencer den Staat aus? - 54.000 Euro von TikTok, aber Bürgergeld kassieren",Ermittlungen gegen Influencer wegen mutmaßlich verschwiegener TikTok-Einnahmen. Behörden räumen selbst Kontroll-Lücken ein und fordern schärfere Regeln.,"https://images.bild.de/6a5254fd67eabcf0989496f2/25a76b3d6634a374b529dd3af598b744,d63aa991?w=1280",2026-07-16T02:32:19Z,,Ein Paar soll mit TikTok-Videos umgerechnet Zehntausende Euro verdient und gleichzeitig teilweise Bürgergeld kassiert haben. Jetzt wird wegen des Verdachts des Betrugs im Zusammenhang mit Sozialleist… [+261 chars],,de,'Bürgergeld'
https://www.zeit.de/news/2026-07/16/usa-kuendigen-zoelle-auf-diverse-importe-aus-brasilien-an,https://www.zeit.de/news/2026-07/16/usa-kuendigen-zoelle-auf-diverse-importe-aus-brasilien-an,0,www.zeit.de,Trumps Zollpolitik: USA kündigen Zölle auf diverse Importe aus Brasilien an,Hier finden Sie Informationen zu dem Thema „Trumps Zollpolitik“. Lesen Sie jetzt „USA kündigen Zölle auf diverse Importe aus Brasilien an“.,https://img.zeit.de/news/2026-07/16/usa-kuendigen-zoelle-auf-diverse-importe-aus-brasilien-an-image-group/wide__1300x731,2026-07-16T03:38:23Z,,"Die US-Regierung will diverse Importgüter aus Brasilien mit einem Zollsatz in Höhe von 25 Prozent belegen. Ausgenommen seien etwa Produkte, die in den USA nicht ausreichend vorhanden seien oder eine … [+1656 chars]",,de,'Gas'
https://www.tagesspiegel.de/internationales/rosatom-chef-bestatigt-ukrainische-drohne-totet-chefingenieur-des-akw-saporischschja-15844508.html,https://www.tagesspiegel.de/internationales/rosatom-chef-bestatigt-ukrainische-drohne-totet-chefingenieur-des-akw-saporischschja-15844508.html,0,www.tagesspiegel.de,Rosatom-Chef bestätigt: Ukrainische Drohne tötet Chefingenieur des AKW Saporischschja,Seit 2022 steht das größte Atomkraftwerk Europas unter russischer Kontrolle. Immer wieder sorgt Beschuss für Gefahr. Nun soll der Chefingenieur getötet worden sein.,https://www.tagesspiegel.de/images/15844493/alternates/BASE_16_9_W1400/1784139849000/ukraine-krieg-saporischschja.jpeg,2026-07-16T03:56:43Z,,Eine ukrainische Drohne soll nach russischen Angaben den Chefingenieur des besetzten Atomkraftwerks Saporischschja in der Südostukraine getötet haben. Eine Drohne der ukrainischen Streitkräfte griff … [+1829 chars],,de,'Saporischschja'
https://www.zeit.de/politik/2026-07/vergangenheitsbewaeltigung-sowjetunion-zweiter-weltkrieg-russland,https://www.zeit.de/politik/2026-07/vergangenheitsbewaeltigung-sowjetunion-zweiter-weltkrieg-russland,0,www.zeit.de,Vergangenheitsbewältigung: Wie viel Schuld empfinden wir gegenüber Russland?,"Deutschland hat einen verbrecherischen Krieg gegen die Sowjetunion geführt – aber die Erinnerung gilt vor allem Russland, nicht den anderen Ländern. Warum eigentlich?",https://img.zeit.de/politik/deutschland/2026-07/vergangenheitsbewaeltigung-sowjetunion-zweiter-weltkrieg-russland-bild/wide__1300x731,2026-07-16T04:00:07Z,,Geschichtspolitik ist ein Fundament der Ideologie Wladimir Putins. Der russische Herrscher begründete den Überfall auf die Ukraine mit dem angeblichen Betrug des Westens an Russland und mit der Verga… [+1627 chars],,de,'Krieg'
https://www.focus.de/kultur/kino-tv/letzte-ruhestaette-ihrer-tochter-hartz-und-herzlich-buergergeld-empfaenger-bitten-um-spenden_dcc67887-33bb-43c2-814b-43a8df5c30db.html,https://www.focus.de/kultur/kino-tv/letzte-ruhestaette-ihrer-tochter-hartz-und-herzlich-buergergeld-empfaenger-bitten-um-spenden_dcc67887-33bb-43c2-814b-43a8df5c30db.html,0,www.focus.de,Letzte Ruhestätte ihrer Tochter: „Hartz und herzlich“-Bürgergeld-Empfänger bitten um Spenden,Auch nach ihrem Ausstieg aus der RTLZWEI-Sozialdoku „Hartz und herzlich“ wurden Jasmin und Maik immer wieder mit Hass und Anfeindungen konfrontiert. Das hat nun erschütternde Folgen.,"https://quadro.burda-forward.de/ctf/d65937b0-3981-4389-9e1c-ec20771eb12b.da828ed8-4440-43cd-a0ea-02a7a7739690.jpeg?im=RegionOfInterestCrop=(1200,630),regionOfInterest=(800,450)&hash=1ae8862d2e74152f9c183e9710986fc8347c1db4e74a2fa0d56a6c5830f90fbf",2026-07-16T04:05:00Z,,"Immer wieder berichten Protagonistinnen und Protagonisten aus Hartz und herzlich von Beleidigungen, Anfeindungen und teilweise sogar persönlichen Angriffen. Auch Jasmin und Maik blieben davon nicht v… [+2460 chars]",,de,'Bürgergeld'
https://www.focus.de/kultur/kino-tv/amt-greift-bei-buergergeld-empfaenger-hart-durch-hartz-und-herzlich-pascal-wird-zur-arbeit-begleitet_7b99c2c4-1ce8-4056-837b-e219f0ee5f46.html,https://www.focus.de/kultur/kino-tv/amt-greift-bei-buergergeld-empfaenger-hart-durch-hartz-und-herzlich-pascal-wird-zur-arbeit-begleitet_7b99c2c4-1ce8-4056-837b-e219f0ee5f46.html,0,www.focus.de,Amt greift bei Bürgergeld-Empfänger hart durch: „Hartz und herzlich“-Pascal wird zur Arbeit begleitet,Seit Jahren versucht Pascal aus „Hartz und herzlich“ einen festen Job zu finden – bislang ohne Erfolg. Nun wagt der ehemalige Bürgergeld-Empfänger mit spezieller Unterstützung vom Jobcenter einen neuen Schritt Richtung Arbeitsmarkt.,"https://quadro.burda-forward.de/ctf/9d41c71f-9e41-4e7a-b162-5aef8516f023.fdddc44d-5b45-4f85-ab3d-27fde0e8935b.jpeg?im=RegionOfInterestCrop=(1200,630),regionOfInterest=(800,450)&hash=19985702043fc9a529b468af7470ef188e7a9167fc6cb757415eeca0a5f9ccda",2026-07-16T04:10:00Z,,"Pascal kämpft schon lange darum, beruflich Fuß zu fassen. Eine feste Arbeitsstelle hatte der Hartz und herzlich-Protagonist aus Mannheim bislang noch nie. Zwar absolvierte der Bürgergeld-Empfänger me… [+2388 chars]",,de,'Bürgergeld'
https://www.focus.de/kultur/kino-tv/trump-ruiniert-das-voelkerrecht-und-zuendelt-am-weltfrieden_c1622f79-e78a-4bd3-8216-711299621e25.html,https://www.focus.de/kultur/kino-tv/trump-ruiniert-das-voelkerrecht-und-zuendelt-am-weltfrieden_c1622f79-e78a-4bd3-8216-711299621e25.html,0,www.focus.de,Trump ruiniert das Völkerrecht – und zündelt am Weltfrieden,"Das internationale Völkerrecht setzt Standards im Umgang der Staaten untereinander. Trump missachtet diese Regeln. Er legitimiert damit nicht nur den Ukrainekrieg, sondern provoziert fatale Folgen für die Weltgemeinschaft.","https://quadro.burda-forward.de/ctf/6c6189b1-75f7-46ce-b9ea-7a67eccc8783.d314629e-38da-49bb-b3d7-af499546dccc.png?im=RegionOfInterestCrop=(1200,630),regionOfInterest=(1230,634)&hash=143e572d157b6bb06a39c13abee82f45b906a2c528d2a8721ec50b9dd9ebcdf7",2026-07-16T04:18:00Z,,"Wir müssen sicherstellen, dass die Rechtsregeln eingehalten werden, erklärt die Berliner Rechtswissenschaftlerin Heike Krieger in der Sendung von Markus Lanz. Wenn man den Flaschengeist herauslässt, … [+4590 chars]",,de,'Wladimir Putin'
https://www.faz.net/premium/weltwirtschaft/weltwissen/voelkerrechtler-fischer-zu-iran-20-prozent-gebuehr-erscheinen-mir-mafioes-accg-201028954.html,https://www.faz.net/premium/weltwirtschaft/weltwissen/voelkerrechtler-fischer-zu-iran-20-prozent-gebuehr-erscheinen-mir-mafioes-accg-201028954.html,0,www.faz.net,Kriegsvölkerrechtler: „Iran hat eine Art moralischen Vorsprung“,"Im Nahen Osten spitzt sich die Lage weiter zu. Damit Schiffe die Straße von Hormus frei passieren können, erwägt US-Präsident Donald Trump eine hohe Gebühr einzuführen.  Ein Völkerrechtler erklärt, was daran rechtlich heikel ist.",https://media0.faz.net/image/w1200h627/e2b2caa46e77/w6000h3135x0y433o/202607/43601.0.2330427557/nicht-so-ruhig-wie-es-scheint.webp,2026-07-16T04:50:00Z,,"Damit Schiffe die Straße von Hormus frei passieren können, forderte US-Präsident Donald Trump zeitweise eine Gebühr von 20 Prozent gemessen am Frachtwert. Der ehemalige Diplomat und Völkerrechtler Kl… [+165 chars]",,de,'Iran'
https://www.faz.net/premium/weltwirtschaft/weltwissen/polens-wirtschaft-boomt-hohe-schulden-trotz-starkem-wachstum-accg-201031884.html,https://www.faz.net/premium/weltwirtschaft/weltwissen/polens-wirtschaft-boomt-hohe-schulden-trotz-starkem-wachstum-accg-201031884.html,0,www.faz.net,"Handelspartner: Hohes Wachstum, hohe Schulden: Wohin steuert Polen?","Politisch ist Polen oft ein schwieriger Partner. Wirtschaftlich läuft es dagegen bestens. Die Wirtschaft boomt in Sektoren wie Raumfahrt oder Energie. Manche Rechnung bleibt dennoch unbezahlt. Das könnte für Polen gefährlich werden, urteilen Finanzfachleute.",https://media0.faz.net/image/w1200h627/169658de845f/w8344h4359x0y918o/202607/43601.0.2337511048/polens-weg-in-die.webp,2026-07-16T04:50:00Z,,"Hoch hinaus wollen sie in Warschau schon lange, auch wenn der Sprung in die 20 größten Volkswirtschaften der Welt noch nicht ganz geklappt hat. Ein maßgeblicher Spieler in der europäischen Raumfahrt … [+344 chars]",,de,'Energie'
https://www.faz.net/premium/weltwirtschaft/weltwissen/taiwan-chipindustrie-und-chinas-ansprueche-im-fokus-accg-201026595.html,https://www.faz.net/premium/weltwirtschaft/weltwissen/taiwan-chipindustrie-und-chinas-ansprueche-im-fokus-accg-201026595.html,0,www.faz.net,Chinas Anspruch und das Risiko KI: Wetterleuchten über Taiwan,"China bekräftigt seinen Anspruch auf das Südchinesische Meer ungewohnt deutlich. Dort liegt Taiwan, an dessen Besitz Peking keinen Zweifel lässt. Zugleich warnen Analysten vor einem Abschwächen des Superzyklus, auf den sich Taiwans Chip-Industrie in den verga…",https://media0.faz.net/image/w1200h627/8aec80ed0b93/w4584h2395x0y330o/202606/43601.0.2207179543/die-chinesische-flotte-im.webp,2026-07-16T04:50:00Z,,"Am Wochenende jährte sich der Schiedsspruch über die Rechte am Südchinesischen Meer zum zehnten Mal. Aus diesem Anlass bekräftigten 14 Demokratien rund um die Erde, dass Chinas weitreichende Ansprüch… [+211 chars]",,de,'Industrie'
https://www.n-tv.de/politik/New-York-Times-wehrt-sich-gegen-Trump-Einschuechterung-id31090971.html,https://www.n-tv.de/politik/New-York-Times-wehrt-sich-gegen-Trump-Einschuechterung-id31090971.html,0,www.n-tv.de,"Präsidentenflieger im Fokus: ""New York Times"" wehrt sich gegen Trump-Einschüchterung","Für den Rückflug vom Nato-Gipfel steigt der US-Präsident kurzfristig auf seine von Katar geschenkte Maschine um. ""New York Times""-Journalisten berichten von angeblichen Sicherheitsbedenken und erhalten dafür Anwaltsschreiben. Die Redaktion geht nun dagegen vo…",https://www.n-tv.de/img/31090992/1784183556/Img_16_9/1200/US-Praesident-Donald-Trump-steigt-in-die-neue-Air-Force-One-ein-einen-ehemals-im-Besitz-von-Katar-befindlichen-Jumbojet-der-zum-offiziellen-Flugzeug-des-US-Praesidenten-umgebaut-wurde.jpg,2026-07-16T05:17:55Z,,"Präsidentenflieger im Fokus""New York Times"" wehrt sich gegen Trump-Einschüchterung
US-Präsident Donald Trump an Bord der neuen Air Force One, ein Geschenk von Katar. (Foto: picture alliance/dpa/AP)… [+2215 chars]",,de,'Sicherheit'
https://www.zeit.de/politik/ausland/2026-07/us-angriffe-iran-strasse-von-hormus-centcom,https://www.zeit.de/politik/ausland/2026-07/us-angriffe-iran-strasse-von-hormus-centcom,0,www.zeit.de,Irankrieg: US-Militär weitet Angriffe auf den Iran aus,Erstmals seit der erneuten Eskalation des Irankriegs meldet der Iran Explosionen aus der Umgebung Teherans. Das US-Militär beschießt außerdem einen Öltanker.,https://img.zeit.de/administratives/sharing/fallback-image-die-zeit/wide__1300x731,2026-07-16T05:34:23Z,,"Die USA haben in der Nacht eine neue Angriffswelle gegen den Iran gestartet die dritte innerhalb von 24 Stunden. Das US-Zentralkommando Centcom teilte mit, dass man militärische Einrichtungen attacki… [+2752 chars]",,de,'Iran'
https://www.zeit.de/news/2026-07/16/sattelzug-faehrt-gegen-leitplanke-auf-a93-gas-tritt-aus,https://www.zeit.de/news/2026-07/16/sattelzug-faehrt-gegen-leitplanke-auf-a93-gas-tritt-aus,0,www.zeit.de,Vollsperrung nach Unfall: Sattelzug fährt gegen Leitplanke auf A93 - Gas tritt aus,Hier finden Sie Informationen zu dem Thema „Vollsperrung nach Unfall“. Lesen Sie jetzt „Sattelzug fährt gegen Leitplanke auf A93 - Gas tritt aus“.,https://img.zeit.de/news/2026-07/16/sattelzug-faehrt-gegen-leitplanke-auf-a93-gas-tritt-aus-image-group/wide__1300x731,2026-07-16T06:00:45Z,,Nach einem Zusammenstoß zwischen einem Sattelzug und der Leitplanke auf der A93 bei Marktredwitz (Landkreis Wunsiedel im Fichtelgebirge) ist Gas aus dem Tank des Trucks ausgetreten. Der Fahrer wurde … [+481 chars],,de,'Gas'
https://www.focus.de/politik/ausland/ukraine-drohnen-treffen-treibstoffziele-tief-in-russland-ein-finnischer-sicherheitsexperte-warnt-nun-vor-gefaehrlichen-reaktionen-aus-moskau_6dbd7147-b97a-470a-8d83-a15caa3855ed.html,https://www.focus.de/politik/ausland/ukraine-drohnen-treffen-treibstoffziele-tief-in-russland-ein-finnischer-sicherheitsexperte-warnt-nun-vor-gefaehrlichen-reaktionen-aus-moskau_6dbd7147-b97a-470a-8d83-a15caa3855ed.html,0,www.focus.de,Ukraine-Drohnen treffen Treibstoffziele tief in Russland. Ein finnischer Sicherheitsexperte warnt nun vor gefährlichen Reaktionen aus Moskau,Ukrainische Drohnen treffen Treibstoffziele tief in Russland. Ein finnischer Sicherheitsexperte warnt nun vor gefährlichen Reaktionen aus Moskau.,"https://quadro.burda-forward.de/ctf/9c6a6b01-a342-46f2-bbc6-194cc5499d98.4ec4e9fc-8c14-456e-b413-8cd8170cc308.jpg?im=RegionOfInterestCrop=(1200,630),regionOfInterest=(1915,780)&hash=fbd2bd714eef0825cdb6583ceea4ef38a31f2d849e0a44796b5dbbc6ea81d2de",2026-07-16T06:05:00Z,,"Der Ukraine-Krieg erreicht zunehmend den Alltag der Menschen in Russland. Drohnenangriffe auf Raffinerien, Häfen und Tanker in Russland setzen nach Einschätzung des finnischen Militärwissenschaftlers… [+3796 chars]",,de,'Ukraine'
https://www.focus.de/finanzen/grundsicherung/buergergeld-empfaenger-fluten-jobcenter-mit-ki-generierten-widerspruechen-behoerdenchefs-warnen-vor-ueberlastung_ee6e1fbb-fa45-4e69-9342-6410dd26f4ee.html,https://www.focus.de/finanzen/grundsicherung/buergergeld-empfaenger-fluten-jobcenter-mit-ki-generierten-widerspruechen-behoerdenchefs-warnen-vor-ueberlastung_ee6e1fbb-fa45-4e69-9342-6410dd26f4ee.html,0,www.focus.de,Bürgergeld-Empfänger fluten Jobcenter mit KI-generierten Widersprüchen - Behördenchefs warnen vor Überlastung,"Jobcenter-Chefs schlagen Alarm: Immer mehr Leistungsempfänger legen mit KI Widerspruch gegen ihre Bescheide ein. Das sorgt nicht zwangsläufig für mehr Gerechtigkeit, führt aber zu mehr Aufwand.","https://quadro.burda-forward.de/ctf/d46bd9a2-273d-4ce0-ac5b-ed26ce7411d8.1ac8f3d2-ac79-444d-8e18-a4fa39ba5115.jpg?im=RegionOfInterestCrop=(1200,630),regionOfInterest=(657,227)&hash=3b94cfc693f0fe6ff0687b24bd641140d9230a50336506dd278c9d3eabe056e2",2026-07-16T06:12:00Z,,Den Mitarbeitern in Jobcentern kommt etwas komisch vor: Die Widersprüche gegen die von ihnen gestellten Sozialleistungs-Bescheide werden immer häufiger. Und auch der Inhalt der Einsprüche ändert sich… [+6948 chars],,de,'Bürgergeld'
https://www.faz.net/aktuell/wissen/medizin-ernaehrung/longevity-supplements-halten-nad-praeparate-wirklich-jung-und-gesund-accg-201031995.html,https://www.faz.net/aktuell/wissen/medizin-ernaehrung/longevity-supplements-halten-nad-praeparate-wirklich-jung-und-gesund-accg-201031995.html,0,www.faz.net,Kolumne „Gesundheitsmythen“: Was Longevity-Supplements taugen,"Viele Menschen, die jung und gesund bleiben wollen, schlucken NAD+-Präparate. Sie sollen Energie schenken und das Leben verlängern. Stimmt das?",https://media0.faz.net/image/w1200h627/c3edf27c21dd/w3555h1857x397y939o/202607/43601.0.2334782835/praeparate-mit-nad-vorstufen.webp,2026-07-16T07:09:46Z,,"Gesund sein hat eine gewisse Professionalisierung erfahren. Vor wenigen Jahren noch hat man mit bestem Gewissen hin und wieder Brokkoli gegessen, vor dem Schlafen eine Antifaltencreme aufgetragen, wa… [+197 chars]",,de,'Energie'
https://www.faz.net/aktuell/politik/ukraine/ukraine-liveticker-proteste-in-kiew-gegen-die-absetzung-von-verteidigungsminister-fedorow-faz-110683325.html,https://www.faz.net/aktuell/politik/ukraine/ukraine-liveticker-proteste-in-kiew-gegen-die-absetzung-von-verteidigungsminister-fedorow-faz-110683325.html,0,www.faz.net,Liveblog Ukrainekrieg: Proteste in Kiew gegen die Absetzung Fedorows,Ukrainischer Verteidigungsminister Fedorow wird abgelöst +++ Innenminister Klymenko soll offenbar den Posten übernehmen +++ alle Neuigkeiten im Liveblog,https://media0.faz.net/image/w1200h627/943daad163d7/w5000h2612x0y361o/202606/43601.0.2229336360/er-war-nur-sechs-monate-im-amt.webp,2026-07-16T07:12:55Z,,Eine ukrainische Drohne soll nach russischen Angaben den Chefingenieur des besetzten Atomkraftwerks Saporischschja in der Südostukraine getötet haben. Eine Drohne der ukrainischen Streitkräfte griff … [+795 chars],,de,'Ukraine'
https://www.bild.de/politik/inland/sigmar-gabriel-glaubt-mit-merkel-gaebe-es-keinen-ukraine-krieg-6a58645568b3d6515268a4d0,https://www.bild.de/politik/inland/sigmar-gabriel-glaubt-mit-merkel-gaebe-es-keinen-ukraine-krieg-6a58645568b3d6515268a4d0,0,www.bild.de,Ex-Vizekanzler meldet sich zu Wort - Gabriel: Mit Merkel gäbe es keinen Ukraine-Krieg,"Gabriel plädiert für Verhandlungen mit Wladimir Putin, lobt Merkel als Vermittlerin und kritisiert die SPD als ""lebensmüde"".","https://images.bild.de/6a58645568b3d6515268a4d0/668296dff8ded1d9c5821c960178c0a0,80a50116?w=1280",2026-07-16T07:48:36Z,,"TTS-Player überspringenArtikel weiterlesenBerlin Ex-Außenminister und -Vizekanzler Sigmar Gabriel (66, SPD) warnt vor einer zu großen Angst vor Wladimir Putin. In einem Interview mit der Neuen Zürche… [+2551 chars]",,de,'Krieg'
https://www.bild.de/politik/ausland-und-internationales/ukraine-selenskyj-entlaesst-verteidigungsminister-wirkt-wie-verrat-6a58711ffdddcf083cdf00ad,https://www.bild.de/politik/ausland-und-internationales/ukraine-selenskyj-entlaesst-verteidigungsminister-wirkt-wie-verrat-6a58711ffdddcf083cdf00ad,0,www.bild.de,Selenskyj entlässt Kriegsminister - „Das wirkt wie Verrat“,"Fedorows Entlassung verursacht Proteste. Hintergrund: Machtkampf um Militärreform, Mobilisierung und politische Rivalität.","https://images.bild.de/6a58711ffdddcf083cdf00ad/454b2ad23b8b96d2a61f70411d03b32b,71019caf?w=1280",2026-07-16T08:03:04Z,,TTS-Player überspringenArtikel weiterlesenKiew Hinter der Entlassung des ukrainischen Verteidigungsministers steckt offenbar ein heftiger Machtkampf an der Spitze von Politik und Militär. Präsident W… [+3030 chars],,de,'Wladimir Putin'
https://www.zeit.de/wirtschaft/2026-07/geldanlage-krieg-kriegsgewinnler-hedge-versicherung-kleinanleger,https://www.zeit.de/wirtschaft/2026-07/geldanlage-krieg-kriegsgewinnler-hedge-versicherung-kleinanleger,0,www.zeit.de,Geldanlage im Krieg: Kriegsgewinnler wie ich,"Der Irankrieg hat ein Massenphänomen geboren: zocken auf die Eskalation. Kleinanleger feiern Rekordgewinne. Ist es unmoralisch, am Unglück der Welt mitzuverdienen?",https://img.zeit.de/wirtschaft/2026-07/hormuz-krieg-spekulation-oel-bild/wide__1300x731,2026-07-16T08:36:51Z,,"Ich habe in diesem Krieg schon gewonnen. Im März, als die US-amerikanischen Bomber Richtung Iran flogen, sicherte ich mein kleines Depot gegen die Weltlage ab mit fünf Klicks auf einer Handelsplattfo… [+369 chars]",,de,'Krieg'
https://www.tagesschau.de/ausland/europa/polen-ukraine-114.html,https://www.tagesschau.de/ausland/europa/polen-ukraine-114.html,0,www.tagesschau.de,Nach Geschichtsstreit: Polnische Kommune ringt um Ukraine-Hilfe,"Über einen Geschichtsstreit hat sich die Beziehung zwischen Polen und der Ukraine deutlich verschlechtert. Die Folgen sind auch in polnischen Kommunen zu spüren, in denen es bislang große Hilfsbereitschaft für die Ukraine gab. Von I. Ruck und M. Karpińska.",https://images.tagesschau.de/image/5b4c5591-071c-4359-989e-72790385eb83/AAABn2DEA4w/AAABnSSvrFg/16x9-big/kielce-busse-ukraine-100.jpg?width=1280,2026-07-16T08:44:23Z,,"Stand: 16.07.2026 10:44 Uhr
Über einen Geschichtsstreit hat sich die Beziehung zwischen Polen und der Ukraine deutlich verschlechtert. Die Folgen sind auch in polnischen Kommunen zu spüren, in denen… [+6752 chars]",,de,'Kreml'
https://www.zeit.de/news/2026-07/16/exportkontrollen-auf-helium-china-will-versorgung-sichern,https://www.zeit.de/news/2026-07/16/exportkontrollen-auf-helium-china-will-versorgung-sichern,0,www.zeit.de,Konflikte: Exportkontrollen auf Helium - China will Versorgung sichern,Hier finden Sie Informationen zu dem Thema „Konflikte“. Lesen Sie jetzt „Exportkontrollen auf Helium - China will Versorgung sichern“.,https://img.zeit.de/news/2026-07/16/exportkontrollen-auf-helium-china-will-versorgung-sichern-image-group/wide__1300x731,2026-07-16T08:46:45Z,,"Nach einer Ankündigung von Exportkontrollen auf Helium hat China weitere Details für seine Maßnahmen bekannt gemacht. Die Volksrepublik sei ein wichtiger Importeur des Edelgases, sagte der Sprecher d… [+1743 chars]",,de,'Gas'
https://www.dw.com/de/iran-droht-politikern-aufruf-zu-vergeltung-oder-propaganda/a-77979235,https://www.dw.com/de/iran-droht-politikern-aufruf-zu-vergeltung-oder-propaganda/a-77979235,0,www.dw.com,Iran droht Politikern: Aufruf zu Vergeltung oder Propaganda?,"Die Forderungen nach Rache für den Tod von Ayatollah Ali Chamenei werden im Iran lauter. Mit scharfer Rhetorik versucht die Führung, die eigenen Anhänger zu mobilisieren und ihre Gegner einzuschüchtern. Seit der Beerdigung des getöteten religiösen Führers Aya…",https://static.dw.com/image/77913846_6.jpg,2026-07-16T09:05:00Z,,"Seit der Beerdigung des getöteten religiösen Führers Ayatollah Ali Chamenei hat sich die Rhetorik führender Vertreter der Islamischen Republik deutlich verschärft. Politiker, staatliche Medien und de… [+4695 chars]",,de,'Chamenei'
https://www.faz.net/aktuell/politik/ausland/liveblog-irankrieg-iran-droht-mit-zerstoerung-der-infrastruktur-in-der-region-faz-200583539.html,https://www.faz.net/aktuell/politik/ausland/liveblog-irankrieg-iran-droht-mit-zerstoerung-der-infrastruktur-in-der-region-faz-200583539.html,0,www.faz.net,Liveblog Irankrieg: Iran droht mit Zerstörung der Infrastruktur in der Region,Generalstab: Vergeltung bei Ausweitung von US-Angriffen +++ USA erhöhen mit Angriffen und Drohungen Druck auf Iran +++ Lob von Trump: Iran lässt festgehaltene US-Staatsbürgerin ausreisen +++ alle Entwicklungen im Liveblog,https://media0.faz.net/image/w1200h627/acf29a235b59/w6000h3135x0y214o/202607/43601.0.2340695598/we-kill-trump-steht-am-15-juli.webp,2026-07-16T09:18:48Z,,"Das US-Militär hat nach eigenen Angaben die zweite Angriffswelle des Tages gegen Iran gestartet. Diese habe um 15:00 US-Ostküstenzeit (21:00 Uhr deutscher Zeit) begonnen, teilte das zuständige Region… [+1192 chars]",,de,'Iran'
https://www.zeit.de/news/2026-07/16/parlament-bestaetigt-neuen-ministerpraesidenten-korezkyj,https://www.zeit.de/news/2026-07/16/parlament-bestaetigt-neuen-ministerpraesidenten-korezkyj,0,www.zeit.de,Regierungsumbau in der Ukraine: Parlament bestätigt neuen Ministerpräsidenten Korezkyj,Hier finden Sie Informationen zu dem Thema „Regierungsumbau in der Ukraine“. Lesen Sie jetzt „Parlament bestätigt neuen Ministerpräsidenten Korezkyj“.,https://img.zeit.de/news/2026-07/16/parlament-bestaetigt-neuen-ministerpraesidenten-korezkyj-image-group/wide__1300x731,2026-07-16T09:29:48Z,,In der Ukraine hat das Parlament den neuen Ministerpräsidenten Serhij Korezkyj bestätigt. Für die Ernennung stimmte eine deutliche Mehrheit von 289 Abgeordneten. 226 waren notwendig gewesen. Korezkyj… [+1201 chars],,de,'Ukraine'
https://www.tagesspiegel.de/potsdam/landeshauptstadt/potsdams-einkaufsmeile-sanierung-der-brandenburger-strasse-dauert-langer-15825208.html,https://www.tagesspiegel.de/potsdam/landeshauptstadt/potsdams-einkaufsmeile-sanierung-der-brandenburger-strasse-dauert-langer-15825208.html,0,www.tagesspiegel.de,Potsdams Einkaufsmeile: Sanierung der Brandenburger Straße dauert länger,Weihnachtsmarkt-Pausen und strenge Winter bremsen die Bauarbeiten in Potsdams Einkaufsmeile. Warum es teurer wird und länger dauert.,https://www.tagesspiegel.de/images/15827754/alternates/BASE_16_9_W1400/1783687593000/sanierung-der-brandenburger-stra-e-in-potsdam.jpeg,2026-07-16T11:37:23Z,,Die Sanierung der Brandenburger Straße dauert länger als bislang angenommen: Das nach diversen Schwierigkeiten 2022 gestartete Sanierungsprojekt wird voraussichtlich erst 2031 abgeschlossen ein Jahr … [+265 chars],,de,'Winter'
https://www.welt.de/politik/deutschland/article6a586ffa68b3d6515268a52e/wadephul-in-finnland-wir-muessen-komplett-umdenken.html,https://www.welt.de/politik/deutschland/article6a586ffa68b3d6515268a52e/wadephul-in-finnland-wir-muessen-komplett-umdenken.html,0,www.welt.de,„Wir müssen komplett umdenken“,"Geschlossene Grenzen, Schutzräume für Hunderttausende und eine Gesellschaft, die Sicherheit als Gemeinschaftsaufgabe versteht: In Finnland erlebt Außenminister Wadephul, wie sich das Land auf einen Konflikt mit Russland vorbereitet.",https://images.welt.de/6a586ffa68b3d6515268a52e/28da6f5ecb506a4d21cee689e753dd7d-master/ci16x9-w1200/dpa-com-260716-936-41721-jpg,2026-07-16T12:49:26Z,,"Geschlossene Grenzen, Schutzräume für Hunderttausende und eine Gesellschaft, die Sicherheit als Gemeinschaftsaufgabe versteht: In Finnland erlebt Außenminister Wadephul, wie sich das Land auf einen K… [+7896 chars]",,de,'Wladimir Putin'
https://www.nzz.ch/zuerich/news-aus-zuerich-rochadebau-sorgt-fuer-gebaeudeersatz-bei-irchel-sanierung-ld.10012099,https://www.nzz.ch/zuerich/news-aus-zuerich-rochadebau-sorgt-fuer-gebaeudeersatz-bei-irchel-sanierung-ld.10012099,0,www.nzz.ch,"KURZMELDUNGEN - News aus Zürich: Ein grosszügiges modulares Gebäude sorgt für Ersatz, wenn der Campus Irchel renoviert wird +++ Kein automatischer Anspruch auf Sozialhilfe für Ukraine-Flüchtlinge",Die neuesten Meldungen aus dem Kanton.,"https://img-msp-prod.nzz.ch/2026/07/16/865a369e-bce5-4e13-8695-80a0c7325fe7.jpg?width=1200&height=675&fit=bounds&quality=75&auto=webp&crop=4096,2304,x0,y0&wmark=nzz",2026-07-16T12:57:09Z,,"Die neuesten Meldungen aus dem Kanton.
NZZ-Redaktion Zürich16.07.2026, 15.06 UhrAktualisiert
Zusammenfassung
Ein grosszügiges modulares Gebäude sorgt für Ersatz, wenn der Campus Irchel renoviert w… [+63074 chars]",,de,'Winter'
https://www.telepolis.de/article/Ukraine-Selenskyj-feuert-Drohnen-Reformer-Proteste-in-Kiew-11367634.html,https://www.telepolis.de/article/Ukraine-Selenskyj-feuert-Drohnen-Reformer-Proteste-in-Kiew-11367634.html,0,www.telepolis.de,Ukraine: Selenskyj feuert Drohnen-Reformer – Proteste in Kiew,"Verteidigungsminister Fedorov muss gehen, ein Luftwaffen-Kommandeur tritt zurück. Tausend Menschen protestieren vor dem Präsidentenamt.",https://heise.cloudimg.io/bound/1200x1200/q85.png-lossy-85.webp-lossy-85.foil1/_www-heise-de_/imgs/18/5/1/1/8/2/9/2/shutterstock_2657253213-acdf0cb2129f029c.jpg,2026-07-16T13:00:00Z,,"Symbolbild: Demonstranten halten Schilder mit Aufschriften wie Korruption ist keine Institution und Wir haben das Recht zu wählen.
(Bild: Vitaliy Holovin / Shutterstock.com)
Verteidigungsminister F… [+3332 chars]",,de,'Winter'
https://www.welt.de/politik/deutschland/article6a58d4508e06d6769140efbd/sigmar-gabriel-waere-angela-merkel-kanzlerin-geblieben-haette-es-keinen-ukraine-krieg-gegeben.html,https://www.welt.de/politik/deutschland/article6a58d4508e06d6769140efbd/sigmar-gabriel-waere-angela-merkel-kanzlerin-geblieben-haette-es-keinen-ukraine-krieg-gegeben.html,0,www.welt.de,"„Wäre Angela Merkel Kanzlerin geblieben, hätte es keinen Ukraine-Krieg gegeben“",Nach Einschätzung von Sigmar Gabriel ist es an der Zeit für Verhandlungen mit Wladimir Putin. Für besonders geeignet hält er Angela Merkel. Außerdem bewertet der frühere Vizekanzler die Leistung der schwarz-roten Koalition.,https://images.welt.de/6a58d4508e06d6769140efbd/cb39914d0da6778011ab2e9480d3d022-master/ci16x9-w1200/dpa-com-20090101-251230-935-1048365-jpg,2026-07-16T13:46:34Z,,Nach Einschätzung von Sigmar Gabriel ist es an der Zeit für Verhandlungen mit Wladimir Putin. Für besonders geeignet hält er Angela Merkel. Außerdem bewertet der frühere Vizekanzler die Leistung der … [+4348 chars],,de,'Wladimir Putin'
https://www.sueddeutsche.de/wirtschaft/reden-wir-ueber-geld-hamburg-thomas-bickhardt-leuchtturm-touristen-cafe-li.3473488,https://www.sueddeutsche.de/wirtschaft/reden-wir-ueber-geld-hamburg-thomas-bickhardt-leuchtturm-touristen-cafe-li.3473488,0,www.sueddeutsche.de,"Reden wir über Geld: „Touristen sind völlig gnadenlos, die gehen überall rein“","Thomas Bickhardt lebte 25 Jahre als Leuchtturmwärter an der Küste Norwegens. Er spricht über marode Stromleitungen, die Einsamkeit im Winter und darüber, warum er mittlerweile Seekranke in Hamburg behandelt.",https://www.sueddeutsche.de/2026/07/16/ca8de91e-d72f-4eae-b7a1-abc5f2708453.jpg?q=60&fm=webp&width=1200&rect=0%2C123%2C2362%2C1329,2026-07-16T13:50:44Z,,"Thomas Bickhardt ist mit Anfang 30 in den Leuchtturm Kråkenes fyr auf einer abgelegenen Klippe an der norwegischen Westküste gezogen. Er sanierte das Gebäude, eröffnete darin ein Café und vermietete … [+454 chars]",,de,'Winter'
https://www.tagesspiegel.de/berlin/schule/kinderarmut-in-berlin-in-diesen-bezirken-leben-die-meisten-kinder-in-familien-mit-burgergeld-15844655.html,https://www.tagesspiegel.de/berlin/schule/kinderarmut-in-berlin-in-diesen-bezirken-leben-die-meisten-kinder-in-familien-mit-burgergeld-15844655.html,0,www.tagesspiegel.de,Kinderarmut in Berlin: In diesen Bezirken leben die meisten Kinder in Familien mit Bürgergeld,"Mehr als jedes fünfte Berliner Kind lebt in einer Familie mit Sozialleistungen. Die Kinderarmut geht laut Jugendverwaltung zwar leicht zurück, bleibt aber hoch und regional sehr ungleich verteilt.",https://www.tagesspiegel.de/images/15846974/alternates/BASE_16_9_W1400/1784207365000/urban-playground-kids.jpeg,2026-07-16T13:54:31Z,,"Die Zahlen sind gesunken, doch immer noch lebt mehr als jedes fünfte Kind in Berlin in einer Familie, die Sozialleistungen empfängt. Das teilte die Jugendverwaltung auf eine schriftliche Anfrage von … [+274 chars]",,de,'Bürgergeld'
https://www.nzz.ch/wirtschaft/abb-mit-boersenhoch-und-rotork-uebernahme-steigen-aktien-anreize-fuer-ceo-wierod-ld.10015454,https://www.nzz.ch/wirtschaft/abb-mit-boersenhoch-und-rotork-uebernahme-steigen-aktien-anreize-fuer-ceo-wierod-ld.10015454,0,www.nzz.ch,"ABB ist ein Überflieger an der Börse. Damit das so bleibt, soll der bescheiden gestartete Chef Morten Wierod viel stärker mitverdienen","Neue Gehaltsregeln drängen den CEO, mehr auf die Aktienrendite zu achten. Parallel muss er jetzt die grössten Übernahme in der Geschichte des Industriekonzerns zum Erfolg führen.","https://img-msp-prod.nzz.ch/2026/07/14/66813301-6ec2-4ff3-8f8a-03f8e790d173.jpg?width=1200&height=674&fit=bounds&quality=75&auto=webp&crop=5455,3068,x491,y652&wmark=nzz",2026-07-16T14:08:57Z,,"Neue Gehaltsregeln drängen den CEO, mehr auf die Aktienrendite zu achten. Parallel muss er jetzt die grössten Übernahme in der Geschichte des Industriekonzerns zum Erfolg führen.
Zusammenfassung
Ni… [+8026 chars]",,de,'Industrie'
https://www.zeit.de/politik/2026-07/mychajlo-fedorow-verteidigungsminister-ruecktritt-nachrichtenpodcast,https://www.zeit.de/politik/2026-07/mychajlo-fedorow-verteidigungsminister-ruecktritt-nachrichtenpodcast,0,www.zeit.de,"Mychajlo Fedorow : Der ukrainische Verteidigungsminister geht, das Volk protestiert",Mit der Regierungsumbildung in der Ukraine muss auch Verteidigungsminister Fedorow gehen. Welche Ziele verfolgt Selenskyj damit? Und: Härtere Maßnahmen bei Steuerbetrug,https://img.zeit.de/politik/ausland/2026-07/ukrainischer-verteidigungsminister-ruecktritt-nachrichtenpodcast-bild/wide__1300x731,2026-07-16T14:09:57Z,,"Der ukrainische Präsident Wolodymyr Selenskyj plant eine umfassende Regierungsumbildung. Nachdem Ministerpräsidentin Julija Swyrydenko auf seine Bitte hin zurückgetreten ist, muss laut ukrainischer V… [+2194 chars]",,de,'Ukraine'
https://www.n-tv.de/wirtschaft/Kreml-Sprecher-redet-die-Wirtschaftskrise-klein-id31093659.html,https://www.n-tv.de/wirtschaft/Kreml-Sprecher-redet-die-Wirtschaftskrise-klein-id31093659.html,0,www.n-tv.de,Geschäftsklima sinkt ins Minus: Kreml-Sprecher redet die Wirtschaftskrise klein,"Trotz westlicher Sanktionen ist die russische Wirtschaft lange Zeit widerstandsfähig. Mittlerweile knirscht es aber doch stark. Der Geschäftsklimaindex rutscht auf ein Vier-Jahres-Tief, die Sorgen der Verbraucher vor steigenden Preisen wächst. Der Kreml sagt,…",https://www.n-tv.de/img/31093728/1784215093/Img_16_9/1200/BELGOROD-RUSSIA-JUNE-24-A-view-of-fuel-station-amid-fuel-supply-shortage-in-the-city-of-Belgorod-Russia-on-June-24-2026-Many-gas-stations-in-the-city-have-stopped-selling-fuel-completely-Some-only-sell-92-octane-gasoline-and-diesel-but-no-95-octane-gasoline-At-the-few-remaining-stations-still-selling-fuel-queues-of-cars-are-forming.jpg,2026-07-16T14:22:28Z,,"Lange Schlangen an Tankstellen sind seit vielen Wochen ein vertrautes Bild in Russland. (Foto: picture alliance / Anadolu)
Trotz westlicher Sanktionen ist die russische Wirtschaft lange Zeit widerst… [+2237 chars]",,de,'Kreml'
https://www.freitag.de/autoren/hans-georg-ehrhart/ukraine-krieg-bringt-selenskyjs-drei-saeulen-plan-uns-naeher-an-den-weltkrieg,https://www.freitag.de/autoren/hans-georg-ehrhart/ukraine-krieg-bringt-selenskyjs-drei-saeulen-plan-uns-naeher-an-den-weltkrieg,0,www.freitag.de,Ukraine | Bringt Selenskyjs „Drei-Säulen-Plan“ uns näher an den nächsten Weltkrieg?,Der ukrainische Verteidigungsminister will „jeden Tag zu einer existenziellen Bedrohung für Russland“ machen. Merz beschließt derweil eine „strategische Partnerschaft“ mit Kiew. Stehen wir an einem der gefährlichsten Punkte des Konfliktes? Eskalationsgefahr i…,https://www.freitag.de/autoren/hans-georg-ehrhart/ukraine-krieg-bringt-selenskyjs-drei-saeulen-plan-uns-naeher-an-den-weltkrieg/@@images/image/great,2026-07-16T14:23:00Z,,"Eskalationsgefahr ist ein häufig verwendeter Begriff in Kriegsanalysen. Er reflektiert, dass sich Konfliktakteure wechselseitig immer stärkeren Schaden zufügen, um den eigenen politischen Willen durc… [+5253 chars]",,de,'Ukraine'
https://www.nzz.ch/meinung/streit-in-der-militaerfuehrung-die-ukraine-schwaecht-sich-mit-der-affaere-fedorow-selber-ld.10015787,https://www.nzz.ch/meinung/streit-in-der-militaerfuehrung-die-ukraine-schwaecht-sich-mit-der-affaere-fedorow-selber-ld.10015787,0,www.nzz.ch,"KOMMENTAR - Stark an der Front, aber zerstritten an der Spitze: Die Ukraine schwächt sich mit dem Konflikt in ihrer Militärführung selber","Der Machtkampf bei den ukrainischen Streitkräften ist entschieden; Verteidigungsminister Fedorow muss über die Klinge springen. Dass die Ukraine diesen Modernisierer verliert, ist ein Verlust und zeigt die Schwächen von Präsident Selenskis Führungsstil.","https://img-msp-prod.nzz.ch/2026/07/16/673d69cd-0bb4-41a7-874f-66c563f2c4db.jpg?width=1200&height=675&fit=bounds&quality=75&auto=webp&crop=4431,2493,x62,y0&wmark=nzz",2026-07-16T14:25:24Z,,"Der Machtkampf bei den ukrainischen Streitkräften ist entschieden; Verteidigungsminister Fedorow muss über die Klinge springen. Dass die Ukraine diesen Modernisierer verliert, ist ein Verlust und zei… [+4751 chars]",,de,'Ukraine'
https://www.tagesspiegel.de/wissen/wohin-mit-dem-grunen-strom-die-fehlenden-speicher-werden-zum-flaschenhals-der-energiewende-15778573.html,https://www.tagesspiegel.de/wissen/wohin-mit-dem-grunen-strom-die-fehlenden-speicher-werden-zum-flaschenhals-der-energiewende-15778573.html,0,www.tagesspiegel.de,Wohin mit dem grünen Strom?: Die fehlenden Speicher werden zum Flaschenhals der Energiewende,"Erneuerbare Energien decken in Deutschland bereits einen großen Teil der Stromerzeugung, doch Produktion und Verbrauch passen oft nicht zusammen. Jetzt beginnt der Ausbau – aber reicht das Tempo?",https://www.tagesspiegel.de/images/15781832/alternates/BASE_16_9_W1400/1782907019000/solar001-solar-batteriespeicher-hybridkraftwerk.jpeg,2026-07-16T14:26:06Z,,"Das fossile Zeitalter der Energieträger Kohle, Erdöl und Gas endet. Vor allem bei der Stromproduktion ist die Energiewende weltweit in vollem Gang: weg von den fossilen Brennstoffen, hin zu Erneuerba… [+843 chars]",,de,'Energie'
https://www.bild.de/regional/baden-wuerttemberg/traditionsbetrieb-in-der-krise-deutsche-fabrik-meldet-insolvenz-an-6a589530f127abe2ae48fd16,https://www.bild.de/regional/baden-wuerttemberg/traditionsbetrieb-in-der-krise-deutsche-fabrik-meldet-insolvenz-an-6a589530f127abe2ae48fd16,0,www.bild.de,Traditionsbetrieb in der Krise - Deutsche Fabrik meldet Insolvenz an,Ein 113 Jahre alter Industriebetrieb kämpft erneut ums Überleben.,"https://images.bild.de/6a589530f127abe2ae48fd16/2b9360c6577c40c83a5d724ca64bc6b4,325a4703?w=1280",2026-07-16T14:45:43Z,,TTS-Player überspringenArtikel weiterlesenDie Krise in der Industrie trifft den nächsten Traditionsbetrieb mit voller Wucht. Die Eurotech Guss Schwäbisch Gmünd GmbH hat erneut Insolvenz angemeldet. F… [+2230 chars],,de,'Industrie'
https://www.n-tv.de/politik/Verteidigungsminister-Fedorow-geht-mit-einem-grossen-Knall-id31093999.html,https://www.n-tv.de/politik/Verteidigungsminister-Fedorow-geht-mit-einem-grossen-Knall-id31093999.html,0,www.n-tv.de,Machtkampf in der Ukraine: Verteidigungsminister Fedorow geht mit einem großen Knall,Schon wieder wechselt Präsident Selenskyj den Verteidigungsminister aus. Der junge Reformer Mychajlo Fedorow war nur ein halbes Jahr im Amt. Hinter seiner Entlassung steht ein Machtkampf mit der Armeeführung.,https://www.n-tv.de/img/31094087/1784218314/Img_16_9/1200/KYIV-UKRAINE-JULY-16-Defense-minister-of-Ukraine-Mykhailo-Fedorov-gives-a-briefing-after-his-dismissal-from-his-position-by-President-of-Ukraine-Volodymyr-Zelenskyy-in-Kyiv-Ukraine-on-July-16-2026.jpg,2026-07-16T14:56:17Z,,"Verteidigungsminister Fedorow gibt zum Abschied eine Pressekonferenz. (Foto: picture alliance / Anadolu)
Schon wieder wechselt Präsident Selenskyj den Verteidigungsminister aus. Der junge Reformer M… [+6996 chars]",,de,'Kreml'
https://www.focus.de/kultur/kino-tv/obwohl-er-zur-arbeit-begleitet-wird-buergergeld-empfaenger-pascal-beendet-massnahme-vorzeitig_a405c57e-2e0c-49b6-ba4a-01d97c095897.html,https://www.focus.de/kultur/kino-tv/obwohl-er-zur-arbeit-begleitet-wird-buergergeld-empfaenger-pascal-beendet-massnahme-vorzeitig_a405c57e-2e0c-49b6-ba4a-01d97c095897.html,0,www.focus.de,Obwohl er zur Arbeit begleitet wird: Bürgergeld-Empfänger Pascal beendet Maßnahme vorzeitig,"Pascal aus der RTLZWEI-Sozialdoku „Hartz und herzlich“ polarisiert immer wieder. Nun sorgt der Bürgergeld-Empfänger erneut für Kopfschütteln: Obwohl er bei einer Maßnahme sogar zur Arbeit begleitet wird, beendet er diese vorzeitig.","https://quadro.burda-forward.de/ctf/b48f2a61-2725-4600-83b5-a2a114112e1d.ec5adf16-fb72-44c8-8847-0f0b97024aeb.jpeg?im=RegionOfInterestCrop=(1200,630),regionOfInterest=(825,253)&hash=ecfdebc373e9e2f711873508f89fcbee3603fe82e73062e38225d74efa5d4947",2026-07-16T15:16:00Z,,Der 25-Jährige wird bereits seit mehreren Jahren von einem Kamerateam für Hartz und herzlich begleitet. Dabei fiel er immer wieder durch seine mangelnde Arbeitsmoral auf. Mehrfach trat er Maßnahmen g… [+1725 chars],,de,'Bürgergeld'
https://www.tagesspiegel.de/internationales/ukraine-invasion-tag-1604-was-ukrainische-soldaten-zur-absetzung-fedorows-sagen-15847747.html,https://www.tagesspiegel.de/internationales/ukraine-invasion-tag-1604-was-ukrainische-soldaten-zur-absetzung-fedorows-sagen-15847747.html,0,www.tagesspiegel.de,"Ukraine-Invasion, Tag 1604: Was ukrainische Soldaten zur Absetzung Fedorows sagen",Opfer von Explosion in Monaco bezichtigt Geheimdienst. Und: Drohnenteile aus China mit EU-Geld. Der Nachrichtenüberblick.,https://www.tagesspiegel.de/images/15847311/alternates/BASE_16_9_W1400/1784209658000/briefing-of-former-ukrainian-defence-minister-mykhailo-fedorov-in-kyiv.jpeg,2026-07-16T15:26:48Z,,"eine bekannte Aktivistin mit Wurzeln auf der Krim zurückgesteckte braune Haare, ernster Blick steht am Donnerstagmorgen auf dem Ivan-Franko-Platz in der Kyjiwer Innenstadt. Sie hat auf ein Stück Papp… [+4214 chars]",,de,'Wladimir Putin'
https://www.zeit.de/wirtschaft/2026-07/us-zoelle-brasilien-importe-handelsstreit-wto,https://www.zeit.de/wirtschaft/2026-07/us-zoelle-brasilien-importe-handelsstreit-wto,0,www.zeit.de,Zölle: USA kündigen Importzölle für Brasilien an,Die USA sehen unfaire Handelspraktiken von Brasilien und planen Importzölle. Ausgenommen sind Produkte sensibler Lieferketten. Brasilien kündigt Gegenmaßnahmen an.,https://img.zeit.de/wirtschaft/2026-07/us-zoelle-brasilien-importe-handelsstreit-wto-foto-1/wide__1300x731,2026-07-16T15:38:40Z,,"Die US-Regierung will Importe aus Brasilien mit einem Zollsatz in Höhe von 25 Prozent belegen. Ausgenommen seien etwa Produkte, die in den USA nicht ausreichend vorhanden seien oder eine besonders se… [+1282 chars]",,de,'Gas'
https://www.focus.de/finanzen/news/china-wendet-sich-gegen-einen-australischen-bergbau-riesen-dessen-wachstum-es-einst-gefoerdert-hat_b5355467-e67d-4e6b-8f9f-8bdf37229e0f.html,https://www.focus.de/finanzen/news/china-wendet-sich-gegen-einen-australischen-bergbau-riesen-dessen-wachstum-es-einst-gefoerdert-hat_b5355467-e67d-4e6b-8f9f-8bdf37229e0f.html,0,www.focus.de,"China wendet sich gegen einen australischen Bergbau-Riesen, dessen Wachstum es einst gefördert hat",Das australische Unternehmen Fortescue liefert seit Jahren viel Stahl nach China. Jetzt aber blockiert ein Konglomerat angeblich die Importe.,"https://quadro.burda-forward.de/ctf/116e2846-6219-4191-9fce-55d818cfd271.5d45ce99-d55b-4bd0-908c-28d5b5d25a32.jpg?im=RegionOfInterestCrop=(1200,630),regionOfInterest=(2452,1341)&hash=e395ba0a445b35e42794326ad4cbd940f5a4ae45b95329fd87e0c21d53d0434c",2026-07-16T16:20:00Z,,Das australische Bergbau-Unternehmen Fortescue ist einer der wichtigsten Eisenerz-Lieferanten für China. Aktuell aber kommt es zum Streit mit einem chinesischen Eisen-Konglomerat. Durch dieses Konglo… [+3181 chars],,de,'Industrie'
https://www.tagesschau.de/ausland/asien/doha-130.html,https://www.tagesschau.de/ausland/asien/doha-130.html,0,www.tagesschau.de,Iran-Krieg: Golfstaaten fürchten neue Eskalation,"Die US-Militärbasen in Kuwait, Bahrain und Jordanien werden seit Ausbruch des Kriegs von Iran immer wieder angegriffen - auch jetzt. Dort stellt sich die bange Frage: Sind die Attacken der Auftakt zu größeren Kampfhandlungen? Von Moritz Behrendt.",https://images.tagesschau.de/image/957f1694-09fd-407e-b9bf-02c49c395e23/AAABn2ueLvU/AAABnSSvrFg/16x9-big/kuwait-150.jpg?width=1280,2026-07-16T16:41:56Z,,"Stand: 16.07.2026 18:41 Uhr
Die US-Militärbasen in Kuwait, Bahrain und Jordanien werden seit Ausbruch des Kriegs von Iran immer wieder angegriffen - auch jetzt. Dort stellt sich die bange Frage: Sin… [+2965 chars]",,de,'Gas'
https://www.welt.de/wirtschaft/article6a59103a4f2af71feeae498d/780-millionen-dollar-das-gigantische-spendennetzwerk-von-donald-trump.html,https://www.welt.de/wirtschaft/article6a59103a4f2af71feeae498d/780-millionen-dollar-das-gigantische-spendennetzwerk-von-donald-trump.html,0,www.welt.de,Das gigantische Spendennetzwerk von Donald Trump,"Die Spenderliste der Unternehmen reicht von Rüstung über Energie bis hin zu Tabakkonzernen. Bemerkenswert: Genau jene Branchen und Unternehmen, die am meisten Geld überwiesen, profitieren besonders von der US-Regierung.",https://images.welt.de/6a59103a4f2af71feeae498d/d60fda9c144efe45b7c6180b4b671067-master/ci16x9-w1200/gettyimages-2217852528-jpg,2026-07-16T18:03:33Z,,"Die Spenderliste der Unternehmen reicht von Rüstung über Energie bis hin zu Tabakkonzernen. Bemerkenswert: Genau jene Branchen und Unternehmen, die am meisten Geld überwiesen, profitieren besonders v… [+6672 chars]",,de,'Industrie'
https://www.zeit.de/politik/deutschland/2026-07/friedrich-merz-emmanuel-macron-deutsch-franzoesischer-ministerrat-paris,https://www.zeit.de/politik/deutschland/2026-07/friedrich-merz-emmanuel-macron-deutsch-franzoesischer-ministerrat-paris,0,www.zeit.de,Deutsch-französischer Ministerrat: Macron lobt »echte deutsch-französische Annäherung«,In Schloss Augustusburg kommt der deutsch-französische Ministerrat zusammen. Am Vorabend loben Emmanuel Macron und Friedrich Merz die gute Beziehung zwischen den Ländern.,https://img.zeit.de/administratives/sharing/fallback-image-die-zeit/wide__1300x731,2026-07-16T19:45:32Z,,"Frankreichs
 Präsident Emmanuel Macron und Bundeskanzler Friedrich Merz haben am Vorabend des deutsch-französischen Ministerrats die gute Beziehung beider Länder zueinander betont. Merz empfing Macr… [+818 chars]",,de,'Friedrich Merz'
https://www.zeit.de/news/2026-07/17/berichte-us-militaer-greift-bruecken-im-iran-an,https://www.zeit.de/news/2026-07/17/berichte-us-militaer-greift-bruecken-im-iran-an,0,www.zeit.de,Eskalation im Iran-Krieg: Berichte: US-Militär greift Brücken im Iran an,Hier finden Sie Informationen zu dem Thema „Eskalation im Iran-Krieg“. Lesen Sie jetzt „Berichte: US-Militär greift Brücken im Iran an“.,https://img.zeit.de/news/2026-07/17/berichte-us-militaer-greift-bruecken-im-iran-an-image-group/wide__1300x731,2026-07-16T22:35:29Z,,Iranischen Medienberichten zufolge hat das US-Militär zwei Brücken im Süden des Irans angegriffen. Bei den jüngsten US-Attacken auf die Provinz Hormusgan seien die Kahurestan- und die Gariveh-Brücke … [+1334 chars],,de,'Krieg'
https://www.tagesspiegel.de/internationales/die-lage-im-uberblick-iran-meldet-us-angriffe-auf-brucken-pentagon-militarziele-15848057.html,https://www.tagesspiegel.de/internationales/die-lage-im-uberblick-iran-meldet-us-angriffe-auf-brucken-pentagon-militarziele-15848057.html,0,www.tagesspiegel.de,Die Lage im Überblick: Iran meldet US-Angriffe auf Brücken - Pentagon: Militärziele,In der nunmehr sechsten Nacht in Folge bombardiert das US-Militär den Iran. Die jüngste Angriffswelle richtete sich angeblich gegen militärische Ziele. Der Iran stellt das gänzlich anders dar.,https://www.tagesspiegel.de/images/15848194/alternates/BASE_16_9_W1400/1784258839000/kampfflugzeuge-der-usa.jpeg,2026-07-16T22:36:37Z,,Das US-Militär hat in der sechsten Angriffsnacht in Folge laut Medienberichten mehrere Brücken und einen Flughafen im Iran bombardiert. Mit den Angriffen auf Brücken sollten Nachschubwege zu einem ir… [+5654 chars],,de,'Iran'
https://www.tagesschau.de/ausland/asien/usa-angriffe-iran-104.html,https://www.tagesschau.de/ausland/asien/usa-angriffe-iran-104.html,0,www.tagesschau.de,Iranische Medien: USA greifen Brücken und Flughafen an,Die USA haben in der sechsten Nacht in Folge Ziele in Iran angegriffen. Beim Beschuss von Brücken wurden iranischen Medien zufolge zwei Menschen getötet. Iran antwortete mit Schlägen gegen die Golfstaaten.,https://images.tagesschau.de/image/85e75c9a-a1ed-4683-9c4d-6e2514a81630/AAABn1iE0OI/AAABnSSvrFg/16x9-big/usa-iran-176.jpg?width=1280,2026-07-17T01:11:27Z,,"Stand: 17.07.2026 03:11 Uhr
Die USA haben in der sechsten Nacht in Folge Ziele in Iran angegriffen. Beim Beschuss von Brücken wurden iranischen Medien zufolge zwei Menschen getötet. Iran antwortete … [+1324 chars]",,de,'Iran'
https://www.zeit.de/news/2026-07/17/nach-verboten-wasserverbrauch-in-muenchen-gesunken,https://www.zeit.de/news/2026-07/17/nach-verboten-wasserverbrauch-in-muenchen-gesunken,0,www.zeit.de,Versorgung am Limit: Nach Verboten: Wasserverbrauch in München gesunken,Hier finden Sie Informationen zu dem Thema „Versorgung am Limit“. Lesen Sie jetzt „Nach Verboten: Wasserverbrauch in München gesunken“.,https://img.zeit.de/news/2026-07/17/nach-verboten-wasserverbrauch-in-muenchen-gesunken-image-group/wide__1300x731,2026-07-17T02:15:05Z,,Am Tag nach dem Erlass von Verboten zum Wassersparen haben die Münchnerinnen und Münchner weniger Trinkwasser verbraucht. Der Verbrauch sei am Mittwoch auf unter 330 Millionen Liter gesunken und dami… [+1622 chars],,de,'Versorgung'
https://www.tagesspiegel.de/wirtschaft/klimaschutz-eu-kommission-will-emissionshandel-abschwachen-15848105.html,https://www.tagesspiegel.de/wirtschaft/klimaschutz-eu-kommission-will-emissionshandel-abschwachen-15848105.html,0,www.tagesspiegel.de,Klimaschutz: EU-Kommission will Emissionshandel abschwächen,Mit länger und mehr Verschmutzungsrechten will die Europäische Kommission Europas Industrie entlasten - und damit ein zentrales Klimaschutzinstrument aufweichen. Was ist geplant und wie kommt es an?,https://www.tagesspiegel.de/images/15850637/alternates/BASE_16_9_W1400/1784291811000/industriepark-hochst.jpeg,2026-07-17T02:31:27Z,,"Unter Druck von Wirtschaft und Mitgliedsstaaten schlägt die EU-Kommission eine Abschwächung eines zentralen Klimaschutzinstruments vor. So will die Brüsseler Behörde, dass die Gesamtzahl verfügbarer … [+6131 chars]",,de,'Industrie'
https://www.welt.de/wirtschaft/article6a58901cf127abe2ae48fca9/uniper-chef-verkuendung-der-gaskraftwende-der-deutsche-markt-ist-wieder-investierbar.html,https://www.welt.de/wirtschaft/article6a58901cf127abe2ae48fca9/uniper-chef-verkuendung-der-gaskraftwende-der-deutsche-markt-ist-wieder-investierbar.html,0,www.welt.de,Die Verkündung der Gaskraftwende – „Der deutsche Markt ist wieder investierbar“,"Das neue deutsche Kraftwerksgesetz verändert die Energiewende-Lage vollkommen, erklärt Uniper-Chef Lewis im Gespräch mit WELT. Und er reagiert: Der Ausbau erneuerbarer Energien rutscht auf der Prioritätenliste runter.",https://images.welt.de/6a58901cf127abe2ae48fca9/9710c1e008f18940dfe3bd8402ce1171/ci16x9-w1200/384342509-jpg,2026-07-17T03:04:57Z,,"Das neue deutsche Kraftwerksgesetz verändert die Energiewende-Lage vollkommen, erklärt Uniper-Chef Lewis im Gespräch mit WELT. Und er reagiert: Der Ausbau erneuerbarer Energien rutscht auf der Priori… [+9922 chars]",,de,'Gas'
https://www.nzz.ch/pro/warum-donald-trump-die-ukraine-wieder-staerker-unterstuetzt-ld.10015800,https://www.nzz.ch/pro/warum-donald-trump-die-ukraine-wieder-staerker-unterstuetzt-ld.10015800,0,www.nzz.ch,Warum Donald Trump die Ukraine wieder stärker unterstützt,In Ankara überhäufte der amerikanische Präsident die Ukraine mit Komplimenten. Trump hasst Verlierer und liebt Gewinner.,"https://img-msp-prod.nzz.ch/2026/07/15/5d8d3927-d828-4eee-a91c-958a2307ef60.jpg?width=1200&height=674&fit=bounds&quality=75&auto=webp&crop=3000,1687,x0,y157&wmark=nzz",2026-07-17T03:30:00Z,,"In Ankara überhäufte der amerikanische Präsident die Ukraine mit Komplimenten. Trump hasst Verlierer und liebt Gewinner.
17.07.2026, 05.30 Uhr
Kommentieren
Zusammenfassung
Donald Trump lobte am N… [+7609 chars]",,de,'Gas'
https://www.nzz.ch/wirtschaft/wie-beweist-man-den-jungen-dass-man-ein-cooler-arbeitgeber-ist-schweizer-industriefirmen-versuchen-es-am-open-air-ld.10015534,https://www.nzz.ch/wirtschaft/wie-beweist-man-den-jungen-dass-man-ein-cooler-arbeitgeber-ist-schweizer-industriefirmen-versuchen-es-am-open-air-ld.10015534,0,www.nzz.ch,"Wie beweist man den Jungen, dass man ein cooler Arbeitgeber ist? Schweizer Industriefirmen versuchen es am Open Air","Der Schweizer Lehrstellenmarkt ist auf den ersten Blick stabil, doch auf den zweiten hapert es. In der Industrie sind viele Stellen frei. Also werden die Unternehmen kreativ.","https://img-msp-prod.nzz.ch/2026/07/15/290a89ae-7aae-4889-b59c-26f647da16a7.jpg?width=1200&height=674&fit=bounds&quality=75&auto=webp&crop=7465,4199,x0,y0&wmark=nzz",2026-07-17T03:30:00Z,,"Der Schweizer Lehrstellenmarkt ist auf den ersten Blick stabil, doch auf den zweiten hapert es. In der Industrie sind viele Stellen frei. Also werden die Unternehmen kreativ.
Zusammenfassung
Attrak… [+7966 chars]",,de,'Industrie'
https://www.diepresse.com/37946698/iran-meldet-us-angriffe-auf-bruecken,https://www.diepresse.com/37946698/iran-meldet-us-angriffe-auf-bruecken,0,www.diepresse.com,Iran meldet US-Angriffe auf Brücken und Flughafen,Es ist die sechste Nacht in Folge in der die USA Ziele im Iran angreift. Den iranischen Staatsmedien zufolge wurden dabei Brücken und der Flughafen Iranschahr getroffen.,https://img.diepresse.com/public/incoming/uxt20m-iran-crisisusa-strikes-targets/alternates/WEBP_WIDE_1200/IRAN-CRISISUSA-STRIKES-TARGETS,2026-07-17T04:37:08Z,,"Die Presse auf Google als bevorzugte Nachrichtenquelle hinzufügen.
 Das US-Militär hat in der sechsten Angriffsnacht in Folge laut Medienberichten mehrere Brücken und einen Flughafen im Iran bombard… [+5393 chars]",,de,'Iran'
https://www.zeit.de/politik/ausland/2026-07/russland-ukraine-krieg-taktik-5vor8,https://www.zeit.de/politik/ausland/2026-07/russland-ukraine-krieg-taktik-5vor8,0,www.zeit.de,Russland: Mit der Nuklearoption aus dem Ukraine-Schlamassel,"Höchste Zeit für den Einsatz der Atombombe, findet ein Kreml-Berater. In Moskau reibt man sich die Augen. Würde Wladimir Putin so etwas ernsthaft in Betracht ziehen?",https://img.zeit.de/politik/2026-07/russland-ukraine-krieg-taktik-5vor8/wide__1300x731,2026-07-17T05:55:04Z,,"Viel
vorzuzeigen hat er nicht. Nach viereinhalb Jahren Krieg gegen die Ukraine steht
Wladimir Putin mit seinen Truppen also in Pokrowsk und vor Konstantiniwka. Der
Herrscher kündet von Triumphen, … [+429 chars]",,de,'Wladimir Putin'
https://www.focus.de/politik/ausland/ukraine-trifft-russlands-spritdepots-finnischer-experte-schlaegt-alarm_6dbd7147-b97a-470a-8d83-a15caa3855ed.html,https://www.focus.de/politik/ausland/ukraine-trifft-russlands-spritdepots-finnischer-experte-schlaegt-alarm_6dbd7147-b97a-470a-8d83-a15caa3855ed.html,0,www.focus.de,Ukraine trifft Russlands Spritdepots: Finnischer Experte schlägt Alarm,Ukrainische Drohnen treffen Treibstoffziele tief in Russland. Ein finnischer Sicherheitsexperte warnt nun vor gefährlichen Reaktionen aus Moskau.,"https://quadro.burda-forward.de/ctf/9c6a6b01-a342-46f2-bbc6-194cc5499d98.4ec4e9fc-8c14-456e-b413-8cd8170cc308.jpg?im=RegionOfInterestCrop=(1200,630),regionOfInterest=(1915,780)&hash=fbd2bd714eef0825cdb6583ceea4ef38a31f2d849e0a44796b5dbbc6ea81d2de",2026-07-17T07:53:00Z,,"Der Ukraine-Krieg erreicht zunehmend den Alltag der Menschen in Russland. Drohnenangriffe auf Raffinerien, Häfen und Tanker in Russland setzen nach Einschätzung des finnischen Militärwissenschaftlers… [+3796 chars]",,de,'Sicherheit'
https://www.nzz.ch/international/zu-ehren-von-lindsey-nach-dem-ploetzlichen-tod-von-senator-graham-stehen-die-russland-sanktionen-kurz-vor-dem-durchbruch-ld.10015633,https://www.nzz.ch/international/zu-ehren-von-lindsey-nach-dem-ploetzlichen-tod-von-senator-graham-stehen-die-russland-sanktionen-kurz-vor-dem-durchbruch-ld.10015633,0,www.nzz.ch,«Zu Ehren von Lindsey»: Nach dem plötzlichen Tod von Senator Graham stehen die Russland-Sanktionen kurz vor dem Durchbruch,"Schon lange plant der amerikanische Kongress neue Sanktionen gegen Moskau und Strafzölle gegen Käufer von russischem Öl und Gas. Präsident Trump sperrte sich dagegen, doch nun, nach dem Ableben seines persönlichen Freundes, äussert er sich wohlwollend.","https://img-msp-prod.nzz.ch/2026/07/17/3f8c484b-ea53-4812-928e-d0bb29c17904.jpg?width=1200&height=675&fit=bounds&quality=75&auto=webp&crop=8192,4608,x0,y382&wmark=nzz",2026-07-17T08:50:52Z,,"Schon lange plant der amerikanische Kongress neue Sanktionen gegen Moskau und Strafzölle gegen Käufer von russischem Öl und Gas. Präsident Trump sperrte sich dagegen, doch nun, nach dem Ableben seine… [+5348 chars]",,de,'Gas'
https://www.welt.de/kultur/literarischewelt/article6a4b71397bfb3e5e95d172ca/auswandern-leben-dort-noch-deutsche-ich-glaube-nicht-stalin-hat-sie-alle-weggebracht.html,https://www.welt.de/kultur/literarischewelt/article6a4b71397bfb3e5e95d172ca/auswandern-leben-dort-noch-deutsche-ich-glaube-nicht-stalin-hat-sie-alle-weggebracht.html,0,www.welt.de,„Leben dort noch Deutsche?“ – „Ich glaube nicht. Stalin hat sie alle weggebracht“,"„Russlanddeutsche“ lebten nicht nur in Russland, sondern auch im Kaukasus oder der Ukraine. Doch wer kennt ihre Geschichte? Auf den Spuren seiner Großmutter Hedwig ist Michael Riepl ins östlichste Europa gereist: Die Dachziegel der deutschen Diaspora halten b…",https://images.welt.de/6a4b71397bfb3e5e95d172ca/f772619b52db57c47e8af0cfb2833163-master/ci16x9-w1200/02-familienfoto-mit-jascha-jpg,2026-07-17T08:52:42Z,,"Russlanddeutsche lebten nicht nur in Russland, sondern auch im Kaukasus oder der Ukraine. Doch wer kennt ihre Geschichte? Auf den Spuren seiner Großmutter Hedwig ist Michael Riepl ins östlichste Euro… [+9882 chars]",,de,'Saporischschja'
https://www.focus.de/politik/ausland/geopolitik-experte-putins-neue-rhetorik-zeigt-wirkung-der-ukrainischen-angriffe_136de341-200b-4c97-a325-30f2affa825d.html,https://www.focus.de/politik/ausland/geopolitik-experte-putins-neue-rhetorik-zeigt-wirkung-der-ukrainischen-angriffe_136de341-200b-4c97-a325-30f2affa825d.html,0,www.focus.de,Geopolitik-Experte: Putins neue Rhetorik zeigt Wirkung der ukrainischen Angriffe,"Für Geopolitik-Experte Klemens Fischer liegt ein besonders aufschlussreicher Aspekt der jüngsten ukrainischen Angriffe auf Russland in der Reaktion des Kremls. Daran sei klar zu erkennen, dass Wladimir Putin inzwischen „eine andere Rhetorik anschlägt“.","https://quadro.burda-forward.de/ctf/9c542f83-4959-47de-84c0-d70a837575b9.6f9ed765-3f7b-4b5b-8fed-00e18635592c.jpg?im=RegionOfInterestCrop=(1200,630),regionOfInterest=(2924,1438)&hash=879c41d0e678d4395194210a21f7e5c32e3ed552bf6e842cd2b5fbd07702828e",2026-07-17T09:03:00Z,,"Der russische Präsident räume mittlerweile selbst ein, dass es Probleme gibt nicht so sehr an der Front, aber im Hinterland, sagt Fischer im Interview mit FOCUS online. 
Der Geopolitik-Experte sieht… [+2351 chars]",,de,'Kreml'
https://www.zeit.de/2026/31/geheimtreffen-baku-deutschland-russland-petersburger-dialog,https://www.zeit.de/2026/31/geheimtreffen-baku-deutschland-russland-petersburger-dialog,0,www.zeit.de,Geheimtreffen in Baku: Die verschwiegene Kolonne Moskaus,Deutsche Politiker treffen sich in Baku heimlich mit Abgesandten des russischen Präsidenten Wladimir Putin. Was haben sie vor? Und was haben sie zu verbergen?,https://img.zeit.de/2026/31/die-verschwiegene-kolonne-moskaus-bild-1/wide__1300x731,2026-07-17T09:05:32Z,,"Matthias Platzeck und Ronald Pofalla erscheinen schon zwanzig Minuten vor der Zeit. Es ist der Montagmorgen dieser Woche, 10.40 Uhr, als sich die Schiebetür des Hotels Four Seasons in Aserbaidschans … [+667 chars]",,de,'Wladimir Putin'
https://www.zeit.de/politik/ausland/2026-07/knesset-israel-parlamentswahl-aufloesung-benjamin-netanjahu,https://www.zeit.de/politik/ausland/2026-07/knesset-israel-parlamentswahl-aufloesung-benjamin-netanjahu,0,www.zeit.de,Parlamentswahlen in Israel: Knesset vor Parlamentswahlen aufgelöst,Das Parlament in Israel hat die Legislaturperiode beendet. Ministerpräsident Benjamin Netanjahu hofft nach den Wahlen auf eine »breit aufgestellte nationale Regierung«.,https://img.zeit.de/politik/ausland/2026-07/knesset-israel-parlamentswahl-aufloesung-benjamin-netanjahu-foto-1/wide__1300x731,2026-07-17T09:38:18Z,,Das israelische Parlament hat sich vor den Wahlen im Land ordnungsgemäß aufgelöst. 62 der 120 Abgeordneten stimmten für die Auflösung und beendeten damit die Legislaturperiode. Die Knesset wird am 27… [+1660 chars],,de,'Benjamin Netanjahu'
https://www.zeit.de/wirtschaft/2026-07/auftragsbestand-industrie-deutschland-maschinenbau-auto,https://www.zeit.de/wirtschaft/2026-07/auftragsbestand-industrie-deutschland-maschinenbau-auto,0,www.zeit.de,Industrie: Auftragsbestand im verarbeitenden Gewerbe wächst,Die Auftragsbücher im verarbeitenden Gewerbe sind im Mai so gut gefüllt gewesen wie seit über zehn Jahren nicht. Besonders die Nachfrage im Maschinenbau wirkte sich aus.,https://img.zeit.de/wirtschaft/2026-07/auftragsbestand-industrie-deutschland-maschinenbau-auto-foto-1/wide__1300x731,2026-07-17T09:51:42Z,,"Der Bestand an Aufträgen ist im verarbeitenden Gewerbe im Mai in Deutschland weiter gestiegen. Das Statistische Bundesamt teilte mit, dass der Zuwachs saison- und kalenderbereinigt 1,7 Prozent gegenü… [+1184 chars]",,de,'Industrie'
https://www.zeit.de/politik/ausland/2026-07/iran-angriffe-us-stuetzpunkte-nahost-raketen-drohnen,https://www.zeit.de/politik/ausland/2026-07/iran-angriffe-us-stuetzpunkte-nahost-raketen-drohnen,0,www.zeit.de,Irankrieg: Iran meldet Angriffe auf US-Stützpunkte in Nahost,"Die Revolutionsgarden haben nach eigenen Angaben US-Ziele in Bahrain, Kuwait, dem Oman und Jordanien angegriffen. Bei US-Attacken im Iran soll es Tote gegeben haben.",https://img.zeit.de/politik/ausland/2026-07/iran-angriffe-us-stuetzpunkte-nahost-raketen-drohnen-foto-1/wide__1300x731,2026-07-17T09:57:31Z,,"Der Iran hat in der Nacht Angriffe auf verschiedene US-Stützpunkte im Nahen Osten gemeldet. Nach iranischen Angaben wurden Raketen und Drohnen auf Einrichtungen in Bahrain, Kuwait und dem Oman sowie … [+1458 chars]",,de,'Iran'
https://www.focus.de/politik/ausland/russische-militaerexperten-widersprechen-putin-die-su-57-ist-nicht-der-beste-kampfjet-der-welt-f-35-kaempfen-als-gaebe-es-keine-luftverteidigung_01e836f6-1115-4614-9eed-d79026f3aa71.html,https://www.focus.de/politik/ausland/russische-militaerexperten-widersprechen-putin-die-su-57-ist-nicht-der-beste-kampfjet-der-welt-f-35-kaempfen-als-gaebe-es-keine-luftverteidigung_01e836f6-1115-4614-9eed-d79026f3aa71.html,0,www.focus.de,"Russische Militärexperten widersprechen Putin: Die Su-57 ist nicht der beste Kampfjet der Welt – „F-35 kämpfen, als gäbe es keine Luftverteidigung”","Putin preist die Su-57 als besten Kampfjet der Welt. Doch aus Russland kommt scharfer Widerspruch, vor allem mit Blick auf ihren Einsatz im Krieg gegen die Ukraine.","https://quadro.burda-forward.de/ctf/e168220d-8554-4300-ad78-629d7a386075.1eb85fbb-b641-464d-b212-b0664e8dad28.jpg?im=RegionOfInterestCrop=(1200,630),regionOfInterest=(2226,1467)&hash=4efc16df798a29a70633b1f790a6b8995a333706a32e9ff9165e54e3c278608a",2026-07-17T10:00:00Z,,"Wladimir Putins Lob für die Su-57 stößt in Russland auf Widerspruch. Militäranalysten und Kommentatoren bestreiten, dass der Kampfjet seinen Ansprüchen gerecht wird. Dabei verweisen sie vor allem auf… [+3407 chars]",,de,'Ukraine'
https://www.faz.net/aktuell/wirtschaft/klima-nachhaltigkeit/so-will-bruessel-den-emissionshandel-reformieren-accg-201023798.html,https://www.faz.net/aktuell/wirtschaft/klima-nachhaltigkeit/so-will-bruessel-den-emissionshandel-reformieren-accg-201023798.html,0,www.faz.net,Klimaschutz in Europa: So will Brüssel den Emissionshandel reformieren,Monatelang hat die energieintensive Industrie Druck ausgeübt. Jetzt ist klar: Die EU schwächt ihr wichtigstes Klimaschutzinstrument ab. Und nun? Hier kommen Antworten auf die wichtigsten Fragen.,https://media0.faz.net/image/w1200h627/151018c328c9/w2000h1045x0y206o/202506/433ca75bc6-4cde-11f0-9f2a-c59c8a89b358/wie-entwickelt-sich-der.webp,2026-07-17T10:06:14Z,,"Was ist der Emissionshandel?
Der Emissionshandel soll sicherstellen, dass die EU ihre Klimaziele zu möglichst geringen Kosten erreicht. Der CO-Ausstoß erhält einen Preis. Die Unternehmen haben damit… [+9356 chars]",,de,'Industrie'
https://www.diepresse.com/37959688/medien-iraner-werfen-witkoff-und-kuschner-profitgier-vor,https://www.diepresse.com/37959688/medien-iraner-werfen-witkoff-und-kuschner-profitgier-vor,0,www.diepresse.com,Medien: Iraner werfen Witkoff und Kuschner „Profitgier“ vor [premium],"Einem Bericht zufolge haben sich die Iraner bei JD Vance über die US-Verhandler beschwert. Offebar würden lieber mit ihm reden. Vance weist die Berichte zurück. Doch zugleich ist er es, der die diplomatischen Gespräche nicht aufgeben will.",https://img.diepresse.com/public/incoming/xwj3f1-usa-trumpdiplomacy/alternates/WEBP_WIDE_1200/USA-TRUMPDIPLOMACY,2026-07-17T10:14:28Z,,"Die Ausreise von Dena Karari in die USA könnte eine vertrauensbildende Maßnahme sein. Wie US-amerikanische Medien und Präsident Donald Trump Donnerstagabend bestätigten, ließ der Iran eine festgehalt… [+3587 chars]",,de,'Benjamin Netanjahu'
https://www.morgenpost.de/politik/article412317251/ukraine-news-krieg-aktuell-grossbritannien-truppen-estland-proteste-verteidigungsminister-kiew.html,https://www.morgenpost.de/politik/article412317251/ukraine-news-krieg-aktuell-grossbritannien-truppen-estland-proteste-verteidigungsminister-kiew.html,0,www.morgenpost.de,Nato-Ostflanke wird verstärkt – Proteste gegen Regierungsumbau in der Ukraine,Großbritannien verstärkt seine Militärpräsenz in Estland. Gleichzeitig gehen die Proteste gegen die Minister-Entlassung weiter. News im Blog.,https://img.sparknews.funkemedien.de/412605676/412605676_1784286217_v16_9_1600.jpeg,2026-07-17T11:03:38Z,,"In der Ukraine sind bei russischen Drohnen- und Raketenangriffen nach Angaben von Präsident Wolodymyr Selenskyj erneut mehrere Menschen getötet und verletzt worden. ""In Odessa wurden zwei Menschen ge… [+1966 chars]",,de,'Ukraine'
https://www.focus.de/politik/ausland/f-35-kaempfen-als-gaebe-es-keine-luftabwehr-russische-militaerexperten-widersprechen-putins-behauptung-die-su-57-sei-der-beste-kampfjet-der-welt_01e836f6-1115-4614-9eed-d79026f3aa71.html,https://www.focus.de/politik/ausland/f-35-kaempfen-als-gaebe-es-keine-luftabwehr-russische-militaerexperten-widersprechen-putins-behauptung-die-su-57-sei-der-beste-kampfjet-der-welt_01e836f6-1115-4614-9eed-d79026f3aa71.html,0,www.focus.de,"„F-35 kämpfen, als gäbe es keine Luftabwehr“: Russische Militärexperten widersprechen Putins Behauptung, die Su-57 sei der beste Kampfjet der Welt","Putin preist die Su-57 als besten Kampfjet der Welt. Doch aus Russland kommt scharfer Widerspruch, vor allem mit Blick auf ihren Einsatz im Krieg gegen die Ukraine.","https://quadro.burda-forward.de/ctf/e168220d-8554-4300-ad78-629d7a386075.1eb85fbb-b641-464d-b212-b0664e8dad28.jpg?im=RegionOfInterestCrop=(1200,630),regionOfInterest=(2226,1467)&hash=4efc16df798a29a70633b1f790a6b8995a333706a32e9ff9165e54e3c278608a",2026-07-17T11:04:00Z,,"Wladimir Putins Lob für die Su-57 stößt in Russland auf Widerspruch. Militäranalysten und Kommentatoren bestreiten, dass der Kampfjet seinen Ansprüchen gerecht wird. Dabei verweisen sie vor allem auf… [+3407 chars]",,de,'Ukraine'
https://www.tagesspiegel.de/internationales/kapitalflucht-wegen-putins-kriegswirtschaft-russische-oligarchen-schaffen-milliarden-ins-ausland-15850008.html,https://www.tagesspiegel.de/internationales/kapitalflucht-wegen-putins-kriegswirtschaft-russische-oligarchen-schaffen-milliarden-ins-ausland-15850008.html,0,www.tagesspiegel.de,Kapitalflucht wegen Putins Kriegswirtschaft: Russische Oligarchen schaffen Milliarden ins Ausland,"Russische Unternehmer suchen neue Wege, ihr Vermögen vor dem Zugriff des eigenen Staates zu schützen. Selbst Putin nahestehende Milliardäre setzen zunehmend auf Kryptowährungen, Gold und Immobilien am Golf.",https://www.tagesspiegel.de/images/15849783/alternates/BASE_16_9_W1400/1784285825000/russia-putin-volga-federal-district.jpeg,2026-07-17T11:15:05Z,,Mehrere der reichsten Menschen Russlands haben im vergangenen Jahr Milliarden von Dollar aus Angst vor staatlichen Zugriffen ins Ausland transferiert. Das berichtet die US-Nachrichtenagentur Bloomber… [+4284 chars],,de,'Wladimir Putin'
https://www.zeit.de/news/2026-07/17/von-oel-und-gas-zu-strom-eu-kommission-prueft-ziel-fuer-2040,https://www.zeit.de/news/2026-07/17/von-oel-und-gas-zu-strom-eu-kommission-prueft-ziel-fuer-2040,0,www.zeit.de,Energie: Von Öl und Gas zu Strom: EU-Kommission prüft Ziel für 2040,Hier finden Sie Informationen zu dem Thema „Energie“. Lesen Sie jetzt „Von Öl und Gas zu Strom: EU-Kommission prüft Ziel für 2040“.,https://img.zeit.de/news/2026-07/17/von-oel-und-gas-zu-strom-eu-kommission-prueft-ziel-fuer-2040-image-group/wide__1300x731,2026-07-17T11:24:24Z,,"Anlagen in Industrie, Gebäuden und Verkehr sollen nach dem Willen der Europäischen Kommission künftig häufiger mit Strom betrieben werden. Die Brüsseler Behörde prüft ein Elektrifizierungsziel von 46… [+2940 chars]",,de,'Gas'
https://www.n-tv.de/politik/Russische-Behoerden-nehmen-Blogger-Monate-nach-Putin-Kritik-fest-id31097343.html,https://www.n-tv.de/politik/Russische-Behoerden-nehmen-Blogger-Monate-nach-Putin-Kritik-fest-id31097343.html,0,www.n-tv.de,Zehn Jahre Haft möglich: Russische Behörden nehmen Blogger Monate nach Putin-Kritik fest,"Bekannt wird Ilja Remeslo durch seine scharfe Kritik am Oppositionellen Nawalny. Im März folgt die Kehrtwende: Öffentlich wirft er Putin einen ""scheiternden Krieg"" in der Ukraine vor. Nun wird er dafür verhaftet. Er ist nicht der Einzige, der sich wegen eines…",https://www.n-tv.de/img/30727541/1784297882/Img_16_9/1200/Ilja Remeslo Bild.jpg,2026-07-17T12:18:04Z,,"Zehn Jahre Haft möglichRussische Behörden nehmen Blogger Monate nach Putin-Kritik fest
Ilja Remeslo veröffentlichte in den sozialen Medien ein Manifest, in dem er den Ukraine-Krieg verurteilt. (Foto… [+2943 chars]",,de,'Wladimir Putin'
https://www.bild.de/politik/inland/neues-kompetenzcenter-so-jagt-die-arbeitsagentur-stuetze-betrueger-6a5628dc88b6b373594b16c4,https://www.bild.de/politik/inland/neues-kompetenzcenter-so-jagt-die-arbeitsagentur-stuetze-betrueger-6a5628dc88b6b373594b16c4,0,www.bild.de,Neues Kompetenzcenter - So jagt die Arbeitsagentur Stütze-Betrüger,"Leistungsmissbrauch im Bürgergeld und Kurzarbeitergeld: BILD bekam Einblick, wie die Arbeitsagentur mit Hightech Betrüger aufspürt.","https://images.bild.de/6a5628dc88b6b373594b16c4/fc76316e31dfd2bbb308bd529a31de3e,c6fdf42c?w=1280",2026-07-17T12:39:40Z,,"Was erkennt die Bundesagentur für Arbeit, was im Alltag einzelner Jobcenter kaum auffallen würde? BILD bekam Einblick in die Hightech-Jagd auf Sozialleistungsbetrüger anhand echter, vollständig anony… [+292 chars]",,de,'Bürgergeld'
https://www.n-tv.de/wirtschaft/Athen-verhindert-Russland-Sanktionen-um-eine-Reederei-zu-schuetzen-id31097653.html,https://www.n-tv.de/wirtschaft/Athen-verhindert-Russland-Sanktionen-um-eine-Reederei-zu-schuetzen-id31097653.html,0,www.n-tv.de,"Tycoon verdient Milliarden: Athen verhindert Russland-Sanktionen, um eine Reederei zu schützen","Während sich andere westliche Reedereien aus dem Geschäft mit Russlands Energieexporten zurückgezogen haben, hat George Prokopiou Milliarden verdient. Ein neues Sanktionspaket der EU könnte für eine seiner Firmen den Ruin bedeuten. Die griechische Regierung w…",https://www.n-tv.de/img/31097732/1784300583/Img_16_9/1200/Founder-of-Dynacom-Tankers-Management-Dynagas-and-Sea-Traders-George-Procopiou-is-seen-during-the-Capital-Link-Maritime-Leaders-Summit-in-Athens-Greece-June-1-2026.jpg,2026-07-17T13:04:07Z,,"Reeder George Prokopiou ist bekannt dafür, Geschäfte zu machen und Risiken einzugehen, vor denen andere zurückschrecken. Er gehörte auch zu den wenigen, die Tanker in der heißen Phase des Irankriegs … [+3857 chars]",,de,'Kreml'
https://www.tagesspiegel.de/internationales/er-nannte-putin-einen-kriegsverbrecher-kreml-propagandist-nach-kritik-festgenommen-15850912.html,https://www.tagesspiegel.de/internationales/er-nannte-putin-einen-kriegsverbrecher-kreml-propagandist-nach-kritik-festgenommen-15850912.html,0,www.tagesspiegel.de,Er nannte Putin einen Kriegsverbrecher: Kreml-Propagandist nach Kritik festgenommen,Die politische Kehrtwende von Ilja Remeslo kam überraschend. Nach seiner Entlassung aus der Psychiatrie legte er mit Kritik noch einmal nach. Nun schlägt der Machtapparat aber zu.,https://www.tagesspiegel.de/images/15850958/alternates/BASE_16_9_W1400/1784294617000/ukraine-krieg-kriegspropaganda.jpeg,2026-07-17T13:31:43Z,,Der durch seine scharfe Kritik am russischen Präsidenten Wladimir Putin bekanntgewordene Ex-Kreml-Propagandist Ilja Remeslo ist festgenommen worden. Russische Medien veröffentlichten ein Video des am… [+2502 chars],,de,'Wladimir Putin'
https://www.welt.de/politik/ausland/article6a5a2049bb3fbf9dba987b38/deutscher-botschafter-lambsdorff-tritt-ab-fuerchte-dass-nochmal-russen-im-groesseren-massstab-eingezogen-werden-koennten.html,https://www.welt.de/politik/ausland/article6a5a2049bb3fbf9dba987b38/deutscher-botschafter-lambsdorff-tritt-ab-fuerchte-dass-nochmal-russen-im-groesseren-massstab-eingezogen-werden-koennten.html,0,www.welt.de,"Lambsdorff tritt ab – „Fürchte, dass nochmal Russen im größeren Maßstab eingezogen werden könnten“","Alexander Graf Lambsdorff verlässt seinen Posten als Botschafter in Moskau. Putin sei nicht bereit, den Krieg gegen die Ukraine zu beenden, eine große Mobilmachung sei noch dieses Jahr möglich, warnt er.",https://images.welt.de/6a5a2049bb3fbf9dba987b38/d985d3650d18cecfd0b0e4a79adfc9f6-master/ci16x9-w1200/590770607-jpg,2026-07-17T13:39:57Z,,"Alexander Graf Lambsdorff verlässt seinen Posten als Botschafter in Moskau. Putin sei nicht bereit, den Krieg gegen die Ukraine zu beenden, eine große Mobilmachung sei noch dieses Jahr möglich, warnt… [+3489 chars]",,de,'Ukraine'
https://www.tagesschau.de/ausland/europa/russland-kremlkritiker-nadeschdin-geldstrafe-100.html,https://www.tagesschau.de/ausland/europa/russland-kremlkritiker-nadeschdin-geldstrafe-100.html,0,www.tagesschau.de,Russland: Kriegsgegner Nadeschdin zu Bußgeld verurteilt,Ein russisches Gericht hat den Oppositionspolitiker Nadeschdin zu einem Bußgeld verurteilt. Der erklärte Kriegsgegner sieht im Vorgehen der Behörden politische Motive - im Zusammenhang mit der bald anstehenden Wahl.,https://images.tagesschau.de/image/62964064-f436-4a57-84dd-c82f474fcb57/AAABn28eQw4/AAABnSSvrFg/16x9-big/nadeschdin-116.jpg?width=1280,2026-07-17T13:50:45Z,,"Stand: 17.07.2026 15:50 Uhr
Ein russisches Gericht hat den Oppositionspolitiker Nadeschdin zu einem Bußgeld verurteilt. Der erklärte Kriegsgegner sieht im Vorgehen der Behörden politische Motive - i… [+2218 chars]",,de,'Wladimir Putin'
https://www.zeit.de/politik/ausland/2026-07/boris-nadeschdin-russland-gericht-alexej-nawalny,https://www.zeit.de/politik/ausland/2026-07/boris-nadeschdin-russland-gericht-alexej-nawalny,0,www.zeit.de,Boris Nadeschdin: Russisches Gericht verurteilt Kriegsgegner Boris Nadeschdin,Ein russisches Gericht hat gegen Putin-Kritiker Boris Nadeschdin eine Geldstrafe verhängt. Der Oppositionelle hatte Videos mit einem Bild von Alexej Nawalny verbreitet.,https://img.zeit.de/politik/ausland/2026-07/boris-nadeschdin-russland-gericht-alexej-nawalny-foto-1/wide__1300x731,2026-07-17T14:22:51Z,,Ein russisches Gericht hat den Oppositionspolitiker und Kriegsgegner Boris Nadeschdin wegen der öffentlichen Zurschaustellung »extremistischer Symbole« zu einer Geldstrafe verurteilt. Das Gericht in … [+1304 chars],,de,'Krieg'
https://www.faz.net/aktuell/rhein-main/wirtschaft/hessens-chemieindustrie-immer-mehr-investitionen-gehen-ins-ausland-201039965.html,https://www.faz.net/aktuell/rhein-main/wirtschaft/hessens-chemieindustrie-immer-mehr-investitionen-gehen-ins-ausland-201039965.html,0,www.faz.net,Hessen: Drohende Verlagerung in der Chemie-Industrie,"Hohe Kosten, wachsende Bürokratie und ausbleibende Reformen setzen Hessens chemisch-pharmazeutische Industrie unter Druck. Eine neue Umfrage zeigt: Investitionen fließen – aber immer öfter ins Ausland.",https://media0.faz.net/image/w1200h627/2ba2f2bd45f4/w3000h1567x0y278o/202601/43601.0.1667697437/unter-druck-chemie-und.webp,2026-07-17T15:25:27Z,,Die Stimmung in der Chemie- und Pharmaindustrie ist schlecht. Das geht aus der aktuellen Mitgliederbefragung des Verbandes der Chemischen Industrie (VCI) hervor. Sie zeichnet ein alarmierendes Bild d… [+3290 chars],,de,'Industrie'
https://www.focus.de/finanzen/news/drohnenangriffe-loesen-treibstoffkrise-in-russland-aus-und-jetzt-droht-stagflation_24280946-36f7-437c-ad01-8d730bd97ec8.html,https://www.focus.de/finanzen/news/drohnenangriffe-loesen-treibstoffkrise-in-russland-aus-und-jetzt-droht-stagflation_24280946-36f7-437c-ad01-8d730bd97ec8.html,0,www.focus.de,Drohnenangriffe lösen Treibstoffkrise in Russland aus und jetzt droht Stagflation,Die Ukraine greift weiter russische Infrastruktur an. Das hat zu erheblichem Treibstoffmangel geführt. Russland muss Exporte begrenzen.,"https://quadro.burda-forward.de/ctf/c4c53e32-e113-46a4-994b-2ca0a0d983be.0ab7510f-445f-4ec9-a606-df5e9e4ecc40.jpg?im=RegionOfInterestCrop=(1200,630),regionOfInterest=(935,516)&hash=5f2118f42d6384fb5e98ce1dd8c9c7338864857aaa0738ef1ba8e8f1ba2700fe",2026-07-17T17:21:00Z,,"Ein erheblicher Teil der russischen Raffineriekapazitäten sind ausgefallen. Das hat in Russlands Wirtschaft deutliche Störungen ausgelöst, die jetzt laut Ökonomen und Unternehmensumfragen die Kosten … [+3349 chars]",,de,'Wladimir Putin'
https://www.n-tv.de/politik/Die-goldenen-Zeiten-des-Monaco-Bataillons-sind-vorbei-id31098187.html,https://www.n-tv.de/politik/Die-goldenen-Zeiten-des-Monaco-Bataillons-sind-vorbei-id31098187.html,0,www.n-tv.de,"Ukraine-Oligarchen im Luxus-Exil: Die goldenen Zeiten des ""Monaco-Bataillons"" sind vorbei","Während Russland in den ersten Kriegsmonaten ihre Heimat in Schutt und Asche legt, protzen zahlreiche ukrainische Oligarchen an der Côte d'Azur mit Luxusautos, Jachten und Villen. Inzwischen ist das Leben an der Riviera weniger sorglos. Das hat nicht nur mit …",https://www.n-tv.de/img/31098186/1784301946/Img_16_9/1200/Elevated-view-of-Port-Hercule-filled-with-yachts-and-luxury-boats-in-Monaco-on-February-15-2026-The-Monte-Carlo-waterfront-city-buildings-and-surrounding-mountains-are-visible-at-dusk-along-the-Mediterranean-coast-Vue-en-hauteur-du-Port-Hercule-avec-des-yachts-et-bateaux-de-luxe-a-Monaco-le-15-Fevrier-2026-Le-front-de-mer-de-Monte-Carlo-les-immeubles-de-la-ville-et-les-montagnes-environnantes-sont-visibles-au-crepuscule-le-long-de-la-cote-mediterraneenne.jpg,2026-07-17T17:28:21Z,,"Reiche Ukrainer aus dem ""Monaco-Bataillon"" werden in ihrer Heimat oft heftig kritisiert. (Foto: picture alliance / Hans Lucas)
Während Russland in den ersten Kriegsmonaten ihre Heimat in Schutt und … [+9443 chars]",,de,'Krieg'
https://www.diepresse.com/37867247/darum-schafft-russlands-elite-nun-verstaerkt-milliarden-ins-ausland,https://www.diepresse.com/37867247/darum-schafft-russlands-elite-nun-verstaerkt-milliarden-ins-ausland,0,www.diepresse.com,Darum schafft Russlands Elite nun verstärkt Milliarden ins Ausland [premium],Seit Beginn des Kriegs gegen die Ukraine bleibt die Kapitalflucht der Russen ein zentrales Problem. Russische Milliardäre verlagern ihr Vermögen verstärkt in bestimmte Länder und Anlageformen – in größerem Umfang als je zuvor.,https://img.diepresse.com/public/incoming/cx6yqo-uae-tourism-leisure/alternates/WEBP_WIDE_1200/UAE-TOURISM-LEISURE,2026-07-17T17:57:45Z,,"Über Jahrzehnte hinweg konnten russische Milliardäre ihr Vermögen weitgehend ungehindert im Westen investieren in Unternehmen, Luxusimmobilien und andere prestigeträchtige Anlagen. Mit dem russischen… [+5391 chars]",,de,'Ukraine'
https://orf.at/stories/3436523/,https://orf.at/stories/3436523/,0,orf.at,US-Militär: Neue Angriffe auf Iran gestartet,,https://orf.at/mojo/1_4_1/storyserver//news/common/images/og-fallback-news.png,2026-07-17T20:41:51Z,,"Das US-Militär hat nach eigenen Angaben neue Angriffe auf den Iran gestartet die siebente Nacht in Folge. Das Regionalkommando Centcom erklärte heute im Onlinedienst X, mit den Angriffen sollten die … [+1883 chars]",,de,'Chamenei'
https://www.zeit.de/news/2026-07/18/bauernpraesident-schlaegt-alarm-duenger-wird-immer-knapper,https://www.zeit.de/news/2026-07/18/bauernpraesident-schlaegt-alarm-duenger-wird-immer-knapper,0,www.zeit.de,Wegen des Iran-Kriegs: Bauernpräsident schlägt Alarm: Dünger wird immer knapper,Hier finden Sie Informationen zu dem Thema „Wegen des Iran-Kriegs“. Lesen Sie jetzt „Bauernpräsident schlägt Alarm: Dünger wird immer knapper“.,https://img.zeit.de/news/2026-07/18/bauernpraesident-schlaegt-alarm-duenger-wird-immer-knapper-image-group/wide__1300x731,2026-07-17T22:01:04Z,,"Der Präsident des Deutschen Bauernverbandes, Joachim Rukwied, sieht die Landwirtschaft in Deutschland durch den Iran-Krieg zusätzlich unter Druck und warnt vor neuen Risiken bei der Versorgung mit Dü… [+1613 chars]",,de,'Iran'
https://www.zeit.de/wirtschaft/2026-07/klimapolitik-union-johann-wadephul-strasse-von-hormus-energie,https://www.zeit.de/wirtschaft/2026-07/klimapolitik-union-johann-wadephul-strasse-von-hormus-energie,0,www.zeit.de,Klimapolitik: Wadephul drängt auf Ausbau erneuerbarer Energien,Wegen des anhaltenden Irankriegs spricht sich Außenminister Johann Wadephul für eine schnellere Energiewende aus. Die Blockade der Straße von Hormus sieht er als Weckruf.,https://img.zeit.de/wirtschaft/2026-07/klimapolitik-union-johann-wadephul-strasse-von-hormus-energie-bild-1/wide__1300x731,2026-07-17T22:03:02Z,,"Außenminister Johann Wadephul (CDU) drängt angesichts des Irankriegs auf einen schnelleren Umstieg auf erneuerbare Energien. »Die Blockade der Straße von Hormus war ein Weckruf an uns alle«, sagte Wa… [+1707 chars]",,de,'Iran'
https://www.n-tv.de/politik/Wo-kann-man-Trump-toeten-Iranisches-Medium-veroeffentlicht-Video-id31099363.html,https://www.n-tv.de/politik/Wo-kann-man-Trump-toeten-Iranisches-Medium-veroeffentlicht-Video-id31099363.html,0,www.n-tv.de,"Angebliche Autoroute sichtbar: ""Wo kann man Trump töten?"": Iranisches Medium veröffentlicht Video","Die iranische Staatsführung fordert Vergeltung für den Tod von Ajatollah Ali Chamenei. Im Netz kursiert ein unverifiziertes Propagandavideo, das Trumps angebliche Reiseroute zeigen soll - mit Verweis auf vermeintliche Sicherheitsmängel.",https://www.n-tv.de/img/31099365/1784332708/Img_16_9/1200/Iranian-mourners-hold-an-anti-U-S-President-Donald-Trump-banner-under-a-giant-portrait-of-Iran-s-late-Supreme-Leader-Ayatollah-Ali-Khamenei-during-a-farewell-ceremony-for-the-bodies-of-the-Supreme-Leader-and-his-family-at-the-Imam-Khomeini-Grand-Mosque-on-the-eve-of-his-funeral-in-Tehran-Iran-on-July-4-2026.jpg,2026-07-17T22:29:40Z,,"Anhänger von Ajatollah Ali Chamenei zeigen bei seiner Abschiedszeremonie in Teheran ein Anti-Trump-Plakat. (Foto: picture alliance / NurPhoto)
Die iranische Staatsführung fordert Vergeltung für den … [+2023 chars]",,de,'Iran'
https://www.n-tv.de/politik/Iranisches-Medium-ruft-in-Propagandavideo-zu-Trump-Attentat-auf-id31099363.html,https://www.n-tv.de/politik/Iranisches-Medium-ruft-in-Propagandavideo-zu-Trump-Attentat-auf-id31099363.html,0,www.n-tv.de,"""Sicherheitskritischer Punkt"": Iranisches Medium ruft in Propagandavideo zu Trump-Attentat auf","Die iranische Staatsführung ruft nach dem Tod von Ajatollah Ali Chamenei zu Vergeltung auf. Im Netz kursiert ein unverifiziertes Propagandavideo, das Trumps angebliche Reiseroute zeigen soll - mit Verweis auf vermeintliche Sicherheitsmängel.",https://www.n-tv.de/img/31099365/1784332708/Img_16_9/1200/Iranian-mourners-hold-an-anti-U-S-President-Donald-Trump-banner-under-a-giant-portrait-of-Iran-s-late-Supreme-Leader-Ayatollah-Ali-Khamenei-during-a-farewell-ceremony-for-the-bodies-of-the-Supreme-Leader-and-his-family-at-the-Imam-Khomeini-Grand-Mosque-on-the-eve-of-his-funeral-in-Tehran-Iran-on-July-4-2026.jpg,2026-07-17T22:29:40Z,,"Anhänger von Ajatollah Ali Chamenei zeigen bei seiner Abschiedszeremonie in Teheran ein Anti-Trump-Plakat. (Foto: picture alliance / NurPhoto)
Die iranische Staatsführung fordert Vergeltung für den … [+2023 chars]",,de,'Sicherheit'
https://www.zeit.de/news/2026-07/18/berichte-ueber-neue-explosionen-im-iran,https://www.zeit.de/news/2026-07/18/berichte-ueber-neue-explosionen-im-iran,0,www.zeit.de,Iran-Krieg: Berichte über neue Explosionen im Iran,Hier finden Sie Informationen zu dem Thema „Iran-Krieg“. Lesen Sie jetzt „Berichte über neue Explosionen im Iran“.,https://img.zeit.de/news/2026-07/18/berichte-ueber-neue-explosionen-im-iran-image-group/wide__1300x731,2026-07-17T23:49:19Z,,"Nach Beginn der neuen Angriffswelle des US-Militärs auf Ziele im Iran melden örtliche Medien Explosionen in mehreren Gebieten des Landes. Während das US-Militär keine Angaben dazu machte, wo es attac… [+1458 chars]",,de,'Krieg'
https://www.tagesschau.de/ausland/asien/iran-angriffe-usa-104.html,https://www.tagesschau.de/ausland/asien/iran-angriffe-usa-104.html,0,www.tagesschau.de,USA und Iran melden neue gegenseitige Angriffe in der Golfregion,"Die USA haben erneut Iran attackiert. Ziel sei es, die militärischen Fähigkeiten des Landes weiter zu schwächen. Irans Revolutionsgarde meldet Angriffe auf Bahrain und Explosionen auf zwei Öltankern.",https://images.tagesschau.de/image/5d002b39-97da-4e0a-909b-7952c407bd11/AAABnc3SjeI/AAABnSSvrFg/16x9-big/persischer-golf-100.jpg?width=1280,2026-07-18T01:21:13Z,,"Stand: 18.07.2026 03:21 Uhr
Die USA haben erneut Iran attackiert. Ziel sei es, die militärischen Fähigkeiten des Landes weiter zu schwächen. Irans Revolutionsgarde meldet Angriffe auf Bahrain und Ex… [+1492 chars]",,de,'Katar'
https://www.zeit.de/politik/ausland/2026-07/us-angriffe-iran-centcom-hormosgan,https://www.zeit.de/politik/ausland/2026-07/us-angriffe-iran-centcom-hormosgan,0,www.zeit.de,Irankrieg: Iran reagiert mit Vergeltungsschlägen auf erneute US-Angriffsserie,"Zum siebten Mal in Folge hat das US-Militär in der Nacht Ziele im Iran angegriffen. Aus Kuwait, Jordanien und Bahrain wurden Attacken des iranischen Militärs gemeldet.",https://img.zeit.de/politik/ausland/2026-07/us-angriffe-iran-centcom-hormosgan-foto-1/wide__1300x731,2026-07-18T03:05:22Z,,Bei erneuten US-Angriffen auf den Iran sind nach Angaben iranischer Staatsmedien im Süden des Landes drei Menschen getötet worden. Zudem seien in der Provinz Hormosgan acht Menschen verletzt worden. … [+2734 chars],,de,'Iran'
https://www.faz.net/podcasts/f-a-z-podcast-machtprobe/wie-netanjahus-kriege-israel-isolieren-201041616.html,https://www.faz.net/podcasts/f-a-z-podcast-machtprobe/wie-netanjahus-kriege-israel-isolieren-201041616.html,0,www.faz.net,F.A.Z. MACHTPROBE: Wie am Irankrieg das US-israelische Bündnis zerbrechen könnte,"Während der Krieg zwischen den USA und Iran gerade wieder eskaliert, steht Israel inzwischen vermeintlich an der Seitenlinie. Welche Rolle spielt Benjamin Netanjahu noch im Irankrieg?",https://media0.faz.net/image/w1200h627/46e442904f3d/w2576h1345x0y186o/202607/43601.0.2342637009/4360102342637009.webp,2026-07-18T04:05:00Z,,"Während der Krieg zwischen den USA und Iran gerade wieder eskaliert, steht Israel inzwischen vermeintlich an der Seitenlinie. Welche Rolle spielt Benjamin Netanjahu noch im Irankrieg?",,de,'Benjamin Netanjahu'
https://www.focus.de/kultur/kino-tv/obwohl-pascal-zur-arbeit-begleitet-wird-buergergeld-empfaenger-beendet-massnahme-vorzeitig_a405c57e-2e0c-49b6-ba4a-01d97c095897.html,https://www.focus.de/kultur/kino-tv/obwohl-pascal-zur-arbeit-begleitet-wird-buergergeld-empfaenger-beendet-massnahme-vorzeitig_a405c57e-2e0c-49b6-ba4a-01d97c095897.html,0,www.focus.de,Obwohl Pascal zur Arbeit begleitet wird: Bürgergeld-Empfänger beendet Maßnahme vorzeitig,"Pascal aus der RTLZWEI-Sozialdoku „Hartz und herzlich“ polarisiert immer wieder. Nun sorgt der Bürgergeld-Empfänger erneut für Kopfschütteln: Obwohl er bei einer Maßnahme sogar zur Arbeit begleitet wird, beendet er diese vorzeitig.","https://quadro.burda-forward.de/ctf/b48f2a61-2725-4600-83b5-a2a114112e1d.ec5adf16-fb72-44c8-8847-0f0b97024aeb.jpeg?im=RegionOfInterestCrop=(1200,630),regionOfInterest=(825,253)&hash=ecfdebc373e9e2f711873508f89fcbee3603fe82e73062e38225d74efa5d4947",2026-07-18T04:15:00Z,,Der 25-Jährige wird bereits seit mehreren Jahren von einem Kamerateam für Hartz und herzlich begleitet. Dabei fiel er immer wieder durch seine mangelnde Arbeitsmoral auf. Mehrfach trat er Maßnahmen g… [+1725 chars],,de,'Bürgergeld'
https://www.diepresse.com/37959285/plant-kreml-provokation-an-nato-ostflanke,https://www.diepresse.com/37959285/plant-kreml-provokation-an-nato-ostflanke,0,www.diepresse.com,Plant Kreml Provokation an Nato-Ostflanke? [premium],Die Warnungen vor einer russischen Operation gegen Polen oder das Baltikum werden immer lauter. Was die Region alarmiert.,https://img.diepresse.com/public/incoming/403mb5-topshot-poland-france-politics-far-right-election/alternates/WEBP_WIDE_1200/TOPSHOT-POLAND-FRANCE-POLITICS-FAR-RIGHT-ELECTION,2026-07-18T06:02:03Z,,"Im Nordosten Europas braut sich etwas zusammen. Zumindest ist das der Eindruck, den führende Politiker der Region erwecken. Ich will niemandem Angst machen, aber die kommenden Monate könnten kritisch… [+4901 chars]",,de,'Kreml'
https://www.focus.de/politik/ausland/russland-zieht-laut-satellitenbildern-s-300-und-s-400-systeme-aus-dem-norden-ab-experten-sehen-darin-ein-zeichen-fuer-wachsenden-druck-durch-ukraine_129b972b-d648-4a9d-be51-135718865aa8.html,https://www.focus.de/politik/ausland/russland-zieht-laut-satellitenbildern-s-300-und-s-400-systeme-aus-dem-norden-ab-experten-sehen-darin-ein-zeichen-fuer-wachsenden-druck-durch-ukraine_129b972b-d648-4a9d-be51-135718865aa8.html,0,www.focus.de,Russland zieht laut Satellitenbildern S-300- und S-400-Systeme aus dem Norden ab. Experten sehen darin ein Zeichen für wachsenden Druck durch Ukraine,Russland zieht laut Satellitenbildern S-300- und S-400-Systeme aus dem Norden ab. Experten sehen darin ein Zeichen für wachsenden Druck durch ukrainische Drohnenangriffe.,"https://quadro.burda-forward.de/ctf/0a7b7a1d-4ba4-48f7-821e-e24a517cb96e.fbdffdd2-c696-4dee-9f0a-e2cb7ddf7e0a.jpeg?im=RegionOfInterestCrop=(1200,630),regionOfInterest=(405,184)&hash=2723d875c13d3dac7d4d5f8a2bce4475699c04f269b9c16f53d858919ee7665e",2026-07-18T06:48:00Z,,"Russland hat mehrere Flugabwehrsysteme aus dem hohen Norden abgezogen. Der norwegische Barents Observer berichtet, bei Sewerodwinsk seien mindestens 20 mobile Systeme der Typen S-300 und S-400 von fr… [+1980 chars]",,de,'Kreml'
https://www.zeit.de/news/2026-07/18/400-menschen-bei-brand-in-norwegen-in-sicherheit-gebracht,https://www.zeit.de/news/2026-07/18/400-menschen-bei-brand-in-norwegen-in-sicherheit-gebracht,0,www.zeit.de,Südlich von Oslo: 400 Menschen bei Brand in Norwegen in Sicherheit gebracht,Hier finden Sie Informationen zu dem Thema „Südlich von Oslo“. Lesen Sie jetzt „400 Menschen bei Brand in Norwegen in Sicherheit gebracht“.,https://img.zeit.de/news/2026-07/18/400-menschen-bei-brand-in-norwegen-in-sicherheit-gebracht-image-group/wide__1300x731,2026-07-18T08:17:34Z,,"Bei einem Großbrand im norwegischen Krokstadelva südwestlich der Hauptstadt Oslo sind mehr als 100 Wohneinheiten zerstört worden. Am Samstagmorgen teilte die Feuerwehr der Region mit, die Brände seie… [+254 chars]",,de,'Sicherheit'
https://orf.at/stories/3436544/,https://orf.at/stories/3436544/,0,orf.at,Sorge vor Ausweitung des Iran-Krieges,"Im Iran-Krieg ist weiter keine Entspannung in Sicht: Die USA haben das Land in der Nacht auf Samstag erneut attackiert, es war die siebente Angriffsnacht in Folge. In der iranischen Küstenregion Jask ist nach eigenen Angaben die Wasserversorgung für Tausende …",https://ibs.orf.at/news?image=https%3A%2F%2Fassets.orf.at%2Fmims%2F2026%2F29%2F05%2Fcrops%2Fw%3D1200%2Ch%3D630%2Cq%3D75%2F3118082_master_1208105_iran_krieg_usa_savo_r.jpg%3Fs%3D469067f286ff95fb395e2277cbb6679dc51205a0,2026-07-18T10:15:38Z,,"In der Nacht bombardierten US-Streitkräfte nach eigenen Angaben iranische Überwachungsanlagen, unterirdische Waffenlager und andere militärische Infrastruktur. Iranische Medien sprachen dagegen erneu… [+5022 chars]",,de,'Krieg'
https://www.faz.net/aktuell/politik/ausland/liveblog-irankrieg-iran-meldet-zerstoerung-amerikanischer-flugzeuge-faz-200583539.html,https://www.faz.net/aktuell/politik/ausland/liveblog-irankrieg-iran-meldet-zerstoerung-amerikanischer-flugzeuge-faz-200583539.html,0,www.faz.net,Liveblog Irankrieg: Iran: Haben amerikanische Flugzeuge zerstört,Angeblicher Angriff auf US-Stützpunkt in Jordanien +++ Libanons Präsident unterwegs zu Trump +++ USA bombardieren Ziele in Iran +++ alle Entwicklungen im Liveblog,https://media0.faz.net/image/w1200h627/39315865df89/w5000h2612x0y100o/202607/43601.0.2317705160/start-einer-iranischen-rakete.webp,2026-07-18T10:33:21Z,,"Iran hat am Samstag abermals mehrere Golfstaaten angegriffen. Bahrain erklärte, eine weitere iranische Angriffswelle abgewehrt zu haben. Kuwait meldete den Treffer auf ein zweites Kraftwerk mit anges… [+1489 chars]",,de,'Iran'
https://www.zeit.de/politik/deutschland/2026-07/friedrich-merz-fordert-jens-spahn-zum-ruecktritt-auf,https://www.zeit.de/politik/deutschland/2026-07/friedrich-merz-fordert-jens-spahn-zum-ruecktritt-auf,0,www.zeit.de,Leihmutter-Affäre: Friedrich Merz fordert Jens Spahn zum Rücktritt auf,Jens Spahn hat seinen Rücktritt von der Spitze der Unionsfraktion erklärt. Das berichten übereinstimmend mehrere Medien. Er stand in der Leihmutter-Affäre in der Kritik.,https://img.zeit.de/politik/deutschland/2026-07/spahn-rueecktritt-forderung-eil-bild/wide__1300x731,2026-07-18T11:44:58Z,,"CDU/CSU-Fraktionschef Jens Spahn hat seinen Rücktritt erklärt. In
einem Schreiben an die
Fraktion, das der ZEIT vorliegt, schreibt er: »Ich habe die
Parteivorsitzenden von CDU und CSU, Friedrich M… [+1601 chars]",,de,'Friedrich Merz'
https://www.bild.de/politik/ausland-und-internationales/reporterin-dasha-burns-das-weisse-haus-weiss-nicht-wie-der-iran-krieg-enden-soll-6a5a4999bb3fbf9dba987f2d,https://www.bild.de/politik/ausland-und-internationales/reporterin-dasha-burns-das-weisse-haus-weiss-nicht-wie-der-iran-krieg-enden-soll-6a5a4999bb3fbf9dba987f2d,0,www.bild.de,"Trump & Vance anderer Meinung - Weißes Haus weiß nicht, wie der Iran-Krieg enden soll","Hi, ich bin Dasha Burns, Leiterin des „Politico“-Büros im Weißen Haus. Und ich berichte seit fast zehn Jahren über Trump. Inzwischen auch für BILD.","https://images.bild.de/6a5a4999bb3fbf9dba987f2d/28108d17d8c31fae893c9718cb847980,af9f886?w=1280",2026-07-18T12:07:53Z,,"TTS-Player überspringenArtikel weiterlesenHi, ich bin Dasha Burns, Leiterin des Politico-Büros im Weißen Haus. Und ich berichte seit fast zehn Jahren über Trump. Inzwischen auch für BILD.
Der Iran-K… [+3269 chars]",,de,'Krieg'
https://www.welt.de/politik/article6a5b657be22a2ed474ae0780/nach-leihmutterschafts-skandal-meine-familie-ist-mir-das-wichtigste-unions-fraktionschef-spahn-tritt-zurueck.html,https://www.welt.de/politik/article6a5b657be22a2ed474ae0780/nach-leihmutterschafts-skandal-meine-familie-ist-mir-das-wichtigste-unions-fraktionschef-spahn-tritt-zurueck.html,0,www.welt.de,„Meine Familie ist mir das Wichtigste“ – Unions-Fraktionschef Spahn tritt zurück,"Jens Spahn hat seinen Rücktritt als CDU/CSU-Fraktionschef erklärt. Damit kam er Bundeskanzler Friedrich Merz zuvor, der ihm offenbar einen Rückzug nahegelegt hatte. Hintergrund ist die Kontroverse um eine von Spahn beauftragte Leihmutter in den USA.",https://images.welt.de/6a5b657be22a2ed474ae0780/f1e75d2730e89cd64fa1d531a4e5c3b3-master/ci16x9-w1200/dpa-com-260718-99-94636-jpg,2026-07-18T12:19:00Z,,"Jens Spahn hat seinen Rücktritt als CDU/CSU-Fraktionschef erklärt. Damit kam er Bundeskanzler Friedrich Merz zuvor, der ihm offenbar einen Rückzug nahegelegt hatte. Hintergrund ist die Kontroverse um… [+5140 chars]",,de,'Friedrich Merz'
https://www.zeit.de/politik/deutschland/2026-07/jens-spahn-ruecktritt-leihmutterschaft-cdu,https://www.zeit.de/politik/deutschland/2026-07/jens-spahn-ruecktritt-leihmutterschaft-cdu,0,www.zeit.de,Jens Spahn: Friedrich Merz nennt Spahns Rücktritt »richtig« und »unvermeidlich«,"Der Bundeskanzler hat den Rücktritt des Unionsfraktionschefs begrüßt. »Glaubwürdigkeit ist in der Politik das höchste Gut«, teilte Friedrich Merz mit.",https://img.zeit.de/administratives/sharing/fallback-image-die-zeit/wide__1300x731,2026-07-18T12:33:02Z,,Bundeskanzler Friedrich Merz (CDU) hat den Rücktritt von Unionsfraktionschef Jens Spahn (CDU) als richtig und »unvermeidlich« bezeichnet. Merz teilte in einer Erklärung mit: »Glaubwürdigkeit ist in d… [+276 chars],,de,'Friedrich Merz'
https://www.zeit.de/news/2026-07/18/gemeinsam-aufs-gas-15-jaehrige-bauen-unfall-mit-mopedauto,https://www.zeit.de/news/2026-07/18/gemeinsam-aufs-gas-15-jaehrige-bauen-unfall-mit-mopedauto,0,www.zeit.de,Parkplatz in Zwickau: Gemeinsam aufs Gas: 15-Jährige bauen Unfall mit Mopedauto,Hier finden Sie Informationen zu dem Thema „Parkplatz in Zwickau“. Lesen Sie jetzt „Gemeinsam aufs Gas: 15-Jährige bauen Unfall mit Mopedauto“.,https://img.zeit.de/news/2026-07/18/gemeinsam-aufs-gas-15-jaehrige-bauen-unfall-mit-mopedauto-image-group/wide__1300x731,2026-07-18T12:44:29Z,,Gemeinsam das Gaspedal betätigt: Zwei 15-Jährige sind in Zwickau mit einem Mopedauto gegen einen Fahnenmast gefahren. Das Leichtfahrzeug kollidierte am Freitagabend mit einem Poller und dann mit dem … [+710 chars],,de,'Gas'
https://www.welt.de/politik/deutschland/article6a5b6f1361b8a80211aaa99e/jens-spahn-bosbach-begruesst-rueckzug-freue-mich-dass-er-von-sich-aus-von-diesem-amt-losgelassen-hat.html,https://www.welt.de/politik/deutschland/article6a5b6f1361b8a80211aaa99e/jens-spahn-bosbach-begruesst-rueckzug-freue-mich-dass-er-von-sich-aus-von-diesem-amt-losgelassen-hat.html,0,www.welt.de,"Bosbach begrüßt Spahns Rückzug – „Freue mich, dass er von sich aus von diesem Amt losgelassen hat“","Jens Spahn hat seinen Rücktritt als Unionsfraktionschef bekannt gegeben. Friedrich Merz bezeichnet den Schritt als „richtig“, Wolfgang Bosbach ist über die heftige Debatte nicht überrascht. Alle Reaktionen im Liveticker.",https://images.welt.de/6a5b6f1361b8a80211aaa99e/7d8ba96ccb1b8014fbfab43965cee039/ci16x9-w1200/dpa-com-260718-935-1488081-jpg,2026-07-18T12:46:27Z,,"Der CDU-Politiker und ehemalige Bundestagsabgeordnete Wolfgang Bosbach bezeichnet Spahns Rücktritt als bittere Entscheidung. Ich freue mich auch persönlich für Jens Spahn, dass er von sich aus von di… [+1414 chars]",,de,'Friedrich Merz'
https://www.welt.de/politik/deutschland/article6a5b6f1361b8a80211aaa99e/beben-in-der-union-friedrich-merz-nennt-spahns-ruecktritt-richtig-und-unvermeidlich.html,https://www.welt.de/politik/deutschland/article6a5b6f1361b8a80211aaa99e/beben-in-der-union-friedrich-merz-nennt-spahns-ruecktritt-richtig-und-unvermeidlich.html,0,www.welt.de,Friedrich Merz nennt Spahns Rücktritt „richtig und unvermeidlich“,"Jens Spahn hat seinen Rücktritt als Unionsfraktionschef bekannt gegeben. Seine Entscheidung, mithilfe einer Leihmutter eine Familie zu gründen, hatte eine kontroverse Debatte innerhalb der Union ausgelöst. Merz bezeichnet den Rückzug Spahns als „richtig“.",https://images.welt.de/6a5b6f1361b8a80211aaa99e/6a4ef42e23c0f83cb2a1b326d28c2284-master/ci16x9-w1200/2026-07-17t150411z-462246412-rc2rfmawdlxn-rtrmadp-3-germany-france-merz-macron-jpg,2026-07-18T12:46:27Z,,Der CDU-Vorsitzende Friedrich Merz hat den Rücktritt des Unionsfraktionsvorsitzenden Jens Spahn als richtig und unvermeidlich bezeichnet. Glaubwürdigkeit ist in der Politik das höchste Gut. Ich danke… [+698 chars],,de,'Friedrich Merz'
https://orf.at/stories/3436560/,https://orf.at/stories/3436560/,0,orf.at,Spahn tritt nach Debatte zurück,"Der Fraktionschef der deutschen Unionsparteien CDU/CSU, Jens Spahn, hat seinen Rücktritt erklärt. Das teilte er am Samstag in einem Schreiben an die Fraktion mit. Zuvor hatte es vermehrt Rücktrittsforderungen – unter anderen von Kanzler Friedrich Merz – gegeb…",https://ibs.orf.at/news?image=https%3A%2F%2Fassets.orf.at%2Fmims%2F2026%2F29%2F82%2Fcrops%2Fw%3D1200%2Ch%3D630%2Cq%3D75%2F3118561_master_1208282_deutschland_spahn_ruecktritt_im.jpg%3Fs%3D5ef45634442a601c8da365a5a6bc0ac0334dcea9,2026-07-18T12:46:57Z,,"Ich habe die Parteivorsitzenden von CDU und CSU, Friedrich Merz und Markus Söder, darüber informiert, dass ich mit diesem Schreiben an unsere Fraktion von meinem Amt als Vorsitzender der CDU/CSU-Bund… [+6351 chars]",,de,'Friedrich Merz'
https://www.welt.de/videos/video6a5b6c3e340ecb5e694f58e0/ruecktritt-als-cdu-chef-spahns-ehrgeiz-war-friedrich-merz-schon-immer-ein-dorn-im-auge.html,https://www.welt.de/videos/video6a5b6c3e340ecb5e694f58e0/ruecktritt-als-cdu-chef-spahns-ehrgeiz-war-friedrich-merz-schon-immer-ein-dorn-im-auge.html,0,www.welt.de,„Spahns Ehrgeiz war Friedrich Merz schon immer ein Dorn im Auge“,"Jens Spahn tritt als CDU/CSU-Fraktionschef zurück, nachdem der Druck wegen der Leihmutterschafts-Debatte zu groß wurde. Die Partei fürchtete Schaden vor den Landtagswahlen. WELT-Reporterin Leonie von Randow berichtet.",https://images.welt.de/6a5b6c3e340ecb5e694f58e0/c5e23fde0e11009b371c990117cce6fd/ci16x9-w1200/dpa-com-260718-99-94636-jpg,2026-07-18T12:52:41Z,,"Jens Spahn tritt als CDU/CSU-Fraktionschef zurück, nachdem der Druck wegen der Leihmutterschafts-Debatte zu groß wurde. Die Partei fürchtete Schaden vor den Landtagswahlen. WELT-Reporterin Leonie von… [+77 chars]",,de,'Friedrich Merz'
https://www.bild.de/politik/inland/jens-spahn-ist-zurueckgetreten-das-sind-die-top-kandidaten-fuer-seine-nachfolge-6a5b4a5a61b8a80211aaa71f,https://www.bild.de/politik/inland/jens-spahn-ist-zurueckgetreten-das-sind-die-top-kandidaten-fuer-seine-nachfolge-6a5b4a5a61b8a80211aaa71f,0,www.bild.de,Stühlerücken in der Unionsfraktion - Das sind die Top-Kandidaten für Spahns Nachfolge,"Friedrich Merz sucht neuen Fraktionschef, gehandelt werden mehrere Namen - unter anderem von einem Vertrauten des Kanzlers.","https://images.bild.de/6a5b4a5a61b8a80211aaa71f/ffbcec3a400290f3c35eb8923819064d,3dee7931?w=1280",2026-07-18T13:14:36Z,,"In der Unionsführung laufen aktuell die Drähte heiß. Die Spekulationen, wer nach Jens Spahns (CDU) Rücktritt als Unions-Fraktionschef auf seine Position rücken könnte, sind in vollem Gange. Nach BILD… [+223 chars]",,de,'Friedrich Merz'
https://www.zeit.de/news/2026-07/18/neues-stadtquartier-in-erlangen-siemens-campus-ist-fertig,https://www.zeit.de/news/2026-07/18/neues-stadtquartier-in-erlangen-siemens-campus-ist-fertig,0,www.zeit.de,Industrie: Neues Stadtquartier in Erlangen: Siemens Campus ist fertig,Hier finden Sie Informationen zu dem Thema „Industrie“. Lesen Sie jetzt „Neues Stadtquartier in Erlangen: Siemens Campus ist fertig“.,https://img.zeit.de/news/2026-07/18/neues-stadtquartier-in-erlangen-siemens-campus-ist-fertig-image-group/wide__1300x731,2026-07-18T14:07:45Z,,Nach mehr als zehnjähriger Planungs- und Bauzeit sind die Siemens-Bürostandorte im Großraum Nürnberg in einem neuen Stadtteil zusammengeführt: Mit der Eröffnung der Neubauten in Modul 8 ist der Sieme… [+1882 chars],,de,'Industrie'
https://www.welt.de/politik/ausland/article6a5b6a1dc72232627649a443/trump-vance-konflikt-das-weisse-haus-weiss-nicht-wie-der-iran-krieg-enden-soll.html,https://www.welt.de/politik/ausland/article6a5b6a1dc72232627649a443/trump-vance-konflikt-das-weisse-haus-weiss-nicht-wie-der-iran-krieg-enden-soll.html,0,www.welt.de,"Das Weiße Haus weiß nicht, wie der Iran-Krieg enden soll","Der Iran-Krieg eskaliert erneut – und im Weißen Haus wachsen die Spannungen. Während Donald Trump auf militärische Härte setzt, versucht J.D. Vance, sich als Friedensstifter zu profilieren.",https://images.welt.de/6a5b6a1dc72232627649a443/809859ed6c0422d55de6b7f953bf5bd2-master/ci16x9-w1200/dwosb-dasha-burns-ds-violett-jpg,2026-07-18T14:14:12Z,,"Der Iran-Krieg eskaliert erneut und im Weißen Haus wachsen die Spannungen. Während Donald Trump auf militärische Härte setzt, versucht J.D. Vance, sich als Friedensstifter zu profilieren.Der Iran-Kri… [+3291 chars]",,de,'Krieg'
https://www.n-tv.de/leute/Zendayas-altorientalische-Ohrringe-spalten-die-Gemueter-id31100568.html,https://www.n-tv.de/leute/Zendayas-altorientalische-Ohrringe-spalten-die-Gemueter-id31100568.html,0,www.n-tv.de,Kulturgut aus dem Iran: Zendayas altorientalische Ohrringe spalten die Gemüter,"Dick sind sie und rund und vor allem auch alt: Die Ohrringe, die Schauspielerin Zendaya auf einem Termin in London trägt, haben eine lange Geschichte. Nicht jedem gefällt, wie sie jetzt zur Schau gestellt werden.",https://www.n-tv.de/img/31100579/1784389022/Img_16_9/1200/Odyssey-photocall-Zendaya-attending-the-Odyssey-photocall-at-the-IET-Building-in-central-London-Picture-date-Sunday-July-5-2026.jpg,2026-07-18T14:25:01Z,,"Zendaya bei einem Auftritt in London. (Foto: picture alliance / PA Images)
Dick sind sie und rund und vor allem auch alt: Die Ohrringe, die Schauspielerin Zendaya auf einem Termin in London trägt, h… [+4086 chars]",,de,'Iran'
https://www.zeit.de/politik/deutschland/2026-07/nachfolge-jens-spahn-fraktionsvorsitz-cdu-csu,https://www.zeit.de/politik/deutschland/2026-07/nachfolge-jens-spahn-fraktionsvorsitz-cdu-csu,0,www.zeit.de,Unionsfraktionsvorsitz: CDU will Nachfolger für Jens Spahn schnell bestimmen,Kanzler Friedrich Merz will offenbar einen raschen Vorschlag für den neuen Unionsfraktionschef machen. Ein möglicher Kandidat arbeitet derzeit für ihn im Kanzleramt.,https://img.zeit.de/politik/deutschland/2026-07/jens-spahn-cdu-ruecktritt-fraktionsvorsitz-foto-1/wide__1300x731,2026-07-18T15:22:15Z,,"Nach
 dem Rückzug von Jens Spahn vom Vorsitz der Unionsfraktion soll schnell ein Nachfolger vorgeschlagen und gewählt werden. Der 
Bundesvorstand der CDU und die Parteivorsitzenden der Bundesländer… [+1953 chars]",,de,'Friedrich Merz'
https://orf.at/stories/3436577/,https://orf.at/stories/3436577/,0,orf.at,Iran: Rahmenabkommen mit den USA ausgesetzt,,https://orf.at/mojo/1_4_1/storyserver//news/common/images/og-fallback-news.png,2026-07-18T15:23:33Z,,"Das Rahmenabkommen zwischen den USA und dem Iran hat nach Ansicht der Regierung in Teheran keinen Bestand mehr. Man habe das Abkommen ausgesetzt, sagte Vizeaußenminister Kasem Gharibabadi heute laut … [+833 chars]",,de,'Iran'
https://www.diepresse.com/38288697/iran-rahmenabkommen-mit-den-usa-ausgesetzt,https://www.diepresse.com/38288697/iran-rahmenabkommen-mit-den-usa-ausgesetzt,0,www.diepresse.com,Iran: Rahmenabkommen mit den USA ausgesetzt,Der Iran hat das im Juni geschlossene Rahmenabkommen mit den USA ausgesetzt. Teheran wirft Washington Verstöße gegen die Vereinbarung vor.,https://img.diepresse.com/public/incoming/hkreut-iran-crisis/alternates/WEBP_WIDE_1200/IRAN-CRISIS,2026-07-18T15:34:10Z,,"Die Presse auf Google als bevorzugte Nachrichtenquelle hinzufügen.
 Der Iran betrachtet das Mitte Juni geschlossene Rahmenabkommen mit den USA als ausgesetzt. Als Grund nannte Vizeaußenminister Kase… [+297 chars]",,de,'Iran'
https://www.welt.de/politik/ausland/article6a5b99fc61b8a80211aaac30/iran-krieg-teheran-setzt-rahmenabkommen-mit-den-usa-aus-zwei-us-soldaten-sterben-bei-angriffen-auf-jordanien.html,https://www.welt.de/politik/ausland/article6a5b99fc61b8a80211aaac30/iran-krieg-teheran-setzt-rahmenabkommen-mit-den-usa-aus-zwei-us-soldaten-sterben-bei-angriffen-auf-jordanien.html,0,www.welt.de,Teheran setzt Rahmenabkommen mit den USA aus – zwei US-Soldaten sterben bei Angriffen auf Jordanien,Der Iran-Krieg ist wieder aufgeflammt: Nach mehreren Angriffen der USA setzt die Führung in Teheran das jüngst erst verhandelte Rahmenabkommen aus. Durch iranische Angriffe kamen zwei US-Soldaten ums Leben.,https://images.welt.de/6a5b99fc61b8a80211aaac30/4301f9d41e67c8d2febc8d0f7fb2d888/ci16x9-w1200/2026-07-06t125353z-276076981-rc2v4la24hzv-rtrmadp-3-iran-crisis-mojtaba-jpg,2026-07-18T15:40:00Z,,Der Iran-Krieg ist wieder aufgeflammt: Nach mehreren Angriffen der USA setzt die Führung in Teheran das jüngst erst verhandelte Rahmenabkommen aus. Durch iranische Angriffe kamen zwei US-Soldaten ums… [+4053 chars],,de,'Iran'
https://www.welt.de/politik/ausland/article6a5b99fc61b8a80211aaac30/iran-krieg-teheran-setzt-rahmenabkommen-mit-den-usa-aus-kuwait-geraet-unter-beschuss.html,https://www.welt.de/politik/ausland/article6a5b99fc61b8a80211aaac30/iran-krieg-teheran-setzt-rahmenabkommen-mit-den-usa-aus-kuwait-geraet-unter-beschuss.html,0,www.welt.de,Teheran setzt Rahmenabkommen mit den USA aus – Kuwait gerät unter Beschuss,Der Iran-Krieg ist wieder aufgeflammt: Nach mehreren Angriffen der USA setzt die Führung in Teheran das jüngst erst verhandelte Rahmenabkommen aus.,https://images.welt.de/6a5b99fc61b8a80211aaac30/956ece0201584ed2bc5f83435e042e1e/ci16x9-w1200/2026-07-18t135847z-1220760552-rc2dgma0zv19-rtrmadp-3-iran-crisis-kuwait-oil-jpg,2026-07-18T15:40:00Z,,Der Iran-Krieg ist wieder aufgeflammt: Nach mehreren Angriffen der USA setzt die Führung in Teheran das jüngst erst verhandelte Rahmenabkommen aus.Das Rahmenabkommen zwischen den USA und dem Iran hat… [+3098 chars],,de,'Krieg'
https://www.welt.de/politik/ausland/article6a5b99fc61b8a80211aaac30/iran-krieg-teheran-setzt-rahmenabkommen-mit-den-usa-aus-chamenei-droht-mit-unvergesslichen-lektionen.html,https://www.welt.de/politik/ausland/article6a5b99fc61b8a80211aaac30/iran-krieg-teheran-setzt-rahmenabkommen-mit-den-usa-aus-chamenei-droht-mit-unvergesslichen-lektionen.html,0,www.welt.de,Teheran setzt Rahmenabkommen mit den USA aus – Chamenei droht mit „unvergesslichen Lektionen“,Der Iran-Krieg ist wieder aufgeflammt: Nach mehreren Angriffen der USA setzt die Führung in Teheran das jüngst erst verhandelte Rahmenabkommen aus. Der neue Führer Modschtaba Chamenei droht in einer Erklärung im Fernsehen.,https://images.welt.de/6a5b99fc61b8a80211aaac30/4301f9d41e67c8d2febc8d0f7fb2d888/ci16x9-w1200/2026-07-06t125353z-276076981-rc2v4la24hzv-rtrmadp-3-iran-crisis-mojtaba-jpg,2026-07-18T15:40:00Z,,Der Iran-Krieg ist wieder aufgeflammt: Nach mehreren Angriffen der USA setzt die Führung in Teheran das jüngst erst verhandelte Rahmenabkommen aus. Der neue Führer Modschtaba Chamenei droht in einer … [+3596 chars],,de,'Krieg'
https://www.zeit.de/politik/deutschland/2026-07/jens-spahn-cdu-ruecktritt-fraktionsvorsitz,https://www.zeit.de/politik/deutschland/2026-07/jens-spahn-cdu-ruecktritt-fraktionsvorsitz,0,www.zeit.de,Jens Spahn: CDU will Nachfolger für Jens Spahn schnell bestimmen,Bundeskanzler Friedrich Merz hat einen raschen Vorschlag für einen neuen Vorsitzenden der Unionsfraktion angekündigt. Ein Kandidat arbeitet derzeit für ihn im Kanzleramt.,https://img.zeit.de/politik/deutschland/2026-07/jens-spahn-cdu-ruecktritt-fraktionsvorsitz-foto-1/wide__1300x731,2026-07-18T15:44:19Z,,"Nach dem Rückzug von Jens Spahn vom Vorsitz der Fraktion von CDU und CSU
soll schnell ein Nachfolger vorgeschlagen und gewählt werden. Der
Bundesvorstand der CDU und die Parteivorsitzenden der Bund… [+1797 chars]",,de,'Friedrich Merz'
https://www.n-tv.de/politik/Iran-Rahmenabkommen-mit-den-USA-ausgesetzt-id31100820.html,https://www.n-tv.de/politik/Iran-Rahmenabkommen-mit-den-USA-ausgesetzt-id31100820.html,0,www.n-tv.de,"""Mit Verteidigung beschäftigt"": Iran: Rahmenabkommen mit den USA ausgesetzt","Vor einem Monat unterzeichnen der Iran und die USA ein Abkommen, das hin zu einem Kriegsende führen soll. Rasch intensivieren sich die Angriffe rund um die Straße von Hormus aber wieder. Teheran fühlt sich nun offiziell nicht mehr an die Abmachungen gebunden.",https://www.n-tv.de/img/31100856/1784396886/Img_16_9/1200/This-screen-grab-taken-from-video-footage-broadcast-by-Iran-s-IRINN-state-television-network-and-made-available-via-AFPTV-on-July-17-2026-shows-what-the-network-says-is-the-aftermath-of-overnight-US-strikes-on-a-bridge-in-Bandar-Khamir-County-near-the-Strait-of-Hormuz-A-month-after-the-two-sides-agreed-a-memorandum-of-understanding-aimed-at-ending-the-conflict-that-began-in-February-Iran-accused-US-forces-of-hitting-civilian-and-energy-infrastructure-on-July-17-including-an-airport-a-railway-station-and-two-bridges-with-state-media-reporting-at-least-eight-dead-and-20-wounded-in-overnight-attacks.jpg,2026-07-18T16:07:48Z,,"Eine zerstörte Brücke im Iran nach US-Angriffen, wie es bei einem iranischen TV-Sender heißt. (Foto: AFP)
Vor einem Monat unterzeichnen der Iran und die USA ein Abkommen, das hin zu einem Kriegsende… [+2351 chars]",,de,'Krieg'
https://www.tagesschau.de/ausland/amerika/iran-usa-rahmenabkommen-ausgesetzt-100.html,https://www.tagesschau.de/ausland/amerika/iran-usa-rahmenabkommen-ausgesetzt-100.html,0,www.tagesschau.de,Rahmenabkommen: Iran setzt Vereinbarung mit USA aus,"Eigentlich hatten sich die USA und Iran Mitte Juni darauf verständigt, ihren Konflikt mit Verhandlungen lösen zu wollen und die Kriegshandlungen einzustellen. Nach der jüngsten Eskalation schwindet die Hoffnung auf Diplomatie.",https://images.tagesschau.de/image/493c7b42-7c74-4d2d-b859-5d8b9b6e8f09/AAABn3YVDOs/AAABnSSvrFg/16x9-big/iran-1254.jpg?width=1280,2026-07-18T16:35:19Z,,"Stand: 18.07.2026 18:35 Uhr
Eigentlich hatten sich die USA und Iran Mitte Juni darauf verständigt, ihren Konflikt mit Verhandlungen lösen zu wollen und die Kriegshandlungen einzustellen. Nach der jü… [+1079 chars]",,de,'Iran'
https://www.zeit.de/news/2026-07/18/us-militaer-zwei-weitere-us-soldaten-im-iran-krieg-getoetet,https://www.zeit.de/news/2026-07/18/us-militaer-zwei-weitere-us-soldaten-im-iran-krieg-getoetet,0,www.zeit.de,Konflikte: US-Militär: Zwei weitere US-Soldaten im Iran-Krieg getötet,Hier finden Sie Informationen zu dem Thema „Eskalation im Iran-Krieg“. Lesen Sie jetzt „US-Militär: Zwei weitere US-Soldaten im Iran-Krieg getötet“.,https://img.zeit.de/news/2026-07/18/us-militaer-zwei-weitere-us-soldaten-im-iran-krieg-getoetet-image-group/wide__1300x731,2026-07-18T17:30:00Z,,"Erstmals seit der jüngsten Eskalation im Iran-Krieg sind nach Angaben des US-Militärs zwei US-Soldaten getötet worden. Sie seien am Freitag bei einem Einsatz in Jordanien ums Leben gekommen, als sich… [+2612 chars]",,de,'Iran'
https://www.tagesspiegel.de/internationales/eskalation-im-iran-krieg-us-militar-zwei-weitere-us-soldaten-im-iran-krieg-getotet-15853929.html,https://www.tagesspiegel.de/internationales/eskalation-im-iran-krieg-us-militar-zwei-weitere-us-soldaten-im-iran-krieg-getotet-15853929.html,0,www.tagesspiegel.de,Eskalation im Iran-Krieg: US-Militär: Zwei weitere US-Soldaten im Iran-Krieg getötet,"Die USA haben im Iran-Krieg seit längerem keine Toten mehr auf ihrer Seite verzeichnet. Doch in den vergangenen Tagen ist der Krieg wieder eskaliert, nun melden die US-Streitkräfte weitere Gefallene.",https://www.tagesspiegel.de/images/15853946/alternates/BASE_16_9_W1400/1784397865000/iranische-drohnen.jpeg,2026-07-18T17:32:14Z,,"Erstmals seit der jüngsten Eskalation im Iran-Krieg sind nach Angaben des US-Militärs zwei US-Soldaten getötet worden. Sie seien am Freitag bei einem Einsatz in Jordanien ums Leben gekommen, als sich… [+2662 chars]",,de,'Krieg'
https://www.tagesspiegel.de/internationales/berlin-brandenburg-us-militar-zwei-weitere-us-soldaten-im-iran-krieg-getotet-15853929.html,https://www.tagesspiegel.de/internationales/berlin-brandenburg-us-militar-zwei-weitere-us-soldaten-im-iran-krieg-getotet-15853929.html,0,www.tagesspiegel.de,Berlin / Brandenburg: US-Militär: Zwei weitere US-Soldaten im Iran-Krieg getötet,US-Militär: Zwei weitere US-Soldaten im Iran-Krieg getötet,https://www.tagesspiegel.de/images/15853928/alternates/BASE_16_9_W1400/1784395934000/dpa-eilmeldung.jpeg,2026-07-18T17:32:14Z,,"Erstmals seit der jüngsten Eskalation im Iran-Krieg sind nach Angaben des US-Militärs zwei US-Soldaten getötet worden. Sie seien am Freitag bei einem Einsatz in Jordanien ums Leben gekommen, als sich… [+254 chars]",,de,'Iran'
https://orf.at/stories/3436583/,https://orf.at/stories/3436583/,0,orf.at,US-Militär: Zwei weitere US-Soldaten im Iran-Krieg getötet,,https://orf.at/mojo/1_4_1/storyserver//news/common/images/og-fallback-news.png,2026-07-18T17:37:50Z,,"Erstmals seit der jüngsten Eskalation im Iran-Krieg sind nach Angaben des US-Militärs zwei US-Soldaten getötet worden.
Sie seien gestern bei einem Einsatz in Jordanien ums Leben gekommen, als sich U… [+159 chars]",,de,'Iran'
https://www.diepresse.com/37094968/wie-entsteht-eigentlich-eine-konjunkturprognose,https://www.diepresse.com/37094968/wie-entsteht-eigentlich-eine-konjunkturprognose,0,www.diepresse.com,Wie entsteht eigentlich eine Konjunkturprognose? [premium],"Ob Wachstum, Inflation oder Budget: Wirtschaftsprognosen basieren auf vielen Annahmen. Aber was tun, wenn Pandemien und Kriege die Zukunft unberechenbar machen?",https://img.diepresse.com/public/incoming/jqg2wi-kein-titel/alternates/WEBP_WIDE_1200/kein%20Titel,2026-07-18T17:47:18Z,,"Anfang 2020 stießen die Konjunkturforscher des Wirtschaftsforschungsinstituts (Wifo) an ihre Grenzen. Die Frühjahrsprognose war gerade in Arbeit, da schwappte die Coronapandemie nach Europa. Niemand … [+5682 chars]",,de,'Iran'
https://www.sueddeutsche.de/politik/liveblog-nahost-iran-news-usa-militaer-soldaten-tod-li.3513707,https://www.sueddeutsche.de/politik/liveblog-nahost-iran-news-usa-militaer-soldaten-tod-li.3513707,0,www.sueddeutsche.de,Krieg in Nahost: US-Militär meldet Tod von zwei Soldaten in Jordanien,Die Soldaten seien bereits am Freitag bei der Verteidigung gegen iranische Raketen- und Drohnenangriffe ums Leben gekommen. Nach der siebten Nacht mit Angriffen wächst die Sorge vor einer Ausweitung des Krieges.,https://www.sueddeutsche.de/2026/07/18/6cd67b1c-f0da-4503-8837-9e990e960126.jpg?q=60&fm=webp&width=1200&rect=0%2C0%2C4000%2C2250,2026-07-18T17:48:00Z,,Das US-Militär hat in der sechsten Angriffsnacht in Folge laut Medienberichten mehrere Brücken und einen Flughafen in Iran bombardiert. Mit den Angriffen auf Brücken sollten Nachschubwege zu einem ir… [+1937 chars],,de,'Krieg'
https://www.n-tv.de/politik/Erstmals-seit-Wochen-US-Militaer-meldet-Verluste-im-Iran-Krieg-id31101016.html,https://www.n-tv.de/politik/Erstmals-seit-Wochen-US-Militaer-meldet-Verluste-im-Iran-Krieg-id31101016.html,0,www.n-tv.de,"Zwei Tote, ein Vermisster: Erstmals seit Wochen: US-Militär meldet Verluste im Iran-Krieg","Seit der neuerlichen Eskalation im Iran-Krieg ist es vor allem Teheran, das Opferzahlen zu verkünden hat. Nun teilen auch die USA mit: Bei einem Drohnenangriff sollen zwei Soldaten getötet worden sein.",https://www.n-tv.de/img/31101049/1784405232/Img_16_9/1200/A-still-image-from-handout-video-released-July-14-2026-said-to-show-a-drone-being-launched-by-Iran-from-an-unknown-location-to-attack-U-S-positions-at-Azraq-base-in-Jordan-IRIB-Handout-via-REUTERS-THIS-IMAGE-HAS-BEEN-SUPPLIED-BY-A-THIRD-PARTY-IRAN-OUT-NO-COMMERCIAL-OR-EDITORIAL-SALES-IN-IRAN-ISRAEL-OUT-NO-COMMERCIAL-OR-EDITORIAL-SALES-IN-ISRAEL-NO-ACCESS-FOR-ISRAELI-MEDIA-NO-USE-BBC-PERSIAN-NO-USE-VOA-PERSIAN-NO-USE-MANOTO-NO-USE-IRAN-INTERNATIONAL-NO-USE-RADIO-FARDA-VIDEO-MASKED-AT-SOURCE-TPX-IMAGES-OF-THE-DAY-VERIFICATION-Location-and-date-could-not-be-verified.jpg,2026-07-18T18:31:37Z,,"Zwei Tote, ein VermissterErstmals seit Wochen: US-Militär meldet Verluste im Iran-Krieg
Der Iran feuerte mehrere Drohnen auf US-Militärbasen in Jordanien ab. (Foto: via REUTERS)
Seit der neuerliche… [+2888 chars]",,de,'Iran'
https://www.faz.net/aktuell/politik/ausland/new-yorks-buergermeister-prueft-festnahme-netanjahus-accg-201043520.html,https://www.faz.net/aktuell/politik/ausland/new-yorks-buergermeister-prueft-festnahme-netanjahus-accg-201043520.html,0,www.faz.net,„Kriegsverbrecher“: New Yorks Bürgermeister prüft Festnahme Netanjahus,"Bürgermeister Mamdani will überprüfen, ob New Yorker Polizisten Israels Regierungschef bei der UN-Generaldebatte festnehmen dürfen. Gegen Netanjahu liegt ein Haftbefehl des Internationalen Strafgerichtshofs vor.",https://media0.faz.net/image/w1200h627/0595b8311594/w3000h1567x0y217o/202607/43601.0.2311224891/new-yorks-buergermeister.webp,2026-07-18T20:29:00Z,,New Yorks Bürgermeister Zohran Mamdani prüft nach eigenen Angaben Möglichkeiten zur Festnahme des israelischen Regierungschefs Benjamin Netanjahu während der Generaldebatte der UN-Vollversammlung im … [+1667 chars],,de,'Krieg'
https://www.faz.net/aktuell/politik/ukraine/ukraine-liveticker-selenskyj-verspricht-demonstranten-entscheidungen-zur-armee-faz-110683325.html,https://www.faz.net/aktuell/politik/ukraine/ukraine-liveticker-selenskyj-verspricht-demonstranten-entscheidungen-zur-armee-faz-110683325.html,0,www.faz.net,Liveblog Ukrainekrieg: Selenskyj verspricht Demonstranten Entscheidungen zur Armee,"„Entscheidungen bezüglich der Armee werden ausgearbeitet“, so Selenskyj +++ Zwei Tote nach russischen Bombenangriffen auf Kramatorsk +++ Ukraine attackiert russische Logistikzentren +++ alle Neuigkeiten im Liveblog",https://media0.faz.net/image/w1200h627/5696f55e650c/w2000h1045x0y68o/202607/43601.0.2348677587/seitdem-selenskyj-den.webp,2026-07-18T20:40:16Z,,Der ukrainische Präsident Wolodymyr Selenskyj hat den bisherigen Innenminister Ihor Klymenko als neuen Chef des Nationalen Sicherheits- und Verteidigungsrates vorgeschlagen. Der 53 Jahre alte Politik… [+1615 chars],,de,'Ukraine'
https://www.welt.de/politik/ausland/article6a5be15e61b8a80211aab97c/usa-new-yorks-buergermeister-mamdani-droht-netanjahu-mit-festnahme-bei-un-generaldebatte.html,https://www.welt.de/politik/ausland/article6a5be15e61b8a80211aab97c/usa-new-yorks-buergermeister-mamdani-droht-netanjahu-mit-festnahme-bei-un-generaldebatte.html,0,www.welt.de,New Yorks Bürgermeister Mamdani droht Netanjahu mit Festnahme bei UN-Generaldebatte,"New Yorks Bürgermeister Zohran Mamdani droht Benjamin Netanjahu mit einer Verhaftung, sollte der israelische Premierminister zur UN-Generalversammlung reisen. Fraglich ist allerdings, ob der Demokrat überhaupt dafür zuständig wäre. Netanjahu will in jedem Fal…",https://images.welt.de/6a5be15e61b8a80211aab97c/d1d9dec652f441d1276369ee0818578a-master/ci16x9-w1200/apdpa-d6a5ae572c7743499a21cda2bdfde19a-jpg,2026-07-18T20:42:25Z,,"New Yorks Bürgermeister Zohran Mamdani droht Benjamin Netanjahu mit einer Verhaftung, sollte der israelische Premierminister zur UN-Generalversammlung reisen. Fraglich ist allerdings, ob der Demokrat… [+2512 chars]",,de,'Benjamin Netanjahu'
https://www.bild.de/politik/ausland-und-internationales/in-jordanien-mullah-raketen-toeten-zwei-us-soldaten-6a5be61f61b8a80211aab9f1,https://www.bild.de/politik/ausland-und-internationales/in-jordanien-mullah-raketen-toeten-zwei-us-soldaten-6a5be61f61b8a80211aab9f1,0,www.bild.de,In Jordanien - Mullah-Raketen töten zwei US-Soldaten,Tampa – Erstmals seit der jüngsten Eskalation im Iran-Krieg sind nach Angaben des US-Militärs zwei US-Soldaten getötet worden.,"https://images.bild.de/6a5be61f61b8a80211aab9f1/16082fab32833665a2e4d5c86833d45b,b619a20c?w=1280",2026-07-18T20:55:16Z,,TTS-Player überspringenArtikel weiterlesenTeheran/Washington D. C. Erstmals seit der jüngsten Eskalation im Iran-Krieg sind nach Angaben des US-Militärs zwei US-Soldaten getötet worden. Sie seien am … [+4504 chars],,de,'Krieg'
https://www.n-tv.de/politik/Vor-UN-Treffen-in-New-York-Buergermeister-Mamdani-will-Festnahme-Netanjahus-pruefen-id31101202.html,https://www.n-tv.de/politik/Vor-UN-Treffen-in-New-York-Buergermeister-Mamdani-will-Festnahme-Netanjahus-pruefen-id31101202.html,0,www.n-tv.de,UN-Generaldebatte im September: New Yorks Bürgermeister Mamdani fabuliert über Festnahme Netanjahus,Israelis Regierungschef Benjamin Netanjahu wird vom Internationalen Strafgerichtshof per Haftbefehl gesucht. Von der US-Regierung hat er trotzdem nichts zu befürchten. In New York hingegen würde der dortige Bürgermeister ihn am liebsten aus der UN holen lasse…,https://www.n-tv.de/img/31101203/1784418927/Img_16_9/1200/New-York-City-Mayor-Zohran-Mamdani-delivered-remarks-at-a-gun-violence-rally-where-a-mass-shooting-occured-during-a-4th-of-July-barbecue-in-the-Coney-Island-section-of-Brooklyn-NY-July-7-2026-Photo-by-Steve-Sanchez-Sipa-USA.jpg,2026-07-18T21:55:45Z,,"Zohran Mamdani wird aus Israel scharf kritisiert. (Foto: picture alliance / Sipa USA)
Israelis Regierungschef Benjamin Netanjahu wird vom Internationalen Strafgerichtshof per Haftbefehl gesucht. Von… [+2152 chars]",,de,'Benjamin Netanjahu'
https://www.zeit.de/news/2026-07/19/usa-kuendigen-nach-tod-von-soldaten-vergeltungsschlaege-an,https://www.zeit.de/news/2026-07/19/usa-kuendigen-nach-tod-von-soldaten-vergeltungsschlaege-an,0,www.zeit.de,Eskalation im Iran-Krieg: USA kündigen nach Tod von Soldaten Vergeltungsschläge an,Hier finden Sie Informationen zu dem Thema „Eskalation im Iran-Krieg“. Lesen Sie jetzt „USA kündigen nach Tod von Soldaten Vergeltungsschläge an“.,https://img.zeit.de/news/2026-07/19/usa-kuendigen-nach-tod-von-soldaten-vergeltungsschlaege-an-image-group/wide__1300x731,2026-07-18T22:54:53Z,,Das US-Militär hat nach dem Tod von zwei seiner Soldaten Vergeltungsschläge gegen die iranischen Revolutionsgarden angekündigt. Um 18.00 Uhr US-Ostküstenzeit (1.30 Uhr Ortszeit im Iran) habe man neue… [+962 chars],,de,'Krieg'
https://www.tagesspiegel.de/internationales/eskalation-am-persischen-golf-usa-und-iran-verscharfen-den-krieg-in-der-golfregion-15854094.html,https://www.tagesspiegel.de/internationales/eskalation-am-persischen-golf-usa-und-iran-verscharfen-den-krieg-in-der-golfregion-15854094.html,0,www.tagesspiegel.de,Eskalation am Persischen Golf: USA und Iran verschärfen den Krieg in der Golfregion,Mit den massiven US-Luftangriffen im Iran und den Vergeltungsattacken in der Region ist der Konflikt wieder eskaliert. Eine diplomatische Lösung ist nicht in Sicht. In Teheran herrscht Angespanntheit.,https://www.tagesspiegel.de/images/15855121/alternates/BASE_16_9_W1400/1784457656000/iran-krieg.jpeg,2026-07-18T22:56:01Z,,Nach tagelangen US-Angriffen im Iran und Vergeltungsschlägen in der Region droht der Konflikt weiter außer Kontrolle zu geraten. Bei einem Raketenangriff der iranischen Revolutionsgarden auf einen Lu… [+5566 chars],,de,'Krieg'
https://www.tagesspiegel.de/internationales/die-lage-im-uberblick-usa-und-iran-schworen-sich-rache-neue-us-luftangriffe-15854094.html,https://www.tagesspiegel.de/internationales/die-lage-im-uberblick-usa-und-iran-schworen-sich-rache-neue-us-luftangriffe-15854094.html,0,www.tagesspiegel.de,Die Lage im Überblick: USA und Iran schwören sich Rache - neue US-Luftangriffe,Das US-Militär beklagt den Tod von zwei seiner Soldaten und beginnt nach eigenen Angaben mit Vergeltungsschlägen im Iran. Auch Teheran ist auf Rache aus. Ist die Eskalationsspirale noch zu stoppen?,https://www.tagesspiegel.de/images/15854122/alternates/BASE_16_9_W1400/1784430045000/iran-krieg.jpeg,2026-07-18T22:56:01Z,,Nach dem Tod zweier US-Soldaten infolge iranischen Beschusses und der nächtelangen US-Bombardements im Iran schwören beide Seiten Rache - womit eine gefährliche Eskalationsspirale droht. Das US-Milit… [+5599 chars],,de,'Chamenei'
https://www.welt.de/politik/ausland/article6a5c062439cf65d9643105ad/krieg-im-nahen-osten-schnell-bestrafen-usa-starten-luftangriffe-nach-tod-von-zwei-soldaten.html,https://www.welt.de/politik/ausland/article6a5c062439cf65d9643105ad/krieg-im-nahen-osten-schnell-bestrafen-usa-starten-luftangriffe-nach-tod-von-zwei-soldaten.html,0,www.welt.de,„Schnell bestrafen“ – USA starten Vergeltungsschläge nach Tod von zwei Soldaten,Die USA fliegen neue Luftangriffe auf den Iran. Diese seien auch eine Reaktion auf die Attacken auf das amerikanische Militär in Jordanien. Zwei Soldaten waren dabei getötet worden.,https://images.welt.de/6a5c062439cf65d9643105ad/744a19943dc704db7b3afc0ba477a12b/ci16x9-w1200/dpa-com-260526-935-1365707-jpg,2026-07-18T23:24:30Z,,Die USA fliegen neue Luftangriffe auf den Iran. Diese seien auch eine Reaktion auf die Attacken auf das amerikanische Militär in Jordanien. Zwei Soldaten waren dabei getötet worden.Das US-Militär hat… [+2334 chars],,de,'Iran'
https://www.welt.de/politik/ausland/article6a5c062439cf65d9643105ad/krieg-im-nahen-osten-us-vergeltungsschlaege-nach-tod-von-zwei-soldaten-iran-meldet-angriff-auf-unfertiges-atomkraftwerk.html,https://www.welt.de/politik/ausland/article6a5c062439cf65d9643105ad/krieg-im-nahen-osten-us-vergeltungsschlaege-nach-tod-von-zwei-soldaten-iran-meldet-angriff-auf-unfertiges-atomkraftwerk.html,0,www.welt.de,US-Vergeltungsschläge nach Tod von zwei Soldaten – Iran meldet Angriff auf unfertiges Atomkraftwerk,Die USA haben ihre Angriffe auf den Iran ausgeweitet. Laut Teheran wurde dabei auch noch im Bau befindliches Atomkraftwerk getroffen. Washington begründet die Attacken mit dem tödlichen Angriff auf US-Soldaten in Jordanien.,https://images.welt.de/6a5c062439cf65d9643105ad/1567d3f6281537925db91d61644db93f/ci16x9-w1200/1784401248130-afp-c2j84g3-jpg,2026-07-18T23:24:30Z,,Die USA haben ihre Angriffe auf den Iran ausgeweitet. Laut Teheran wurde dabei auch noch im Bau befindliches Atomkraftwerk getroffen. Washington begründet die Attacken mit dem tödlichen Angriff auf U… [+4093 chars],,de,'Iran'
https://www.welt.de/politik/ausland/article6a5c062439cf65d9643105ad/krieg-im-nahen-osten-schnell-bestrafen-usa-mit-luftangriffen-nach-tod-von-zwei-soldaten.html,https://www.welt.de/politik/ausland/article6a5c062439cf65d9643105ad/krieg-im-nahen-osten-schnell-bestrafen-usa-mit-luftangriffen-nach-tod-von-zwei-soldaten.html,0,www.welt.de,„Schnell bestrafen“ – USA mit Vergeltungsschlägen nach Tod von zwei Soldaten,Die USA haben neue Luftangriffe auf den Iran durchgeführt. Diese seien auch eine Reaktion auf die Attacken auf das amerikanische Militär in Jordanien gewesen. Zwei Soldaten waren dabei getötet worden.,https://images.welt.de/6a5c062439cf65d9643105ad/744a19943dc704db7b3afc0ba477a12b/ci16x9-w1200/dpa-com-260526-935-1365707-jpg,2026-07-18T23:24:30Z,,Die USA haben neue Luftangriffe auf den Iran durchgeführt. Diese seien auch eine Reaktion auf die Attacken auf das amerikanische Militär in Jordanien gewesen. Zwei Soldaten waren dabei getötet worden… [+3290 chars],,de,'Iran'
https://www.zeit.de/news/2026-07/19/massiver-russischer-raketenangriff-auf-kiew,https://www.zeit.de/news/2026-07/19/massiver-russischer-raketenangriff-auf-kiew,0,www.zeit.de,Ukraine-Krieg: Massiver russischer Raketenangriff auf Kiew,Hier finden Sie Informationen zu dem Thema „Ukraine-Krieg“. Lesen Sie jetzt „Massiver russischer Raketenangriff auf Kiew“.,https://img.zeit.de/news/2026-07/19/massiver-russischer-raketenangriff-auf-kiew-image-group/wide__1300x731,2026-07-18T23:34:49Z,,Die ukrainische Hauptstadt Kiew ist vom russischen Militär massiv mit ballistischen Raketen angegriffen worden. Dutzende Explosionen teils von Flugabwehrraketen waren in der Nacht im Zentrum der Drei… [+671 chars],,de,'Ukraine'
https://www.zeit.de/news/2026-07/19/rettungsdienste-warnen-bagatellfaelle-belasten-versorgung,https://www.zeit.de/news/2026-07/19/rettungsdienste-warnen-bagatellfaelle-belasten-versorgung,0,www.zeit.de,Rettungsdienste: Rettungsdienste warnen: Bagatellfälle belasten Versorgung,Hier finden Sie Informationen zu dem Thema „Rettungsdienste“. Lesen Sie jetzt „Rettungsdienste warnen: Bagatellfälle belasten Versorgung“.,https://img.zeit.de/news/2026-07/19/rettungsdienste-warnen-bagatellfaelle-belasten-versorgung-image-group/wide__1300x731,2026-07-19T02:15:04Z,,Die Zahl der Einsatzfahrten steigt nach Angaben der Rettungsdienste in Baden-Württemberg seit Jahren kontinuierlich. Das ist problematisch und hat auch etwas mit zunehmenden Lücken im Gesundheitswese… [+4790 chars],,de,'Versorgung'
https://www.nzz.ch/international/putin-braucht-in-der-ukraine-eine-erfolgsmeldung-auch-deshalb-opfert-er-in-kostjantiniwka-unzaehlige-soldaten-nun-bekommt-er-hilfe-von-unerwarteter-seite-ld.10015639,https://www.nzz.ch/international/putin-braucht-in-der-ukraine-eine-erfolgsmeldung-auch-deshalb-opfert-er-in-kostjantiniwka-unzaehlige-soldaten-nun-bekommt-er-hilfe-von-unerwarteter-seite-ld.10015639,0,www.nzz.ch,Putin braucht in der Ukraine eine Erfolgsmeldung. Auch deshalb opfert er in Kostjantiniwka unzählige Soldaten – nun bekommt er Hilfe von unerwarteter Seite,"Die umkämpfte Stadt im Donbass soll kurz vor dem Fall stehen, behaupteten die Russen schon mehrfach. Doch die Ukrainer halten Stellung. Nun erleiden sie jedoch einen Dämpfer, der ihre Kampfmoral beeinträchtigen könnte.","https://img-msp-prod.nzz.ch/2026/07/16/0b6c49c3-4afd-4bfc-815b-2c9bba6e59f9.jpg?width=1200&height=674&fit=bounds&quality=75&auto=webp&crop=5211,2931,x0,y601&wmark=nzz",2026-07-19T03:30:00Z,,"Die umkämpfte Stadt im Donbass soll kurz vor dem Fall stehen, behaupteten die Russen schon mehrfach. Doch die Ukrainer halten Stellung. Nun erleiden sie jedoch einen Dämpfer, der ihre Kampfmoral beei… [+8892 chars]",,de,'Ukraine'
https://www.sueddeutsche.de/politik/liveblog-nahost-iran-news-usa-militaer-soldaten-tod-angriffe-li.3513707,https://www.sueddeutsche.de/politik/liveblog-nahost-iran-news-usa-militaer-soldaten-tod-angriffe-li.3513707,0,www.sueddeutsche.de,Krieg in Nahost: USA und Iran schwören sich Rache – neue US-Luftangriffe,"Den Angriffen ging der Tod zweier Soldaten voraus, die schon am Freitag bei der Verteidigung gegen iranische Raketen- und Drohnenangriffe ums Leben gekommen sein sollen. Die Sorge vor einer Ausweitung des Krieges wächst.",https://www.sueddeutsche.de/2026/07/08/2eb8f531-a9e9-4335-8fcd-d0b0c64e5c70.jpg?q=60&fm=webp&width=1200&rect=0%2C107%2C2048%2C1152,2026-07-19T03:34:09Z,,"Das Rahmenabkommen, auf das sich die USA und Iran Mitte Juni geeinigt hatten, sollte einmal den Weg zu einem dauerhaften Ende des Kriegs weisen. Doch das rückt eine Woche nach dem erneuten Aufflammen… [+1247 chars]",,de,'Krieg'
https://www.focus.de/kultur/kino-tv/amt-greift-buergergeld-empfaenger-durch-hartz-und-herzlich-pascal-wird-zur-arbeit-begleitet_7b99c2c4-1ce8-4056-837b-e219f0ee5f46.html,https://www.focus.de/kultur/kino-tv/amt-greift-buergergeld-empfaenger-durch-hartz-und-herzlich-pascal-wird-zur-arbeit-begleitet_7b99c2c4-1ce8-4056-837b-e219f0ee5f46.html,0,www.focus.de,Amt greift Bürgergeld-Empfänger durch: „Hartz und herzlich“-Pascal wird zur Arbeit begleitet,Seit Jahren versucht Pascal aus „Hartz und herzlich“ einen festen Job zu finden – bislang ohne Erfolg. Nun wagt der ehemalige Bürgergeld-Empfänger mit spezieller Unterstützung vom Jobcenter einen neuen Schritt Richtung Arbeitsmarkt.,"https://quadro.burda-forward.de/ctf/9d41c71f-9e41-4e7a-b162-5aef8516f023.fdddc44d-5b45-4f85-ab3d-27fde0e8935b.jpeg?im=RegionOfInterestCrop=(1200,630),regionOfInterest=(800,450)&hash=19985702043fc9a529b468af7470ef188e7a9167fc6cb757415eeca0a5f9ccda",2026-07-19T04:05:00Z,,"Pascal kämpft schon lange darum, beruflich Fuß zu fassen. Eine feste Arbeitsstelle hatte der Hartz und herzlich-Protagonist aus Mannheim bislang noch nie. Zwar absolvierte der Bürgergeld-Empfänger me… [+2388 chars]",,de,'Bürgergeld'
https://www.focus.de/kultur/kino-tv/obwohl-er-zur-arbeit-begleitet-wird-buergergeld-empfaenger-beendet-massnahme-vorzeitig_a405c57e-2e0c-49b6-ba4a-01d97c095897.html,https://www.focus.de/kultur/kino-tv/obwohl-er-zur-arbeit-begleitet-wird-buergergeld-empfaenger-beendet-massnahme-vorzeitig_a405c57e-2e0c-49b6-ba4a-01d97c095897.html,0,www.focus.de,Obwohl er zur Arbeit begleitet wird: Bürgergeld-Empfänger beendet Maßnahme vorzeitig,"Pascal aus der RTLZWEI-Sozialdoku „Hartz und herzlich“ polarisiert immer wieder. Nun sorgt der Bürgergeld-Empfänger erneut für Kopfschütteln: Obwohl er bei einer Maßnahme sogar zur Arbeit begleitet wird, beendet er diese vorzeitig.","https://quadro.burda-forward.de/ctf/b48f2a61-2725-4600-83b5-a2a114112e1d.ec5adf16-fb72-44c8-8847-0f0b97024aeb.jpeg?im=RegionOfInterestCrop=(1200,630),regionOfInterest=(825,253)&hash=ecfdebc373e9e2f711873508f89fcbee3603fe82e73062e38225d74efa5d4947",2026-07-19T04:07:00Z,,Der 25-Jährige wird bereits seit mehreren Jahren von einem Kamerateam für Hartz und herzlich begleitet. Dabei fiel er immer wieder durch seine mangelnde Arbeitsmoral auf. Mehrfach trat er Maßnahmen g… [+1725 chars],,de,'Bürgergeld'
https://orf.at/stories/3436596/,https://orf.at/stories/3436596/,0,orf.at,Nach Tod zweier US-Soldaten: Neue US-Angriffe auf Iran,,https://orf.at/mojo/1_4_1/storyserver//news/common/images/og-fallback-news.png,2026-07-19T05:20:45Z,,Nach dem Tod zweier US-Soldaten infolge iranischen Beschusses und der nächtelangen US-Bombardements im Iran schwören beide Seiten einander Rache. Das US-Militär griff in der achten Nacht in Folge Zie… [+1881 chars],,de,'Chamenei'
https://www.welt.de/videos/video6a5c5e24c72232627649b631/krieg-gegen-den-iran-chamenei-droht-mit-unvergesslichen-lektionen.html,https://www.welt.de/videos/video6a5c5e24c72232627649b631/krieg-gegen-den-iran-chamenei-droht-mit-unvergesslichen-lektionen.html,0,www.welt.de,Chamenei droht mit „unvergesslichen Lektionen“,Im Krieg zwischen den USA und dem Iran eskaliert die Gewalt – Nach Angriffen auf US-Truppen in Jordanien mit zwei Toten bombardiert das US-Militär Stellungen der Revolutionsgarden. Irans Führer Chamenei droht Washington mit „unvergesslichen Lektionen“.,https://images.welt.de/6a5c5e24c72232627649b631/751f783a6ce8704d4ce53e652d5fd75d/ci16x9-w1200/dpa-com-20090101-260304-99-718417-jpg,2026-07-19T05:44:48Z,,Die WELT als ePaper: Die vollständige Ausgabe steht Ihnen bereits am Vorabend zur Verfügung so sind Sie immer hochaktuell informiert. Weitere Informationen https://epaper.welt.de,,de,'Krieg'
https://www.dw.com/de/iran-krieg-nahost-rache-usa-bestrafen-iran-donald-trump-chamenei-jordanien-strasse-von-hormus/a-78022949,https://www.dw.com/de/iran-krieg-nahost-rache-usa-bestrafen-iran-donald-trump-chamenei-jordanien-strasse-von-hormus/a-78022949,0,www.dw.com,"Rache im Krieg: US-Militär ""bestraft"" den Iran",Nach dem Tod zweier US-Soldaten infolge iranischen Beschusses und nach nächtelangen US-Bombardements im Iran droht eine Eskalationsspirale. Beide Seiten fühlen sich nicht mehr an ihr Rahmenabkommen gebunden.,https://static.dw.com/image/78023273_6.jpg,2026-07-19T06:32:00Z,,"Die jüngste Angriffswelle der US-Armee habe darauf abgezielt, die iranischen Revolutionsgarden für eine tödliche Attacke auf amerikanische Soldaten in Jordanien ""schnell zu bestrafen"", teilte das US-… [+4345 chars]",,de,'Chamenei'
https://orf.at/stories/3436607/,https://orf.at/stories/3436607/,0,orf.at,USA und Iran schwören einander Rache,"Nach dem Tod zweier US-Soldaten infolge iranischen Beschusses und der nächtelangen US-Bombardements im Iran schwören einander beide Seiten Rache. Das US-Militär griff in der achten Nacht in Folge Ziele im Iran an, wie das Regionalkommando Centcom auf der Plat…",https://ibs.orf.at/news?image=https%3A%2F%2Fassets.orf.at%2Fmims%2F2026%2F30%2F87%2Fcrops%2Fw%3D1200%2Ch%3D630%2Cq%3D75%2F3119122_master_1208487_iran_krieg_usa_sofr_body1_afp.jpg%3Fs%3D28b6c76872613fb2c9144dfb247bdd942f215d6c,2026-07-19T06:39:05Z,,"Laut Angaben von Centcom zielten die neuen Angriffe unter anderem darauf ab, die iranische Revolutionsgarde schnell zu bestrafen. Diese hatte in der vorherigen Nacht Angriffe auf amerikanische Soldat… [+4068 chars]",,de,'Iran'
https://www.bild.de/politik/ausland-und-internationales/die-mutter-aller-drohnen-die-frau-vor-der-russland-zittert-6a5ba13a6d64d237c3774cfd,https://www.bild.de/politik/ausland-und-internationales/die-mutter-aller-drohnen-die-frau-vor-der-russland-zittert-6a5ba13a6d64d237c3774cfd,0,www.bild.de,Ronzheimer vor Ort - Drohnen-Kriegerin Iryna ist Putins Albtraum,Kiew – Sie gehört zu den meistgeschützten Frauen der Ukraine. Sie wird ständig von Body...,"https://images.bild.de/6a5ba13a6d64d237c3774cfd/8b2c76d425233469d08510abe34b5a56,724d171b?w=1280",2026-07-19T06:55:18Z,,"Sie gehört zu den meistgeschützten Frauen der Ukraine, steht für den technologischen Krieg gegen Russland: Iryna Terekh, Mutter der Drohnen, die mit ihren FP-1-Fliegern nächtliche Explosionen tief in… [+348 chars]",,de,'Kreml'
https://www.focus.de/politik/ausland/russland-zieht-laut-satellitenbildern-s-300-und-s-400-systeme-aus-dem-norden-ab-experten-sehen-ein-zeichen-fuer-wachsenden-druck-durch-ukraine_129b972b-d648-4a9d-be51-135718865aa8.html,https://www.focus.de/politik/ausland/russland-zieht-laut-satellitenbildern-s-300-und-s-400-systeme-aus-dem-norden-ab-experten-sehen-ein-zeichen-fuer-wachsenden-druck-durch-ukraine_129b972b-d648-4a9d-be51-135718865aa8.html,0,www.focus.de,Russland zieht laut Satellitenbildern S-300- und S-400-Systeme aus dem Norden ab. Experten sehen ein Zeichen für wachsenden Druck durch Ukraine,Russland zieht laut Satellitenbildern S-300- und S-400-Systeme aus dem Norden ab. Experten sehen darin ein Zeichen für wachsenden Druck durch ukrainische Drohnenangriffe.,"https://quadro.burda-forward.de/ctf/0a7b7a1d-4ba4-48f7-821e-e24a517cb96e.fbdffdd2-c696-4dee-9f0a-e2cb7ddf7e0a.jpeg?im=RegionOfInterestCrop=(1200,630),regionOfInterest=(405,184)&hash=2723d875c13d3dac7d4d5f8a2bce4475699c04f269b9c16f53d858919ee7665e",2026-07-19T07:39:00Z,,"Russland hat mehrere Flugabwehrsysteme aus dem hohen Norden abgezogen. Der norwegische Barents Observer berichtet, bei Sewerodwinsk seien mindestens 20 mobile Systeme der Typen S-300 und S-400 von fr… [+1980 chars]",,de,'Kreml'
https://www.focus.de/politik/ausland/f-35-kaempfen-als-gaebe-es-keine-luftabwehr-russische-experten-widersprechen-putins-behauptung-die-su-57-sei-der-beste-kampfjet-der-welt_01e836f6-1115-4614-9eed-d79026f3aa71.html,https://www.focus.de/politik/ausland/f-35-kaempfen-als-gaebe-es-keine-luftabwehr-russische-experten-widersprechen-putins-behauptung-die-su-57-sei-der-beste-kampfjet-der-welt_01e836f6-1115-4614-9eed-d79026f3aa71.html,0,www.focus.de,"„F-35 kämpfen, als gäbe es keine Luftabwehr“: Russische Experten widersprechen Putins Behauptung, die Su-57 sei der beste Kampfjet der Welt","Putin preist die Su-57 als besten Kampfjet der Welt. Doch aus Russland kommt scharfer Widerspruch, vor allem mit Blick auf ihren Einsatz im Krieg gegen die Ukraine.","https://quadro.burda-forward.de/ctf/e168220d-8554-4300-ad78-629d7a386075.1eb85fbb-b641-464d-b212-b0664e8dad28.jpg?im=RegionOfInterestCrop=(1200,630),regionOfInterest=(2226,1467)&hash=4efc16df798a29a70633b1f790a6b8995a333706a32e9ff9165e54e3c278608a",2026-07-19T07:46:00Z,,"Wladimir Putins Lob für die Su-57 stößt in Russland auf Widerspruch. Militäranalysten und Kommentatoren bestreiten, dass der Kampfjet seinen Ansprüchen gerecht wird. Dabei verweisen sie vor allem auf… [+3407 chars]",,de,'Krieg'
https://www.telepolis.de/article/Sanierung-ohne-Daemmung-Wie-Wintergaerten-alte-Wohnblocks-retten-koennen-11368583.html,https://www.telepolis.de/article/Sanierung-ohne-Daemmung-Wie-Wintergaerten-alte-Wohnblocks-retten-koennen-11368583.html,0,www.telepolis.de,Sanierung ohne Dämmung: Wie Wintergärten alte Wohnblocks retten können,60 % weniger Energieverbrauch und mehr Wohnraum: Das französische Sanierungskonzept von Lacaton & Vassal fordert das deutsche Passivhaus heraus.,https://heise.cloudimg.io/bound/1200x1200/q85.png-lossy-85.webp-lossy-85.foil1/_www-heise-de_/imgs/18/5/1/1/8/7/7/3/Cite___Manifeste_2-e2b20be5145b02c5.jpg,2026-07-19T08:00:00Z,,"Cité Manifeste, Mulhouse 2005. Bild: Reinhard Huschke
60 % weniger Energieverbrauch und mehr Wohnraum: Das französische Sanierungskonzept von Lacaton &amp; Vassal fordert das deutsche Passivhaus her… [+13149 chars]",,de,'Dämmung'
https://www.bild.de/politik/ausland-und-internationales/new-york-buergermeister-mamdani-droht-benjamin-netanjahu-mit-festnahme-6a5c6f74fcf158a602b3ac40,https://www.bild.de/politik/ausland-und-internationales/new-york-buergermeister-mamdani-droht-benjamin-netanjahu-mit-festnahme-6a5c6f74fcf158a602b3ac40,0,www.bild.de,New Yorks Bürgermeister - Mamdani droht Netanjahu mit Festnahme,New Yorks Bürgermeister Zohran Mamdani prüft juristische Schritte gegen Benjamin Netanjahu bei seinem UN-Besuch im September.,"https://images.bild.de/6a5c6f74fcf158a602b3ac40/27512a8cf1ad0aca381bbae2ba6141b4,3decd603?w=1280",2026-07-19T08:48:02Z,,TTS-Player überspringenArtikel weiterlesenNew York/Berlin Droht Israels Ministerpräsident Benjamin Netanjahu bei seinem anstehenden Besuch in New York die Festnahme? Bürgermeister Zohran Mamdani prüf… [+2488 chars],,de,'Benjamin Netanjahu'
https://www.zeit.de/wissenschaft/2026-07/tankerkrieg-persischer-golf-strasse-von-hormus-iran-usa,https://www.zeit.de/wissenschaft/2026-07/tankerkrieg-persischer-golf-strasse-von-hormus-iran-usa,0,www.zeit.de,Tankerkrieg im Persischen Golf: Aus einer Niederlage viel gelernt,Ende der 1980er-Jahre standen sich der Iran und die USA in der Straße von Hormus militärisch gegenüber. Damals siegten die Amerikaner. Warum tun sie sich heute so schwer?,https://img.zeit.de/wissenschaft/2026-07/tankerkrieg-persischer-golf-strasse-von-hormus-iran-usa-bild/wide__1300x731,2026-07-19T09:25:10Z,,"Wer noch im Juni gehofft hatte, die Lage in der Straße von Hormus könnte
sich bald wieder beruhigt haben, wird gerade eines Besseren belehrt: Die USA
haben eine erneute Seeblockade iranischer Häfen… [+1037 chars]",,de,'Iran'
https://www.sueddeutsche.de/projekte/artikel/politik/netanjahu-iran-trump-israel-e893328/,https://www.sueddeutsche.de/projekte/artikel/politik/netanjahu-iran-trump-israel-e893328/,0,www.sueddeutsche.de,Benjamin Netanjahu: Der Krieg seines Lebens,Benjamin Netanjahus gesamte politische Biografie lief auf diesen einen Moment zu: den Sturz des Mullah-Regimes in Iran. Jetzt könnte genau dieser Krieg seine Karriere beenden.,"https://www.sueddeutsche.de/projekte/artikel/politik/netanjahu-iran-trump-israel-e893328/6d4511b09cf4db36189f7cf35c95ce55701ccff41462a912b8396775274d6d85_w2400_h1256_r0,0,5500,2878_q70.jpg",2026-07-19T10:00:00Z,,"Es ist einer dieser Termine, ein Sonntag Anfang Juli, sehr langsam geht Benjamin Netanjahu seinem Publikum entgegen, die Leute filmen jeden seiner Schritte. Netanjahu betritt einen Saal voller Gleich… [+223 chars]",,de,'Benjamin Netanjahu'
https://www.tagesschau.de/ausland/europa/ministerrat-abwesenheit-100.html,https://www.tagesschau.de/ausland/europa/ministerrat-abwesenheit-100.html,0,www.tagesschau.de,Abwesend in Brüssel: Wie oft deutsche Minister bei EU-Treffen fehlen,Friedrich Merz hat mehrmals eine hohe Präsenz seiner Bundesregierung bei der EU angekündigt. Eine Auswertung des ARD-Studios Brüssel zeigt aber: Die deutschen Minister fehlen bei Ministerräten immer wieder. Von Sarah López.,https://images.tagesschau.de/image/d607a6c5-9757-41c2-a978-aa8be655f4e7/AAABn3CgKmk/AAABnSSvrFg/16x9-big/eu-bruessel-sitzung-100.jpg?width=1280,2026-07-19T10:09:09Z,,"Stand: 19.07.2026 12:09 Uhr
Friedrich Merz hat mehrmals eine hohe Präsenz seiner Bundesregierung bei der EU angekündigt. Eine Auswertung des ARD-Studios Brüssel zeigt aber: Die deutschen Minister fe… [+5794 chars]",,de,'Friedrich Merz'
https://www.sueddeutsche.de/politik/usa-iran-trump-hormus-bandar-abbas-li.3517539,https://www.sueddeutsche.de/politik/usa-iran-trump-hormus-bandar-abbas-li.3517539,0,www.sueddeutsche.de,Krieg im Nahen Osten: USA und Iran attackieren sich jede Nacht,"Die USA und Iran überziehen sich mit Angriffen. Die US-Armee bombardiert nun auch zivile Infrastruktur, in der Straße von Hormus fährt kaum ein Schiff und erstmals seit Langem sterben wieder US-Soldaten.",https://www.sueddeutsche.de/2026/07/17/0d2231d6-3c4c-46ab-9e2b-40c0f9451272.jpg?q=60&fm=webp&width=1200&rect=0%2C0%2C3500%2C1969,2026-07-19T10:39:21Z,,"Ein Waffenstillstand war es längst nicht mehr, seit mehr als einer Woche verging keine Nacht, ohne dass die USA und das iranische Regime einander angriffen. Am Wochenende fühlte sich Irans Oberster F… [+217 chars]",,de,'Krieg'
https://www.zeit.de/politik/deutschland/2026-07/jens-spahn-ruecktritt-unionsfraktionschef-friedrich-merz-gxe,https://www.zeit.de/politik/deutschland/2026-07/jens-spahn-ruecktritt-unionsfraktionschef-friedrich-merz-gxe,0,www.zeit.de,ZDF-Sommerinterview: Friedrich Merz schließt nach Spahn-Rücktritt Kabinettsumbau nicht aus,"Friedrich Merz hat Spekulationen über einen möglichen Kabinettsumbau nicht zurückgewiesen. »Es könnte eine Gelegenheit sein«, sagte er.",https://img.zeit.de/politik/deutschland/2026-07/jens-spahn-ruecktritt-unionsfraktionschef-friedrich-merz-foto-1/wide__1300x731,2026-07-19T10:55:58Z,,"Nach dem Rücktritt von Unionsfraktionschef Jens Spahn (CDU) hat Bundeskanzler Friedrich Merz einen Personalumbau in der Bundesregierung nicht ausgeschlossen. »Es könnte eine Gelegenheit sein, noch ei… [+1630 chars]",,de,'Friedrich Merz'
https://www.zeit.de/politik/deutschland/2026-07/friedrich-merz-zdf-sommerinterview-faulheit-arbeitsstunden,https://www.zeit.de/politik/deutschland/2026-07/friedrich-merz-zdf-sommerinterview-faulheit-arbeitsstunden,0,www.zeit.de,"Friedrich Merz: Merz wehrt sich gegen Vorwurf, Deutsche als faul bezeichnet zu haben","»Ich habe nie jemandem persönliche Faulheit unterstellt«, sagt Merz im ZDF-Interview. In Deutschland würden aber zu wenig Arbeitsstunden geleistet, das müsse sich ändern.",https://img.zeit.de/administratives/sharing/fallback-image-die-zeit/wide__1300x731,2026-07-19T13:48:00Z,,"Bundeskanzler Friedrich Merz hat den Vorwurf zurückgewiesen, deutsche Arbeitnehmer beleidigt zu haben. »Ich habe nie jemandem persönliche Faulheit unterstellt«, sagte der CDU-Vorsitzende im ZDF-Somme… [+720 chars]",,de,'Friedrich Merz'
https://www.tagesspiegel.de/internationales/das-wollte-lindsey-tun-trump-fordert-republikaner-auf-iran-ins-russland-sanktionspaket-aufzunehmen-15855966.html,https://www.tagesspiegel.de/internationales/das-wollte-lindsey-tun-trump-fordert-republikaner-auf-iran-ins-russland-sanktionspaket-aufzunehmen-15855966.html,0,www.tagesspiegel.de,"„Das wollte Lindsey tun“: Trump fordert Republikaner auf, Iran ins Russland-Sanktionspaket aufzunehmen","Trump schließt sich einem Wunsch des kürzlich gestorbenen Senators Lindsey Graham an. Nutzt der US-Präsident jetzt den Ukraine-Krieg, um Teheran weiter unter Druck zu setzen?",https://www.tagesspiegel.de/images/15855999/alternates/BASE_16_9_W1400/1784473775000/u-s-president-trump-boards-air-force-one-at-joint-base-andrews.jpeg,2026-07-19T15:14:37Z,,"US-Präsident Donald Trump hat seine republikanische Partei aufgefordert, den Iran in ein geplantes Sanktionspaket gegen Russland aufzunehmen. WICHTIG!!!, schrieb Trump in Großbuchstaben hinter seine … [+1974 chars]",,de,'Ukraine'
https://www.diepresse.com/38336365/trump-fordert-aufnahme-des-iran-in-russland-sanktionspaket,https://www.diepresse.com/38336365/trump-fordert-aufnahme-des-iran-in-russland-sanktionspaket,0,www.diepresse.com,Trump fordert Aufnahme des Iran in Russland-Sanktionspaket,Im US-Senat wird bereits seit über einem Jahr um das neue Sanktionspaket gegen Russland gerungen.,https://img.diepresse.com/public/incoming/mz94a-us-politics-trump/alternates/WEBP_WIDE_1200/US-POLITICS-TRUMP,2026-07-19T15:17:51Z,,"Die Presse auf Google als bevorzugte Nachrichtenquelle hinzufügen.
 US-Präsident Donald Trump hat seine republikanische Partei aufgefordert, den Iran in ein geplantes Sanktionspaket gegen Russland a… [+1705 chars]",,de,'Iran'
https://www.n-tv.de/politik/Trump-will-Iran-ins-russische-Sanktionspaket-aufnehmen-id31102696.html,https://www.n-tv.de/politik/Trump-will-Iran-ins-russische-Sanktionspaket-aufnehmen-id31102696.html,0,www.n-tv.de,Wunsch des toten Senators Graham: Trump will Iran ins russische Sanktionspaket aufnehmen,"Die Republikaner sollen den Iran ins Russland-Sanktionsgesetz aufnehmen, fordert US-Präsident Trump. Die angedrohten Zölle richten sich gegen Drittstaaten, die Geschäfte mit Teheran machen.",https://www.n-tv.de/img/31102748/1784482365/Img_16_9/1200/US-Praesident-Donald-Trump-haelt-eine-Rede-bei-einem-FIFA-Empfang-im-Trump-Tower.jpg,2026-07-19T16:23:35Z,,"US-Präsident Donald Trump drängt Teheran an den Verhandlungstisch. (Foto: picture alliance/dpa/AP)
Die Republikaner sollen den Iran ins Russland-Sanktionsgesetz aufnehmen, fordert US-Präsident Trump… [+1964 chars]",,de,'Wladimir Putin'
https://www.morgenpost.de/politik/article412604493/russland-tanken-nur-an-geraden-kalendertagen-autofahrer-sind-veraergert.html,https://www.morgenpost.de/politik/article412604493/russland-tanken-nur-an-geraden-kalendertagen-autofahrer-sind-veraergert.html,0,www.morgenpost.de,Russland: Tanken nur an geraden Kalendertagen? Autofahrer sind verärgert,Die Ukrainer greifen Raffinerien an und setzen damit die Treibstoffversorgung in Russland unter Druck. Kreative Ideen sollen den Mangel regeln.,https://img.sparknews.funkemedien.de/412604900/412604900_1784478464_v16_9_1600.jpeg,2026-07-19T16:27:44Z,,"Die gute Nachricht für alle, die in Russland mit dem Auto unterwegs sind: Wer vor der Tankstelle etwa in einer Halteverbotszone wartet, muss nicht mit einem Bußgeld rechnen. Darauf wies das russische… [+5455 chars]",,de,'Wladimir Putin'
https://www.faz.net/aktuell/politik/ausland/die-usa-und-iran-wollen-sich-gegenseitig-in-die-knie-zwingen-201044676.html,https://www.faz.net/aktuell/politik/ausland/die-usa-und-iran-wollen-sich-gegenseitig-in-die-knie-zwingen-201044676.html,0,www.faz.net,Krieg gegen Iran: Eine Frage der Schmerztoleranz,Die USA und Iran wollen sich durch zunehmenden Druck gegenseitig in die Knie zwingen. Doch Teheran wird seinen Hebel so schnell nicht aus der Hand geben.,https://media0.faz.net/image/w1200h627/9141e9168cc5/w3071h1604x0y61o/202607/43601.0.2349625593/screenshot-einer-centcom.webp,2026-07-19T17:22:31Z,,"Nach mehr als einer Woche massiver gegenseitiger Angriffe hat das iranische Regime ausgesprochen, was längst offensichtlich war: Die Absichtserklärung zur Beendigung des Konfliktes, auf die sich Wash… [+1934 chars]",,de,'Iran'
https://orf.at/stories/3436659/,https://orf.at/stories/3436659/,0,orf.at,Russischer Kriegsgegner zieht sich zurück,,https://orf.at/mojo/1_4_1/storyserver//news/common/images/og-fallback-news.png,2026-07-19T17:49:51Z,,"Der russische Oppositionspolitiker und Kriegsgegner Boris Nadeschdin verzichtet auf eine Kandidatur bei den Parlamentswahlen im September. Meine Möglichkeiten, in Russland auf legalem Wege Opposition… [+1300 chars]",,de,'Wladimir Putin'
https://www.zeit.de/feuilleton/2026-07/friedrich-merz-sommerinterview-ard-cdu,https://www.zeit.de/feuilleton/2026-07/friedrich-merz-sommerinterview-ard-cdu,0,www.zeit.de,"Friedrich Merz: Er ist eigentlich ganz anders, er kommt nur so selten dazu","Nein, traurig ist Friedrich Merz über den Sturz von Jens Spahn wirklich nicht. Im ZDF-Sommerinterview ist eine Rarität zu sehen: Wie dieser Kanzler einen Sieg begeht.",https://img.zeit.de/feuilleton/film/2026-07/friedrich-merz-sommerinterview-ard-cdu-bild/wide__1300x731,2026-07-19T18:15:36Z,,"Wenn Friedrich Merz viermal denselben Satz sagt, dann will er was sagen.
»Es könnte eine Gelegenheit sein.«
»Es könnte eine Gelegenheit sein.«
»Es könnte eine Gelegenheit sein.«
»Es könnte eine G… [+758 chars]",,de,'Friedrich Merz'
https://www.tagesspiegel.de/internationales/zum-schweigen-gebracht-russischer-kriegsgegner-nadeschdin-wird-bei-parlamentswahl-nicht-antreten-15856183.html,https://www.tagesspiegel.de/internationales/zum-schweigen-gebracht-russischer-kriegsgegner-nadeschdin-wird-bei-parlamentswahl-nicht-antreten-15856183.html,0,www.tagesspiegel.de,„Zum Schweigen gebracht“: Russischer Kriegsgegner Nadeschdin wird bei Parlamentswahl nicht antreten,"Er ist einer der wenigen, die es wagen, Putin und den Angriffskrieg gegen die Ukraine zu kritisieren. Möglichkeiten, bei den Parlamentswahlen im September anzutreten, sieht er jedoch nicht.",https://www.tagesspiegel.de/images/15856185/alternates/BASE_16_9_W1400/1784485084000/oppositionspolitiker-nadeschdin-vor-gericht.jpeg,2026-07-19T18:22:46Z,,"Der russische Oppositionspolitiker und Kriegsgegner Boris Nadeschdin verzichtet auf eine Kandidatur bei den Parlamentswahlen im September. Meine Möglichkeiten, in Russland auf legalem Wege Opposition… [+1921 chars]",,de,'Ukraine'
https://www.tagesschau.de/ausland/asien/iran-angriffe-102.html,https://www.tagesschau.de/ausland/asien/iran-angriffe-102.html,0,www.tagesschau.de,Eskalation zwischen USA und Iran: Wie geht es in der Golfregion weiter?,"Die USA greifen wieder täglich iranische Ziele an - und Iran schlägt mit Attacken auf die Golfstaaten zurück. Die Situation ähnelt der im Frühjahr. Wie der Ausweg aus dem Konflikt aussehen könnte, ist ungewiss. Von Moritz Behrendt.",https://images.tagesschau.de/image/509341ee-ba76-4bfe-9a07-c01403e36fe2/AAABn3vjzkI/AAABnSSvrFg/16x9-big/iran-bruecke-angriff-100.jpg?width=1280,2026-07-19T19:39:15Z,,"Stand: 19.07.2026 21:39 Uhr
Die USA greifen wieder täglich iranische Ziele an - und Iran schlägt mit Attacken auf die Golfstaaten zurück. Die Situation ähnelt der im Frühjahr. Wie der Ausweg aus dem… [+3472 chars]",,de,'Iran'
https://www.zeit.de/news/2026-07/19/us-militaer-informiert-ueber-tod-eines-weiteren-soldaten,https://www.zeit.de/news/2026-07/19/us-militaer-informiert-ueber-tod-eines-weiteren-soldaten,0,www.zeit.de,Eskalation im Iran-Krieg: US-Militär informiert über Tod eines weiteren Soldaten,Hier finden Sie Informationen zu dem Thema „Eskalation im Iran-Krieg“. Lesen Sie jetzt „US-Militär informiert über Tod eines weiteren Soldaten“.,https://img.zeit.de/news/2026-07/19/us-militaer-informiert-ueber-tod-eines-weiteren-soldaten-image-group/wide__1300x731,2026-07-19T19:49:12Z,,Das US-Militär hat den Tod eines weiteren seiner Soldaten im Iran-Krieg gemeldet. Am Samstag sei ein US-Soldat im Nordirak bei einer kontrollierten Sprengung nicht detonierter Kampfmittel aus einer a… [+1030 chars],,de,'Iran'
https://www.zeit.de/news/2026-07/20/angriff-mit-lenkbomben-erneut-tote-in-saporischschja,https://www.zeit.de/news/2026-07/20/angriff-mit-lenkbomben-erneut-tote-in-saporischschja,0,www.zeit.de,Ukraine-Krieg: Angriff mit Lenkbomben – Erneut Tote in Saporischschja,Hier finden Sie Informationen zu dem Thema „Ukraine-Krieg“. Lesen Sie jetzt „Angriff mit Lenkbomben – Erneut Tote in Saporischschja“.,https://img.zeit.de/news/2026-07/20/angriff-mit-lenkbomben-erneut-tote-in-saporischschja-image-group/wide__1300x731,2026-07-19T23:11:21Z,,Bei einem russischen Luftangriff auf das südostukrainische Gebiet Saporischschja sind in der gleichnamigen Gebietshauptstadt mindestens zwei Menschen getötet worden. Mindestens 42 weitere wurden bei … [+592 chars],,de,'Krieg'
https://www.zeit.de/news/2026-07/20/neunte-nacht-in-folge-us-angriffe-gegen-iran-gehen-weiter,https://www.zeit.de/news/2026-07/20/neunte-nacht-in-folge-us-angriffe-gegen-iran-gehen-weiter,0,www.zeit.de,Iran-Krieg: Neunte Nacht in Folge: US-Angriffe gegen Iran gehen weiter,Hier finden Sie Informationen zu dem Thema „Iran-Krieg“. Lesen Sie jetzt „Neunte Nacht in Folge: US-Angriffe gegen Iran gehen weiter“.,https://img.zeit.de/news/2026-07/20/neunte-nacht-in-folge-us-angriffe-gegen-iran-gehen-weiter-image-group/wide__1300x731,2026-07-19T23:39:47Z,,"Das US-Militär hat nach eigenen Angaben die neunte Nacht in Folge Ziele im Iran attackiert. Die Angriffe seien um 19.00 Uhr US-Ostküstenzeit (2.30 Uhr Ortszeit im Iran) aufgenommen worden, teilte das… [+991 chars]",,de,'Iran'
https://www.welt.de/politik/ausland/article6a5d5d1fc72232627649d8f1/nur-daran-interessiert-von-eigenen-fehltritten-abzulenken-netanjahu-kontert-mamdani.html,https://www.welt.de/politik/ausland/article6a5d5d1fc72232627649d8f1/nur-daran-interessiert-von-eigenen-fehltritten-abzulenken-netanjahu-kontert-mamdani.html,0,www.welt.de,"„Nur daran interessiert, von eigenen Fehltritten abzulenken“ – Netanjahu kontert Mamdani","New Yorks Bürgermeister bezeichnete Netanjahu zuvor als „Kriegsverbrecher“, der „nach Den Haag gehört“. Der Internationale Strafgerichtshof sei „ein Scheingericht, das keine Zuständigkeit für Amerikaner oder Israelis hat“, erklärte Netanjahus Büro nun.",https://images.welt.de/6a5d5d1fc72232627649d8f1/d450f9dea7187d413e136dea7041cb2d-master/ci16x9-w1200/dpa-com-260601-935-1380395-jpg,2026-07-19T23:46:51Z,,"New Yorks Bürgermeister bezeichnete Netanjahu zuvor als Kriegsverbrecher, der nach Den Haag gehört. Der Internationale Strafgerichtshof sei ein Scheingericht, das keine Zuständigkeit für Amerikaner o… [+2868 chars]",,de,'Krieg'
https://www.zeit.de/news/2026-07/20/planungen-fuer-erste-nordsee-wasserstoffpipeline-kommen-voran,https://www.zeit.de/news/2026-07/20/planungen-fuer-erste-nordsee-wasserstoffpipeline-kommen-voran,0,www.zeit.de,Energieprojekt: Planungen für erste Nordsee-Wasserstoffpipeline kommen voran,Hier finden Sie Informationen zu dem Thema „Energieprojekt“. Lesen Sie jetzt „Planungen für erste Nordsee-Wasserstoffpipeline kommen voran“.,https://img.zeit.de/news/2026-07/20/planungen-fuer-erste-nordsee-wasserstoffpipeline-kommen-voran-image-group/wide__1300x731,2026-07-20T02:00:21Z,,"Die Planungen für die erste Offshore-Wasserstoffpipeline in der Nordsee, genannt Aquaductus, werden konkreter. Von dieser Woche an sollen vor und auf der ostfriesischen Insel Norderney sowie an der K… [+5480 chars]",,de,'Energie'
https://www.zeit.de/politik/ausland/2026-07/iran-usa-krieg-hormus-brand-marco-rubio-donald-trump,https://www.zeit.de/politik/ausland/2026-07/iran-usa-krieg-hormus-brand-marco-rubio-donald-trump,0,www.zeit.de,"Der Iranüberblick: Trump begründet Angriffe mit getöteten US-Soldaten, Brand auf Tanker",Die neuen Angriffe auf den Iran sind laut Donald Trump »zu Ehren« von getöteten Militärangehörigen erfolgt. In der Straße von Hormus brennt erneut ein Schiff. Die Nacht,https://img.zeit.de/politik/ausland/2026-07/donald-trump-usa-iran/wide__1300x731,2026-07-20T03:42:17Z,,Die USA haben den Iran die neunte Nacht in Folge beschossen und nach eigenen Angaben verschiedene Militäreinrichtungen sowie Kommunikationsnetzwerke beschädigt. US-Präsident Donald Trump hat den Besc… [+2402 chars],,de,'Iran'
https://orf.at/stories/3436263/,https://orf.at/stories/3436263/,0,orf.at,Krieg als Stütze des Regimes,"Nach dem Zusammenbruch der Waffenruhe versuchen die USA, den Iran mit neuen Angriffswellen und Drohungen wieder an den Verhandlungstisch zu zwingen. Das Regime in Teheran hat dem Druck schon bisher standgehalten und sitzt laut Fachleuten dank getroffener Anpa…",https://ibs.orf.at/news?image=https%3A%2F%2Fassets.orf.at%2Fmims%2F2026%2F29%2F40%2Fcrops%2Fw%3D1200%2Ch%3D630%2Cq%3D75%2F3115685_master_1207040_iran_krieg_usa_regime_analyse_r.jpg%3Fs%3Daa36049c871a25d92be29ecafebd86ba9f129628,2026-07-20T04:30:46Z,,"Am 14. Juni schlossen Washington und Teheran unter Vermittlung Pakistans ein Rahmenabkommen, dem eigentlich binnen 60 Tagen ein Friedensvertrag hätte folgen sollen. Mitte Juli flammten die Kämpfe nac… [+6466 chars]",,de,'Chamenei'
https://www.focus.de/politik/ausland/f-35-kaempfen-als-gaebe-es-keine-luftabwehr-russische-experten-widersprechen-putin-die-su-57-sei-der-beste-kampfjet-der-welt_01e836f6-1115-4614-9eed-d79026f3aa71.html,https://www.focus.de/politik/ausland/f-35-kaempfen-als-gaebe-es-keine-luftabwehr-russische-experten-widersprechen-putin-die-su-57-sei-der-beste-kampfjet-der-welt_01e836f6-1115-4614-9eed-d79026f3aa71.html,0,www.focus.de,"„F-35 kämpfen, als gäbe es keine Luftabwehr“: Russische Experten widersprechen Putin, die Su-57 sei der beste Kampfjet der Welt","Putin preist die Su-57 als besten Kampfjet der Welt. Doch aus Russland kommt scharfer Widerspruch, vor allem mit Blick auf ihren Einsatz im Krieg gegen die Ukraine.","https://quadro.burda-forward.de/ctf/e168220d-8554-4300-ad78-629d7a386075.1eb85fbb-b641-464d-b212-b0664e8dad28.jpg?im=RegionOfInterestCrop=(1200,630),regionOfInterest=(2226,1467)&hash=4efc16df798a29a70633b1f790a6b8995a333706a32e9ff9165e54e3c278608a",2026-07-20T06:46:00Z,,"Wladimir Putins Lob für die Su-57 stößt in Russland auf Widerspruch. Militäranalysten und Kommentatoren bestreiten, dass der Kampfjet seinen Ansprüchen gerecht wird. Dabei verweisen sie vor allem auf… [+3407 chars]",,de,'Wladimir Putin'
https://www.golem.de/sonstiges/zustimmung/auswahl.html?from=https://www.golem.de/news/molniya-russische-drohnen-mit-magnet-kompass-gefunden-2607-211046.html&referer=https://t.co/c0077651e1,https://www.golem.de/sonstiges/zustimmung/auswahl.html?from=https://www.golem.de/news/molniya-russische-drohnen-mit-magnet-kompass-gefunden-2607-211046.html&referer=https://t.co/c0077651e1,0,www.golem.de,Molniya: Russische Drohnen mit Magnet-Kompass gefunden,"Weil GPS-Störsender im Ukraine-Krieg zum Dauerzustand geworden sind, greifen einige russische Drohnen-Einheiten zu einer simplen Lösung. (Drohne, GPS)",,2026-07-20T06:58:01Z,,"Besuchen Sie Golem.de wie gewohnt mit Werbung und Tracking,
 indem Sie der Nutzung aller Cookies zustimmen.
 Details zum Tracking finden Sie im Privacy Center.
Skript wurde nicht geladen. Informat… [+607 chars]",,de,'Krieg'
https://www.dw.com/de/burnham-london-feuer-waldbrand-madrid-spanien-fu%C3%9Fball-wm-ukraine-russland-mali-iran-trump/a-78031259,https://www.dw.com/de/burnham-london-feuer-waldbrand-madrid-spanien-fu%C3%9Fball-wm-ukraine-russland-mali-iran-trump/a-78031259,0,www.dw.com,News kompakt: Großer Waldbrand nahe Madrid außer Kontrolle,In der spanischen Provinz Guadalajara kämpfen Feuerwehrleute gegen einen gewaltigen Waldbrand. Die Ukraine meldet einen russischen Lenkbombenangriff auf Saporischschja. Der DW-Nachrichtenüberblick.,https://static.dw.com/image/78031258_6.jpg,2026-07-20T07:00:00Z,,Nordöstlich der spanischen Hauptstadt Madrid sind bei einem Waldbrand nach Behördenangaben bereits rund 13.000 Hektar zerstört worden. Die Fläche entspricht mehr als 18.000 Fußballfeldern. Das Feuer … [+5191 chars],,de,'Saporischschja'
https://www.appgefahren.de/soundcore-space-2-gute-over-ear-kopfhoerer-erstmals-merklich-guenstiger-402557.html,https://www.appgefahren.de/soundcore-space-2-gute-over-ear-kopfhoerer-erstmals-merklich-guenstiger-402557.html,0,www.appgefahren.de,Soundcore Space 2: Gute Over-Ear-Kopfhörer erstmals merklich günstiger,"Soundcore, die Audio-Marke von Anker, hat erst gegen Ende April die neuen Over-Ear-Kopfhörer Soundcore Space 2 veröffentlicht. Doch schon jetzt startet die erste Rabattaktion, bei der ihr direkt 20 Euro sparen könnt. Was ihr für euer Geld bekommt, fassen wir …",https://www.appgefahren.de/wp-content/uploads/2026/03/Soundcore-Space-2.jpg,2026-07-20T07:39:57Z,,"Soundcore, die Audio-Marke von Anker, hat erst gegen Ende April die neuen Over-Ear-Kopfhörer Soundcore Space 2 veröffentlicht. Doch schon jetzt startet die erste Rabattaktion, bei der ihr direkt 20 E… [+2628 chars]",,de,'Energie'
https://www.faz.net/aktuell/politik/ukraine/vor-der-wahl-ist-putins-regime-in-schwierigkeiten-201025701.html,https://www.faz.net/aktuell/politik/ukraine/vor-der-wahl-ist-putins-regime-in-schwierigkeiten-201025701.html,0,www.faz.net,Wahlen in Russland: Ein Ende von Putins Regime ist nicht absehbar,"Viele Russen sind unzufrieden mit dem Krieg, langen Schlangen vor den  Tankstellen und Internetblockaden. Trotzdem verliert Putin nicht die Kontrolle.",https://media0.faz.net/image/w1200h627/6720534ca770/w7788h4069x0y312o/202607/43601.0.2321611256/an-dieser-moskauer-tankstelle.webp,2026-07-20T08:03:17Z,,"In zwei Monaten findet in Russland eine Parlamentswahl statt. Alles wird sein wie immer: Gegner des Kremls werden nicht zugelassen, die ungefähren Stimmanteile der Machtpartei Einiges Russland und de… [+4463 chars]",,de,'Kreml'
https://www.zeit.de/news/2026-07/20/gasleitung-in-dresden-beschaedigt,https://www.zeit.de/news/2026-07/20/gasleitung-in-dresden-beschaedigt,0,www.zeit.de,Gasleck: Gasleitung in Dresden beschädigt,Hier finden Sie Informationen zu dem Thema „Gasleck“. Lesen Sie jetzt „Gasleitung in Dresden beschädigt“.,https://img.zeit.de/news/2026-07/20/gasleitung-in-dresden-beschaedigt-image-group/wide__1300x731,2026-07-20T08:36:11Z,,"Bei Bauarbeiten in Dresden ist eine Gasleitung beschädigt worden. Wie die Feuerwehr über einen Post bei Threads mitteilte, ist das Leck im Stadtteil Weixdorf mittlerweile geschlossen. Nun übernehme d… [+443 chars]",,de,'Gas'
https://www.dw.com/de/ukraine-tote-bei-russischem-raketenangriff-auf-tuerkisches-frachtschiff-odessa-schwarzes-meer/a-78032410,https://www.dw.com/de/ukraine-tote-bei-russischem-raketenangriff-auf-tuerkisches-frachtschiff-odessa-schwarzes-meer/a-78032410,0,www.dw.com,Tote bei russischem Angriff auf türkisches Frachtschiff,Das zivile Schiff war im Schwarzen Meer vor der ukrainischen Stadt Odessa unterwegs. Die Ukraine spricht von Verletzung des Völkerrechts. Auch das Gebiet Saporischschja in der Ukraine geriet erneut unter Beschuss.,https://static.dw.com/image/78033122_6.jpg,2026-07-20T08:56:00Z,,"Bei einem russischen Raketenangriff auf ein türkisches Frachtschiff sind nach ukrainischen Angaben zehn Menschen getötet worden. Die ukrainische Marine erklärte, Russland habe die ""Golden Leo"" mit dr… [+3721 chars]",,de,'Saporischschja'
https://www.teltarif.de/tink-energy-viessmann-solarmodule-pv-anlage/news/104813.html,https://www.teltarif.de/tink-energy-viessmann-solarmodule-pv-anlage/news/104813.html,0,www.teltarif.de,tink.energy: Kostenlose Viessmann-Solarmodule zur PV-Anlage,Der Energie-Dienstleister bietet bis zum 31. Juli 2026 eine Geschenkaktion an. Beim Kauf einer Photovoltaikanlage gibt es bis zu 25 Viessmann-Solarmodule ohne Aufpreis.,https://www.teltarif.de/img/arch/2026/kw30/tink-energy-viessmann-solarmodule-pv-anlage-1og.jpg,2026-07-20T11:40:00Z,,"Wer die Anschaffung einer Photo­volta­ikan­lage plant, kann derzeit von einer zeitlich befristeten Aktion bei tink.energy profitieren. Beim Kauf einer kompletten Solaranlage erlässt der Anbieter den … [+3184 chars]",,de,'Energie'
https://www.zeit.de/news/2026-07/20/ig-metall-immer-schnellere-verlagerungen-ins-ausland,https://www.zeit.de/news/2026-07/20/ig-metall-immer-schnellere-verlagerungen-ins-ausland,0,www.zeit.de,Industrie: IG Metall: Immer schnellere Verlagerungen ins Ausland,Hier finden Sie Informationen zu dem Thema „Industrie“. Lesen Sie jetzt „IG Metall: Immer schnellere Verlagerungen ins Ausland“.,https://img.zeit.de/news/2026-07/20/ig-metall-immer-schnellere-verlagerungen-ins-ausland-image-group/wide__1300x731,2026-07-20T11:44:21Z,,"Die IG Metall Bayern beklagt immer mehr Verlagerungen ins Ausland. Fast jeder zweite von insgesamt 325 Betrieben, deren Betriebsräte die Gewerkschaft befragt hat, hat in den vergangenen zwölf Monaten… [+3065 chars]",,de,'Industrie'
https://www.zeit.de/2026/31/lehrermangel-ostdeutschland-sachsen-brandenburg-schuelerzahlen,https://www.zeit.de/2026/31/lehrermangel-ostdeutschland-sachsen-brandenburg-schuelerzahlen,0,www.zeit.de,"Bildungspolitik in Ostdeutschland: Erst Lehrermangel, bald Schülermangel","Sinkende Geburtenraten sparen Lehrstellen, sagt Sachsens Kultusminister Conrad Clemens. Sein Brandenburger Kollege Gordon Hoffmann will das bestehende System bewahren.",https://img.zeit.de/2026/31/koennen-wir-lehrer-einsparen-bild-3/wide__1300x731,2026-07-20T13:11:34Z,,"Schließen
Artikelzusammenfassung
Sachsens und Brandenburgs Bildungspolitik steht vor einem paradoxen Plot. Während in Sachsen wegen sinkender Schülerzahlen bis 2040 rund 4.600 Lehrerstellen wegfall… [+1453 chars]",,de,'sparen'
https://www.faz.net/aktuell/wirtschaft/loehne-in-der-pflege-steigen-staerker-als-in-der-industrie-accg-201046784.html,https://www.faz.net/aktuell/wirtschaft/loehne-in-der-pflege-steigen-staerker-als-in-der-industrie-accg-201046784.html,0,www.faz.net,"Anstieg seit 2018: 54 Prozent mehr Lohn in der Pflege, nur 18 Prozent in der Industrie","Die Verdienste von Hochqualifizierten und Industriebeschäftigten steigen nur noch langsam. Ganz anders sieht es etwa für Pflegekräfte aus, zeigen jüngste Zahlen der Bundesagentur für Arbeit.",https://media0.faz.net/image/w1200h627/a74f43f90e09/w3000h1567x0y216o/202107/43600.0.302105821/auch-eine-frage-der-bezahlung.webp,2026-07-20T13:30:52Z,,Die Verdienste von gering qualifizierten Arbeitnehmern steigen in Deutschland deutlich stärker als die Verdienste von hoch qualifizierten Arbeitnehmern. Das zeigen aktuelle Zahlen der Bundesagentur f… [+3101 chars],,de,'Industrie'
https://www.zeit.de/politik/deutschland/2026-07/kabinettsumbau-jens-spahn-nachfolge-alexander-dobrindt-nina-warken,https://www.zeit.de/politik/deutschland/2026-07/kabinettsumbau-jens-spahn-nachfolge-alexander-dobrindt-nina-warken,0,www.zeit.de,Kabinettsumbau: Wer auf Jens Spahn folgen könnte,"Macht Friedrich Merz einen Vertrauten zum Fraktionschef, oder wird es doch eine Frau? Und gewinnt die CSU an Macht? Das sind die Kandidaten, und so stehen ihre Chancen.",https://img.zeit.de/politik/deutschland/2026-07/kabinettsumbau-jens-spahn-nachfolge-alexander-dobrindt-nina-warken-bild/wide__1300x731,2026-07-20T15:03:17Z,,"Schließen
Artikelzusammenfassung
Die Union sucht im Sommerpausenmodus fieberhaft einen neuen Fraktionschef. Nach Jens Spahns Rückzug am Samstag hat Friedrich Merz erst das CDU-Präsidium und dann de… [+1185 chars]",,de,'Friedrich Merz'
https://www.faz.net/aktuell/politik/ukraine/wie-der-seekrieg-im-schwarzen-meer-eskaliert-201047008.html,https://www.faz.net/aktuell/politik/ukraine/wie-der-seekrieg-im-schwarzen-meer-eskaliert-201047008.html,0,www.faz.net,Frachtschiffe als Ziele: Wie der Seekrieg im Schwarzen Meer eskaliert,Die Ukraine nimmt Frachtschiffe und Tanker im Schwarzen und im Asowschen Meer ins Visier. Die Meerenge von Kertsch soll faktisch blockiert sein.,https://media0.faz.net/image/w1200h627/e2cff3944e36/w2000h1045x0y248o/202607/43601.0.2350903108/ein-brennender-frachter-im.webp,2026-07-20T17:05:22Z,,"Für ein Land, das keine Kriegsmarine mehr hat, setzt die Ukraine Russland auf See gerade ziemlich zu. In der Nacht zu Montag hätten ukrainische Drohnen sieben Schiffe der sogenannten Schattenflotte s… [+6958 chars]",,de,'Ukraine'
https://www.kino.de/film/wurde-auch-zeit-erster-trailer-zu-liam-neesons-action-kracher-a-la-fast-furious--01KXKH51H4170C13H5GYMJR25M,https://www.kino.de/film/wurde-auch-zeit-erster-trailer-zu-liam-neesons-action-kracher-a-la-fast-furious--01KXKH51H4170C13H5GYMJR25M,0,www.kino.de,„Wurde auch Zeit“: Erster Trailer zu Liam Neesons Action-Kracher à la „Fast & Furious“,Liam Neeson ist zurück im Actiongenre und gibt buchstäblich Gas im ersten Trailer zu „The Mongoose“.,https://static.kino.de/3d/bc/a8/9e1eddc88d9ca841ff1d4f4a29_ZmMgN2E1ZTUyZjVmZmZmIDE5MjAgMTA4MAMzYzllY2RhMTFmMg==.jpg,2026-07-20T17:20:25Z,,"Liam Neeson ist zurück im Actiongenre und gibt buchstäblich Gas im ersten Trailer zu The Mongoose.
Seit Liam Neeson Ende Oktober 2024 seinen Rückzug aus dem Actiongenre verkündet hat, sind bereits d… [+2076 chars]",,de,'Gas'
https://www.n-tv.de/politik/Netanjahu-in-NYC-festnehmen-Trump-stellt-sich-gegen-Mamdani-id31106900.html,https://www.n-tv.de/politik/Netanjahu-in-NYC-festnehmen-Trump-stellt-sich-gegen-Mamdani-id31106900.html,0,www.n-tv.de,Werde auf keinen Fall passieren: Netanjahu in NYC festnehmen? Trump stellt sich gegen Mamdani,"Für New Yorks Bürgermeister Mamdani ist Israels Ministerpräsident Netanjahu ein ""Kriegsverbrecher"". Gerne würde er ihn bei einem anstehenden Aufenthalt in New York festnehmen lassen. Ob er dazu befugt ist, lässt Mamdani prüfen. US-Präsident Trump macht nun ei…",https://www.n-tv.de/img/31106909/1784578656/Img_16_9/1200/US-Praesident-Donald-Trump-r-begruesst-den-israelischen-Ministerpraesidenten-Benjamin-Netanjahu-in-seinem-Club-Mar-a-Lago.jpg,2026-07-20T20:03:07Z,,"Netanjahu zu Besuch bei Trump in Mar-a-Lago in Florida. (Foto: picture alliance/dpa/AP)
Für New Yorks Bürgermeister Mamdani ist Israels Ministerpräsident Netanjahu ein ""Kriegsverbrecher"". Gerne würd… [+2179 chars]",,de,'Krieg'
https://www.n-tv.de/politik/Bericht-Biden-Regierung-untersuchte-moegliche-Gaza-Kriegsverbrechen-schon-2023-id31106990.html,https://www.n-tv.de/politik/Bericht-Biden-Regierung-untersuchte-moegliche-Gaza-Kriegsverbrechen-schon-2023-id31106990.html,0,www.n-tv.de,Waffenlieferungen gingen weiter: Bericht: Biden-Regierung untersuchte mögliche Gaza-Kriegsverbrechen schon 2023,Wichtige Mitglieder der Biden-Regierung sprechen mit einem US-Magazin über die Unterstützung Israels im Gaza-Krieg. Ex-Chefdiplomat Blinken äußert Bedauern über die Konsequenzen des eigenen Zögerns - dem Bericht zufolge gab es schon sehr früh Befürchtungen üb…,https://www.n-tv.de/img/31107008/1784584424/Img_16_9/1200/Blick-auf-die-Truemmer-zerstoerter-Haeuser-in-Gaza-Aufnahme-von-einem-Huegel-auf-der-israelischen-Seite.jpg,2026-07-20T20:54:04Z,,"Ex-US-Außenminister Blinken soll sich schon wenige Wochen nach Kriegsbeginn über das Ausmaß der Zerstörung im Gazastreifen beschwert haben. (Foto: picture alliance/dpa)
Wichtige Mitglieder der Biden… [+3077 chars]",,de,'Krieg'
https://www.zeit.de/news/2026-07/21/bericht-engpaesse-in-stromnetz-bremsen-chinas-gruene-energie,https://www.zeit.de/news/2026-07/21/bericht-engpaesse-in-stromnetz-bremsen-chinas-gruene-energie,0,www.zeit.de,Solar- und Windkraft: Bericht: Engpässe in Stromnetz bremsen Chinas grüne Energie,Hier finden Sie Informationen zu dem Thema „Solar- und Windkraft“. Lesen Sie jetzt „Bericht: Engpässe in Stromnetz bremsen Chinas grüne Energie“.,https://img.zeit.de/news/2026-07/21/bericht-engpaesse-in-stromnetz-bremsen-chinas-gruene-energie-image-group/wide__1300x731,2026-07-20T23:01:05Z,,Unter Chinas massivem Ausbau erneuerbarer Energien drücken einer Analyse zufolge zunehmende Engpässe im Leitungsnetz auf die Produktion von Strom aus Sonne und Wind. Zu den Übertragungsengpässen als … [+4856 chars],,de,'Gas'
https://www.zeit.de/news/2026-07/21/vermittler-wollen-neue-waffenruhe-im-iran-krieg,https://www.zeit.de/news/2026-07/21/vermittler-wollen-neue-waffenruhe-im-iran-krieg,0,www.zeit.de,Die Lage im Überblick: Vermittler wollen neue Waffenruhe im Iran-Krieg,Hier finden Sie Informationen zu dem Thema „Die Lage im Überblick“. Lesen Sie jetzt „Vermittler wollen neue Waffenruhe im Iran-Krieg“.,https://img.zeit.de/news/2026-07/21/vermittler-wollen-neue-waffenruhe-im-iran-krieg-image-group/wide__1300x731,2026-07-21T03:39:39Z,,"Während die Militärschläge der USA im Iran seit nunmehr zehn Nächten andauern, bemühen sich die Vermittler Berichten zufolge um eine neue Waffenruhe. Katar, Ägypten, Pakistan und andere regionale Ver… [+5274 chars]",,de,'Krieg'
https://www.zeit.de/news/2026-07/21/carl-will-nach-dopingsperre-im-kommenden-winter-zurueckkehren,https://www.zeit.de/news/2026-07/21/carl-will-nach-dopingsperre-im-kommenden-winter-zurueckkehren,0,www.zeit.de,Skilanglauf: Carl will nach Dopingsperre im kommenden Winter zurückkehren,Hier finden Sie Informationen zu dem Thema „Skilanglauf“. Lesen Sie jetzt „Carl will nach Dopingsperre im kommenden Winter zurückkehren“.,https://img.zeit.de/news/2026-07/21/carl-will-nach-dopingsperre-im-kommenden-winter-zurueckkehren-image-group/wide__1300x731,2026-07-21T08:04:36Z,,Langläuferin Victoria Carl will nach Ablauf der aktuellen Dopingsperre im kommenden Winter wieder im Weltcup an den Start gehen. Darüber informierte der Deutsche Skiverband (DSV) via Instagram. «Die … [+1040 chars],,de,'Winter'
https://www.zeit.de/politik/ausland/2026-07/regierungskrise-ukraine-wolodymyr-selenskyj-olexandr-syrskyj-armeechef-krieg,https://www.zeit.de/politik/ausland/2026-07/regierungskrise-ukraine-wolodymyr-selenskyj-olexandr-syrskyj-armeechef-krieg,0,www.zeit.de,Regierungskrise in der Ukraine: Selenskyj wollte den Befreiungsschlag. Nun steckt er im Dilemma,"Der ukrainische Präsident hat mit der Entlassung seines Verteidigungsministers Proteste gegen den Armeechef provoziert. Den Forderungen nachzugeben, wäre für ihn riskant.",https://img.zeit.de/politik/ausland/2026-07/regierungskrise-ukraine-wolodymyr-selenskyj-olexander-syrskyj-armeechef-krieg-bild/wide__1300x731,2026-07-21T09:30:00Z,,"Schließen
Artikelzusammenfassung
Kyjiw erlebt gerade ein Protest-Spin-off des Krieges. Ausgelöst hat es Präsident Wolodymyr Selenskyj selbst, als er den populären, als Tech-Reformer gefeierten Ex-D… [+1512 chars]",,de,'Ukraine'
https://www.tagesspiegel.de/internationales/ukraine-invasion-tag-1609-fedorow-vs-syrskyj-es-ist-komplizierter-als-altmodisch-gegen-technikaffin-15860013.html,https://www.tagesspiegel.de/internationales/ukraine-invasion-tag-1609-fedorow-vs-syrskyj-es-ist-komplizierter-als-altmodisch-gegen-technikaffin-15860013.html,0,www.tagesspiegel.de,"Ukraine-Invasion, Tag 1609: Fedorow vs. Syrskyj? „Es ist komplizierter als altmodisch gegen technikaffin“",Zu sorglos am Strand von Odesa? Und: Geschätzte Schäden nach Angriff auf „russisches Amazonlager“. Der Nachrichtenüberblick.,https://www.tagesspiegel.de/images/15860005/alternates/BASE_16_9_W1400/1784584004000/ukraine-krieg.jpeg,2026-07-21T11:53:04Z,,"Als ich gestern den ukrainischen Militärexperten Mykola Bielieskov am Telefon hatte, freute ich mich. Er ist kein großer Kritiker des Oberbefehlshabers Oleksandr Syrskyj  im Gegensatz zu vielen ukrai… [+4551 chars]",,de,'Saporischschja'
https://www.tagesschau.de/ausland/europa/rumaenien-frachter-schwarzes-meer-100.html,https://www.tagesschau.de/ausland/europa/rumaenien-frachter-schwarzes-meer-100.html,0,www.tagesschau.de,Rumänien meldet Angriff auf Gas-Tanker im Schwarzen Meer,"Vor der rumänischen Schwarzmeerküste ist offenbar ein Gas-Tanker angegriffen worden, drei Seeleute wurden dabei schwer verletzt. Rumäniens Präsident Dan vermutet einen Zusammenhang mit dem russischen Angriffskrieg gegen die Ukraine.",https://images.tagesschau.de/image/696eecc3-7d0e-4c3e-b485-07204cfc0766/AAABn4Rjsw0/AAABnSSvrFg/16x9-big/rettungsschiff-rumaenien-100.jpg?width=1280,2026-07-21T14:19:33Z,,"Stand: 21.07.2026 16:19 Uhr
Vor der rumänischen Schwarzmeerküste ist offenbar ein Gas-Tanker angegriffen worden, drei Seeleute wurden dabei schwer verletzt. Rumäniens Präsident Dan vermutet einen Zu… [+1517 chars]",,de,'Ukraine'
https://www.zeit.de/news/2026-07/21/pink-zone-bvg-testet-markierungen-rund-um-notrufsaeulen,https://www.zeit.de/news/2026-07/21/pink-zone-bvg-testet-markierungen-rund-um-notrufsaeulen,0,www.zeit.de,Sicherheit an Bahnhöfen: Pink*Zone - BVG testet Markierungen rund um Notrufsäulen,Hier finden Sie Informationen zu dem Thema „Sicherheit an Bahnhöfen“. Lesen Sie jetzt „Pink*Zone - BVG testet Markierungen rund um Notrufsäulen“.,https://img.zeit.de/news/2026-07/21/pink-zone-bvg-testet-markierungen-rund-um-notrufsaeulen-image-group/wide__1300x731,2026-07-21T14:34:30Z,,"Mit farblich auffälligen Markierungen rund um Notruf- und Informationssäulen an einigen U-Bahnhöfen sollen Fahrgäste diese schneller finden. «Sicherheit bedeutet nicht nur Technik und Personal, sonde… [+1297 chars]",,de,'Sicherheit'
https://www.faz.net/aktuell/feuilleton/kunst-und-architektur/wegen-teilnahme-russlands-eu-stellt-foerderung-der-biennale-ein-201051418.html,https://www.faz.net/aktuell/feuilleton/kunst-und-architektur/wegen-teilnahme-russlands-eu-stellt-foerderung-der-biennale-ein-201051418.html,0,www.faz.net,Wegen Teilnahme Russlands: EU stellt Förderung der Biennale ein,Die EU stellt ihre Förderung der Biennale von Venedig ein. Grund dafür ist die umstrittene Wiederzulassung Russlands in diesem Jahr. In der Ukraine hat Russland Tausende Kulturdenkmäler zerstört.,https://media0.faz.net/image/w1200h627/4b1a24920c46/w5568h2909x0y326o/202607/43601.0.2357564989/steinbau-des-anstosses-der.webp,2026-07-21T14:59:40Z,,"Nun wird endlich vollzogen, was monatelang nur angedroht war und woran viele schon nicht mehr glaubten: Wegen der umstrittenen Wiederzulassung Russlands stellt die EU ihre Förderung der Biennale von … [+3826 chars]",,de,'Ukraine'
https://taz.de/EU-Methanverordnung/!6197822/,https://taz.de/EU-Methanverordnung/!6197822/,0,taz.de,EU-Methanverordnung: Keine Strafen für den Klimakiller Methan,"Die EU-Kommission will zwar an der Methanverordnung festhalten – aber Gas- und Ölunternehmen die Strafen erlassen, wenn sie dagegen verstoßen.",https://taz.de/picture/8622964/1200/41718129.jpeg,2026-07-21T15:50:00Z,,"Die EU-Kommission will zwar an der Methanverordnung festhalten – aber Gas- und Ölunternehmen die Strafen erlassen, wenn sie dagegen verstoßen. mehr...",,de,'Gas'
https://www.faz.net/aktuell/politik/ukraine/ukraine-liveticker-selenskyj-tauscht-oberbefehlshaber-des-ukrainischen-militaers-aus-faz-110683325.html,https://www.faz.net/aktuell/politik/ukraine/ukraine-liveticker-selenskyj-tauscht-oberbefehlshaber-des-ukrainischen-militaers-aus-faz-110683325.html,0,www.faz.net,Liveblog Ukrainekrieg: Selenskyj entlässt Oberbefehlshaber Syrskyj,Mychajlo Drapatyj wird neuer Oberbefehlshaber +++ Alijew bestätigt deutsch-russisches Treffen mit Platzeck und Pofalla in Baku +++ UN-Menschenrechtsbüro: Zahl der zivilen Opfer stark gestiegen +++ alle Neuigkeiten im Liveblog,https://media0.faz.net/image/w1200h627/1598a5933854/w5000h2612x0y361o/202606/43601.0.2205309474/olexander-syrskyj.webp,2026-07-21T16:00:33Z,,Nordkoreas Außenministerin Choe Son Hui hat in Moskau sowohl ihren russischen Amtskollegen Sergei Lawrow als auch Präsident Wladimir Putin zu Gesprächen getroffen. Beim sogenannten dritten strategisc… [+1599 chars],,de,'Ukraine'
https://www.zeit.de/news/2026-07/21/bund-stellt-ausbau-der-oel-pipeline-fuer-pck-auf-pruefstand,https://www.zeit.de/news/2026-07/21/bund-stellt-ausbau-der-oel-pipeline-fuer-pck-auf-pruefstand,0,www.zeit.de,Treibstoff-Versorgung: Bund stellt Ausbau der Öl-Pipeline für PCK auf Prüfstand,Hier finden Sie Informationen zu dem Thema „Treibstoff-Versorgung“. Lesen Sie jetzt „Bund stellt Ausbau der Öl-Pipeline für PCK auf Prüfstand“.,https://img.zeit.de/news/2026-07/21/bund-stellt-ausbau-der-oel-pipeline-fuer-pck-auf-pruefstand-image-group/wide__1300x731,2026-07-21T16:47:13Z,,Der Bund stellt den seit Jahren geplanten Ausbau der Öl-Pipeline Rostock-Schwedt als zentrale Versorgungsader für die Raffinerie PCK infrage. Das Bundeswirtschaftsministerium führe eine Neubewertung … [+3132 chars],,de,'Pipeline'
https://www.zeit.de/feuilleton/2026-07/dior-foto-iran-80er-jahre-humor,https://www.zeit.de/feuilleton/2026-07/dior-foto-iran-80er-jahre-humor,0,www.zeit.de,"Dior-Foto im Iran: »Mein Vater auf seinem Hochzeitsfoto, 1989«","Eine aktuelle Dior-Werbung erinnert Iraner an die Kleidung ihrer Väter und Onkel in den Achtzigern. Ihre Witze und Memes zeigen, wie wichtig Humor in einer Diktatur ist.",https://img.zeit.de/politik/2026-07/dior-foto-iran-80er-jahre-humor-bild/wide__1300x731,2026-07-21T18:28:58Z,,"Schließen
Artikelzusammenfassung
Eine Dior-Kampagne mit Josh OConnor hat in iranischen Social Feeds einen Erinnerungssturm ausgelöst. Denn der bewusst fade Look grauer Anzug, schiefer Business-Casu… [+1405 chars]",,de,'Iran'
https://www.zeit.de/news/2026-07/22/explosionen-in-teheran-flugabwehr-im-einsatz,https://www.zeit.de/news/2026-07/22/explosionen-in-teheran-flugabwehr-im-einsatz,0,www.zeit.de,Iran-Krieg: Explosionen in Teheran - Flugabwehr im Einsatz,Hier finden Sie Informationen zu dem Thema „Iran-Krieg“. Lesen Sie jetzt „Explosionen in Teheran - Flugabwehr im Einsatz“.,https://img.zeit.de/news/2026-07/22/explosionen-in-teheran-flugabwehr-im-einsatz-image-group/wide__1300x731,2026-07-22T00:17:28Z,,Erstmals seit Beginn der jüngsten Eskalation im Iran-Krieg ist wieder die Flugabwehr in der Hauptstadt Teheran aktiviert worden. Im Nordosten der Millionenmetropole waren in der Nacht dumpfe Detonati… [+2038 chars],,de,'Iran'
https://www.tagesspiegel.de/internationales/iran-krieg-explosionen-in-teheran-flugabwehr-im-einsatz-15864181.html,https://www.tagesspiegel.de/internationales/iran-krieg-explosionen-in-teheran-flugabwehr-im-einsatz-15864181.html,0,www.tagesspiegel.de,Iran-Krieg: Explosionen in Teheran - Flugabwehr im Einsatz,Der Iran-Krieg kehrt mit Detonationen am Himmel wieder in die Hauptstadt Teheran zurück. Die Gefahr einer noch größeren regionalen Konfrontation wächst.,https://www.tagesspiegel.de/images/15864182/alternates/BASE_16_9_W1400/1784680096000/teheran.jpeg,2026-07-22T00:18:28Z,,Erstmals seit Beginn der jüngsten Eskalation im Iran-Krieg ist wieder die Flugabwehr in der Hauptstadt Teheran aktiviert worden. Im Nordosten der Millionenmetropole waren in der Nacht dumpfe Detonati… [+2094 chars],,de,'Iran'
https://www.tagesspiegel.de/internationales/iran-krieg-flugabwehr-aktiviert-erstmals-wieder-explosionen-in-teheran-15864181.html,https://www.tagesspiegel.de/internationales/iran-krieg-flugabwehr-aktiviert-erstmals-wieder-explosionen-in-teheran-15864181.html,0,www.tagesspiegel.de,Iran-Krieg: Flugabwehr aktiviert: Erstmals wieder Explosionen in Teheran,"Das US-Militär fliegt neue Angriffe, der Iran-Krieg kehrt mit Detonationen am Himmel in die Millionenmetropole Teheran zurück. Die Gefahr einer noch größeren regionalen Konfrontation wächst.",https://www.tagesspiegel.de/images/15864197/alternates/BASE_16_9_W1400/1784685369000/teheran.jpeg,2026-07-22T00:18:28Z,,Erstmals seit Beginn der jüngsten Eskalation im Iran-Krieg ist in der Hauptstadt Teheran wieder die Flugabwehr aktiviert worden. Im Nordosten der Millionenmetropole waren in der Nacht dumpfe Detonati… [+4629 chars],,de,'Chamenei'
https://www.diepresse.com/38591837/us-militaerbasen-werden-zum-sicherheitsrisiko,https://www.diepresse.com/38591837/us-militaerbasen-werden-zum-sicherheitsrisiko,0,www.diepresse.com,US-Militärbasen werden zum Sicherheitsrisiko [premium],"Iranische Angriffe auf US-Stützpunkte zeigen, wie verwundbar Militärbasen geworden sind. Die Folgen könnten weit über den Nahen Osten hinausreichen.",https://img.diepresse.com/public/incoming/1dr1y1-iran-crisisgulf-usa/alternates/WEBP_WIDE_1200/IRAN-CRISISGULF-USA,2026-07-22T03:34:11Z,,Wien/Amman. Jordanien wird zusehends zum Frontstaat im Iran-Krieg. Am Dienstag drangen erneut fünf iranische Drohnen und drei Raketen in den Luftraum des Königreichs ein. Opfer gab es diesmal nicht a… [+5888 chars],,de,'Sicherheit'
https://www.zeit.de/news/2026-07/22/wasserrohrschaden-verkehr-und-versorgung-in-leipzig-gestoert,https://www.zeit.de/news/2026-07/22/wasserrohrschaden-verkehr-und-versorgung-in-leipzig-gestoert,0,www.zeit.de,Straßensperrung: Wasserrohrschaden: Verkehr und Versorgung in Leipzig gestört,Hier finden Sie Informationen zu dem Thema „Straßensperrung“. Lesen Sie jetzt „Wasserrohrschaden: Verkehr und Versorgung in Leipzig gestört“.,https://img.zeit.de/news/2026-07/22/wasserrohrschaden-verkehr-und-versorgung-in-leipzig-gestoert-image-group/wide__1300x731,2026-07-22T05:52:46Z,,"Ein Rohrschaden an einer Trinkwasserleitung hat die Käthe-Kollwitz-Straße in Leipzig lahmgelegt. Wie die Leipziger Wasserwerke mitteilten, bleibt die Straße stadteinwärts auf Höhe der Marschnerstraße… [+333 chars]",,de,'Versorgung'
https://www.n-tv.de/politik/Mamdani-New-York-kann-Netanjahu-nicht-festnehmen-id31111509.html,https://www.n-tv.de/politik/Mamdani-New-York-kann-Netanjahu-nicht-festnehmen-id31111509.html,0,www.n-tv.de,"""Dennoch nicht willkommen"": Mamdani: New York kann Netanjahu nicht festnehmen","Gegen Israels Premier Netanjahu liegt wegen des Vorwurfs der Kriegsverbrechen ein internationaler Haftbefehl vor. Er wird dennoch im September zur UN-Generaldebatte in New York erwartet. New Yorks Bürgermeister Mamdani muss nun sein Versprechen, ihn festnehme…",https://www.n-tv.de/img/31111529/1784703675/Img_16_9/1200/New-York-NY-July-20-Mayor-Zohran-Kwame-Mamdani-Holds-a-Press-Conference-and-Announces-OPEN-for-Small-Business-with-The-Full-Reform-Package-including-50-Reforms-to-Support-Small-Businesses-and-signs-an-Executive-Order-Speakers-Mayor-Zohran-Kwame-Mamdani-Julie-Su-Kenny-Minaya-Vanessa-L.jpg,2026-07-22T05:53:57Z,,"Mamdani gewann im November 2025 die Bürgermeisterwahl in New York. (Foto: picture alliance / Porter/AdMedia)
Gegen Israels Premier Netanjahu liegt wegen des Vorwurfs der Kriegsverbrechen ein interna… [+1573 chars]",,de,'Krieg'
https://www.faz.net/aktuell/politik/ausland/diese-accg-201051091.html,https://www.faz.net/aktuell/politik/ausland/diese-accg-201051091.html,0,www.faz.net,"Pickaxe Mountain: In diese Haustür will Trump einen „hübschen, großen, fetten Schuss“ abfeuern","Seit 2025 sind fast alle iranischen Nuklearanlagen zerstört – bis auf eine unfertige, sehr stark gesicherte. Dort könnte der Krieg nun wieder eskalieren.",https://media0.faz.net/image/w1200h627/51e0241634cb/w1607h839x0y163o/202606/43601.0.2282751723/aufnahme-eines-kommerziellen.webp,2026-07-22T06:02:03Z,,"Am Dienstagabend hat Donald Trump abermals eine seiner Drohungen gegen Iran auf einen Berg im Inneren des Landes bezogen. Die Amerikaner nennen ihn Pickaxe Mountain, auf Deutsch etwa Spitzhackenberg.… [+7498 chars]",,de,'Krieg'
https://www.zeit.de/news/2026-07/22/klebebandhersteller-monta-beantragt-insolvenzverfahren,https://www.zeit.de/news/2026-07/22/klebebandhersteller-monta-beantragt-insolvenzverfahren,0,www.zeit.de,Industrie: Klebebandhersteller Monta beantragt Insolvenzverfahren,Hier finden Sie Informationen zu dem Thema „Industrie“. Lesen Sie jetzt „Klebebandhersteller Monta beantragt Insolvenzverfahren“.,https://img.zeit.de/news/2026-07/22/klebebandhersteller-monta-beantragt-insolvenzverfahren-image-group/wide__1300x731,2026-07-22T07:16:47Z,,"Der Allgäuer Klebebandhersteller Monta hat nach eigenen Angaben ein Insolvenzverfahren in Eigenverwaltung beantragt. Laut Mitteilung des Unternehmens soll nun ein Gutachten klären, ob die Voraussetzu… [+1326 chars]",,de,'Industrie'
https://www.tagesspiegel.de/internationales/nuklearabkommen-us-regierung-unterzeichnet-atom-deal-mit-saudi-arabien-15864637.html,https://www.tagesspiegel.de/internationales/nuklearabkommen-us-regierung-unterzeichnet-atom-deal-mit-saudi-arabien-15864637.html,0,www.tagesspiegel.de,Nuklearabkommen: US-Regierung unterzeichnet Atom-Deal mit Saudi-Arabien,"Mitten im Krieg mit dem Iran, der sich auch um dessen Atomprogramm dreht, verkünden die USA eine neue Einigung mit Saudi-Arabien. Das Königreich strebt schon länger nach der Nutzung von Atomkraft.",https://www.tagesspiegel.de/images/15868371/alternates/BASE_16_9_W1400/1784756005000/trump-genehmigt-atom-deal-mit-saudi-arabien-teaser.jpeg,2026-07-22T07:54:32Z,,"Die Regierung von US-Präsident Donald Trump will Saudi-Arabien beim Aufbau eines zivilen Atomprogramms helfen. Die Energieminister beider Länder, Chris Wright und Abdulasis bin Salman, unterzeichnete… [+4498 chars]",,de,'Krieg'
https://www.faz.net/aktuell/finanzen/ausbildung-oder-studium-was-lohnt-sich-finanziell-mehr-hier-ausrechnen-200902295.html,https://www.faz.net/aktuell/finanzen/ausbildung-oder-studium-was-lohnt-sich-finanziell-mehr-hier-ausrechnen-200902295.html,0,www.faz.net,Karrierewege Rechner: Wann sich ein Studium finanziell wirklich lohnt,"Ein Studium bedeutet nicht automatisch mehr Gehalt. Außerdem kostet es – vor allem Zeit, in der andere bereits verdienen, sparen und Zinsen kassieren. Wie lange es dauert, diesen Vermögensvorsprung einzuholen, zeigt unser Rechner.",https://media0.faz.net/image/w1200h627/7fe361d89f26/w1865h974x168y37o/202606/c80daa94-29aa-49b1-addb-43eb6a1c5fcf/se0tpxzbzvn9.webp,2026-07-22T07:55:44Z,,"Von CAROLINE BECKER, RAHEL GOLUB, SARAH WEHRLIN, SARAH HUEMER und PATRICK BERNAU
15. Juli 2026 · Lorem ipsum dolor sit amet, consetetur sadipscing elitr, sed diam nonumy eirmod tempor invidunt ut la… [+627 chars]",,de,'sparen'
https://www.zeit.de/2026/32/jens-spahn-ruecktritt-friedrich-merz-bundesregierung-krise,https://www.zeit.de/2026/32/jens-spahn-ruecktritt-friedrich-merz-bundesregierung-krise,0,www.zeit.de,Jens Spahn: Seine Prüfung,Friedrich Merz hat nach dem Abgang von Jens Spahn die Chance zur Neuaufstellung der Koalition. Er muss sich zwischen einer kleinen Lösung entscheiden – und einer mutigen.,https://img.zeit.de/2026/32/seine-pruefung-bild-2/wide__1300x731,2026-07-22T09:01:24Z,,"Schließen
Artikelzusammenfassung
Spahns Rücktritt erschüttert Merz Regierung bis ins Gebälk. Binnen weniger Tage kippt die Erzählung einer halbwegs stabilisierten schwarz-roten Koalition in ein Kri… [+1236 chars]",,de,'Friedrich Merz'
https://www.faz.net/aktuell/rhein-main/gravelbike-tour-fuer-frauen-in-frankfurt-hier-zaehlt-solidaritaet-mehr-als-geschwindigkeit-accg-201018238.html,https://www.faz.net/aktuell/rhein-main/gravelbike-tour-fuer-frauen-in-frankfurt-hier-zaehlt-solidaritaet-mehr-als-geschwindigkeit-accg-201018238.html,0,www.faz.net,Gravelbike-Girlsride: Tour de Frauen,"Staub im Gesicht, aber ein Lächeln auf den Lippen: Beim Frankfurter Girlsride zählt Solidarität mehr als Geschwindigkeit. Die Frauen geben sich gegenseitig Energie.",https://media0.faz.net/image/w1200h627/45f17482138a/w5750h3004x0y713o/202607/43601.0.2315355069/die-fahrerinnen-des-girlsride.webp,2026-07-22T09:11:00Z,,"14 Frauen, 14 Gravelbikes und 40 Kilometer Strecke. Was für die einen nach hartem Programm klingt, ist für die Teilnehmerinnen beim Girlsride pure Freude. Das ist auch den Gründerinnen Ann-Kathrin Er… [+6613 chars]",,de,'Energie'
https://www.freitag.de/autoren/sabine-kebir/solange-trump-iran-bombardiert-kann-israel-im-libanon-weiter-krieg-fuehren,https://www.freitag.de/autoren/sabine-kebir/solange-trump-iran-bombardiert-kann-israel-im-libanon-weiter-krieg-fuehren,0,www.freitag.de,Trump wollte einen arabischen Verbündeten im Iran-Krieg. Warum fand er keinen einzigen?,Seit Februar bombardiert Trump den Iran – doch kein arabischer Staat ließ sich in den Krieg hineinziehen. Stattdessen trauerten Katar und Saudi-Arabien um den iranischen Führer Khamenei. Was verrät dies über die Machtverhältnisse am Golf? Dass der Iran zum To…,https://www.freitag.de/autoren/sabine-kebir/solange-trump-iran-bombardiert-kann-israel-im-libanon-weiter-krieg-fuehren/@@images/image/great,2026-07-22T10:06:00Z,,"Dass der Iran zum Tod des früheren katarischen Herrschers Chalifa al-Thani kondolierte und Außenminister Abbas Araghtschi zum Begräbnis nach Doha reiste, kann nur auf den ersten Blick verwundern. Obw… [+4925 chars]",,de,'Iran'
https://www.golem.de/sonstiges/zustimmung/auswahl.html?from=https://www.golem.de/news/me-south-1-iran-will-aws-instanz-in-bahrain-zerstoert-haben-2607-211150.html&referer=https://t.co/2de54d2a8b,https://www.golem.de/sonstiges/zustimmung/auswahl.html?from=https://www.golem.de/news/me-south-1-iran-will-aws-instanz-in-bahrain-zerstoert-haben-2607-211150.html&referer=https://t.co/2de54d2a8b,0,www.golem.de,ME-South-1: Iran will AWS-Instanz in Bahrain zerstört haben,"Der Iran will die AWS-Rechenzentren in Bahrain mit Marschflugkörpern zerstört haben. Der Angriff wurde von den USA, Amazon oder unabhängiger Seite bislang weder bestritten noch verifiziert. (AWS, Web Service)",,2026-07-22T10:15:02Z,,"Besuchen Sie Golem.de wie gewohnt mit Werbung und Tracking,
 indem Sie der Nutzung aller Cookies zustimmen.
 Details zum Tracking finden Sie im Privacy Center.
Skript wurde nicht geladen. Informat… [+607 chars]",,de,'Iran'
https://www.golem.de/sonstiges/zustimmung/auswahl.html?from=https://www.golem.de/news/gas-statt-batterien-technologieoffen-ist-auschreibung-zu-reservekraftwerken-nicht-2607-211155.html&referer=https://t.co/9be7a5396d,https://www.golem.de/sonstiges/zustimmung/auswahl.html?from=https://www.golem.de/news/gas-statt-batterien-technologieoffen-ist-auschreibung-zu-reservekraftwerken-nicht-2607-211155.html&referer=https://t.co/9be7a5396d,0,www.golem.de,Gas statt Batterien: Technologieoffen ist Auschreibung zu Reservekraftwerken nicht,"Die Bundesnetzagentur schreibt 4,5 Gigawatt Reserveleistung aus. Batteriespeicher werden dabei auf fast absurde Weise benachteiligt. (Bundesnetzagentur, Energiewende)",,2026-07-22T11:20:02Z,,"Besuchen Sie Golem.de wie gewohnt mit Werbung und Tracking,
 indem Sie der Nutzung aller Cookies zustimmen.
 Details zum Tracking finden Sie im Privacy Center.
Skript wurde nicht geladen. Informat… [+607 chars]",,de,'Gas'
https://www.zeit.de/news/2026-07/22/bab-al-mandab-koennte-naechster-engpass-fuer-schiffe-werden,https://www.zeit.de/news/2026-07/22/bab-al-mandab-koennte-naechster-engpass-fuer-schiffe-werden,0,www.zeit.de,Iran-Krieg: Bab al-Mandab könnte nächster Engpass für Schiffe werden,Hier finden Sie Informationen zu dem Thema „Iran-Krieg“. Lesen Sie jetzt „Bab al-Mandab könnte nächster Engpass für Schiffe werden“.,https://img.zeit.de/news/2026-07/22/bab-al-mandab-koennte-naechster-engpass-fuer-schiffe-werden-image-group/wide__1300x731,2026-07-22T11:55:46Z,,Nach der weitgehenden Blockade der Straße von Hormus könnte die Meerenge Bab al-Mandab vor der Küste Jemens zur nächsten Gefahr für die Schifffahrt werden. Das Risiko eines «doppelten Engpasses» stei… [+1917 chars],,de,'Iran'
https://www.zeit.de/news/2026-07/22/sportmunition-aus-schoenebeck-nammo-erweitert-standort,https://www.zeit.de/news/2026-07/22/sportmunition-aus-schoenebeck-nammo-erweitert-standort,0,www.zeit.de,Industrie: Sportmunition aus Schönebeck - Nammo erweitert Standort,Hier finden Sie Informationen zu dem Thema „Industrie“. Lesen Sie jetzt „Sportmunition aus Schönebeck - Nammo erweitert Standort“.,https://img.zeit.de/news/2026-07/22/sportmunition-aus-schoenebeck-nammo-erweitert-standort-image-group/wide__1300x731,2026-07-22T12:08:20Z,,Der Sportmunitions-Hersteller Nammo hat seinen Standort in Schönebeck bei Magdeburg erweitert. Rund 15 Millionen Euro seien in eine neue Produktionshalle und Maschinen investiert worden. Dadurch ents… [+990 chars],,de,'Industrie'
https://www.zeit.de/news/2026-07/22/trump-angriff-auf-bruecke-oder-kraftwerk-fuer-schiffsbeschuss,https://www.zeit.de/news/2026-07/22/trump-angriff-auf-bruecke-oder-kraftwerk-fuer-schiffsbeschuss,0,www.zeit.de,Krieg: Trump: Angriff auf Brücke oder Kraftwerk für Schiffsbeschuss,Hier finden Sie Informationen zu dem Thema „Krieg“. Lesen Sie jetzt „Trump: Angriff auf Brücke oder Kraftwerk für Schiffsbeschuss“.,https://img.zeit.de/administratives/sharing/fallback-image-die-zeit/wide__1300x731,2026-07-22T13:15:38Z,,"Die USA werden nach den Worten von US-Präsident Donald Trump künftig jedes Mal eine Brücke oder ein Kraftwerk im Iran «bombardieren und zerstören», wenn die Islamische Republik ein Schiff in der Stra… [+115 chars]",,de,'Krieg'
https://www.tagesspiegel.de/internationales/iran-krieg-trump-angriff-auf-brucke-oder-kraftwerk-fur-schiffsbeschuss-15866425.html,https://www.tagesspiegel.de/internationales/iran-krieg-trump-angriff-auf-brucke-oder-kraftwerk-fur-schiffsbeschuss-15866425.html,0,www.tagesspiegel.de,Iran-Krieg: Trump: Angriff auf Brücke oder Kraftwerk für Schiffsbeschuss,Seit Tagen greift das US-Militär Ziele im Iran an. Zuletzt verschärfte US-Präsident Trump seine Rhetorik – und setzt nun einen oben drauf.,https://www.tagesspiegel.de/images/15866511/alternates/BASE_16_9_W1400/1784726770000/libanons-prasident-aoun-in-den-usa.jpeg,2026-07-22T13:16:24Z,,"Die USA werden nach den Worten von US-Präsident Donald Trump künftig jedes Mal eine Brücke oder ein Kraftwerk im Iran bombardieren und zerstören, wenn die Islamische Republik ein Schiff in der Straße… [+3156 chars]",,de,'Katar'
https://www.welt.de/politik/ausland/article6a60c54fdf889b74b664896d/trump-kuendigt-angriffe-auf-bruecken-oder-kraftwerke-bei-schiffsbeschuss-an.html,https://www.welt.de/politik/ausland/article6a60c54fdf889b74b664896d/trump-kuendigt-angriffe-auf-bruecken-oder-kraftwerke-bei-schiffsbeschuss-an.html,0,www.welt.de,Trump kündigt Angriffe auf Brücken oder Kraftwerke bei Schiffsbeschuss an,Trump droht dem Iran mit Vergeltungsschlägen: Für jedes in der Straße von Hormus angegriffene Schiff würden die US-Streitkräfte iranische Infrastruktur attackieren und etwa Brücken oder Kraftwerke „bombardieren und zerstören“.,https://images.welt.de/6a60c54fdf889b74b664896d/fdd78879e30640c424e707b16478c829-master/ci16x9-w1200/gettyimages-2209431950-jpg,2026-07-22T13:43:18Z,,Trump droht dem Iran mit Vergeltungsschlägen: Für jedes in der Straße von Hormus angegriffene Schiff würden die US-Streitkräfte iranische Infrastruktur attackieren und etwa Brücken oder Kraftwerke bo… [+3292 chars],,de,'Iran'
https://www.n-tv.de/politik/Trump-Fuer-jeden-Schiffsbeschuss-werden-wir-Bruecke-oder-Kraftwerk-zerstoeren-id31113990.html,https://www.n-tv.de/politik/Trump-Fuer-jeden-Schiffsbeschuss-werden-wir-Bruecke-oder-Kraftwerk-zerstoeren-id31113990.html,0,www.n-tv.de,Neue Drohungen gegen Iran: Trump: Für jeden Schiffsbeschuss werden wir Brücke oder Kraftwerk zerstören,"Seit Tagen greift das US-Militär Ziele im Iran an. Parallel dazu verschärft Donald Trump seine Rhetorik. Jetzt wird der US-Präsident nochmal drastischer. Er droht an, für jeden Beschuss in der Straße von Hormus zivile Infrastruktur ins Visier zu nehmen. Die K…",https://www.n-tv.de/img/31102748/1784734575/Img_16_9/1200/US-Praesident-Donald-Trump-haelt-eine-Rede-bei-einem-FIFA-Empfang-im-Trump-Tower.jpg,2026-07-22T14:05:28Z,,"In den vergangenen Tagen hatte Trump im festgefahrenen Iran-Krieg immer schärfere Drohungen ausgesprochen. (Foto: picture alliance/dpa/AP)
Seit Tagen greift das US-Militär Ziele im Iran an. Parallel… [+3505 chars]",,de,'Iran'
https://taz.de/Deutsche-Brennelementefabrik/!6198177/,https://taz.de/Deutsche-Brennelementefabrik/!6198177/,0,taz.de,Deutsche Brennelementefabrik: Putins Einfluss wächst,Der Kreml-Konzern Rosatom darf bei der Lingener Atomfabrik einsteigen. Hintergrund könnte ein Deal von Merz mit Frankreichs Präsident Macron sein.,https://taz.de/picture/8625779/1200/41721954.jpeg,2026-07-22T14:29:00Z,,Der Kreml-Konzern Rosatom darf bei der Lingener Atomfabrik einsteigen. Hintergrund könnte ein Deal von Merz mit Frankreichs Präsident Macron sein. mehr...,,de,'Kreml'
https://www.faz.net/aktuell/rhein-main/frankfurt/alkoholverbot-im-bahnhof-was-gilt-wo-in-frankfurt-201054420.html,https://www.faz.net/aktuell/rhein-main/frankfurt/alkoholverbot-im-bahnhof-was-gilt-wo-in-frankfurt-201054420.html,0,www.faz.net,Sicherheit an Bahnhöfen: Kein Alkohol im Frankfurter Untergrund,Das von der Bahn angekündigte Alkoholverbot gilt im Frankfurter Hauptbahnhof schon seit Mai. Auch an den anderen Stationen gibt es Regeln.,https://media0.faz.net/image/w1200h627/316a28fcee32/w7360h3845x0y423o/201609/431.0.28269240/ein-bild-aus-der-vergangenheit.webp,2026-07-22T14:57:48Z,,"Fast eine halbe Million Reisende, Besucher und Mitarbeiter kommen nach Angaben der Deutschen Bahn täglich in den Frankfurter Hauptbahnhof. Nicht nur sie sind ein guter Grund, sich um die Atmosphäre i… [+5087 chars]",,de,'Sicherheit'
https://www.zeit.de/politik/ausland/2026-07/us-angriffe-iran-teheran-strasse-von-hormus-donald-trump,https://www.zeit.de/politik/ausland/2026-07/us-angriffe-iran-teheran-strasse-von-hormus-donald-trump,0,www.zeit.de,Irankrieg: Trump droht mit Angriffen auf Brücken und Kraftwerke,"Die USA werden nach den Worten von US-Präsident Donald Trump künftig Infrastruktur im Iran bombardieren, sobald ein Schiff in der Straße von Hormus attackiert wird.",https://img.zeit.de/politik/ausland/2026-07/us-angriffe-iran-teheran-strasse-von-hormus-donald-trump-foto-1/wide__1300x731,2026-07-22T15:04:04Z,,"US-Präsident Donald Trump droht mit Angriffen auf Brücken und Kraftwerke im Iran und zwar jedes Mal, wenn der Iran Schiffe in der Straße von Hormus attackiert. Zuvor hatte die US-Armee die elfte Nach… [+1661 chars]",,de,'Iran'
https://www.tagesschau.de/ausland/amerika/trump-iran-drohung-102.html,https://www.tagesschau.de/ausland/amerika/trump-iran-drohung-102.html,0,www.tagesschau.de,Trump droht Iran bei Angriffen auf Schiffe mit Vergeltung,"Präsident Trump verschärft seinen Ton gegenüber Teheran erneut: Sollte Iran weiter Schiffe in der Straße von Hormus beschießen, würden die USA zivile Infrastruktur zerstören. Auch aus Teheran kommen neue Drohungen.",https://images.tagesschau.de/image/a3f98b63-ae47-414d-bfb8-d4cf1d03c701/AAABn4p40zc/AAABnSSvrFg/16x9-big/strasse-von-hormus-schiffe-110.jpg?width=1280,2026-07-22T17:08:30Z,,"Stand: 22.07.2026 19:08 Uhr
Präsident Trump verschärft seinen Ton gegenüber Teheran erneut: Sollte Iran weiter Schiffe in der Straße von Hormus beschießen, würden die USA zivile Infrastruktur zerstö… [+2756 chars]",,de,'Iran'
https://www.faz.net/aktuell/politik/inland/friedrich-merz-holt-thorsten-frei-an-spitze-der-unionsfraktion-201054312.html,https://www.faz.net/aktuell/politik/inland/friedrich-merz-holt-thorsten-frei-an-spitze-der-unionsfraktion-201054312.html,0,www.faz.net,Neuer Fraktionschef Frei: Jetzt kommt der Mann des Kanzlers,Mit Thorsten Frei soll ein Vertrauter von Friedrich Merz an die Spitze der Unionsfraktion rücken. Manche finden: ein zu Vertrauter.,https://media0.faz.net/image/w1200h627/391d5a22826f/w4000h2090x0y170o/202607/43601.0.2360725776/friedrich-merz-und-thorsten.webp,2026-07-22T17:11:43Z,,"Am Ende ist die offensichtlichste Lösung auch die tatsächliche. Am Mittwochvormittag saß Thorsten Frei noch als Kanzleramtsminister am Kabinettstisch. Kurz darauf wurde bekannt, dass er an die Spitze… [+8214 chars]",,de,'Friedrich Merz'
https://www.faz.net/aktuell/feuilleton/debatten/russische-behoerden-blockieren-die-konten-von-schriftstellern-im-exil-201054244.html,https://www.faz.net/aktuell/feuilleton/debatten/russische-behoerden-blockieren-die-konten-von-schriftstellern-im-exil-201054244.html,0,www.faz.net,Sperrung von Konten: Kreml geht gegen Exilschriftsteller vor,"Wer Putins Russland verlassen hat, gerät finanziell unter Druck. Die Behörden blockieren die Konten von Schriftstellern und Intellektuellen im Exil. Viele der Betroffenen sind weder angeklagt noch als Extremisten eingestuft.",https://media0.faz.net/image/w1200h627/ad571ff7f4d6/w950h496x0y104o/202607/43601.0.2360758273/aufnahme-vom-kulturfestival.webp,2026-07-22T17:27:36Z,,"Die russischen Behörden haben begonnen, im großen Stil die Konten prominenter Intellektueller und Schriftsteller zu blockieren, die seit Beginn der Vollinvasion in die Ukraine das Land verlassen habe… [+937 chars]",,de,'Kreml'
https://www.sueddeutsche.de/politik/liveblog-nahost-iran-news-usa-saudi-arabien-nuklear-deal-li.3513707,https://www.sueddeutsche.de/politik/liveblog-nahost-iran-news-usa-saudi-arabien-nuklear-deal-li.3513707,0,www.sueddeutsche.de,Krieg in Nahost: US-Regierung genehmigt Atom-Deal mit Saudi-Arabien,"US-Energieminister Wright und sein saudi-arabischer Amtskollege Abdulaziz bin Salman haben sich geeinigt, wie das US-Energieministerium auf X bekannt gibt.",https://www.sueddeutsche.de/2026/07/22/cb07efc7-1403-46ec-b2b0-bb79db45ea44.jpg?q=60&fm=webp&width=1200&rect=0%2C209%2C4000%2C2250,2026-07-22T21:06:56Z,,"Berichten zufolge bemühen sich die Vermittler zwischen USA und Iran um eine neue Waffenruhe. Katar, Ägypten, Pakistan und andere regionale Vermittler hätten den beiden Kriegsparteien einen Vorschlag … [+899 chars]",,de,'Energie'
https://www.welt.de/politik/ausland/article6a6130ecdf889b74b6648f0b/usa-und-saudi-arabien-unterzeichnen-atom-deal-schreckliche-idee-sagt-eine-kritikerin.html,https://www.welt.de/politik/ausland/article6a6130ecdf889b74b6648f0b/usa-und-saudi-arabien-unterzeichnen-atom-deal-schreckliche-idee-sagt-eine-kritikerin.html,0,www.welt.de,"USA und Saudi-Arabien unterzeichnen Atom-Deal – „schreckliche Idee“, sagt eine Kritikerin","Saudi-Arabien will künftig Kernenergie nutzen. Dafür erhält das Königreich die Unterstützung der USA. Im Fokus steht die zivile Nutzung, doch Kritiker befürchten, dass es der Einstieg in die nukleare Aufrüstung ist.",https://images.welt.de/6a6130ecdf889b74b6648f0b/bc06e1a41fc3cc8f14d6352e8abde2f3/ci16x9-w1200/dpa-com-260722-935-1496891-jpg,2026-07-22T21:20:09Z,,"Die Regierung von US-Präsident Donald Trump will Saudi-Arabien beim Aufbau eines zivilen Atomprogramms helfen. Die Energieminister beider Länder, Chris Wright und Abdulasis bin Salman, unterzeichnete… [+5216 chars]",,de,'Katar'
https://www.focus.de/politik/ausland/us-regierung-unterzeichnet-atom-deal-mit-saudi-arabien_0dbcee1f-4cd7-4fa4-99e8-f29bf1e5325f.html,https://www.focus.de/politik/ausland/us-regierung-unterzeichnet-atom-deal-mit-saudi-arabien_0dbcee1f-4cd7-4fa4-99e8-f29bf1e5325f.html,0,www.focus.de,US-Regierung unterzeichnet Atom-Deal mit Saudi-Arabien,"Mitten im Krieg mit dem Iran, der sich auch um dessen Atomprogramm dreht, verkünden die USA eine neue Einigung mit Saudi-Arabien. Das Königreich strebt schon länger nach der Nutzung von Atomkraft.","https://quadro.burda-forward.de/ctf/99b47273-ecdc-48f9-8df7-93533baa8772.e234a9a2-cab9-4e16-899b-48801e61662c.jpeg?im=RegionOfInterestCrop=(1200,630),regionOfInterest=(1024,683)&hash=71af2357009b28d28f43bc533e2b57307a03df8380efb2996231712dfd42b07a",2026-07-22T21:37:00Z,,"Die Regierung von US-Präsident Donald Trump will Saudi-Arabien beim Aufbau eines zivilen Atomprogramms helfen. Die Energieminister beider Länder, Chris Wright und Abdulasis bin Salman, unterzeichnete… [+4466 chars]",,de,'Iran'
https://www.n-tv.de/politik/USA-und-Saudi-Arabien-besiegeln-zivilen-Atom-Deal-id31115001.html,https://www.n-tv.de/politik/USA-und-Saudi-Arabien-besiegeln-zivilen-Atom-Deal-id31115001.html,0,www.n-tv.de,Hilfe beim Aufbau: USA und Saudi-Arabien besiegeln zivilen Atom-Deal,"Im Konflikt mit dem Iran stärken die USA den Feind ihres Feindes: Die Trump-Regierung sichert Saudi-Arabien mit einem Abkommen Hilfe beim Aufbau eines zivilen Atomprogramms zu. Energieminister Wright betont, dass der Deal Riad nicht erlaube, sich atomar zu be…",https://www.n-tv.de/img/31115004/1784765577/Img_16_9/1200/President-Donald-Trump-hosts-a-dinner-for-Crown-Prince-and-Prime-Minister-Mohammed-bin-Salman-Al-Saud-of-Saudi-Arabia-Tuesday-November-18-2025-in-the-East-Room-of-the-White-House.jpg,2026-07-22T22:18:00Z,,"Hilfe beim AufbauUSA und Saudi-Arabien besiegeln zivilen Atom-Deal
Der saudische Kronprinz bin Salman und US-Präsident Trump pflegen gute Beziehungen. (Foto: picture alliance / Photoshot)
Im Konfli… [+5153 chars]",,de,'Energie'
https://www.zeit.de/news/2026-07/23/waerme-aus-dem-wasser-heizanlage-am-rhein-nimmt-konturen-an,https://www.zeit.de/news/2026-07/23/waerme-aus-dem-wasser-heizanlage-am-rhein-nimmt-konturen-an,0,www.zeit.de,Wegweisendes Energieprojekt: Wärme aus dem Wasser: Heizanlage am Rhein nimmt Konturen an,Hier finden Sie Informationen zu dem Thema „Wegweisendes Energieprojekt“. Lesen Sie jetzt „Wärme aus dem Wasser: Heizanlage am Rhein nimmt Konturen an“.,https://img.zeit.de/news/2026-07/23/waerme-aus-dem-wasser-heizanlage-am-rhein-nimmt-konturen-an-image-group/wide__1300x731,2026-07-23T00:15:23Z,,"Köln hat dem Rhein einiges zu verdanken. Der Fluss ermöglicht Handel per Schiff und damit auch Wohlstand, die Industrie wird mit Rohstoffen versorgt und für den Tourismusstandort ist der Fluss sicher… [+5420 chars]",,de,'Gas'
https://www.zeit.de/news/2026-07/23/industrie-die-afd-ist-keine-wirtschaftspartei,https://www.zeit.de/news/2026-07/23/industrie-die-afd-ist-keine-wirtschaftspartei,0,www.zeit.de,Landtagswahlen: Industrie: «Die AfD ist keine Wirtschaftspartei»,Hier finden Sie Informationen zu dem Thema „Landtagswahlen“. Lesen Sie jetzt „Industrie: «Die AfD ist keine Wirtschaftspartei»“.,https://img.zeit.de/news/2026-07/23/industrie-die-afd-ist-keine-wirtschaftspartei-image-group/wide__1300x731,2026-07-23T01:30:18Z,,"Die deutsche Industrie äußert Kritik an AfD. Tanja Gönner, Hauptgeschäftsführerin des Bundesverbands der Deutschen Industrie, sagte der Deutschen Presse-Agentur: «Die AfD ist keine Wirtschaftspartei.… [+2027 chars]",,de,'Industrie'
https://www.tagesspiegel.de/internationales/nuklearabkommen-schreckliche-idee-kritik-an-us-atomdeal-mit-saudi-arabien-15868705.html,https://www.tagesspiegel.de/internationales/nuklearabkommen-schreckliche-idee-kritik-an-us-atomdeal-mit-saudi-arabien-15868705.html,0,www.tagesspiegel.de,Nuklearabkommen: „Schreckliche Idee“: Kritik an US-Atomdeal mit Saudi-Arabien,"Während des Iran-Kriegs, der sich auch um das iranische Atomprogramm dreht, verkünden die USA eine Einigung mit Saudi-Arabien. Experten fürchten ein atomares Wettrüsten in einer instabilen Region.",https://www.tagesspiegel.de/images/15868704/alternates/BASE_16_9_W1400/1784772759000/saudi-arabiens-kronprinz-bin-salman-und-us-prasident-trump.jpeg,2026-07-23T02:12:39Z,,"Mitten im Iran-Krieg schürt ein neues Abkommen zwischen den USA und Saudi-Arabien Befürchtungen vor einem atomaren Wettrüsten im Nahen Osten. Die Regierung von Präsident Donald Trump teilte mit, dass… [+6461 chars]",,de,'Krieg'
https://www.tagesspiegel.de/internationales/nuklearabkommen-riads-verhaltnis-mit-israel-us-atomdeal-auf-der-kippe-15868705.html,https://www.tagesspiegel.de/internationales/nuklearabkommen-riads-verhaltnis-mit-israel-us-atomdeal-auf-der-kippe-15868705.html,0,www.tagesspiegel.de,Nuklearabkommen: Riads Verhältnis mit Israel: US-Atomdeal auf der Kippe,Mitten im Iran-Krieg kündigen die USA eine neue Zusammenarbeit mit Saudi-Arabien bei dessen Atomprogramm an. Dann stellt US-Präsident Trump Riad - offenbar nachträglich - eine große Bedingung.,https://www.tagesspiegel.de/images/15872971/alternates/BASE_16_9_W1400/1784817488000/saudi-arabiens-kronprinz-bin-salman-zu-besuch-in-washington.jpeg,2026-07-23T02:12:39Z,,Für Kurswechsel in letzter Minute ist Donald Trump bekannt. Jetzt verpasst der US-Präsident einem gerade erst verkündeten Atom-Abkommen mit Saudi-Arabien eine überraschende Wendung: Die USA werden de… [+5596 chars],,de,'Krieg'
https://www.zeit.de/politik/ausland/2026-07/us-militaer-angriffe-iran-strasse-von-hormus,https://www.zeit.de/politik/ausland/2026-07/us-militaer-angriffe-iran-strasse-von-hormus,0,www.zeit.de,"Irankrieg: Zwei Tote bei US-Raketenangriffen auf Iran, Huthi schießen auf Tanker",Das US-Militär hat den ⁠Iran die ​zwölfte Nacht in Folge angegriffen. Auf Trumps Drohungen reagiert der Iran mit einer »Auge um Auge«-Doktrin. Das war die Nacht,https://img.zeit.de/politik/ausland/2026-07/us-militaer-angriffe-iran-strasse-von-hormus-foto-1/wide__1300x731,2026-07-23T03:47:04Z,,Das US-Militär hat in der Nacht seine Angriffe auf den Iran fortgesetzt. Es war die zwölfte nächtliche Angriffswelle in Folge. Das für den Nahen Osten zuständige Regionalkommando (Centcom) sagte erne… [+4076 chars],,de,'Iran'
https://www.zeit.de/politik/ausland/2026-07/oeltanker-encelia-rotes-meer-huthi-saudi-arabien,https://www.zeit.de/politik/ausland/2026-07/oeltanker-encelia-rotes-meer-huthi-saudi-arabien,0,www.zeit.de,Rotes Meer: Huthis greifen saudi-arabische Schiffe im Roten Meer an,Die Huthi-Miliz hat Tanker im Roten Meer beschossen. Anfang der Woche hatten die mit dem Iran verbündeten Huthis eine Seeblockade gegen saudi-arabische Schiffe verhängt.,https://img.zeit.de/politik/ausland/2026-07/oeltanker-encelia-rotes-meer-huthi-saudi-arabien-foto-1/wide__1300x731,2026-07-23T05:20:20Z,,Die jemenitische Huthi-Miliz hat eigenen Angaben zufolge zwei saudi-arabische Öltanker im Roten Meer beschossen. Damit setzte sie laut ihrer Darstellung eine kürzlich verhängte Seeblockade gegen Saud… [+1330 chars],,de,'Iran'
https://www.zeit.de/politik/ausland/2026-07/iran-krieg-usa-pete-hegseth-kongress-donald-trump,https://www.zeit.de/politik/ausland/2026-07/iran-krieg-usa-pete-hegseth-kongress-donald-trump,0,www.zeit.de,"Trumps Irankrieg: Ein »Scharmützel«, das außer Kontrolle gerät","Der Krieg gegen den Iran dauert länger und kostet deutlich mehr als von Donald Trump versprochen. Seine Ziele bleiben unklar, trotzdem droht der Präsident mit Eskalation.",https://img.zeit.de/politik/ausland/2026-07/iran-krieg-usa-pete-hegseth-kongress-donald-trump-bild-1/wide__1300x731,2026-07-23T05:32:18Z,,"Schließen
Artikelzusammenfassung
Der Krieg kommt im Leichenzug zurück nach Hause. Am Mittwoch salutierte Donald Trump auf der Dover Air Force Base bei der Überführung von vier gefallenen US-Soldate… [+1717 chars]",,de,'Iran'
https://www.golem.de/sonstiges/zustimmung/auswahl.html?from=https://www.golem.de/news/sicherheit-politik-industrie-und-behoerden-reagieren-auf-autonomen-openai-hack-2607-211179.html&referer=https://t.co/3b6f46b67c,https://www.golem.de/sonstiges/zustimmung/auswahl.html?from=https://www.golem.de/news/sicherheit-politik-industrie-und-behoerden-reagieren-auf-autonomen-openai-hack-2607-211179.html&referer=https://t.co/3b6f46b67c,0,www.golem.de,"Sicherheit: Politik, Industrie und Behörden reagieren auf autonomen OpenAI-Hack","Nach dem Sicherheitsvorfall bei OpenAI mehren sich Stellungnahmen aus Politik, Wirtschaft und Aufsichtsbehörden mit Warnungen und Sorgen. (KI, Politik)",,2026-07-23T05:41:01Z,,"Besuchen Sie Golem.de wie gewohnt mit Werbung und Tracking,
 indem Sie der Nutzung aller Cookies zustimmen.
 Details zum Tracking finden Sie im Privacy Center.
Skript wurde nicht geladen. Informat… [+607 chars]",,de,'Industrie'
https://www.zeit.de/news/2026-07/23/oelpreise-legen-weiter-zu-hoechster-stand-seit-anfang-juni,https://www.zeit.de/news/2026-07/23/oelpreise-legen-weiter-zu-hoechster-stand-seit-anfang-juni,0,www.zeit.de,Iran-Krieg: Ölpreise legen weiter zu - Höchster Stand seit Anfang Juni,Hier finden Sie Informationen zu dem Thema „Iran-Krieg“. Lesen Sie jetzt „Ölpreise legen weiter zu - Höchster Stand seit Anfang Juni“.,https://img.zeit.de/news/2026-07/23/oelpreise-legen-weiter-zu-hoechster-stand-seit-anfang-juni-image-group/wide__1300x731,2026-07-23T06:27:46Z,,Der Krieg zwischen den USA und dem Iran treibt die Ölpreise weiter in die Höhe. Der Preis für die Referenzsorte Brent aus der Nordsee zur Lieferung im September stieg erstmals seit Anfang Juni über d… [+1741 chars],,de,'Iran'
https://www.tagesschau.de/ausland/europa/frankreich-spanien-waldbrand-evakuierungen-100.html,https://www.tagesschau.de/ausland/europa/frankreich-spanien-waldbrand-evakuierungen-100.html,0,www.tagesschau.de,Waldbrände in Frankreich und Spanien: Tausende in Sicherheit gebracht,Im Südwesten Frankreichs sind mehrere Campingplätze und Ortsteile aufgrund von Waldbränden evakuiert worden. Auch in Spanien und Italien mussten Hunderte Menschen vor Bränden in Sicherheit gebracht werden.,https://images.tagesschau.de/image/d8a56d63-5069-4c2b-b193-52b2452d5372/AAABn42G-yY/AAABnSSvrFg/16x9-big/waldbrand-frankreich-144.jpg?width=1280,2026-07-23T06:41:36Z,,"Stand: 23.07.2026 08:41 Uhr
Im Südwesten Frankreichs sind mehrere Campingplätze und Ortsteile aufgrund von Waldbränden evakuiert worden. Auch in Spanien und Italien mussten Hunderte Menschen vor Brä… [+2820 chars]",,de,'Sicherheit'
https://www.zeit.de/news/2026-07/23/sachsen-verbraucht-erneut-weniger-energie,https://www.zeit.de/news/2026-07/23/sachsen-verbraucht-erneut-weniger-energie,0,www.zeit.de,Energiebilanz 2024: Sachsen verbraucht erneut weniger Energie,Hier finden Sie Informationen zu dem Thema „Energiebilanz 2024“. Lesen Sie jetzt „Sachsen verbraucht erneut weniger Energie“.,https://img.zeit.de/news/2026-07/23/sachsen-verbraucht-erneut-weniger-energie-image-group/wide__1300x731,2026-07-23T06:46:38Z,,"In Sachsen ist 2024 erneut weniger Energie verbraucht worden als im Jahr zuvor. Gleichzeitig ging der Einsatz von Braunkohle weiter zurück, während Strom aus erneuerbaren Energien zulegte. Das geht a… [+731 chars]",,de,'Industrie'
https://www.n-tv.de/politik/USA-und-Saudi-Arabien-besiegeln-Atom-Deal-id31115001.html,https://www.n-tv.de/politik/USA-und-Saudi-Arabien-besiegeln-Atom-Deal-id31115001.html,0,www.n-tv.de,Nukleares Wettrüsten?: USA und Saudi-Arabien besiegeln Atom-Deal,"Im Konflikt mit dem Iran stärken die USA den Feind ihres Feindes: Die Trump-Regierung sichert Saudi-Arabien mit einem Abkommen Hilfe beim Aufbau eines zivilen Atomprogramms zu. Energieminister Wright betont, dass der Deal Riad nicht erlaube, sich atomar zu be…",https://www.n-tv.de/img/31115004/1784765577/Img_16_9/1200/President-Donald-Trump-hosts-a-dinner-for-Crown-Prince-and-Prime-Minister-Mohammed-bin-Salman-Al-Saud-of-Saudi-Arabia-Tuesday-November-18-2025-in-the-East-Room-of-the-White-House.jpg,2026-07-23T06:47:00Z,,"Der saudische Kronprinz bin Salman und US-Präsident Trump pflegen gute Beziehungen. (Foto: picture alliance / Photoshot)
Im Konflikt mit dem Iran stärken die USA den Feind ihres Feindes: Die Trump-R… [+5074 chars]",,de,'Energie'
https://www.focus.de/panorama/welt/neue-koelner-200-millionen-schule-bekommt-keine-klimaanlage_3c3a0bd9-6258-456a-bf46-acea32034ee4.html,https://www.focus.de/panorama/welt/neue-koelner-200-millionen-schule-bekommt-keine-klimaanlage_3c3a0bd9-6258-456a-bf46-acea32034ee4.html,0,www.focus.de,Neue Kölner 200-Millionen-Schule bekommt keine Klimaanlage,Trotz Protesten von Eltern und Lehrern: Kölns 200-Millionen-Neubau wird ohne Klimaanlage geplant. Das hat die Stadt Köln bestätigt. Die Gründe liegen in den städtischen Energieleitlinien.,"https://quadro.burda-forward.de/ctf/425d7b73-884b-4eec-bf35-2042eb895ee7.395af8a4-7c09-4efd-bc46-c8ead6b006d8.jpeg?im=RegionOfInterestCrop=(1200,630),regionOfInterest=(2000,1334)&hash=b42463b767581eb99a536b289bb28dfc242938a8a3c3283746ebc489754af84b",2026-07-23T06:54:00Z,,"Die Stadt bleibt dabei, obwohl Eltern und Lehrkräfte wegen der Affenhitze in den Klassenräumen auf die Barrikaden gehen. Das nagelneue Gymnasium in Nippes wird ohne Klimageräte geplant. 
Dabei sorgt… [+5650 chars]",,de,'Dämmung'
https://www.n-tv.de/politik/Ukraine-Treffen-von-Rubio-und-Lawrow-dauert-nur-35-Minuten-id31115767.html,https://www.n-tv.de/politik/Ukraine-Treffen-von-Rubio-und-Lawrow-dauert-nur-35-Minuten-id31115767.html,0,www.n-tv.de,Moskau macht der EU Vorwürfe: Ukraine-Treffen von Rubio und Lawrow dauert nur 35 Minuten,Die Gespräche zwischen den USA und Russland über die Ukraine sind nach den gescheiterten Friedensverhandlungen größtenteils zum Erliegen gekommen. Nun gibt es ein Treffen zwischen den beiden Außenministern. Fortschritte machen die beiden offenbar nicht.,https://www.n-tv.de/img/31115818/1784797436/Img_16_9/1200/US-Aussenminister-Marco-Rubio-l-nimmt-am-Rande-des-Aussenministertreffens-der-suedostasiatischen-Staatengemeinschaft-Asean-an-einem-Treffen-mit-dem-russischen-Aussenminister-Sergej-Lawrow-r-teil.jpg,2026-07-23T08:01:18Z,,"Hatten sich anscheinend nicht viel zu sagen: Marco Rubio (l.) und Sergej Lawrow. (Foto: picture alliance/dpa/Pool AFP)
Die Gespräche zwischen den USA und Russland über die Ukraine sind nach den gesc… [+2460 chars]",,de,'Ukraine'
https://www.golem.de/sonstiges/zustimmung/auswahl.html?from=https://www.golem.de/news/wind-und-solar-bohrloch-batterie-speichert-strom-als-kuenstliche-geothermie-2607-211199.html&referer=https://t.co/1778e8282e,https://www.golem.de/sonstiges/zustimmung/auswahl.html?from=https://www.golem.de/news/wind-und-solar-bohrloch-batterie-speichert-strom-als-kuenstliche-geothermie-2607-211199.html&referer=https://t.co/1778e8282e,0,www.golem.de,Wind und Solar: Bohrloch-Batterie speichert Strom als künstliche Geothermie,"Aufgegebene Förderstellen für Öl und Gas können große Energiemengen aufnehmen. Zurück ins Netz gelangt der Strom wie bei einem Geothermiekraftwerk. (Energiewende, Solarenergie)",,2026-07-23T11:14:01Z,,"Besuchen Sie Golem.de wie gewohnt mit Werbung und Tracking,
 indem Sie der Nutzung aller Cookies zustimmen.
 Details zum Tracking finden Sie im Privacy Center.
Skript wurde nicht geladen. Informat… [+607 chars]",,de,'Gas'
https://www.faz.net/aktuell/politik/inland/bundeskanzleramt-warken-folgt-auf-frei-linnemann-wohl-auf-warken-201057786.html,https://www.faz.net/aktuell/politik/inland/bundeskanzleramt-warken-folgt-auf-frei-linnemann-wohl-auf-warken-201057786.html,0,www.faz.net,Warken ins Kanzleramt: Ein Job mit viel Einfluss – und noch mehr Arbeit,"Friedrich Merz tat sich offenbar nicht leicht, einen neuen Kanzleramtsminister zu finden. Nun wird es eine Ministerin – und ein Vertrauter kommt endlich ins Kabinett.",https://media0.faz.net/image/w1200h627/ecf8352128c9/w3000h1567x0y373o/202509/43601.0.1266677492/kabinettsumbildung-cdu.webp,2026-07-23T14:13:28Z,,"Am Donnerstag hat der Bundeskanzler viel telefoniert. Offiziell standen keine Termine an, Friedrich Merz konnte sich also der Suche nach einem neuen Chef für das Bundeskanzleramt widmen. Die Entschei… [+5308 chars]",,de,'Friedrich Merz'
https://www.zeit.de/news/2026-07/23/trump-droht-iran-nach-huthi-angriffen-mit-schwerer-strafe,https://www.zeit.de/news/2026-07/23/trump-droht-iran-nach-huthi-angriffen-mit-schwerer-strafe,0,www.zeit.de,Iran-Krieg: Trump droht Iran nach Huthi-Angriffen mit «schwerer Strafe»,Hier finden Sie Informationen zu dem Thema „Iran-Krieg“. Lesen Sie jetzt „Trump droht Iran nach Huthi-Angriffen mit «schwerer Strafe»“.,https://img.zeit.de/news/2026-07/23/trump-droht-iran-nach-huthi-angriffen-mit-schwerer-strafe-image-group/wide__1300x731,2026-07-23T15:30:45Z,,"Nach Angriffen der Huthi-Miliz vor Jemens Küste hat US-Präsident Donald Trump dem Iran im Falle einer erneuten Attacke mit Vergeltung gedroht. «Sollten sie dies erneut tun, werden die USA den Iran zu… [+5494 chars]",,de,'Iran'
https://www.n-tv.de/wirtschaft/Der-Iran-Krieg-wird-doch-noch-zum-Heizproblem-id31115846.html,https://www.n-tv.de/wirtschaft/Der-Iran-Krieg-wird-doch-noch-zum-Heizproblem-id31115846.html,0,www.n-tv.de,Gaspreis explodiert: Der Iran-Krieg wird doch noch zum Heizproblem,"Die Heizsaison rückt näher, doch der Flüssiggas-Export aus dem Nahen Osten ist immer noch unterbrochen. Für Verbraucher bedeutet das drastische Preisaufschläge bei Neuverträgen. Unter Umständen droht sogar ein Versorgungsengpass.",https://www.n-tv.de/img/31118138/1784820078/Img_16_9/1200/578075519.jpg,2026-07-23T16:32:16Z,,"Hormus-Blockade, Hitzewellen, fehlende Speichermengen - der Preisdruck wächst. 
Die Heizsaison rückt näher, doch der Flüssiggas-Export aus dem Nahen Osten ist immer noch unterbrochen. Für Verbrauche… [+4078 chars]",,de,'Versorgung'
https://www.zeit.de/news/2026-07/23/dubai-will-besucher-locken-praemien-im-wert-von-700-euro,https://www.zeit.de/news/2026-07/23/dubai-will-besucher-locken-praemien-im-wert-von-700-euro,0,www.zeit.de,Folgen des Iran-Kriegs: Dubai will Besucher locken - Prämien im Wert von 700 Euro,Hier finden Sie Informationen zu dem Thema „Folgen des Iran-Kriegs“. Lesen Sie jetzt „Dubai will Besucher locken - Prämien im Wert von 700 Euro“.,https://img.zeit.de/news/2026-07/23/dubai-will-besucher-locken-praemien-im-wert-von-700-euro-image-group/wide__1300x731,2026-07-23T16:50:55Z,,"Die vom Iran-Krieg wirtschaftlich schwer getroffene Metropole Dubai bietet Anwohnern Prämien im Wert von umgerechnet 700 Euro, wenn sie Besucher in die Stadt holen. Jeder Anwohner könne Vergünstigung… [+1444 chars]",,de,'Iran'
https://www.faz.net/aktuell/wirtschaft/mehr-wirtschaft/folgen-des-iran-kriegs-dubai-will-mit-praemien-fuer-anwohner-besucher-locken-201059899.html,https://www.faz.net/aktuell/wirtschaft/mehr-wirtschaft/folgen-des-iran-kriegs-dubai-will-mit-praemien-fuer-anwohner-besucher-locken-201059899.html,0,www.faz.net,Folgen des IRan-kriegs: Dubai will mit Prämien für Anwohner Besucher locken,Das Image Dubais hat wegen des Iran-Kriegs gelitten — und damit der Tourismus. Nun versucht die Stadt wieder mehr Touristen anzuziehen.,https://media0.faz.net/image/w1200h627/50d4cb3f1e33/w6000h3135x0y433o/202607/43601.0.2364782038/der-iran-krieg-hat-den.webp,2026-07-23T17:20:42Z,,"Die vom Iran-Krieg wirtschaftlich schwer getroffene Metropole Dubai bietet Anwohnern Prämien im Wert von umgerechnet 700 Euro, wenn sie Besucher in die Stadt holen. Jeder Anwohner könne Vergünstigung… [+1379 chars]",,de,'Iran'
https://www.faz.net/aktuell/rhein-main/region-und-hessen/gutenberg-museum-mainz-drueckt-bei-baukosten-auf-bremse-201058432.html,https://www.faz.net/aktuell/rhein-main/region-und-hessen/gutenberg-museum-mainz-drueckt-bei-baukosten-auf-bremse-201058432.html,0,www.faz.net,Mainz will sparen: Kritik an Streichliste für das neue Gutenberg-Museum,"Großbaustelle mit offenen Fragen: Noch wird darüber diskutiert, was das neue Mainzer Gutenberg-Museum am Ende tatsächlich kosten wird und wer auf Dauer für den Betrieb aufkommen soll.",https://media0.faz.net/image/w1200h627/cb56588138cc/w5712h2984x0y1185o/202607/d9025809-c498-4342-9fbd-6234ae120740/bevor-sich-die-bauarbeiter.webp,2026-07-23T17:31:00Z,,"Noch bleibt Zeit, um ungeklärte Fragen zu beantworten. Denn auf dem Grundstück des Gutenberg-Museums, auf dem bis vor Kurzem noch der inzwischen niedergelegte Schellbau stand, dürfen sich jetzt erst … [+2393 chars]",,de,'sparen'
https://www.zeit.de/news/2026-07/23/viele-verletzte-nach-russischem-bombenabwurf-auf-slowjansk,https://www.zeit.de/news/2026-07/23/viele-verletzte-nach-russischem-bombenabwurf-auf-slowjansk,0,www.zeit.de,Ukraine-Krieg: Viele Verletzte nach russischem Bombenabwurf auf Slowjansk,Hier finden Sie Informationen zu dem Thema „Ukraine-Krieg“. Lesen Sie jetzt „Viele Verletzte nach russischem Bombenabwurf auf Slowjansk“.,https://img.zeit.de/news/2026-07/23/viele-verletzte-nach-russischem-bombenabwurf-auf-slowjansk-image-group/wide__1300x731,2026-07-23T18:53:39Z,,"Russische Gleitbomben haben mindestens 14 Menschen in der Stadt Slowjansk im Osten der Ukraine verletzt. Sieben Wohnblocks seien beschädigt worden, schrieb der ukrainische Militärgouverneur der Regio… [+519 chars]",,de,'Krieg'
https://www.tagesspiegel.de/internationales/ukraine-krieg-ukraine-bomben-verletzen-dutzende-in-saporischschja-15873969.html,https://www.tagesspiegel.de/internationales/ukraine-krieg-ukraine-bomben-verletzen-dutzende-in-saporischschja-15873969.html,0,www.tagesspiegel.de,Ukraine-Krieg: Ukraine: Bomben verletzen Dutzende in Saporischschja,Russland verstärkt seine Bombenangriffe auf Städte hinter der Front. Nach Treffern in der Stadt Slowjansk im Osten der Ukraine erwischte es am gleichen Tag auch Saporischschja.,https://www.tagesspiegel.de/images/15874000/alternates/BASE_16_9_W1400/1784837654000/ukraine-krieg-saporischschja.jpeg,2026-07-23T18:54:34Z,,"Ein russischer Bombenangriff hat mindestens 25 Verletzte in der südukrainischen Großstadt Saporischschja gefordert. Unter den Opfern seien auch sechs Minderjährige, darunter ein drei Monate altes Bab… [+696 chars]",,de,'Ukraine'
https://www.faz.net/aktuell/wirtschaft/klima-nachhaltigkeit/flusswasserwaermepumpe-wenn-der-rhein-zur-heizung-wird-201059709.html,https://www.faz.net/aktuell/wirtschaft/klima-nachhaltigkeit/flusswasserwaermepumpe-wenn-der-rhein-zur-heizung-wird-201059709.html,0,www.faz.net,Flusswasserwärmepumpe: Wenn der Rhein zur Heizung wird,Der Bau von Europas größter Flusswasserwärmepumpe geht jetzt in die entscheidende Phase. Energieökonomen versprechen sich viel von dieser Art des Heizens – warnen allerdings vor mehreren Hürden.,https://media0.faz.net/image/w1200h627/9d8dded70eb4/w6144h3210x0y142o/202607/43601.0.2364399623/prominenz-fuer-ein.webp,2026-07-23T19:25:59Z,,"Wer das wärmewirtschaftliche Vorzeigeprojekt Kölns sehen möchte, muss ein Stück den Rhein entlangfahren. Den Fluss säumen in dieser Niedrigwasserperiode breite Kiesstrände, vom Ufer her riecht es muf… [+6841 chars]",,de,'Gas'
https://www.zeit.de/news/2026-07/24/trump-iran-muss-ab-sofort-fuer-schaeden-an-schiffen-zahlen,https://www.zeit.de/news/2026-07/24/trump-iran-muss-ab-sofort-fuer-schaeden-an-schiffen-zahlen,0,www.zeit.de,Iran-Krieg: Trump: Iran muss ab sofort für Schäden an Schiffen zahlen,Hier finden Sie Informationen zu dem Thema „Iran-Krieg“. Lesen Sie jetzt „Trump: Iran muss ab sofort für Schäden an Schiffen zahlen“.,https://img.zeit.de/news/2026-07/24/trump-iran-muss-ab-sofort-fuer-schaeden-an-schiffen-zahlen-image-group/wide__1300x731,2026-07-23T23:18:20Z,,Inmitten des Streits um die Straße von Hormus will US-Präsident Donald Trump den Iran für Schäden an Schiffen und Frachtgut zur Rechenschaft ziehen. Jegliche Schäden dieser Art würden ab sofort mit i… [+844 chars],,de,'Krieg'
https://www.n-tv.de/politik/US-Justizministerium-macht-Rueckzieher-im-Streit-mit-New-York-Times-id31119566.html,https://www.n-tv.de/politik/US-Justizministerium-macht-Rueckzieher-im-Streit-mit-New-York-Times-id31119566.html,0,www.n-tv.de,"Bericht über Trumps Luxusflieger: US-Justizministerium macht Rückzieher im Streit mit ""New York Times""","Trumps von Katar geschenkte Präsidentenmaschine ist womöglich nicht so sicher, wie sie sein sollte, berichtet die ""New York Times"". Das kommt im Weißen Haus nicht gut an, die Journalisten sollen vor Gericht erscheinen. Jetzt gibt es eine Wendung.",https://www.n-tv.de/img/31119572/1784856621/Img_16_9/1200/US-Praesident-Donald-Trump-steigt-in-die-neue-Air-Force-One-ein-einen-ehemals-im-Besitz-von-Katar-befindlichen-Jumbojet-der-zum-offiziellen-Flugzeug-des-US-Praesidenten-umgebaut-wurde.jpg,2026-07-23T23:36:26Z,,"Die neue Air Force One soll nachgerüstet werden. Womit, ist nicht bekannt. (Foto: picture alliance/dpa/AP)
Trumps von Katar geschenkte Präsidentenmaschine ist womöglich nicht so sicher, wie sie sein… [+2790 chars]",,de,'Katar'
https://www.faz.net/aktuell/feuilleton/medien-und-film/talkshow/maybrit-illner-in-der-tv-kritik-europas-strategie-im-umgang-mit-putin-und-trump-accg-201060298.html,https://www.faz.net/aktuell/feuilleton/medien-und-film/talkshow/maybrit-illner-in-der-tv-kritik-europas-strategie-im-umgang-mit-putin-und-trump-accg-201060298.html,0,www.faz.net,TV-Kritik Maybrit Illner: Wie Adenauer für Aufregung sorgt,Bei Maybrit Illner geht es um Europas Verteidigungsstrategie gegen Putins Aggression und Trumps Unberechenbarkeit. Dringend nötig finden das alle anwesenden Demokraten. Der Gast von der AfD hat seine eigene Agenda.,https://media0.faz.net/image/w1200h627/b540ec46bf63/w4724h2468x0y337o/202607/ce928384-79c5-46e3-bb01-a9d782c08b97/ruediger-lucassen-gregor-gysi.webp,2026-07-24T03:53:59Z,,"Das Wortgefecht kam, aber es kam spät. Bis kurz vor dem Ende der Talkshow von Maybrit Illner hatte sich der AfD-Bundestagsabgeordnete Rüdiger Lucassen so durch die Sendung laviert, hatte versucht, ma… [+6347 chars]",,de,'Wladimir Putin'
https://www.zeit.de/politik/2026-07/ukraine-lage-bevoelkerung-wolodymyr-selenskyj-politikpodcast,https://www.zeit.de/politik/2026-07/ukraine-lage-bevoelkerung-wolodymyr-selenskyj-politikpodcast,0,www.zeit.de,"Ukraine: »Leute, die Wohnungen suchen und Familie gründen. Das gibt Hoffnung.«","Machtkämpfe in der Regierung, militärische Erfolge gegen Russland, Vergeltungsschläge: Kyjiw-Korrespondentin Olivia Kortas berichtet über die Ukraine im 5. Kriegssommer.",https://img.zeit.de/politik/2026-07/ukraine-lage-bevoelkerung-wolodymyr-selenskyj-politikpodcast-bild/wide__1300x731,2026-07-24T04:00:07Z,,"KYIV, UKRAINE - JULY 19: People walk by a burned building in the Lukyanivka area where attacks have destroyed multiple buildings after a large-scale attack overnight that left at least one person dea… [+1940 chars]",,de,'Ukraine'
https://www.tagesschau.de/ausland/asien/usa-iran-angriffe-118.html,https://www.tagesschau.de/ausland/asien/usa-iran-angriffe-118.html,0,www.tagesschau.de,USA setzen Angriffe auf Iran in 13. Nacht in Folge fort,Seit fast zwei Wochen fliegen die USA nächtliche Angriffe auf Iran. Auch in der vergangenen Nacht hat die US-Armee nach eigenen Angaben militärische Ziele in Iran ins Visier genommen. Kuwait meldete iranischen Beschuss.,https://images.tagesschau.de/image/5dbfc58e-0081-43c4-8c99-8359c6c4a710/AAABn5I3AIM/AAABnSSvrFg/16x9-big/usa-angriffe-iran-110.jpg?width=1280,2026-07-24T04:44:47Z,,"Stand: 24.07.2026 06:44 Uhr
Seit fast zwei Wochen fliegen die USA nächtliche Angriffe auf Iran. Auch in der vergangenen Nacht hat die US-Armee nach eigenen Angaben militärische Ziele in Iran ins Vis… [+1577 chars]",,de,'Iran'
https://www.welt.de/geschichte/80-jahre-welt/article6a4244e3afe845031b3b2306/2022-ich-brauche-keine-mitfahrgelegenheit-ich-brauche-munition.html,https://www.welt.de/geschichte/80-jahre-welt/article6a4244e3afe845031b3b2306/2022-ich-brauche-keine-mitfahrgelegenheit-ich-brauche-munition.html,0,www.welt.de,"„Ich brauche keine Mitfahrgelegenheit, ich brauche Munition!“","Russland begann 2022 seinen Angriffskrieg auf die Ukraine. Seither versuchen deutsche Politiker und Prominente, Putin aus der Verantwortung für den Krieg zu entlassen. Warum ist das so? Die neue Folge unserer Serie zu 80 Jahren WELT.",https://images.welt.de/6a4244e3afe845031b3b2306/e340e7055680351ae5924fccb252db31/ci16x9-w1200/dwosb-80jahrewelt-2022-jpg,2026-07-24T05:14:14Z,,"Russland begann 2022 seinen Angriffskrieg auf die Ukraine. Seither versuchen deutsche Politiker und Prominente, Putin aus der Verantwortung für den Krieg zu entlassen. Warum ist das so? Die neue Folg… [+6581 chars]",,de,'Wladimir Putin'
https://www.zeit.de/wirtschaft/2026-07/usa-iran-krieg-energiemaerkte-oel-preisanstieg,https://www.zeit.de/wirtschaft/2026-07/usa-iran-krieg-energiemaerkte-oel-preisanstieg,0,www.zeit.de,Irankrieg: Jetzt droht wirklich der Ölschock,"Durch Kriege und Krisen gibt es drei Engstellen in den Lieferrouten. Die Reserven sind so leer wie seit Jahrzehnten nicht. Die Ölkrise ist nicht vorbei, im Gegenteil.",https://img.zeit.de/politik/ausland/2026-07/oelpreis-anstieg-irankrieg-oelkrise-weltwirtschaft-bild-2/wide__1300x731,2026-07-24T05:32:52Z,,"Schließen
Artikelzusammenfassung
Der Ölmarkt steht wieder unter Strom. Nach der kurzen Entspannungsphase infolge des Deals zwischen Donald Trump und Teheran kippt die Lage erneut: Der Krieg flammt … [+1420 chars]",,de,'Krieg'
https://www.zeit.de/politik/deutschland/2026-07/patrick-schnieder-verliert-posten-als-verkehrsminister,https://www.zeit.de/politik/deutschland/2026-07/patrick-schnieder-verliert-posten-als-verkehrsminister,0,www.zeit.de,Patrick Schnieder verliert Posten als Verkehrsminister,Bundeskanzler Friedrich Merz will laut Medien Patrick Schnieder als Bundesverkehrsminister ersetzen. Als Nachfolger ist der CDU-Politiker Fritz Güntzler im Gespräch.,https://img.zeit.de/administratives/eilmeldung/fallback-bild/wide__1300x731,2026-07-24T06:27:50Z,,"Schließen
Artikelzusammenfassung
Patrick Schnieder ist als Bundesverkehrsminister offenbar raus. Nach dpa-Informationen aus Partei- und Koalitionskreisen, flankiert von Vorabmeldungen von »Bild« un… [+878 chars]",,de,'Friedrich Merz'
https://www.golem.de/sonstiges/zustimmung/auswahl.html?from=https://www.golem.de/news/innere-sicherheit-innenministerium-zielt-auf-kern-der-informationsfreiheit-2607-211241.html&referer=https://t.co/281923620a,https://www.golem.de/sonstiges/zustimmung/auswahl.html?from=https://www.golem.de/news/innere-sicherheit-innenministerium-zielt-auf-kern-der-informationsfreiheit-2607-211241.html&referer=https://t.co/281923620a,0,www.golem.de,Innere Sicherheit: Innenministerium zielt auf Kern der Informationsfreiheit,"Das Innenministerium plant offenbar weit mehr als eine Reform des Informationsfreiheitsgesetzes. Ein internes Papier zeigt, wohin die Reise geht. (BMI, Politik)",,2026-07-24T07:54:02Z,,"Besuchen Sie Golem.de wie gewohnt mit Werbung und Tracking,
 indem Sie der Nutzung aller Cookies zustimmen.
 Details zum Tracking finden Sie im Privacy Center.
Skript wurde nicht geladen. Informat… [+607 chars]",,de,'Sicherheit'
https://www.faz.net/aktuell/wissen/erde-klima/duerre-in-deutschland-was-heisst-das-fuer-ein-eigentlich-wasserreiches-land-110586303.html,https://www.faz.net/aktuell/wissen/erde-klima/duerre-in-deutschland-was-heisst-das-fuer-ein-eigentlich-wasserreiches-land-110586303.html,0,www.faz.net,Dürre in Deutschland: Ein Land im Trockenstress,"Das erste Halbjahr des Jahres 2026 war in Deutschland zu trocken. Schon im Winter fiel nicht besonders viel Niederschlag, weder Regen noch Schnee. Die Folge: Dürre. Aber was heißt das in einem Land, das lange als wasserreich galt?",https://media0.faz.net/image/w1200h627/392327cdd358/w2864h1496x292y62o/202507/1.10574819/pp-1-10574819.webp,2026-07-24T08:00:23Z,,"Ein Land im Trockenstress
Von JENS GIESEL, CLAUDIA BOTHE, SANDRA LIERMANN und FRAUKE ZBIKOWSKI
24. Juli 2026 · Das erste Halbjahr des Jahres 2026 war in Deutschland zu trocken wie bereits im letzte… [+5848 chars]",,de,'Winter'
https://www.faz.net/aktuell/politik/ausland/rubios-kriegserklaerung-an-das-weltstrafgericht-201051293.html,https://www.faz.net/aktuell/politik/ausland/rubios-kriegserklaerung-an-das-weltstrafgericht-201051293.html,0,www.faz.net,„Stein für Stein“: Rubios Kriegserklärung an das Weltstrafgericht,Die US-Regierung führt eine scharfe Kampagne gegen den Internationalen Strafgerichtshof. Davon sollten sich dessen Unterstützer nicht beeindrucken lassen.,https://media0.faz.net/image/w1200h627/84aeb9da69e0/w6144h3210x0y123o/202607/43601.0.2337196908/der-internationale.webp,2026-07-24T08:23:37Z,,"Eingebettet in die Dünenlandschaft an der Küste von Den Haag liegt der Internationale Strafgerichtshof. Die friedliche Umgebung bildet einen scharfen Kontrast zu dem, was sich hinter der Fassade aus … [+4585 chars]",,de,'Krieg'
https://www.faz.net/aktuell/politik/ausland/kreml-gegen-russische-emigranten-schikane-per-gesetz-accg-201055352.html,https://www.faz.net/aktuell/politik/ausland/kreml-gegen-russische-emigranten-schikane-per-gesetz-accg-201055352.html,0,www.faz.net,„Feinde des Volkes“: Wie der Kreml Exilrussen das Leben schwer machen will,"Ein neues russisches Gesetz kann Menschen, die vor Putins Regime geflohen sind, im Ausland in Schwierigkeiten bringen. Kritiker sagen: Es kommt „de facto der Aberkennung der Staatsbürgerschaft gleich“.",https://media0.faz.net/image/w1200h627/0ac0d7319b43/w3000h1567x0y60o/202512/43601.0.1576390896/der-eingang-der-russischen.webp,2026-07-24T09:24:50Z,,"Es gehe um Abschaum,Schufte und Vaterlandsverräter, sagte der Duma-Vorsitzende Wjatscheslaw Wolodin: Das russische Parlament hat am Mittwoch ein Gesetz beschlossen, das Russen im Exil das Leben schwe… [+5418 chars]",,de,'Kreml'
https://www.zeit.de/news/2026-07/24/zahnmediziner-sehen-immer-mehr-menschen-ohne-versorgung,https://www.zeit.de/news/2026-07/24/zahnmediziner-sehen-immer-mehr-menschen-ohne-versorgung,0,www.zeit.de,Besuch beim Zahnarzt: Zahnmediziner: Sehen immer mehr Menschen ohne Versorgung,Hier finden Sie Informationen zu dem Thema „Besuch beim Zahnarzt“. Lesen Sie jetzt „Zahnmediziner: Sehen immer mehr Menschen ohne Versorgung“.,https://img.zeit.de/news/2026-07/24/zahnmediziner-sehen-immer-mehr-menschen-ohne-versorgung-image-group/wide__1300x731,2026-07-24T10:31:01Z,,"Der Chef der Zahnmedizin an der Universität in Brandenburg an der Havel sieht im Flächenland Brandenburg besorgniserregende Versorgungslücken. «Wir haben Patienten, die in unsere Ambulanz gekommen si… [+952 chars]",,de,'Versorgung'
https://www.zeit.de/news/2026-07/24/ukraine-russland-hat-kriegsgefangenen-erschossen,https://www.zeit.de/news/2026-07/24/ukraine-russland-hat-kriegsgefangenen-erschossen,0,www.zeit.de,Ukraine-Krieg: Ukraine: Russland hat Kriegsgefangenen erschossen,Hier finden Sie Informationen zu dem Thema „Ukraine-Krieg“. Lesen Sie jetzt „Ukraine: Russland hat Kriegsgefangenen erschossen“.,https://img.zeit.de/news/2026-07/24/ukraine-russland-hat-kriegsgefangenen-erschossen-image-group/wide__1300x731,2026-07-24T11:20:15Z,,"Ukrainische Behörden werfen Russland vor, einen weiteren Kriegsgefangenen erschossen zu haben. Russische Militärs hätten einen Soldaten der ukrainischen Streitkräfte beim Dorf Jalta im Gebiet Donezk … [+608 chars]",,de,'Ukraine'
https://www.zeit.de/news/2026-07/24/reaktion-auf-eu-massnahme-china-sanktioniert-deutsche-firmen,https://www.zeit.de/news/2026-07/24/reaktion-auf-eu-massnahme-china-sanktioniert-deutsche-firmen,0,www.zeit.de,Ukraine-Krieg: Reaktion auf EU-Maßnahme: China sanktioniert deutsche Firmen,Hier finden Sie Informationen zu dem Thema „Ukraine-Krieg“. Lesen Sie jetzt „Reaktion auf EU-Maßnahme: China sanktioniert deutsche Firmen“.,https://img.zeit.de/news/2026-07/24/reaktion-auf-eu-massnahme-china-sanktioniert-deutsche-firmen-image-group/wide__1300x731,2026-07-24T11:26:26Z,,Als Reaktion auf die neuen Russland-Sanktionen der EU hat China gegen 14 Unternehmen aus Deutschland und anderen europäischen Ländern Exportkontrollen verhängt. Durch die 21. Sanktionsrunde seien auc… [+1909 chars],,de,'Ukraine'
https://www.tagesschau.de/ausland/europa/schwarzes-meer-angriffe-schiffe-100.html,https://www.tagesschau.de/ausland/europa/schwarzes-meer-angriffe-schiffe-100.html,0,www.tagesschau.de,Russland und Ukraine: Droht die Rückkehr der Getreidekrise?,"Russland und die Ukraine intensivieren ihre Angriffe auch auf See. Die Ukraine greift die russische Schattenflotte an, Russland attackiert Schiffe auf dem Weg zum Hafen von Odessa. Droht eine neue Getreidekrise? Von S. Laack.",https://images.tagesschau.de/image/e89a0dc4-d933-4c1a-b182-79705a54f55f/AAABn5PeF0A/AAABnSSvrFg/16x9-big/schiff-rauch-odessa-100.jpg?width=1280,2026-07-24T12:33:42Z,,"Stand: 24.07.2026 14:33 Uhr
Russland und die Ukraine intensivieren ihre Angriffe auch auf See. Die Ukraine greift die russische Schattenflotte an, Russland attackiert Schiffe auf dem Weg zum Hafen v… [+3318 chars]",,de,'Ukraine'
https://orf.at/stories/3437165/,https://orf.at/stories/3437165/,0,orf.at,Viele Tote nach russischen Angriffen,Russland und die Ukraine haben einander erneut mit Angriffen überzogen: Erst nahm die Ukraine in der Nacht auf Freitag mit Hunderten Drohnen den größten russischen Onlineversandhändler Wildberries sowie ein Rüstungsunternehmen ins Visier. Am Vormittag griff R…,https://ibs.orf.at/news?image=https%3A%2F%2Fassets.orf.at%2Fmims%2F2026%2F30%2F35%2Fcrops%2Fw%3D1200%2Ch%3D630%2Cq%3D75%2F3125484_master_1211235_ukraine_krieg_angriffe2_r.jpg%3Fs%3Df45dde3d6803becf9642974672e6326b25e97f2f,2026-07-24T14:03:26Z,,"Im Großraum Kiew traf der Angriff mit einer ballistischen Rakete ein Gelände, auf dem eine Veranstaltung der Rüstungsindustrie stattfand, wie ukrainische Behörden und Branchenvertreter mitteilten. La… [+6422 chars]",,de,'Ukraine'
https://www.diepresse.com/39457661/wladimir-putin-laesst-sein-russland-brennen,https://www.diepresse.com/39457661/wladimir-putin-laesst-sein-russland-brennen,0,www.diepresse.com,Wladimir Putin lässt sein Russland brennen,"Um den bereits vier Jahre dauernden Ukraine-Krieg zu beenden, müsste das Putin-Regime aufhören, das Putin-Regime zu sein.",https://img.diepresse.com/public/incoming/ifnoj-22jul26-putin-peter-kufner-kuf-onlinejpg/alternates/WEBP_WIDE_1200/22jul26%20putin%20-%20peter%20kufner%20kuf%20-online.jpg,2026-07-24T14:28:00Z,,"Die Presse auf Google als bevorzugte Nachrichtenquelle hinzufügen.
 Karl Marx schrieb einmal, dass Theorie zur materiellen Gewalt wird, sobald sie die Massen erfasst. Die sowjetischen Führer griffen… [+7087 chars]",,de,'Kreml'
https://www.n-tv.de/politik/Atom-Projekt-in-Niedersachsen-gibt-dem-Kreml-das-naechste-Druckmittel-id31122362.html,https://www.n-tv.de/politik/Atom-Projekt-in-Niedersachsen-gibt-dem-Kreml-das-naechste-Druckmittel-id31122362.html,0,www.n-tv.de,Rosatom darf Fabrik bauen: Atom-Projekt in Niedersachsen gibt dem Kreml das nächste Druckmittel,Länder wie Tschechien werden bei der Atomkraft unabhängiger von Moskau. Deutschland geht den entgegengesetzten Weg: Die Bundesregierung genehmigt eine Atombrennstoff-Anlage in Kooperation mit dem russischen Konzern Rosatom. Damit gefährdet sie die sicherheits…,https://www.n-tv.de/img/31121166/1784893679/Img_16_9/1200/Begleitet-von-Demonstrationen-hat-am-Mittwoch-20-11-2024-der-Eroerterungstermin-zum-umstrittenen-Ausbau-der-Lingener-Brennelemente-Fabrik-und-zum-moeglichen-Einstieg-des-russischen-Staatskonzerns-Rosatom-begonnen-Foto-Schwellkopf-zeigt-Russlands-Praesident-Wladimir-Putin-Vor-den-oertlichen-Emslandhallen-versammelten-sich-laut-Polizei-etwa-80-Mitarbeiter-der-Fabrik-und-35-Atomkraftgegner-Der-Betreiber-der-Brennelemente-Fabrik-eine-Tochter-des-franzoesischen-Atomkonzerns-Framatome-will-kuenftig-auch-Brennstaebe-fuer-Atomreaktoren-russischer-oder-sowjetischer-Bauart-herstellen-und-hat-dafuer-eine-Zusammenarbeit-mit-Rosatom-vereinbart-Vor-allem-wegen-Sicherheitsbedenken-haben-rund-11-000-Menschen-Einwaende-gegen-das-Vorhaben-erhoben-ueber-diese-wird-bei-dem-Eroerterungstermin-diskutiert-Nach-Angaben-des-niedersaechsischen-Umweltministeriums-waren-am-Mittwoch-143-Einwenderinnen-und-Einwender-persoenlich-bei-der-nicht-oeffentlichen-Veranstaltung-vor-Ort-Insgesamt-seien-280-Menschen-in-der-Halle-gewesen-Siehe-epd-Meldung-vom-20-11.jpg,2026-07-24T14:33:52Z,,Vor allem wegen Sicherheitsbedenken haben rund 11.000 Menschen in Niedersachsen Einwände gegen das Atomprojekt in Lingen erhoben - protestiert wurde bereits 2024. (Foto: picture alliance / epd-bild),,,
https://www.zeit.de/news/2026-07/24/us-beamter-trump-will-selenskyj-am-dienstag-empfangen,https://www.zeit.de/news/2026-07/24/us-beamter-trump-will-selenskyj-am-dienstag-empfangen,0,www.zeit.de,Ukraine-Krieg: US-Beamter: Trump will Selenskyj am Dienstag empfangen,Hier finden Sie Informationen zu dem Thema „Ukraine-Krieg“. Lesen Sie jetzt „US-Beamter: Trump will Selenskyj am Dienstag empfangen“.,https://img.zeit.de/news/2026-07/24/us-beamter-trump-will-selenskyj-am-dienstag-empfangen-image-group/wide__1300x731,2026-07-24T14:43:35Z,,"US-Präsident Donald Trump will kommenden Dienstag Regierungskreisen zufolge den ukrainischen Präsidenten Wolodymyr Selenskyj im Weißen Haus empfangen. Ein entsprechender Besuch sei geplant, teilte ei… [+909 chars]",,de,'Ukraine'
https://www.faz.net/aktuell/politik/ausland/liveblog-irankrieg-bericht-bahrain-und-kuwait-flogen-vergeltungsangriffe-gegen-iran-faz-200583539.html,https://www.faz.net/aktuell/politik/ausland/liveblog-irankrieg-bericht-bahrain-und-kuwait-flogen-vergeltungsangriffe-gegen-iran-faz-200583539.html,0,www.faz.net,Liveblog Irankrieg: Bericht: Bahrain und Kuwait flogen Vergeltungsangriffe gegen Iran,Schläge auf militärische Einrichtungen Anfang des Monats +++ EU verhängt Sanktionen gegen iranische Richter +++ UN warnen: Isolierte Seeleute in Straße von Hormus in Not +++ alle Entwicklungen im Liveblog,https://media0.faz.net/image/w1200h627/57d992743dd2/w3743h1955x0y361o/202607/43601.0.2366290837/eine-frau-steht-am-24-7-26-vor.webp,2026-07-24T17:12:27Z,,Bahrain und Kuwait haben Recherchen des Wall Street Journals zufolge Anfang des Monats erstmals Vergeltungsangriffe mit eigenen Kampfflugzeugen auf Ziele in Iran ausgeführt. Die Angriffe hätten unter… [+1288 chars],,de,'Iran'
https://www.diepresse.com/39601766/europas-riskante-gaswette-wenn-es-kein-warmer-winter-wird-wird-es-geben,https://www.diepresse.com/39601766/europas-riskante-gaswette-wenn-es-kein-warmer-winter-wird-wird-es-geben,0,www.diepresse.com,"Europas riskante Gaswette: „Wenn es kein warmer Winter wird, wird es Probleme geben“ [premium]","In der Hoffnung auf eine baldige Öffnung der Straße von Hormuz wurden größere LNG-Käufe in Europa hinausgeschoben. Nun stellt sich die Frage: Wie teuer wird es, den Winter noch rechtzeitig abzusichern?",https://img.diepresse.com/public/incoming/chn13y-461387470jpg/alternates/WEBP_WIDE_1200/461387470.jpg,2026-07-24T18:02:06Z,,"Europa hat den Wiederaufbau seiner Gasspeicher hinausgezögert in der Hoffnung, dass die Straße von Hormuz bald wieder für Flüssigerdgas geöffnet wird. Doch knapp fünf Monate nach Beginn des Iran-Krie… [+6827 chars]",,de,'Gas'
https://www.faz.net/aktuell/politik/ausland/liveblog-irankrieg-saudi-koalition-greift-huthi-ziele-im-jemen-an-faz-200583539.html,https://www.faz.net/aktuell/politik/ausland/liveblog-irankrieg-saudi-koalition-greift-huthi-ziele-im-jemen-an-faz-200583539.html,0,www.faz.net,Liveblog Irankrieg: Saudi-Koalition greift Huthi-Ziele im Jemen an,Reaktion auf Angriff auf Schiff im Roten Meer +++ Bericht: Bahrain und Kuwait flogen Vergeltungsangriffe gegen Iran +++ EU verhängt Sanktionen gegen iranische Richter +++ alle Entwicklungen im Liveblog,https://media0.faz.net/image/w1200h627/22f1559387d9/w6144h3210x0y443o/202607/43601.0.2368770033/schiffe-sind-im-hafen-der.webp,2026-07-25T02:30:00Z,,Bahrain und Kuwait haben Recherchen des Wall Street Journals zufolge Anfang des Monats erstmals Vergeltungsangriffe mit eigenen Kampfflugzeugen auf Ziele in Iran ausgeführt. Die Angriffe hätten unter… [+1288 chars],,de,'Iran'
https://www.tagesschau.de/ausland/europa/russland-angriffe-wildberries-petersburg-100.html,https://www.tagesschau.de/ausland/europa/russland-angriffe-wildberries-petersburg-100.html,0,www.tagesschau.de,Ukraine nimmt Russlands Online-Handel ins Visier,In Russland hat der Online-Händler Wildberries eine ähnliche Bedeutung wie hierzulande Amazon. Nun greift die Ukraine den Händler gezielt und wiederholt an. Das trifft auch viele kleine Unternehmer. Von Silke Diettrich.,https://images.tagesschau.de/image/ca94d73a-317f-4368-9d7a-f89c168344fe/AAABn5RERQk/AAABnSSvrFg/16x9-big/rauch-lagerhaus-wildberries-100.jpg?width=1280,2026-07-25T03:09:29Z,,"Stand: 25.07.2026 05:09 Uhr
In Russland hat der Online-Händler Wildberries eine ähnliche Bedeutung wie hierzulande Amazon. Nun greift die Ukraine den Händler gezielt und wiederholt an. Das trifft au… [+4043 chars]",,de,'Kreml'
https://www.nzz.ch/meinung/die-iden-des-merz-wie-sich-der-deutsche-kanzler-um-kopf-und-kragen-redet-ld.10016459,https://www.nzz.ch/meinung/die-iden-des-merz-wie-sich-der-deutsche-kanzler-um-kopf-und-kragen-redet-ld.10016459,0,www.nzz.ch,GASTKOMMENTAR - Die Iden des Merz – wie sich der deutsche Kanzler um Kopf und Kragen redet,Friedrich Merz hat Millionen Wähler getäuscht. Es stellt sich zudem die dringliche Frage: Wie kommt er irgendwann zu stabilen politischen Mehrheiten?,"https://img-msp-prod.nzz.ch/2026/07/23/dc9c6207-b934-4b81-bb6e-a899ed6f93c0.jpg?width=1200&height=675&fit=bounds&quality=75&auto=webp&crop=2840,1598,x317,y212&wmark=nzz",2026-07-25T03:42:08Z,,"Friedrich Merz hat Millionen Wähler getäuscht. Es stellt sich zudem die dringliche Frage: Wie kommt er irgendwann zu stabilen politischen Mehrheiten?
25.07.2026, 05.42 Uhr
Zusammenfassung
Was hat … [+12394 chars]",,de,'Friedrich Merz'
https://www.zeit.de/news/2026-07/25/schwarzes-meer-bedroht-der-seekrieg-den-getreidehandel,https://www.zeit.de/news/2026-07/25/schwarzes-meer-bedroht-der-seekrieg-den-getreidehandel,0,www.zeit.de,Ukraine-Krieg: Schwarzes Meer: Bedroht der Seekrieg den Getreidehandel?,Hier finden Sie Informationen zu dem Thema „Ukraine-Krieg“. Lesen Sie jetzt „Schwarzes Meer: Bedroht der Seekrieg den Getreidehandel?“.,https://img.zeit.de/news/2026-07/25/schwarzes-meer-bedroht-der-seekrieg-den-getreidehandel-image-group/wide__1300x731,2026-07-25T05:00:05Z,,"Kiew spricht von einem Seekrieg in der Schwarzmeer-Region und wirft Moskau vor, die Ernährungssicherheit in Teilen der Welt zu gefährden. Täglich gibt es Berichte über Schiffe, die eine der Kriegspar… [+5800 chars]",,de,'Ukraine'
https://www.welt.de/wirtschaft/plus6a634c30fe2765826e0fc132/energiewende-unbezahlbare-windkraft-gas-engpass-der-iran-krieg-trifft-deutschland-mit-voller-wucht.html,https://www.welt.de/wirtschaft/plus6a634c30fe2765826e0fc132/energiewende-unbezahlbare-windkraft-gas-engpass-der-iran-krieg-trifft-deutschland-mit-voller-wucht.html,0,www.welt.de,"Unbezahlbare Windkraft, Gas-Engpass – der Iran-Krieg trifft Deutschland mit voller Wucht","Im Nahen Osten wird der Iran-Krieg zum Flächenbrand. Öl- und Gaspreise ziehen wieder an, die Rückkehr der Inflation droht. Zynischerweise könnte ausgerechnet der Bereich stark gebremst werden, der das Land von fossilen Öl- und Gaslieferungen unabhängig machen…",https://images.welt.de/6a634c30fe2765826e0fc132/e2481db3e45329174b4f72b43ac9c11d-master/ci16x9-w1200/dpa-com-260714-935-1478301-jpg,2026-07-25T05:23:45Z,,"Im Nahen Osten wird der Iran-Krieg zum Flächenbrand. Öl- und Gaspreise ziehen wieder an, die Rückkehr der Inflation droht. Zynischerweise könnte ausgerechnet der Bereich stark gebremst werden, der da… [+85 chars]",,de,'Gas'
https://www.zeit.de/politik/ausland/2026-07/oesterreich-ukraine-eu-beitritt-claudia-bauer,https://www.zeit.de/politik/ausland/2026-07/oesterreich-ukraine-eu-beitritt-claudia-bauer,0,www.zeit.de,Europäische Union: Österreich lehnt zeitnahen EU-Beitritt der Ukraine ab,"Einen »Turbo-Beitritt« zur EU dürfe es für die Ukraine nicht geben, sagt Österreichs Europaministerin. Alle Beitrittskandidaten müssten dieselben Regeln befolgen.",https://img.zeit.de/politik/ausland/2026-07/oesterreich-ukraine-eu-beitritt-claudia-bauer-foto-1/wide__1300x731,2026-07-25T07:50:43Z,,Österreich hat sich gegen einen zeitnahen Beitritt der Ukraine in die Europäische Union ausgesprochen. Europaministerin Claudia Bauer von der konservativen ÖVP übte dabei auch Kritik an Präsident Wol… [+1633 chars],,de,'Ukraine'
https://www.focus.de/politik/deutschland/ganze-wahrheit-zum-start-neuer-grundsicherung-bei-jedem-5-empfaenger-fehlt-der-arbeitswille-komplett_94fae66b-d8fc-47a9-b79e-f2c6d00c180d.html,https://www.focus.de/politik/deutschland/ganze-wahrheit-zum-start-neuer-grundsicherung-bei-jedem-5-empfaenger-fehlt-der-arbeitswille-komplett_94fae66b-d8fc-47a9-b79e-f2c6d00c180d.html,0,www.focus.de,Ganze Wahrheit zum Start neuer Grundsicherung: Bei jedem 5. Empfänger fehlt der Arbeitswille komplett,Bürgergeld wird meist als Frage von Sanktionen diskutiert. Daten zeigen jedoch ein tieferes Problem: Für viele ist Arbeit kein Ziel mehr.,"https://quadro.burda-forward.de/ctf/91ce20d1-9567-4061-92e9-fd22a83ec6bd.f2eb3b67-35e9-4cc8-8878-c44aae880328.jpg?im=RegionOfInterestCrop=(1200,630),regionOfInterest=(2520,833)&hash=0b2891cfe2ee07a2d17855296dbea71e7548f1348e9f8acc69aa08951dc207e1",2026-07-25T08:14:00Z,,"Und sie beginnt stets von Neuem: Die Bürgergeld-Debatte kreist wieder um Förderung, Sanktionen, Hilfsbedürftige und Totalverweigerer. Viele Bürger fragen sich daher, ob der Staat seine Mittel in dies… [+5587 chars]",,de,'Bürgergeld'
https://www.zeit.de/zeit-geschichte/2026/03/britisch-amerikanischer-krieg-1812-ureinwohner,https://www.zeit.de/zeit-geschichte/2026/03/britisch-amerikanischer-krieg-1812-ureinwohner,0,www.zeit.de,Britisch-Amerikanischer Krieg: Expansion nach Westen,1812 schaukeln sich Spannungen zwischen den USA und Großbritannien zu einem neuen Krieg hoch. Ein Konflikt mit Folgen bis heute – und einem klaren Leidtragenden.,https://img.zeit.de/zeit-geschichte/2026/03/expansion-nach-westen-bild-2/wide__1300x731,2026-07-25T08:19:21Z,,"Schließen
Artikelzusammenfassung
Ein fast vergessener Krieg machte aus einer nächtlichen Bombardierung einen nationalen Soundtrack. Aus dem Beschuss von Fort McHenry 1814, den Francis Scott Key als… [+1460 chars]",,de,'Krieg'
https://www.faz.net/aktuell/politik/inland/friedrich-merz-und-die-riskante-kabinettsumbildung-accg-201051248.html,https://www.faz.net/aktuell/politik/inland/friedrich-merz-und-die-riskante-kabinettsumbildung-accg-201051248.html,0,www.faz.net,Kabinettsumbildung: Das trügerische Lächeln des Kanzlers,"Die Personalrochaden sind für Friedrich Merz nicht ohne Risiko. Was früher schlecht war, muss jetzt schnell gut werden, sonst fällt am Ende alles auf ihn zurück.",https://media0.faz.net/image/w1200h627/25bcb409272c/w5000h2612x0y561o/202607/43601.0.2366403250/die-designierte.webp,2026-07-25T09:29:57Z,,"Friedrich Merz stand am Freitag im Garten des Kanzleramtes und sagte, seine Regierung wolle mit größtem Elan und Freude arbeiten. Am Ende rief er: Auf gehts! und verließ im Eilschritt die Szene, zusa… [+11270 chars]",,de,'Friedrich Merz'
https://www.faz.net/aktuell/politik/ausland/kommentar-zu-israels-erdwall-wenig-hoffnung-fuer-palaestinenser-201053533.html,https://www.faz.net/aktuell/politik/ausland/kommentar-zu-israels-erdwall-wenig-hoffnung-fuer-palaestinenser-201053533.html,0,www.faz.net,Erdwall Israels: Neue Grenzen in Gaza,Im Schatten des Irankriegs nimmt Israel immer größere Teile des Küstenstreifens ein. Den Palästinensern bleibt wenig Anlass zur Hoffnung.,https://media0.faz.net/image/w1200h627/6535135bddd1/w5810h3035x0y116o/202607/43601.0.2356654541/satellitenaufnahme-des-von.webp,2026-07-25T09:30:11Z,,"Seit Monaten warnen Beobachter, dass Israel im Gazastreifen eine neue Grenze errichten wolle. Aus den Befürchtungen scheint inzwischen Realität geworden zu sein. Satellitenbilder zeigen einen 22 Kilo… [+3064 chars]",,de,'Benjamin Netanjahu'
https://www.faz.net/aktuell/wirtschaft/unternehmen/hilton-trennt-sich-von-frankfurter-hotels-wegen-ali-ansari-accg-201064511.html,https://www.faz.net/aktuell/wirtschaft/unternehmen/hilton-trennt-sich-von-frankfurter-hotels-wegen-ali-ansari-accg-201064511.html,0,www.faz.net,Iran-Verbindung: Hilton wirft Frankfurter Luxus-Hotels raus,"Der Eigentümer zweier Hotels in Hessen ist ein Iraner mit engen Beziehungen zum Mullah-Regime. Nachdem die US-Regierung gegen ihn Sanktionen verhängt hat, zieht der Hilton-Konzern die Reißleine.",https://media0.faz.net/image/w1200h627/b24cdd5d0b58/w11860h6196x638y237o/202607/43601.0.2369730801/das-hilton-hotel-frankfurt.webp,2026-07-25T10:36:55Z,,"Der amerikanische Hilton-Konzern bereitet nach Informationen der F.A.Z. eine Auflösung der Verträge mit zwei Frankfurter Luxushotels vor, nachdem deren iranischer Eigentümer vom US-Finanzministerium … [+5780 chars]",,de,'Iran'
https://www.zeit.de/politik/deutschland/2026-07/friedrich-merz-patrick-schnieder-verkehrsminister-entlassung-cdu,https://www.zeit.de/politik/deutschland/2026-07/friedrich-merz-patrick-schnieder-verkehrsminister-entlassung-cdu,0,www.zeit.de,Entlassung von Patrick Schnieder: Ex-Kanzleramtschef Peter Altmaier kritisiert Friedrich Merz,Der Umgang mit Patrick Schnieder mache ihn »betroffen und wütend«: Peter Altmaier kritisiert Bundeskanzler Merz für die Entlassung von Verkehrsminister Schnieder.,https://img.zeit.de/politik/deutschland/2026-07/friedrich-merz-patrick-schnieder-verkehrsminister-entlassung-cdu-foto-1/wide__1300x731,2026-07-25T11:00:39Z,,Der ehemalige Bundesminister und Kanzleramtschef Peter Altmaier hat den Umgang von Bundeskanzler Friedrich Merz mit Bundesverkehrsminister Patrick Schnieder (alle CDU) scharf kritisiert. »Der Umgang … [+1091 chars],,de,'Friedrich Merz'
https://www.tagesschau.de/ausland/europa/ukraine-russland-240.html,https://www.tagesschau.de/ausland/europa/ukraine-russland-240.html,0,www.tagesschau.de,Viele Opfer bei gegenseitigen Angriffen zwischen Russland und der Ukraine,"Russland und die Ukraine greifen sich weiter gegenseitig an - mit Todesopfern und verletzten auf beiden Seiten. Kiew meldet zudem erneut Angriffe auf Ölanlagen, die teilweise tief im russischen Hinterland liegen.",https://images.tagesschau.de/image/9d85472f-067b-4574-b748-0de02c69ed43/AAABn5lq0Mc/AAABnSSvrFg/16x9-big/truemmerfeld-100.jpg?width=1280,2026-07-25T14:11:32Z,,"Stand: 25.07.2026 16:11 Uhr
Russland und die Ukraine greifen sich weiter gegenseitig an - mit Todesopfern und verletzten auf beiden Seiten. Kiew meldet zudem erneut Angriffe auf Ölanlagen, die teilw… [+2717 chars]",,de,'Ukraine'
https://www.welt.de/politik/ausland/article6a64c9922d42c378bab76849/ukraine-krieg-eine-schande-junge-menschen-sterben-putin-verbuendeter-fordert-ploetzlich-stopp-der-kaempfe.html,https://www.welt.de/politik/ausland/article6a64c9922d42c378bab76849/ukraine-krieg-eine-schande-junge-menschen-sterben-putin-verbuendeter-fordert-ploetzlich-stopp-der-kaempfe.html,0,www.welt.de,"„Eine Schande, junge Menschen sterben“ – Putin-Verbündeter fordert Stopp des Ukraine-Kriegs",Überraschender Appell von einem russischen Verbündeten: Der kasachische Präsident drängt Wladimir Putin bei einem Besuch in Russland zu einem Einfrieren des Ukraine-Kriegs und warnt vor dem anhaltenden Sterben junger Soldaten.,https://images.welt.de/6a64c9922d42c378bab76849/3ae7c7f890b3cafa0291bf0b8e000b96-master/ci16x9-w1200/apdpa-0f06639f94c64ab690f21725e0fccfb1-jpg,2026-07-25T15:00:39Z,,Überraschender Appell von einem russischen Verbündeten: Der kasachische Präsident drängt Wladimir Putin bei einem Besuch in Russland zu einem Einfrieren des Ukraine-Kriegs und warnt vor dem anhaltend… [+2467 chars],,de,'Ukraine'
https://www.faz.net/aktuell/politik/ausland/warum-sich-iran-den-usa-nicht-beugt-accg-201050439.html,https://www.faz.net/aktuell/politik/ausland/warum-sich-iran-den-usa-nicht-beugt-accg-201050439.html,0,www.faz.net,Krieg mit den USA: Irans Schattenarmee ist nicht erledigt,Die Kriege in Nahost haben die „Achse des Widerstands“ geschwächt. Doch im Ringen mit den USA und Israel kann Teheran bis heute auf getreue arabische Milizen setzen – vor allem auf die Huthi.,https://media0.faz.net/image/w1200h627/d5d13a1d0e83/w5400h2821x0y457o/202606/43601.0.2226746616/huthi-anhaenger-in-jemens.webp,2026-07-25T16:30:29Z,,"An ein Einlenken scheint das iranische Regime nicht zu denken. Trotz heftiger amerikanischer Luftangriffe tönten die Revolutionswächter vor einigen Tagen in einer Erklärung, sie würden den Vereinigte… [+13427 chars]",,de,'Krieg'
https://www.zeit.de/politik/ausland/2026-07/susanne-weigelin-schwiedrzik-sinologie-iran-krieg-china,https://www.zeit.de/politik/ausland/2026-07/susanne-weigelin-schwiedrzik-sinologie-iran-krieg-china,0,www.zeit.de,"Susanne Weigelin-Schwiedrzik: »China will auf keinen Fall, dass der Iran diesen Krieg verliert«","China unterstützt den Iran indirekt auch militärisch, sagt die Sinologin Susanne Weigelin-Schwiedrzik. Aber klar auf der Seite des Iran steht Xi Jinping keineswegs.",https://img.zeit.de/politik/ausland/2026-07/susanne-schweigelin-schwirziyk-sinologie-iran-krieg-china-bild-5/wide__1300x731,2026-07-25T18:32:05Z,,"Schließen
Artikelzusammenfassung
China hält den Iran ökonomisch über Wasser. Susanne Weigelin-Schwiedrzik beschreibt, wie kleine chinesische Raffinerien trotz Sanktionen den Großteil der iranischen… [+1343 chars]",,de,'Krieg'
https://www.zeit.de/news/2026-07/26/bauernverband-biogasbranche-vor-tiefgreifendem-umbruch,https://www.zeit.de/news/2026-07/26/bauernverband-biogasbranche-vor-tiefgreifendem-umbruch,0,www.zeit.de,Erneuerbare Energien: Bauernverband: Biogasbranche vor tiefgreifendem Umbruch,Hier finden Sie Informationen zu dem Thema „Erneuerbare Energien“. Lesen Sie jetzt „Bauernverband: Biogasbranche vor tiefgreifendem Umbruch“.,https://img.zeit.de/news/2026-07/26/bauernverband-biogasbranche-vor-tiefgreifendem-umbruch-image-group/wide__1300x731,2026-07-26T03:00:09Z,,Der Bauernverband Mecklenburg-Vorpommern hat angesichts auslaufender Förderfristen verlässliche Rahmenbedingungen für die Betreiber von Biogasanlagen gefordert. Das Gros der 546 Biogasanlagen in MV s… [+1778 chars],,de,'Energie'
https://stadt-bremerhaven.de/immer-wieder-sonntags-kw-30-tankrabatt-fritz-service-und-dns-filter-paperless-und-neue-banknoten/,https://stadt-bremerhaven.de/immer-wieder-sonntags-kw-30-tankrabatt-fritz-service-und-dns-filter-paperless-und-neue-banknoten/,0,stadt-bremerhaven.de,"Immer wieder sonntags KW 30: Tankrabatt, FRITZ!-Service und DNS-Filter, Paperless und neue Banknoten","Moin zusammen! Der Juli 2026 neigt sich dem Ende zu, aber die Nachrichten-Pipeline ist weiterhin prall gefüllt. In den letzten Tagen gab es einige interessante Themen:...Zum Beitrag: Immer wieder sonntags KW 30: Tankrabatt, FRITZ!-Service und DNS-Filter, Pape…",https://stadt-bremerhaven.de/wp-content/uploads/2026/07/blackfb.jpg,2026-07-26T04:30:57Z,,"Moin zusammen! Der Juli 2026 neigt sich dem Ende zu, aber die Nachrichten-Pipeline ist weiterhin prall gefüllt. In den letzten Tagen gab es einige interessante Themen: FRITZ! wagt sich mit FRITZ!OS a… [+3759 chars]",,de,'Pipeline'
https://www.n-tv.de/politik/Geschasster-Verteidigungsminister-Fedorow-mausert-sich-zu-Selenskyjs-Konkurrenten-id31122642.html,https://www.n-tv.de/politik/Geschasster-Verteidigungsminister-Fedorow-mausert-sich-zu-Selenskyjs-Konkurrenten-id31122642.html,0,www.n-tv.de,Auftrieb durch Regierungskrise: Geschasster Verteidigungsminister mausert sich zu Selenskyjs Konkurrenten,"Präsident Selenskyj strebt eine zweite Amtszeit an. Noch ist Krieg, aber die Konkurrenten für künftige Wahlen stehen schon in den Startlöchern. Zu ihnen gesellt sich nun auch der entlassene Verteidigungsminister - dabei waren Fedorow noch vor Kurzem Selenskyj…",https://www.n-tv.de/img/31122733/1784908724/Img_16_9/1200/Ukraine-s-President-Volodymyr-Zelenskyy-shakes-hands-with-Ukraine-Defence-Minister-Mykhailo-Fedorow-during-a-signing-ceremony-at-the-German-Ukrainian-government-consultations-in-Berlin-Germany-Tuesday-April-14-2026.jpg,2026-07-26T04:58:59Z,,"Fedorow (l.) war einer der talentiertesten Manager in Selenskyjs Team. (Foto: picture alliance / ASSOCIATED PRESS)
Präsident Selenskyj strebt eine zweite Amtszeit an. Noch ist Krieg, aber die Konkur… [+7172 chars]",,de,'Saporischschja'
https://www.faz.net/aktuell/wirtschaft/klima-nachhaltigkeit/dihk-energiewende-barometer-viele-unternehmen-fuerchten-negative-auswirkungen-accg-201062534.html,https://www.faz.net/aktuell/wirtschaft/klima-nachhaltigkeit/dihk-energiewende-barometer-viele-unternehmen-fuerchten-negative-auswirkungen-accg-201062534.html,0,www.faz.net,DIHK-Umfrage: Viele Unternehmen fürchten negative Auswirkungen der Energiewende,Gestiegene Stromkosten und Abwanderungspläne: Die deutsche Industrie sieht die Energiewende kritisch. Doch die Wahrnehmung unterscheidet sich deutlich zwischen Branchen und Bundesländern.,https://media0.faz.net/image/w1200h627/16cb9af58b79/w4032h2106x0y307o/202607/43601.0.2345272025/gelaende-in-salzgitter-die.webp,2026-07-26T08:25:30Z,,"Viele Unternehmen vermuten, dass sich die Energiewende negativ auf die eigene Wettbewerbsfähigkeit auswirkt. Das zeigt das neue Energiewende-Barometer der Deutschen Industrie- und Handelskammer (DIHK… [+2877 chars]",,de,'Gas'
https://www.n-tv.de/politik/Selenskyj-Russland-will-30-000-weitere-Soldaten-aus-Nordkorea-fuer-Ukraine-Krieg-einsetzen-id31126032.html,https://www.n-tv.de/politik/Selenskyj-Russland-will-30-000-weitere-Soldaten-aus-Nordkorea-fuer-Ukraine-Krieg-einsetzen-id31126032.html,0,www.n-tv.de,30.000 Mann angefordert: Selenskyj: Russland will weitere Soldaten aus Nordkorea einsetzen,"Die eigenen Soldaten reichen nicht, deshalb setzt Russland auf Unterstützung aus Nordkorea. Kiew teilt nun mit, der Kreml habe weitere Zehntausende Soldaten angefordert. Doch auch Militärtechnik solle geliefert werden.",https://www.n-tv.de/img/31126018/1785061400/Img_16_9/1200/Russian-President-Vladimir-Putin-shakes-hands-with-North-Korean-Foreign-Minister-Choe-Son-Hui-during-a-meeting-at-the-Kremlin-in-Moscow-Russia-July-19-2026-Sputnik-Alexander-Shcherbak-Pool-via-REUTERS-ATTENTION-EDITORS-THIS-IMAGE-WAS-PROVIDED-BY-A-THIRD-PARTY.jpg,2026-07-26T08:57:03Z,,"Russlands Machthaber Wladimir Putin empfing die nordkoreanische Außenministerin Choe Son Hui sogar persönlich. (Foto: via REUTERS)
Die eigenen Soldaten reichen nicht, deshalb setzt Russland auf Unte… [+1782 chars]",,de,'Unterstützung'
https://www.zeit.de/news/2026-07/26/iran-droht-usa-mit-ausweitung-des-konflikts,https://www.zeit.de/news/2026-07/26/iran-droht-usa-mit-ausweitung-des-konflikts,0,www.zeit.de,Iran-Krieg: Iran droht USA mit Ausweitung des Konflikts,Hier finden Sie Informationen zu dem Thema „Iran-Krieg“. Lesen Sie jetzt „Iran droht USA mit Ausweitung des Konflikts“.,https://img.zeit.de/news/2026-07/26/iran-droht-usa-mit-ausweitung-des-konflikts-image-group/wide__1300x731,2026-07-26T09:00:32Z,,"Irans Armeesprecher Amir Akraminia droht mit einer Ausweitung des Kriegsgebiets, falls die USA ihre Luftangriffe fortsetzen sollten. Unter Verweis auf Angriffe der jemenitischen Huthi-Miliz auf Schif… [+932 chars]",,de,'Iran'
https://www.focus.de/panorama/welt/metha-62-kaempft-darum-ihre-energierechnung-zu-bezahlen-kann-nicht-einfach-mal-eben-10-euro-mehr-zahlen_4074df43-e114-4dfc-92a2-fb573ad677f2.html,https://www.focus.de/panorama/welt/metha-62-kaempft-darum-ihre-energierechnung-zu-bezahlen-kann-nicht-einfach-mal-eben-10-euro-mehr-zahlen_4074df43-e114-4dfc-92a2-fb573ad677f2.html,0,www.focus.de,"Metha (62) kämpft darum, ihre Energierechnung zu bezahlen: „Kann nicht einfach mal eben 10 Euro mehr zahlen”","Mit nur 70 Euro pro Woche muss Metha Visser auskommen. Aus Angst vor hohen Rechnungen friert sie, spart beim Duschen und benutzt den Herd so wenig wie möglich.","https://quadro.burda-forward.de/ctf/b89a9fb0-11af-4f8e-bb87-b9cfbd520c08.c74c6788-af1b-40d9-b476-91411bfe66aa.jpg?im=RegionOfInterestCrop=(1200,630),regionOfInterest=(1873,1180)&hash=a19b76247fe80bfcabf29c98f815ef2fe12e2d751010b38707fdd198e4459bd7",2026-07-26T10:10:00Z,,"In den Niederlanden leben rund 500.000 Haushalte in Energiearmut. Wie das Algemeen Dagblad berichtet, wird dies am Fall von Metha Visser aus Veldhoven besonders deutlich. Die 62-Jährige zahlt für ihr… [+2389 chars]",,de,'Winter'
https://www.tagesschau.de/wirtschaft/krise-kriege-kreuzfahrten-boom-boerse-100.html,https://www.tagesschau.de/wirtschaft/krise-kriege-kreuzfahrten-boom-boerse-100.html,0,www.tagesschau.de,Kreuzfahrt-Boom hält trotz Iran-Krieg und Wirtschaftsflaute an,"Trübere Aussichten für die Wirtschaft, teurere Energie und globale Unruhen können der Kreuzfahrt-Branche wenig anhaben. Verbände rechnen mit Passagier-Rekorden. Doch es gibt Risiken. Von Heidi Radvilas.",https://images.tagesschau.de/image/777a7002-82ff-411b-a242-260e4609294e/AAABn1pmXPo/AAABnSSvrFg/16x9-big/kreuzfahrt-166.jpg?width=1280,2026-07-26T10:29:56Z,,"Stand: 26.07.2026 12:29 Uhr
Trübere Aussichten für die Wirtschaft, teurere Energie und globale Unruhen können der Kreuzfahrt-Branche wenig anhaben. Verbände rechnen mit Passagier-Rekorden. Doch es g… [+7239 chars]",,de,'Energie'
https://www.faz.net/aktuell/politik/ausland/liveblog-irankrieg-iran-droht-mit-ausweitung-des-kriegsgebiets-faz-200583539.html,https://www.faz.net/aktuell/politik/ausland/liveblog-irankrieg-iran-droht-mit-ausweitung-des-kriegsgebiets-faz-200583539.html,0,www.faz.net,Liveblog Irankrieg: Iran droht mit Ausweitung des Kriegsgebiets,Im Falle weiterer US-Luftangriffe +++ Saudi-Koalition greift Huthi-Ziele im Jemen an +++ Bericht: Bahrain und Kuwait flogen Vergeltungsangriffe gegen Iran +++ alle Entwicklungen im Liveblog,https://media0.faz.net/image/w1200h627/6182311f2d25/w4026h2103x0y527o/202607/43601.0.2372371803/iranische-zolfaghar-raketen.webp,2026-07-26T11:01:38Z,,Bahrain und Kuwait haben Recherchen des Wall Street Journals zufolge Anfang des Monats erstmals Vergeltungsangriffe mit eigenen Kampfflugzeugen auf Ziele in Iran ausgeführt. Die Angriffe hätten unter… [+1288 chars],,de,'Krieg'
https://www.faz.net/aktuell/politik/ausland/liveblog-irankrieg-iranische-medien-oeltanker-in-der-strasse-von-hormus-explodiert-faz-200583539.html,https://www.faz.net/aktuell/politik/ausland/liveblog-irankrieg-iranische-medien-oeltanker-in-der-strasse-von-hormus-explodiert-faz-200583539.html,0,www.faz.net,Liveblog Irankrieg: Iranische Medien: Öltanker in der Straße von Hormus explodiert,Schiff sei auf Seemine aufgelaufen +++ Iran droht mit Ausweitung des Kriegsgebiets +++ Saudi-Koalition greift Huthi-Ziele im Jemen an +++ alle Entwicklungen im Liveblog,https://media0.faz.net/image/w1200h627/5d50ceb22afb/w3000h1567x0y216o/202607/43601.0.2370697724/frachtschiffe-liegen-am-25-7.webp,2026-07-26T12:40:56Z,,Iran hat am Sonntag Fortschritte bei den Gesprächen mit dem Oman über die Verwaltung der für den Welthandel wichtigen Straße von Hormus verkündet. Mehrere Verhandlungsrunden zwischen den stellvertret… [+667 chars],,de,'Iran'
https://www.faz.net/aktuell/politik/ukraine/ukraine-liveticker-tote-in-der-ukraine-und-russland-nach-angriffen-faz-110683325.html,https://www.faz.net/aktuell/politik/ukraine/ukraine-liveticker-tote-in-der-ukraine-und-russland-nach-angriffen-faz-110683325.html,0,www.faz.net,Liveblog Ukrainekrieg: Tote in der Ukraine und Russland nach Angriffen,Mindestens zwei Tote in Charkiw und Saporischschja +++ Iran verurteilt ukrainischen Angriff auf Frachter +++ Ukraine lässt Elektromotorrad für die Front zu +++ alle Neuigkeiten im Liveblog,https://media0.faz.net/image/w1200h627/5f2fd8c4f8fb/w6000h3135x0y433o/202607/43601.0.2373055710/rettungskraefte-tragen-am-26-7.webp,2026-07-26T12:46:40Z,,Bei einem russischen Raketenangriff auf die Region Kiew sind mindestens zehn Menschen getötet und fast 100 weitere Menschen verletzt worden. Der Angriff mit einer ballistischen Rakete traf demnach ei… [+1288 chars],,de,'Iran'
https://orf.at/stories/3437336/,https://orf.at/stories/3437336/,0,orf.at,Iran setzt Angriffe nach Stopp durch USA aus,,https://orf.at/mojo/1_4_1/storyserver//news/common/images/og-fallback-news.png,2026-07-26T13:51:19Z,,"Im Krieg mit dem Iran hat das US-Militär zwei Nächte in Folge keine Ziele mehr in dem Land angegriffen. Die iranische Armee kündigte daraufhin heute an, ihre Attacken in der Region ebenfalls einzuste… [+1824 chars]",,de,'Benjamin Netanjahu'
https://www.n-tv.de/politik/USA-setzen-Iran-Angriffe-zwei-Naechte-in-Folge-aus-id31126950.html,https://www.n-tv.de/politik/USA-setzen-Iran-Angriffe-zwei-Naechte-in-Folge-aus-id31126950.html,0,www.n-tv.de,Sorge um Waffenbestände?: USA setzen Iran-Angriffe zwei Nächte in Folge aus,Nach vorheriger tagelanger Eskalation stoppt die US-Armee überraschend ihren Beschuss auf den Iran. US-Medien zufolge sollen US-Vizepräsident Vance und US-General Caine Bedenken wegen der Militärbestände geäußert haben. Teheran reagiert abwartend.,https://www.n-tv.de/img/31127031/1785083019/Img_16_9/1200/Iranian-Zulfiqar-road-mobile-ballistic-missiles-are-displayed-during-a-pro-government-demonstration-in-Tehran-Iran-on-Friday-July-24-2026-U-S-and-Iran-traded-attacks-for-the-13th-night-in-a-row-with-few-signs-of-either-side-returning-to-negociations.jpg,2026-07-26T15:18:51Z,,"Der Iran präsentiert ballistische Raketen auf einer regierungsfreundlichen Demonstration in Teheran. (Foto: picture alliance / newscom)
Nach vorheriger tagelanger Eskalation stoppt die US-Armee über… [+2582 chars]",,de,'Benjamin Netanjahu'
https://www.faz.net/aktuell/politik/ukraine/fedorow-und-drapatyj-als-chance-fuer-die-ukraine-201064656.html,https://www.faz.net/aktuell/politik/ukraine/fedorow-und-drapatyj-als-chance-fuer-die-ukraine-201064656.html,0,www.faz.net,Personalwechsel in Kiew: Eine Chance für die Ukraine,"Die Personalwechsel hat Selenskyj nicht angestoßen, er wurde dazu getrieben. Schon das zeigt den Unterschied zu Moskau. Jetzt kann er sie zum Vorteil des Landes nutzen.",https://media0.faz.net/image/w1200h627/043e847d844c/w2000h1045x0y78o/202607/43601.0.2361069767/verteidigungsminister-jewhen.webp,2026-07-26T15:19:40Z,,"Die jüngsten politischen Ereignisse in der Ukraine haben wachen Beobachtern vor Augen geführt, wie groß der Unterschied zu Russland ist. Wer in Moskau gegen eine Entscheidung Putins auf die Straße ge… [+4482 chars]",,de,'Ukraine'
https://www.faz.net/aktuell/sport/mehr-sport/ukrainer-radomyr-stelmakh-nun-deutscher-kunstturn-meister-accg-201065777.html,https://www.faz.net/aktuell/sport/mehr-sport/ukrainer-radomyr-stelmakh-nun-deutscher-kunstturn-meister-accg-201065777.html,0,www.faz.net,Finals Hannover: Glücklich in zweiter Heimat,"Radomyr Stelmakh wird  2024 Europameister mit der Ukraine, nun ist er deutscher Meister. Wieso er einer einjährigen Sperre entging und was den SC Cottbus mit der Ukraine verbindet.",https://media0.faz.net/image/w1200h627/154e724b2a80/w6000h3135x0y422o/202607/43601.0.2364001383/neuer-deutscher-meister-im.webp,2026-07-26T17:29:44Z,,"Take the risk or lose the chance so lautet das Motto, das der neue deutsche Mehrkampfmeister Radomyr Stelmakh seinem Porträt auf der Homepage des Deutschen Turner-Bundes vorangestellt hat. Frei übers… [+5994 chars]",,de,'Saporischschja'
https://www.bild.de/politik/ausland-und-internationales/putin-will-weitere-30-000-nordkoreaner-im-ukraine-krieg-verheizen-6a668472fe2765826e0fe57f,https://www.bild.de/politik/ausland-und-internationales/putin-will-weitere-30-000-nordkoreaner-im-ukraine-krieg-verheizen-6a668472fe2765826e0fe57f,0,www.bild.de,Laut Geheimdienst - Putin will weitere 30.000 Nordkoreaner verheizen,Kiew – Russland will offenbar weitere 30.000 Nordkoreaner in seinem Angriffskrieg gegen die Ukraine einsetzen. Das berichten ukrainische Geheimdienst-Que...,"https://images.bild.de/6a668472fe2765826e0fe57f/47ba9e8256d751b88d812ce18b0f31b8,cbe3d145?w=1280",2026-07-26T22:50:03Z,,TTS-Player überspringenArtikel weiterlesenKiew Russland will offenbar weitere 30.000 Nordkoreaner in seinem Angriffskrieg gegen die Ukraine einsetzen. Das berichten ukrainische Geheimdienst-Quellen. … [+1855 chars],,de,'heizen'
https://www.zeit.de/news/2026-07/27/oelpreis-faellt-nach-us-angriffspause-im-iran-deutlich,https://www.zeit.de/news/2026-07/27/oelpreis-faellt-nach-us-angriffspause-im-iran-deutlich,0,www.zeit.de,Märkte: Ölpreis fällt nach US-Angriffspause im Iran deutlich,Hier finden Sie Informationen zu dem Thema „Märkte“. Lesen Sie jetzt „Ölpreis fällt nach US-Angriffspause im Iran deutlich“.,https://img.zeit.de/news/2026-07/27/oelpreis-faellt-nach-us-angriffspause-im-iran-deutlich-image-group/wide__1300x731,2026-07-27T02:29:43Z,,Nach dem Ende der US-Angriffsserie im Iran hat der Ölpreis zu Wochenbeginn deutlich nachgegeben. Der Preis für Rohöl der Referenzsorte Brent lag zeitweise bei ungefähr 92 US-Dollar je Barrel (159 Lit… [+1219 chars],,de,'Iran'
https://www.zeit.de/politik/deutschland/2026-07/cdus-generalsekretaerin-franziska-hoppermann-friedrich-merz-carsten-linnemann,https://www.zeit.de/politik/deutschland/2026-07/cdus-generalsekretaerin-franziska-hoppermann-friedrich-merz-carsten-linnemann,0,www.zeit.de,CDU: Franziska Hoppermann soll CDU-Generalsekretärin werden,Die CDU-Bundesschatzmeisterin Hoppermann folgt auf Carsten Linnemann. Friedrich Merz hat sie für das Amt der Generalsekretärin nominiert.,https://img.zeit.de/politik/deutschland/2026-07/cdus-generalsekretaerin-franziska-hoppermann-friedrich-merz-carsten-linnemann-foto-1/wide__1300x731,2026-07-27T08:57:33Z,,"Die Bundestagsabgeordnete und bisherige Schatzmeisterin der CDU, Franziska Hoppermann, soll neue Generalsekretärin der Partei werden. Bundeskanzler und CDU-Chef Friedrich Merz schlug Hoppermann in ei… [+394 chars]",,de,'Friedrich Merz'
https://www.tagesspiegel.de/internationales/angriffe-sollen-ineffektiv-gewesen-sein-us-top-kommandeur-soll-trump-abbruch-der-hormus-bombardierungen-empfohlen-haben-15884684.html,https://www.tagesspiegel.de/internationales/angriffe-sollen-ineffektiv-gewesen-sein-us-top-kommandeur-soll-trump-abbruch-der-hormus-bombardierungen-empfohlen-haben-15884684.html,0,www.tagesspiegel.de,Angriffe sollen ineffektiv gewesen sein: US-Top-Kommandeur soll Trump Abbruch der Hormus-Bombardierungen empfohlen haben,"Seit drei Nächten bombardiert das US-Militär den Iran und die Straße von Hormus nicht mehr. Dabei hatte Trump noch erwogen, die Attacken auszuweiten. Offenbar beeinflusste ein Top-Kommandeur ihn maßgeblich.",https://www.tagesspiegel.de/images/15385796/alternates/BASE_16_9_W1400/1774105531000/us-defense-secretary-pete-hegseth-and-centcom-commander-admiral-brad-cooper-hold-a-news-conference.jpeg,2026-07-27T09:23:21Z,,"Der oberste US-Kommandeur für den Nahen Osten, Admiral Brad Cooper, soll eine entscheidende Rolle beim vorläufigen Abbruch der US-Angriffe auf den Iran und die Straße von Hormus gespielt haben. Wie d… [+5953 chars]",,de,'Iran'
https://www.faz.net/aktuell/finanzen/jetzt-berechnen-was-lohnt-sich-fuer-mich-studium-oder-ausbildung-200902295.html,https://www.faz.net/aktuell/finanzen/jetzt-berechnen-was-lohnt-sich-fuer-mich-studium-oder-ausbildung-200902295.html,0,www.faz.net,Karrierewege-Rechner: Wann sich ein Studium finanziell wirklich lohnt,"Ein Studium bedeutet nicht automatisch mehr Gehalt. Außerdem kostet es – vor allem Zeit, in der andere bereits verdienen, sparen und Zinsen kassieren. Wie lange es dauert, diesen Vermögensvorsprung einzuholen, zeigt unser Rechner.",https://media0.faz.net/image/w1200h627/7fe361d89f26/w1865h974x168y37o/202606/c80daa94-29aa-49b1-addb-43eb6a1c5fcf/se0tpxzbzvn9.webp,2026-07-27T09:34:26Z,,"Von CAROLINE BECKER, RAHEL GOLUB, SARAH WEHRLIN, SARAH HUEMER und PATRICK BERNAU
27. Juli 2026 · Wer studiert, verdient später meist mehr. Wer eine Ausbildung macht, bekommt schneller eigenes Geld. … [+1413 chars]",,de,'sparen'
https://www.zeit.de/news/2026-07/27/pakistan-sieht-indizien-fuer-us-bodenoffensive-im-iran,https://www.zeit.de/news/2026-07/27/pakistan-sieht-indizien-fuer-us-bodenoffensive-im-iran,0,www.zeit.de,Iran-Krieg: Pakistan sieht Indizien für US-Bodenoffensive im Iran,Hier finden Sie Informationen zu dem Thema „Iran-Krieg“. Lesen Sie jetzt „Pakistan sieht Indizien für US-Bodenoffensive im Iran“.,https://img.zeit.de/news/2026-07/27/pakistan-sieht-indizien-fuer-us-bodenoffensive-im-iran-image-group/wide__1300x731,2026-07-27T12:04:58Z,,Mehr als fünf Monate nach Beginn des Iran-Kriegs halten gut informierte Quellen aus Pakistan eine limitierte US-Bodenoffensive für immer wahrscheinlicher. Die Bewertung pakistanischer Geheimdienste s… [+1622 chars],,de,'Krieg'
https://www.zeit.de/politik/deutschland/2026-07/friedrich-merz-ueberwachung-gefaehrder-ortung-csd-anschlag,https://www.zeit.de/politik/deutschland/2026-07/friedrich-merz-ueberwachung-gefaehrder-ortung-csd-anschlag,0,www.zeit.de,Friedrich Merz: Bundeskanzler kritisiert fehlende Befugnisse der Sicherheitsbehörden,"Er könne nicht verstehen, wieso er selbst jederzeit sein iPad orten könne, aber die Polizei keine Gefährder, sagt Friedrich Merz. Der Rechtsstaat müsse hier durchgreifen.",https://img.zeit.de/politik/ausland/2026-07/friedrich-merz-ueberwachung-gefaehrder-ortung-csd-anschlag-foto-1/wide__1300x731,2026-07-27T12:08:45Z,,"Bundeskanzler Friedrich Merz (CDU) hat sich für umfassendere Möglichkeiten zur Überwachung sogenannter Gefährder ausgesprochen. Er frage sich, ob man den Anschlag auf den CSD mit einer anderen Gesetz… [+1742 chars]",,de,'Friedrich Merz'
https://www.focus.de/politik/ausland/trump-stoppte-iran-angriffe-auf-empfehlung-von-us-kommandeur_0b6be90a-7204-421f-8532-ef82880df9b8.html,https://www.focus.de/politik/ausland/trump-stoppte-iran-angriffe-auf-empfehlung-von-us-kommandeur_0b6be90a-7204-421f-8532-ef82880df9b8.html,0,www.focus.de,Trump stoppte Iran-Angriffe auf Empfehlung von US-Kommandeur,"Seit drei Nächten bombardiert das US-Militär den Iran und die Straße von Hormus nicht mehr. Dabei hatte Trump noch erwogen, die Attacken auszuweiten. Offenbar beeinflusste ein Top-Kommandeur ihn maßgeblich.","https://quadro.burda-forward.de/ctf/6e0e16a4-9d73-49f4-a1f6-5f0ef18835b3.3e528e4b-5981-4eec-960c-c0abc1d72d7c.png?im=RegionOfInterestCrop=(1200,630),regionOfInterest=(459,304)&hash=dd2fad3e484c2895e82dc14f5fca3195b0f2f0c41dfbde84abfda5b5a09c6d6b",2026-07-27T12:52:00Z,,"Der oberste US-Kommandeur für den Nahen Osten, Admiral Brad Cooper, soll eine entscheidende Rolle beim vorläufigen Abbruch der US-Angriffe auf den Iran und die Straße von Hormus gespielt haben. 
US-… [+6156 chars]",,de,'Iran'
https://www.zeit.de/news/2026-07/27/besuch-bei-freund-trump-was-sich-netanjahu-erhofft,https://www.zeit.de/news/2026-07/27/besuch-bei-freund-trump-was-sich-netanjahu-erhofft,0,www.zeit.de,Iran-Krieg: Besuch bei «Freund» Trump - was sich Netanjahu erhofft,Hier finden Sie Informationen zu dem Thema „Iran-Krieg“. Lesen Sie jetzt „Besuch bei «Freund» Trump - was sich Netanjahu erhofft“.,https://img.zeit.de/news/2026-07/27/besuch-bei-freund-trump-was-sich-netanjahu-erhofft-image-group/wide__1300x731,2026-07-27T12:58:11Z,,"Vor dem Treffen mit US-Präsident Donald Trump am Dienstag gibt Israels Ministerpräsident Benjamin Netanjahu nur vage Hinweise darauf, worüber er mit Israels «Freund» in Washington sprechen will. Es w… [+4837 chars]",,de,'Benjamin Netanjahu'
https://www.tagesspiegel.de/internationales/iran-krieg-besuch-bei-freund-trump-was-sich-netanjahu-erhofft-15885967.html,https://www.tagesspiegel.de/internationales/iran-krieg-besuch-bei-freund-trump-was-sich-netanjahu-erhofft-15885967.html,0,www.tagesspiegel.de,Iran-Krieg: Besuch bei „Freund“ Trump - was sich Netanjahu erhofft,Israels Ministerpräsident Netanjahu reist nach Washington und will dort mit US-Präsident Trump vor allem über den Iran-Krieg reden. Aber wird der ein offenes Ohr haben?,https://www.tagesspiegel.de/images/15885966/alternates/BASE_16_9_W1400/1785157150000/benjamin-netanjahu-und-donald-trump.jpeg,2026-07-27T12:59:10Z,,"Vor dem Treffen mit US-Präsident Donald Trump am Dienstag gibt Israels Ministerpräsident Benjamin Netanjahu nur vage Hinweise darauf, worüber er mit Israels Freund in Washington sprechen will. Es wer… [+4883 chars]",,de,'Benjamin Netanjahu'
https://www.zeit.de/wirtschaft/2026-07/oelpreise-brent-wti-usa-iran-rohstoffmarkt,https://www.zeit.de/wirtschaft/2026-07/oelpreise-brent-wti-usa-iran-rohstoffmarkt,0,www.zeit.de,Ölpreise: Hoffnung auf Gespräche zwischen USA und Iran lässt Ölpreis sinken,Das Aussetzen der Angriffe zwischen den USA und dem Iran hat zum größten Ölpreisrückgang an einem Tag seit Mai geführt. Analysten zeigten sich aber skeptisch.,https://img.zeit.de/wirtschaft/2026-07/oelpreise-brent-wti-usa-iran-rohstoffmarkt-foto-1/wide__1300x731,2026-07-27T13:13:43Z,,Die Aussicht auf eine Fortsetzung der Friedensgespräche zwischen den USA und dem Iran hat für kräftige Preisrückgänge am Ölmarkt gesorgt. Der Preis für die Nordsee-Rohölsorte Brent sank um fast acht … [+973 chars],,de,'Iran'
https://www.zeit.de/news/2026-07/27/ihk-unternehmen-sehen-klimaziel-gefaehrdet,https://www.zeit.de/news/2026-07/27/ihk-unternehmen-sehen-klimaziel-gefaehrdet,0,www.zeit.de,Erneuerbare Energien: IHK: Unternehmen sehen Klimaziel gefährdet,Hier finden Sie Informationen zu dem Thema „Erneuerbare Energien“. Lesen Sie jetzt „IHK: Unternehmen sehen Klimaziel gefährdet“.,https://img.zeit.de/news/2026-07/27/ihk-unternehmen-sehen-klimaziel-gefaehrdet-image-group/wide__1300x731,2026-07-27T14:00:25Z,,"Eine Reihe von Unternehmen sieht nach eine Umfrage der Industrie- und Handelskammern (IHK) ihre Klimaziele gefährdet. Eine Mehrheit sei skeptisch, bis 2050 die Klimaneutralität erreichen zu können, e… [+1148 chars]",,de,'Energie'
https://www.zeit.de/news/2026-07/27/siegmund-fuer-gas-aus-russland,https://www.zeit.de/news/2026-07/27/siegmund-fuer-gas-aus-russland,0,www.zeit.de,Landtagswahl: Siegmund für Gas aus Russland,Hier finden Sie Informationen zu dem Thema „Landtagswahl“. Lesen Sie jetzt „Siegmund für Gas aus Russland“.,https://img.zeit.de/news/2026-07/27/siegmund-fuer-gas-aus-russland-image-group/wide__1300x731,2026-07-27T16:23:28Z,,Sachsen-Anhalts AfD-Spitzenkandidat Ulrich Siegmund hat sich gegen Sanktionen und für die Nutzung von Gas aus Russland ausgesprochen. «Wir werden selbstverständlich das Thema der ideologischen Energi… [+412 chars],,de,'Gas'
https://www.morgenpost.de/politik/article412681702/wie-die-trauerfeier-fuer-senator-lindsey-graham-zur-buehne-der-weltpolitik-wird.html,https://www.morgenpost.de/politik/article412681702/wie-die-trauerfeier-fuer-senator-lindsey-graham-zur-buehne-der-weltpolitik-wird.html,0,www.morgenpost.de,Wie die Trauerfeier für Senator Lindsey Graham zur Bühne der Weltpolitik wird,Netanjahu und Selenskyj reisen am Dienstag in die US-Hauptstadt – Präsident Trump nutzt das Treffen für Gespräche über Iran und Ukraine.,https://img.sparknews.funkemedien.de/412681739/412681739_1785146388_v16_9_1600.jpeg,2026-07-27T16:33:44Z,,"Eigentlich ist es nur eine Trauerfeier. Doch wenn am Dienstag in Washington Abschied von dem verstorbenen republikanischen Senator Lindsey Graham genommen wird, dürfte sich die US-Hauptstadt für eini… [+3268 chars]",,de,'Iran'
https://www.faz.net/aktuell/politik/ausland/liveblog-irankrieg-trump-sehr-tiefgreifende-gespraeche-mit-iran-faz-200583539.html,https://www.faz.net/aktuell/politik/ausland/liveblog-irankrieg-trump-sehr-tiefgreifende-gespraeche-mit-iran-faz-200583539.html,0,www.faz.net,Liveblog Irankrieg: Trump lobt „sehr tiefgreifende Gespräche“ – und droht Iran,US-Präsident: „Entweder es geht ‌schnell oder gar nicht“ +++ Huthi-Angriffe bremsen Schiffsverkehr +++ Ölpreis fällt +++ alle Entwicklungen im Liveblog,https://media0.faz.net/image/w1200h627/fe8515f4831f/w6000h3135x0y197o/202607/43601.0.2352873921/tanker-und-frachtschiffe-sind.webp,2026-07-27T16:34:55Z,,Nach dem Ende der US-Angriffsserie in Iran hat der Ölpreis zu Wochenbeginn deutlich nachgegeben. Der Preis für Rohöl der Referenzsorte Brent lag zeitweise bei ungefähr 92 US-Dollar je Barrel (159 Lit… [+1138 chars],,de,'Iran'
https://www.zeit.de/news/2026-07/27/trump-angriffspause-im-iran-fuer-verhandlungen,https://www.zeit.de/news/2026-07/27/trump-angriffspause-im-iran-fuer-verhandlungen,0,www.zeit.de,Iran-Krieg: Trump: Angriffspause im Iran für Verhandlungen,Hier finden Sie Informationen zu dem Thema „Iran-Krieg“. Lesen Sie jetzt „Trump: Angriffspause im Iran für Verhandlungen“.,https://img.zeit.de/news/2026-07/27/trump-angriffspause-im-iran-fuer-verhandlungen-image-group/wide__1300x731,2026-07-27T17:18:00Z,,"US-Präsident Donald Trump hat nach eigenen Angaben die jüngsten Angriffe im Iran vorerst gestoppt, um laufenden Verhandlungen eine weitere Chance zu geben. «Wir sind in sehr tiefgehenden Verhandlunge… [+2445 chars]",,de,'Katar'
https://www.tagesspiegel.de/internationales/iran-krieg-trump-angriffspause-im-iran-fur-verhandlungen-15886870.html,https://www.tagesspiegel.de/internationales/iran-krieg-trump-angriffspause-im-iran-fur-verhandlungen-15886870.html,0,www.tagesspiegel.de,Iran-Krieg: Trump: Angriffspause im Iran für Verhandlungen,Die jüngste Pause der US-Angriffe im Iran soll laut Donald Trump laufenden Gesprächen helfen. Medienberichten zufolge bereiten dem Militär aber auch schwindende Munitionsreserven Sorgen.,https://www.tagesspiegel.de/images/15886869/alternates/BASE_16_9_W1400/1785172760000/us-prasident-trump.jpeg,2026-07-27T17:19:20Z,,"US-Präsident Donald Trump hat nach eigenen Angaben die jüngsten Angriffe im Iran vorerst gestoppt, um laufenden Verhandlungen eine weitere Chance zu geben. Wir sind in sehr tiefgehenden Verhandlungen… [+2485 chars]",,de,'Iran'
https://www.zeit.de/news/2026-07/27/terror-energie-bildung-so-lief-das-wahlforum-in-magdeburg,https://www.zeit.de/news/2026-07/27/terror-energie-bildung-so-lief-das-wahlforum-in-magdeburg,0,www.zeit.de,"Vor der Landtagswahl: Terror, Energie, Bildung: So lief das Wahlforum in Magdeburg","Hier finden Sie Informationen zu dem Thema „Vor der Landtagswahl“. Lesen Sie jetzt „Terror, Energie, Bildung: So lief das Wahlforum in Magdeburg“.",https://img.zeit.de/news/2026-07/27/terror-energie-bildung-so-lief-das-wahlforum-in-magdeburg-image-group/wide__1300x731,2026-07-27T17:27:55Z,,Sechs Wochen vor der Landtagswahl in Sachsen-Anhalt haben sich die Spitzenkandidaten von CDU und AfD teils hitzige Wortgefechte über die Migrationspolitik geliefert. AfD-Spitzenkandidat Ulrich Siegmu… [+4677 chars],,de,'Gas'
https://www.n-tv.de/politik/Schlimmer-als-der-7-Oktober-Ex-Generaele-warnen-Trump-vor-Pulverfass-id31130446.html,https://www.n-tv.de/politik/Schlimmer-als-der-7-Oktober-Ex-Generaele-warnen-Trump-vor-Pulverfass-id31130446.html,0,www.n-tv.de,"""Terroristen"" im Westjordanland: Schlimmer als der 7. Oktober? Ex-Generäle warnen Trump vor Pulverfass","Menschen, die ihr Leben nach eigenen Worten der Sicherheit Israels gewidmet haben, richten einen dringenden Appell an US-Präsident Trump: Gebieten Sie dem Treiben radikaler Siedler im Westjordanland Einhalt, bevor es zu spät ist. Israels Regierung machen die …",https://www.n-tv.de/img/31130647/1785174266/Img_16_9/1200/HEBRON-OCCUPIED-WEST-BANK-JULY-25-2026-Israeli-forces-arrested-a-Palestinian-man-during-a-settlers-incursion-into-the-Old-City-of-Hebron-carried-out-under-the-protection-of-the-Israeli-army-in-the-occupied-West-Bank-on-July-25-2026-Photo-by-Mosab-Shawer-JNA-Press-Sipa-USA.jpg,2026-07-27T17:54:41Z,,"Israelische Sicherheitskräfte im Westjordanland. (Foto: picture alliance / Sipa USA)
Menschen, die ihr Leben nach eigenen Worten der Sicherheit Israels gewidmet haben, richten einen dringenden Appel… [+3729 chars]",,de,'Benjamin Netanjahu'
https://www.welt.de/politik/ausland/article6a67a7a260609404cbd22ae1/niemand-schreibt-mir-vor-an-wen-wir-was-verkaufen-sollen-trump-weist-einwaende-netanjahus-zurueck.html,https://www.welt.de/politik/ausland/article6a67a7a260609404cbd22ae1/niemand-schreibt-mir-vor-an-wen-wir-was-verkaufen-sollen-trump-weist-einwaende-netanjahus-zurueck.html,0,www.welt.de,"„Niemand schreibt mir vor, an wen wir was verkaufen sollen“ – Trump weist Einwände Netanjahus zurück",Der mögliche Verkauf von US-Kampfjets des Typs F-35 ist ein Konfliktpunkt zwischen US-Präsident Donald Trump und Israels Ministerpräsident Benjamin Netanjahu. Kurz vor einem Treffen der beiden spricht Trump nun ein Machtwort.,https://images.welt.de/6a67a7a260609404cbd22ae1/2cb683e588e0ff9d52e3450f0f9145ea-master/ci16x9-w1200/1785173422246-2287248718-jpg,2026-07-27T19:04:50Z,,Der mögliche Verkauf von US-Kampfjets des Typs F-35 ist ein Konfliktpunkt zwischen US-Präsident Donald Trump und Israels Ministerpräsident Benjamin Netanjahu. Kurz vor einem Treffen der beiden sprich… [+2153 chars],,de,'Benjamin Netanjahu'
https://ca.news.yahoo.com/pentagon-says-not-finish-spending-220238146.html,https://ca.news.yahoo.com/pentagon-says-not-finish-spending-220238146.html,0,ca.news.yahoo.com,"Pentagon says it will not finish spending Ukraine funds until year Trump leaves office, source says","By Patricia Zengerle WASHINGTON, July 27 (Reuters) - U.S.",https://s.yimg.com/lo/mysterio/api/59bf2cc8771ced1276b0e08c6058e08720d726db0b78a04f2a8647204f491ad2/lightyear_networkapi/resizefill_w800_h533;quality_80;format_webp/https:%2F%2Fmedia.zenfs.com%2Fen%2Freuters.com%2F113587245324cb59003c29c07b718c8f,2026-07-27T22:13:20Z,,"By Patricia Zengerle
WASHINGTON, July 27 (Reuters) - U.S. President Donald Trump's administration has told members of Congress it will not finish spending $400 million Congress has authorized for ai… [+4768 chars]",,de,'Ukraine'
https://www.zeit.de/news/2026-07/28/zwei-kriege-im-fokus-netanjahu-und-selenskyj-bei-trump,https://www.zeit.de/news/2026-07/28/zwei-kriege-im-fokus-netanjahu-und-selenskyj-bei-trump,0,www.zeit.de,Trauerfeier für Graham: Zwei Kriege im Fokus: Netanjahu und Selenskyj bei Trump,Hier finden Sie Informationen zu dem Thema „Trauerfeier für Graham“. Lesen Sie jetzt „Zwei Kriege im Fokus: Netanjahu und Selenskyj bei Trump“.,https://img.zeit.de/news/2026-07/28/zwei-kriege-im-fokus-netanjahu-und-selenskyj-bei-trump-image-group/wide__1300x731,2026-07-28T03:00:14Z,,Der kürzlich gestorbene US-Senator Lindsey Graham war einer der wichtigsten Unterstützer Israels und der Ukraine in Washington. Nun findet in der US-Hauptstadt eine Trauerfeier für den Republikaner s… [+5740 chars],,de,'Krieg'
https://www.tagesspiegel.de/internationales/ukraine-krieg-treffen-von-selenskyj-und-trump-im-weissen-haus-hat-begonnen-15887010.html,https://www.tagesspiegel.de/internationales/ukraine-krieg-treffen-von-selenskyj-und-trump-im-weissen-haus-hat-begonnen-15887010.html,0,www.tagesspiegel.de,Ukraine-Krieg: Treffen von Selenskyj und Trump im Weißen Haus hat begonnen,Der US-Präsident empfängt heute gleich zweimal hochrangigen ausländischen Besuch im Weißen Haus: Spitzenpolitiker aus der Ukraine und Israel. Selenskyj macht den Anfang.,https://www.tagesspiegel.de/images/15890362/alternates/BASE_16_9_W1400/1785247857000/wolodymyr-selenskyj-und-donald-trump.jpeg,2026-07-28T03:03:17Z,,"Das Treffen von US-Präsident Donald Trump und dem ukrainischen Präsidenten Wolodymyr Selenskyj im Weißen Haus hat begonnen. Es sei um 9.47 Uhr Ortszeit (15.47 Uhr MESZ) losgegangen, teilte das Weiße … [+1215 chars]",,de,'Krieg'
https://www.tagesspiegel.de/internationales/trauerfeier-fur-graham-iran-und-ukraine-krieg-netanjahu-und-selenskyj-bei-trump-15887010.html,https://www.tagesspiegel.de/internationales/trauerfeier-fur-graham-iran-und-ukraine-krieg-netanjahu-und-selenskyj-bei-trump-15887010.html,0,www.tagesspiegel.de,Trauerfeier für Graham: Iran- und Ukraine-Krieg: Netanjahu und Selenskyj bei Trump,Es ist auch für einen US-Präsidenten ein außergewöhnlich volles Programm: Gleich zweimal empfängt er hochrangigen ausländischen Besuch im Weißen Haus. Was dabei wichtig ist.,https://www.tagesspiegel.de/images/15890944/alternates/BASE_16_9_W1400/1785255859000/us-prasident-donald-trump.jpeg,2026-07-28T03:03:17Z,,Erstmals seit Beginn des Iran-Kriegs hat US-Präsident Donald Trump den israelischen Ministerpräsidenten Benjamin Netanjahu im Weißen Haus empfangen. Der Besuch wurde auch deshalb mit Spannung erwarte… [+5830 chars],,de,'Iran'
https://www.tagesspiegel.de/internationales/trauerfeier-fur-graham-zwei-kriege-in-washington-netanjahu-und-selenskyj-bei-trump-15887010.html,https://www.tagesspiegel.de/internationales/trauerfeier-fur-graham-zwei-kriege-in-washington-netanjahu-und-selenskyj-bei-trump-15887010.html,0,www.tagesspiegel.de,Trauerfeier für Graham: Zwei Kriege in Washington: Netanjahu und Selenskyj bei Trump,Es ist auch für einen US-Präsidenten ein außergewöhnlich volles Programm: Gleich zweimal empfängt Trump hochrangigen ausländischen Besuch. Eigentlich geht es aber gar nicht um ihn oder seine Gäste.,https://www.tagesspiegel.de/images/15891148/alternates/BASE_16_9_W1400/1785272470000/trauerfeier-fur-den-verstorbenen-us-senator-graham.jpeg,2026-07-28T03:03:17Z,,Diplomatie rund um eine Trauerfeier: Israels Regierungschef Benjamin Netanjahu und der ukrainische Präsident Wolodymyr Selenskyj haben die Gedenkveranstaltung für den gestorbenen US-Senator Lindsey G… [+7608 chars],,de,'Krieg'
https://www.tagesspiegel.de/internationales/trauerfeier-fur-graham-es-geht-um-zwei-kriege-selenskyj-und-netanjahu-bei-trump-15887010.html,https://www.tagesspiegel.de/internationales/trauerfeier-fur-graham-es-geht-um-zwei-kriege-selenskyj-und-netanjahu-bei-trump-15887010.html,0,www.tagesspiegel.de,Trauerfeier für Graham: Es geht um zwei Kriege: Selenskyj und Netanjahu bei Trump,Der Ukraine-Krieg wird in den USA schon länger vom Iran-Krieg überlagert – nun stehen beide auf Trumps Agenda. Der ukrainische Präsident Selenskyj macht als erster die Aufwartung im Weißen Haus.,https://www.tagesspiegel.de/images/15890706/alternates/BASE_16_9_W1400/1785250593000/trauerfeier-fur-den-verstorbenen-us-senator-graham.jpeg,2026-07-28T03:03:17Z,,US-Präsident Donald Trump hat in Washington den ukrainischen Präsidenten Wolodymyr Selenskyj empfangen. Bei dem Gespräch sollte es Selenskyj zufolge um weitere US-amerikanische Unterstützung für ein … [+5869 chars],,de,'Krieg'
https://www.tagesspiegel.de/internationales/trauerfeier-fur-graham-zwei-kriege-im-fokus-netanjahu-und-selenskyj-bei-trump-15887010.html,https://www.tagesspiegel.de/internationales/trauerfeier-fur-graham-zwei-kriege-im-fokus-netanjahu-und-selenskyj-bei-trump-15887010.html,0,www.tagesspiegel.de,Trauerfeier für Graham: Zwei Kriege im Fokus: Netanjahu und Selenskyj bei Trump,Der Ukraine-Krieg wird in den USA schon länger vom Iran-Krieg überlagert – heute stehen beide auf Trumps Agenda. Das ist bei den Treffen mit seinen Kollegen aus Israel und der Ukraine relevant.,https://www.tagesspiegel.de/images/15887009/alternates/BASE_16_9_W1400/1785207797000/us-prasident-trump.jpeg,2026-07-28T03:03:17Z,,Der kürzlich gestorbene US-Senator Lindsey Graham war einer der wichtigsten Unterstützer Israels und der Ukraine in Washington. Nun findet in der US-Hauptstadt eine Trauerfeier für den Republikaner s… [+5785 chars],,de,'Benjamin Netanjahu'
https://www.faz.net/podcasts/f-a-z-podcast-fruehdenker/was-bringt-selenskyjs-treffen-mit-donald-trump-faz-fruehdenker-201070550.html,https://www.faz.net/podcasts/f-a-z-podcast-fruehdenker/was-bringt-selenskyjs-treffen-mit-donald-trump-faz-fruehdenker-201070550.html,0,www.faz.net,F.A.Z. Frühdenker: Was bringt Selenskyjs Treffen mit Donald Trump?,US-Präsident Donald Trump empfängt Wolodymyr Selenskyj und Benjamin Netanjahu. Steffen Bilger tritt ein schweres Erbe an. Und die französische Nationalmannschaft bekommt einen neuen Trainer. Der F.A.Z. Frühdenker.,https://media0.faz.net/image/w1200h627/4ca0f2119eb6/w4999h2611x0y100o/202607/43601.0.2367779551/wiedersehen-in-washington-us.webp,2026-07-28T04:07:49Z,,US-Präsident Donald Trump empfängt Wolodymyr Selenskyj und Benjamin Netanjahu. Steffen Bilger tritt ein schweres Erbe an. Und die französische Nationalmannschaft bekommt einen neuen Trainer. Der F.A.… [+13 chars],,de,'Benjamin Netanjahu'
https://www.welt.de/videos/video6a682cb11ff9bc89d8811290/usa-new-yorks-buergermeister-mamdani-fordert-festnahme-von-netanjahu.html,https://www.welt.de/videos/video6a682cb11ff9bc89d8811290/usa-new-yorks-buergermeister-mamdani-fordert-festnahme-von-netanjahu.html,0,www.welt.de,New Yorks Bürgermeister Mamdani fordert Festnahme von Netanjahu,"New Yorks Bürgermeister Zohran Mamdani hat die US-Regierung dazu aufgefordert, Israels Regierungschef Benjamin Netanjahu bei dessen Besuch in den USA festzunehmen. US-Präsident Trump betonte daraufhin, Netanjahu werde „auf keinen Fall festgenommen“.",https://images.welt.de/6a682cb11ff9bc89d8811290/ac3d70fd04dc27bee2e463d66481b351/ci16x9-w1200/dpa-com-260722-935-1495022-jpg,2026-07-28T04:39:19Z,,"New Yorks Bürgermeister Zohran Mamdani hat die US-Regierung dazu aufgefordert, Israels Regierungschef Benjamin Netanjahu bei dessen Besuch in den USA festzunehmen. US-Präsident Trump betonte daraufhi… [+107 chars]",,de,'Benjamin Netanjahu'
https://taz.de/Russischer-Angriffskrieg/!6199438/,https://taz.de/Russischer-Angriffskrieg/!6199438/,0,taz.de,Russischer Angriffskrieg: Kriegslogik oder Kriegsverbrechen?,Der wichtigste russische Onlinehändler Wildberries wird immer öfter Ziel ukrainischer Angriffe – um die Kriegslogistik des Kreml zu treffen.,https://taz.de/picture/8634772/1200/41728966.jpeg,2026-07-28T05:08:00Z,,Der wichtigste russische Onlinehändler Wildberries wird immer öfter Ziel ukrainischer Angriffe – um die Kriegslogistik des Kreml zu treffen. mehr...,,de,'Krieg'
https://www.faz.net/aktuell/politik/ukraine/ukraine-gegen-iran-eine-botschaft-an-donald-trump-201068973.html,https://www.faz.net/aktuell/politik/ukraine/ukraine-gegen-iran-eine-botschaft-an-donald-trump-201068973.html,0,www.faz.net,Ukraine und Iran: Eine politische Botschaft an Trump,Die Ukraine kann mit den Angriffen auf iranische Schiffe im Kaspischen Meer politisch gewinnen. Die Vergeltungsdrohungen Teherans braucht sie nicht zu fürchten.,https://media0.faz.net/image/w1200h627/37b157e310a4/w6360h3323x738y1622o/202607/43601.0.2314641108/selenskyj-und-trump-am-8-juli.webp,2026-07-28T06:29:45Z,,"Der Adressat der politischen Botschaft, welche die Ukraine mit dem Angriff auf iranische Schiffe im Kaspischen Meer ausgesendet hat, ist nicht das Regime in Teheran, sondern Donald Trump. Unmittelbar… [+1322 chars]",,de,'Iran'
https://salzburg.orf.at/stories/3364519/,https://salzburg.orf.at/stories/3364519/,0,salzburg.orf.at,Iran-Krieg belastet Kranhersteller Palfinger,Der börsennotierte Salzburger Kranhersteller Palfinger hat heuer im zweiten Quartal die Auswirkungen des Iran-Kriegs zu spüren bekommen. Der Konzerngewinn sank dennoch nur leicht um vier Prozent auf 48 Mio. Euro. Allerdings habe die Marktunsicherheit spürbar …,https://ibs.orf.at/sbg?image=https%3A%2F%2Foekastatic.orf.at%2Fmims%2F2026%2F31%2F68%2Fcrops%2Fw%3D1200%2Ch%3D627%2Cq%3D75%2F3129161_master_1212768_themenbild_palfinger_ag_bilanz-pk_jahresergebnis_2024_.jpg%3Fs%3D0fa4c37853a11c18c0a661179cd4cd3e1be5aef2,2026-07-28T07:00:00Z,,"Während der Umsatz um zwei Prozent auf rund 1,17 Mrd. Euro gestiegen ist, sei das Betriebsergebnis (EBIT) im ersten Halbjahr im Vergleich zur Vorjahresperiode um sieben Prozent auf rund 90 Mio. Euro … [+1057 chars]",,de,'Iran'
https://www.zeit.de/politik/deutschland/2026-07/christiane-schenderlein-sport-staatsministerin-abloesung-cdu-friedrich-merz,https://www.zeit.de/politik/deutschland/2026-07/christiane-schenderlein-sport-staatsministerin-abloesung-cdu-friedrich-merz,0,www.zeit.de,Kabinettsumbildung: Kretschmer kritisiert Friedrich Merz für Ablösung von Schenderlein,"Er verstehe die Versetzung der Sport-Staatsministerin Christiane Schenderlein nicht, sagte Sachsens Ministerpräsident Michael Kretschmer. Er kritisierte den Kanzler.",https://img.zeit.de/politik/deutschland/2026-07/christiane-schenderlein-sport-staatsministerin-abloesung-cdu-friedrich-merz-foto-1/wide__1300x731,2026-07-28T07:15:13Z,,Sachsens Ministerpräsident und CDU-Landeschef Michael Kretschmer hat die Ablösung von Sport-Staatsministerin Christiane Schenderlein (CDU) kritisiert. »Christiane Schenderlein war eine unglaublich er… [+909 chars],,de,'Friedrich Merz'
https://www.focus.de/politik/ausland/die-kriege-im-iran-und-in-der-ukraine-prallen-am-groessten-see-der-welt-aufeinander-kiew-nimmt-iranisches-schiff-unter-beschuss_02282a3f-0b5c-4372-a572-93e31d7c2599.html,https://www.focus.de/politik/ausland/die-kriege-im-iran-und-in-der-ukraine-prallen-am-groessten-see-der-welt-aufeinander-kiew-nimmt-iranisches-schiff-unter-beschuss_02282a3f-0b5c-4372-a572-93e31d7c2599.html,0,www.focus.de,Die Kriege im Iran und in der Ukraine prallen am größten See der Welt aufeinander - Kiew nimmt iranisches Schiff unter Beschuss,Die Ukraine hat laut Präsident Wolodymyr Selenskyj Ziele im Kaspischen Meer getroffen. Der Angriff auf ein iranisches Schiff verschärft den Konflikt zwischen Kiew und Teheran.,"https://quadro.burda-forward.de/ctf/f20c668f-cf6f-4733-8c98-78a4415c0439.bc0d7025-6cfd-473a-ae7d-a9d58b95b47a.jpg?im=RegionOfInterestCrop=(1200,630),regionOfInterest=(2558,1471)&hash=fc8a6a9fb06221e796747bd21a759976d3ea34446f2bb0a5bbe84cd64e801d62",2026-07-28T07:41:00Z,,"Mit einem Angriff weit abseits der Front in der Ukraine hat Kiew den Konflikt mit Iran offen verschärft. Präsident Wolodymyr Selenskyj erklärte, ukrainische Streitkräfte hätten im Kaspischen Meer seh… [+2319 chars]",,de,'Ukraine'
https://www.n-tv.de/politik/Kreml-Drohnen-schlagen-in-Zivilgebaeude-bei-Moskau-ein-id31131763.html,https://www.n-tv.de/politik/Kreml-Drohnen-schlagen-in-Zivilgebaeude-bei-Moskau-ein-id31131763.html,0,www.n-tv.de,Angriff auf russische Hauptstadt: Kreml: Drohnen schlagen in Zivilgebäude bei Moskau ein,"Ukrainische Drohnen nehmen erneut Moskau ins Visier. Die meisten werden abgefangen, doch in der Umgebung der Hauptstadt kommt es zu erheblichen Zerstörungen. So trifft ein unbemanntes Flugobjekt nach russischen Angaben ein bewohntes Gebäude, ein weiteres eine…",https://www.n-tv.de/img/31131883/1785229723/Img_16_9/1200/ARCHIV-21-02-2025-Ukraine-Lwiw-Lemberg-Abfangdrohnen-des-Typs-Besomar-3210-aus-ukrainischer-Produktion-werden-von-der-Kozytskyi-Charity-Foundation-an-einem-ungenannten-Ort-in-der-Region-im-Westen-der-Ukraine-an-die-Streitkraefte-uebergeben.jpg,2026-07-28T07:58:52Z,,"Abfangdrohnen des Typs Besomar 3210 aus ukrainischer Produktion. (Foto: dpa)
Ukrainische Drohnen nehmen erneut Moskau ins Visier. Die meisten werden abgefangen, doch in der Umgebung der Hauptstadt k… [+2366 chars]",,de,'Kreml'
https://www.focus.de/politik/ausland/im-iran-krieg-stoesst-trump-auf-ungeahnte-grenzen-seiner-macht_a49da09a-b238-49f6-be28-3d923874ab95.html,https://www.focus.de/politik/ausland/im-iran-krieg-stoesst-trump-auf-ungeahnte-grenzen-seiner-macht_a49da09a-b238-49f6-be28-3d923874ab95.html,0,www.focus.de,Im Iran-Krieg stößt Trump an ungeahnte Grenzen seiner Macht,Der US-Präsident wollte den Iran schnell in die Knie zwingen. Monate später bleiben die Ziele unerreicht – und jeder der drei möglichen Auswege hat seinen Preis.,"https://quadro.burda-forward.de/ctf/e58a3097-bfc5-40c0-b596-991d02fe5972.dc20954f-a4ff-4d88-891a-3c53e53d3f46.jpg?im=RegionOfInterestCrop=(1200,630),regionOfInterest=(3037,1366)&hash=4e4198cadb4437a9798660b2c4cf480d9013728d2370c1095533c4a7e2072488",2026-07-28T09:25:00Z,,"Präsident Trump feiert oft seine Unberechenbarkeit als Taktik, um Verbündete wie Gegner in Atem zu halten. Seiner Darstellung nach spiegelt dieses Vorgehen eine klare Entschlossenheit wider.
Vor 13 … [+8162 chars]",,de,'Krieg'
https://taz.de/US-Iran-Krieg/!6199690/,https://taz.de/US-Iran-Krieg/!6199690/,0,taz.de,US-Iran-Krieg: Mehrere Staaten in Nahost melden Drohnenbeschuss,"Jordanien, Saudi-Arabien und Israel fangen Drohnen ab. Proiranische Milizen im Irak und die Huthi-Miliz im Jemen stehen im Verdacht, sie abgefeuert zu haben.",https://taz.de/picture/8636757/1200/41753123.jpeg,2026-07-28T09:25:00Z,,"Jordanien, Saudi-Arabien und Israel fangen Drohnen ab. Proiranische Milizen im Irak und die Huthi-Miliz im Jemen stehen im Verdacht, sie abgefeuert zu haben. mehr...",,de,'Iran'
https://www.bild.de/politik/ausland-und-internationales/propagandavideo-aus-dem-iran-mullahs-rufen-zum-mord-an-melania-trump-auf-6a685119c435b807339bccc2,https://www.bild.de/politik/ausland-und-internationales/propagandavideo-aus-dem-iran-mullahs-rufen-zum-mord-an-melania-trump-auf-6a685119c435b807339bccc2,0,www.bild.de,Propagandavideo aus Iran veröffentlicht - Mullahs rufen zum Mord an Melania Trump auf,Für die Mullahs ist Donald Trump der Staatsfeind Nummer eins. Nun nimmt die iranische Führung auch die Familie des US-Präsidenten ins Visier.,"https://images.bild.de/6a685119c435b807339bccc2/86231c48bd7244d5451c15ea45743788,93c6a424?w=1280",2026-07-28T09:37:25Z,,TTS-Player überspringenArtikel weiterlesenTeheran Für die Mullahs ist Donald Trump (80) der Staatsfeind Nummer eins. Nun nimmt die iranische Führung erstmals auch die Familie des US-Präsidenten ins V… [+2079 chars],,de,'Iran'
https://www.bild.de/politik/ausland-und-internationales/donald-trump-empfaengt-selenskyj-und-netanjahu-droht-neuer-streit-6a677ea32fce4e8d0201b708,https://www.bild.de/politik/ausland-und-internationales/donald-trump-empfaengt-selenskyj-und-netanjahu-droht-neuer-streit-6a677ea32fce4e8d0201b708,0,www.bild.de,„Trump unterstützt gern Gewinner“ - Die Fronten verschieben sich,Netanjahu und Selenskyj reisen zu Lindsey Grahams Trauerfeier nach Washington – und kämpfen bei Trump um Einfluss auf zwei Kriege.,"https://images.bild.de/6a677ea32fce4e8d0201b708/2b8edf7d35d4d7183007ee521a57905d,e9ebb8fb?w=1280",2026-07-28T09:38:33Z,,TTS-Player überspringenArtikel weiterlesenWashington Große Weltdiplomatie am Rande der Trauerfeier für US-Senator Lindsey Graham (71)! Für den engen Vertrauten von Donald Trump wird am Dienstag in de… [+3020 chars],,de,'Krieg'
https://www.zeit.de/news/2026-07/28/bundesbank-mini-wachstum-im-fruehjahr-trotz-iran-krieg,https://www.zeit.de/news/2026-07/28/bundesbank-mini-wachstum-im-fruehjahr-trotz-iran-krieg,0,www.zeit.de,Konjunktur: Bundesbank: Mini-Wachstum im Frühjahr trotz Iran-Krieg,Hier finden Sie Informationen zu dem Thema „Konjunktur“. Lesen Sie jetzt „Bundesbank: Mini-Wachstum im Frühjahr trotz Iran-Krieg“.,https://img.zeit.de/news/2026-07/28/bundesbank-mini-wachstum-im-fruehjahr-trotz-iran-krieg-image-group/wide__1300x731,2026-07-28T10:00:05Z,,Die deutsche Wirtschaft hat nach Einschätzung der Bundesbank im Frühjahr trotz der Belastungen infolge des Iran-Kriegs ein Mini-Wachstum geschafft. «Trotz des Gegenwinds durch den Krieg im Nahen Oste… [+2360 chars],,de,'Krieg'
https://www.tagesspiegel.de/wirtschaft/konjunktur-bundesbank-mini-wachstum-im-fruhjahr-trotz-iran-krieg-15888561.html,https://www.tagesspiegel.de/wirtschaft/konjunktur-bundesbank-mini-wachstum-im-fruhjahr-trotz-iran-krieg-15888561.html,0,www.tagesspiegel.de,Konjunktur: Bundesbank: Mini-Wachstum im Frühjahr trotz Iran-Krieg,Trotz Iran-Kriegs und steigender Energiepreise bleibt die deutsche Wirtschaft stabil. Wie Verbraucher und Industrie den Gegenwind meistern – und was die Bundesbank für das nächste Quartal erwartet.,https://www.tagesspiegel.de/images/15888560/alternates/BASE_16_9_W1400/1785232883000/deutsche-wirtschaft.jpeg,2026-07-28T10:01:23Z,,Die deutsche Wirtschaft hat nach Einschätzung der Bundesbank im Frühjahr trotz der Belastungen infolge des Iran-Kriegs ein Mini-Wachstum geschafft. Trotz des Gegenwinds durch den Krieg im Nahen Osten… [+2410 chars],,de,'Energie'
https://www.welt.de/politik/ausland/article6a6766f7ce05e81ee07f1c96/iran-konflikt-netanjahus-riskanter-besuch-bei-trump-und-der-hohe-preis-den-er-womoeglich-dafuer-zahlen-muss.html,https://www.welt.de/politik/ausland/article6a6766f7ce05e81ee07f1c96/iran-konflikt-netanjahus-riskanter-besuch-bei-trump-und-der-hohe-preis-den-er-womoeglich-dafuer-zahlen-muss.html,0,www.welt.de,"Netanjahus riskanter Besuch bei Trump – und der hohe Preis, den er womöglich dafür zahlen muss",Monatelang hatte der israelische Ministerpräsident Benjamin Netanjahu auf ein Vieraugengespräch mit Donald Trump gedrängt. Jetzt bekommt er es – doch es wird die angespannten Beziehungen kaum kitten können.,https://images.welt.de/6a6766f7ce05e81ee07f1c96/672e11f400cf50d6fce4de987f753088-master/ci16x9-w1200/dpa-com-260601-935-1380395-jpg,2026-07-28T10:18:53Z,,Monatelang hatte der israelische Ministerpräsident Benjamin Netanjahu auf ein Vieraugengespräch mit Donald Trump gedrängt. Jetzt bekommt er es doch es wird die angespannten Beziehungen kaum kitten kö… [+7170 chars],,de,'Benjamin Netanjahu'
https://www.tagesspiegel.de/internationales/ich-sehe-jetzt-eine-bessere-chemie-zwischen-ihnen-trump-und-selenskyj-haben-sich-offenbar-angenahert--gute-vorzeichen-fur-treffen-15888402.html,https://www.tagesspiegel.de/internationales/ich-sehe-jetzt-eine-bessere-chemie-zwischen-ihnen-trump-und-selenskyj-haben-sich-offenbar-angenahert--gute-vorzeichen-fur-treffen-15888402.html,0,www.tagesspiegel.de,„Ich sehe jetzt eine bessere Chemie zwischen ihnen“: Trump und Selenskyj haben sich offenbar angenähert – gute Vorzeichen für Treffen,Der ukrainische Präsident ist am Dienstag erneut zu Gast in den USA. Indizien deuten auf besseres Verhältnis zu Donald Trump hin.,https://www.tagesspiegel.de/images/15888409/alternates/BASE_16_9_W1400/1785231925000/wolodymyr-selenskyj-und-donald-trump.jpeg,2026-07-28T10:37:28Z,,"Unter Donald Trump eskalierte Anfang 2025 ein Treffen mit Wolodymyr Selenskyj im Weißen Haus, der US-Präsident gab seinem ukrainischen Kollegen mehrfach die Schuld am durch Russland verursachten Krie… [+3746 chars]",,de,'Iran'
https://www.focus.de/politik/ausland/katy-perry-sauer-us-regierung-nutzt-song-fuer-kriegsvideo_81e9b4a2-9e04-48bc-9476-6dad95334b2e.html,https://www.focus.de/politik/ausland/katy-perry-sauer-us-regierung-nutzt-song-fuer-kriegsvideo_81e9b4a2-9e04-48bc-9476-6dad95334b2e.html,0,www.focus.de,Katy Perry sauer: US-Regierung nutzt Song für Kriegsvideo,Trump-Regierung nutzt Katy-Perry-Song für ein Kriegsvideo: Dafür hat die Sängerin die US-Regierung unter Donald Trump scharf kritisiert. Ihr Song „Firework“ war ohne ihre Zustimmung in einem TikTok-Video des Weißen Hauses verwendet worden.,"https://quadro.burda-forward.de/ctf/93988896-4854-43bb-a4da-f25845d2a4c2.f3704e2a-c434-40b1-88ac-542f6438d0b8.png?im=RegionOfInterestCrop=(1200,630),regionOfInterest=(882,311)&hash=d55c89e3f6d04303c1ab9f0e75908685620faeb474f9495d012db1b1d1d492e0",2026-07-28T11:05:00Z,,"Der Inhalt des Videos: US-Angriffe auf iranische Ziele. Katy Perry erklärte, sie habe der Nutzung nicht zugestimmt. Sie verurteile es, dass ein Lied über Hoffnung und innere Stärke zur Untermalung vo… [+1011 chars]",,de,'Iran'
https://www.sueddeutsche.de/politik/nach-protesten-zwei-maenner-in-iran-oeffentlich-hingerichtet-li.3522979,https://www.sueddeutsche.de/politik/nach-protesten-zwei-maenner-in-iran-oeffentlich-hingerichtet-li.3522979,0,www.sueddeutsche.de,Nach Protesten: Zwei Männer in Iran öffentlich hingerichtet,,https://www.sueddeutsche.de/szde-assets/img/szde-article-sharing-image-no-teaser-image-fallback.png,2026-07-28T11:24:42Z,,In der Nacht hatten die Vorbereitungen für die öffentliche Hinrichtung bereits für einen Aufschrei gesorgt. Videos in sozialen Medien zeigten Menschenmengen vor Ort. Der als Vahid bekannte Netzjourna… [+897 chars],,de,'Iran'
https://www.tagesschau.de/ausland/asien/israel-usa-belastete-beziehung-100.html,https://www.tagesschau.de/ausland/asien/israel-usa-belastete-beziehung-100.html,0,www.tagesschau.de,Probleme in Beziehungen zu USA: Ein Sicherheitsrisiko für Israel,"Spätestens der Iran-Krieg hat die Beziehung der USA zu Israel verändert. In Washington wird die israelische Regierung zunehmend als Belastung wahrgenommen. Für Netanjahu geht es deshalb um viel, wenn er heute Trump trifft. Von J.-C. Kitzler.",https://images.tagesschau.de/image/4363fb11-7af5-4aa5-ac9e-cc44906f3196/AAABn5L8_tU/AAABnSSvrFg/16x9-big/netanjahu-trump-126.jpg?width=1280,2026-07-28T13:29:49Z,,"Stand: 28.07.2026 15:29 Uhr
Spätestens der Iran-Krieg hat die Beziehung der USA zu Israel verändert. In Washington wird die israelische Regierung zunehmend als Belastung wahrgenommen. Für Netanjahu … [+4950 chars]",,de,'Iran'
https://www.zeit.de/politik/ausland/2026-07/luftraumverletzung-rumaenien-russland-drohnen-eu-ukraine-krieg,https://www.zeit.de/politik/ausland/2026-07/luftraumverletzung-rumaenien-russland-drohnen-eu-ukraine-krieg,0,www.zeit.de,Krieg gegen die Ukraine: EU bestellt wegen Luftraumverletzungen Vertreter Russlands ein,Die EU wirft Russland vorsätzliche Verletzungen des europäischen Luftraums vor. Am Wochenende hatte Rumänien mehrere Drohnen über seinem Staatsgebiet abgeschossen.,https://img.zeit.de/politik/ausland/2026-07/luftraumverletzung-rumaenien-russland-drohnen-eu-kaja-kallas-foto-1/wide__1300x731,2026-07-28T13:39:32Z,,Die EU hat als Reaktion auf mehrere Verletzungen europäischen Luftraums durch russische Drohnen den russischen Geschäftsträger einbestellt. »Wir haben unsere scharfe Verurteilung der vorsätzlichen Ve… [+1383 chars],,de,'Ukraine'
https://sport.orf.at/stories/3160734/,https://sport.orf.at/stories/3160734/,0,sport.orf.at,Mancini überrascht mit Italien-Comeback,"Italien hat nach chaotischer Suche einen neuen Nationaltrainer: Nach drei Jahren in Saudi-Arabien und Katar kehrt Roberto Mancini zurück, der die „Squadra Azzurra“ 2021 zur Europameisterschaft geführt hatte. Der 61-Jährige soll die Nationalmannschaft, die dre…",https://ibs.orf.at/sport?image=https%3A%2F%2Fassets.orf.at%2Fmims%2F2026%2F31%2F37%2Fcrops%2Fw%3D1200%2Ch%3D630%2Cq%3D75%2F3129774_master_1213037_ticker_italien2_r.jpg%3Fs%3D8950ee2b7cba7c31c34e7f706fb1cf6bc61d3e43,2026-07-28T13:40:15Z,,"Der Posten des Commissario Tecnico (wie der Nationaltrainer offiziell heißt) war bereits seit Anfang April vakant. Damals musste der bisherige Coach Gennaro Gattuso zurücktreten, weil der viermalige … [+2198 chars]",,de,'Katar'
https://www.faz.net/aktuell/politik/inland/wuetende-christdemokraten-so-ist-die-stimmung-in-der-cdu-nach-dem-kabinettsumbau-201071753.html,https://www.faz.net/aktuell/politik/inland/wuetende-christdemokraten-so-ist-die-stimmung-in-der-cdu-nach-dem-kabinettsumbau-201071753.html,0,www.faz.net,Unruhe in der CDU: „Die Lage der CDU ist ernster als zur Zeit der Spendenaffäre“,"Nach Spahns Rücktritt hatte Friedrich Merz die Chance, sein Team neu aufzustellen. Das Ergebnis: sehr viele wütende Christdemokraten.",https://media0.faz.net/image/w1200h627/57c9e6726671/w6000h3135x0y182o/202607/43601.0.2378811822/unter-druck-bundeskanzler.webp,2026-07-28T16:04:33Z,,"Fragt man Christdemokraten nach dem Kabinettsumbau durch Friedrich Merz, fallen Worte, wie sie in der CDU selten über den eigenen Vorsitzenden gesagt wurden. Als schäbig und unwürdig wird Merz Vorgeh… [+13404 chars]",,de,'Friedrich Merz'
https://www.faz.net/aktuell/politik/inland/friedrich-merz-und-die-cdu-wut-nach-dem-kabinettsumbau-201071753.html,https://www.faz.net/aktuell/politik/inland/friedrich-merz-und-die-cdu-wut-nach-dem-kabinettsumbau-201071753.html,0,www.faz.net,Unruhe in der CDU: Manche reden von einer Zukunft ohne Merz,"Nach dem Spahn-Rücktritt hatte Friedrich Merz die Chance, sein Team neu aufzustellen. Das Ergebnis: sehr viele wütende Christdemokraten.",https://media0.faz.net/image/w1200h627/57c9e6726671/w6000h3135x0y182o/202607/43601.0.2378811822/unter-druck-bundeskanzler.webp,2026-07-28T16:04:33Z,,"Fragt man Christdemokraten nach dem Kabinettsumbau durch Friedrich Merz, fallen Worte, wie sie in der CDU selten über den eigenen Vorsitzenden gesagt wurden. Als schäbig und unwürdig wird Merz Vorgeh… [+13457 chars]",,de,'Friedrich Merz'
https://www.n-tv.de/politik/Trump-trifft-bei-Trauerfeier-sein-politisches-Schicksalsduo-id31134768.html,https://www.n-tv.de/politik/Trump-trifft-bei-Trauerfeier-sein-politisches-Schicksalsduo-id31134768.html,0,www.n-tv.de,"Graham geht, zwei Kriege bleiben: Trump trifft bei Trauerfeier sein politisches Schicksalsduo","Lindsey Graham war einer, wenn nicht der wichtigste außenpolitische Berater Donald Trumps. Am Tag der Beisetzung des Senators setzt Trump sich mit Schlüsselfiguren in den beiden großen Kriegen seiner bisherigen zweiten Präsidentschaft zusammen.",https://www.n-tv.de/img/31134773/1785262616/Img_16_9/1200/U-S-President-Donald-Trump-disembarks-Marine-One-after-travel-to-Milford-Michigan-at-the-Ellipse-near-the-White-House-in-Washington-D-C-U-S-July-27-2026.jpg,2026-07-28T16:54:16Z,,"Schlechte Umfragewerte: Kriegspräsident Donald Trump. (Foto: REUTERS)
Lindsey Graham war einer, wenn nicht der wichtigste außenpolitische Berater Donald Trumps. Am Tag der Beisetzung des Senators se… [+5473 chars]",,de,'Benjamin Netanjahu'
https://www.welt.de/politik/ausland/article6a68e2c0c435b807339bdb71/ukraine-und-israel-weisses-haus-lobt-treffen-mit-selenskyj-und-netanjahu-als-positiv-und-produktiv.html,https://www.welt.de/politik/ausland/article6a68e2c0c435b807339bdb71/ukraine-und-israel-weisses-haus-lobt-treffen-mit-selenskyj-und-netanjahu-als-positiv-und-produktiv.html,0,www.welt.de,Weißes Haus lobt Treffen mit Selenskyj und Netanjahu als „positiv und produktiv“,Wolodymyr Selenskyj und Benjamin Netanjahu reisen zur Trauerfeier für US-Senator Lindsey Graham. In Washington treffen sie Donald Trump zu Gesprächen zum Ukraine- und zum Iran-Krieg.,https://images.welt.de/6a68e2c0c435b807339bdb71/56a8cedc1136ed09fd5ab3486a495513/ci16x9-w1200/1785259667591-afp-c3ee363-jpg,2026-07-28T18:08:29Z,,Wolodymyr Selenskyj und Benjamin Netanjahu reisen zur Trauerfeier für US-Senator Lindsey Graham. In Washington treffen sie Donald Trump zu Gesprächen zum Ukraine- und zum Iran-Krieg.US-Präsident Dona… [+2033 chars],,de,'Benjamin Netanjahu'
https://www.zeit.de/politik/deutschland/2026-07/tino-sorge-cdu-gesundheit-staatssekretaer-entlassung,https://www.zeit.de/politik/deutschland/2026-07/tino-sorge-cdu-gesundheit-staatssekretaer-entlassung,0,www.zeit.de,Tino Sorge: Bundesregierung weist Kritik von entlassenem Staatssekretär zurück,Im Zuge von Friedrich Merz' Personalrochade verliert auch Staatssekretär Tino Sorge seinen Job. Dessen Stilkritik am Kanzler hält die Bundesregierung für unbegründet.,https://img.zeit.de/politik/deutschland/2026-07/tino-sorge-cdu-gesundheit-staatssekretaer-entlassung-foto-1/wide__1300x731,2026-07-28T18:18:45Z,,Die Bundesregierung hat die heftige Kritik des bisherigen Gesundheitsstaatssekretärs Tino Sorge an Kanzler Friedrich Merz als unbegründet zurückgewiesen. Mit dem Ausscheiden eines Ministers schieden … [+2117 chars],,de,'Friedrich Merz'
https://www.tagesschau.de/ausland/amerika/trump-selenskyj-netanjahu-102.html,https://www.tagesschau.de/ausland/amerika/trump-selenskyj-netanjahu-102.html,0,www.tagesschau.de,Gespräche in Washington: Trump empfängt Selenskyj und Netanjahu,Zwei hochrangige Besucher an einem Tag: US-Präsident Trump hat den ukrainischen Präsidenten Selenskyj und Israels Premier Netanjahu empfangen. Um Kriege ging es in beiden Gesprächen - unter sehr verschiedenen Vorzeichen.,https://images.tagesschau.de/image/89045d82-5cd5-46ad-8f91-73911add30ee/AAABlpITK5s/AAABnSSvrFg/16x9-big/tagesschau-logo-100.jpg?width=1280,2026-07-28T19:16:32Z,,"Stand: 28.07.2026 21:16 Uhr
Zwei hochrangige Besucher an einem Tag: US-Präsident Trump hat den ukrainischen Präsidenten Selenskyj und Israels Premier Netanjahu empfangen. Um Kriege ging es in beiden… [+4936 chars]",,de,'Chamenei'
https://www.n-tv.de/politik/Moskau-streitet-Mobilmachungsplaene-ab-id31135230.html,https://www.n-tv.de/politik/Moskau-streitet-Mobilmachungsplaene-ab-id31135230.html,0,www.n-tv.de,Angeblich genug Freiwillige: Moskau streitet Mobilmachungspläne ab,Plant Moskau eine neue Mobilmachung für den Ukraine-Krieg? Kiew behauptet das und in Russlands Bevölkerung wächst die Sorge. Der Kreml spricht von gezielt verbreiteten Lügen.,https://www.n-tv.de/img/31135231/1785285498/Img_16_9/1200/Wladimir-Putin-feiert-die-kuerzeste-Parade-seit-dem-Fall-der-Sowjetunion-Victory-Parade-on-Red-Square-Militaerparade-am-09-05-2026-auf-dem-Roten-Platz-in-Moskau.jpg,2026-07-28T22:43:58Z,,"Angeblich genug FreiwilligeMoskau streitet Mobilmachungspläne ab
Moskau setzt auf Geld und Druck, um Soldaten für die Front zu rekrutieren. (Foto: picture alliance / TheKremlinMoscow-SvenSimon)
Pla… [+2858 chars]",,de,'Krieg'
https://www.zeit.de/news/2026-07/29/us-militaer-iranische-raketen-in-nahost-abgefangen,https://www.zeit.de/news/2026-07/29/us-militaer-iranische-raketen-in-nahost-abgefangen,0,www.zeit.de,Iran-Krieg: US-Militär: Iranische Raketen in Nahost abgefangen,Hier finden Sie Informationen zu dem Thema „Iran-Krieg“. Lesen Sie jetzt „US-Militär: Iranische Raketen in Nahost abgefangen“.,https://img.zeit.de/news/2026-07/29/us-militaer-iranische-raketen-in-nahost-abgefangen-image-group/wide__1300x731,2026-07-28T23:47:48Z,,"Das US-Militär hat nach eigenen Angaben einen iranischen Angriff mit mehreren ballistischen Raketen auf US-Truppen im Nahen Osten abgewehrt. «Alle iranischen Raketen wurden erfolgreich abgefangen», t… [+1188 chars]",,de,'Krieg'
https://www.bild.de/regional/stuttgart/tv-moderator-adil-p-60-neue-vorwuerfe-gegen-buergergeld-abzocker-6a58cfe5f127abe2ae490328,https://www.bild.de/regional/stuttgart/tv-moderator-adil-p-60-neue-vorwuerfe-gegen-buergergeld-abzocker-6a58cfe5f127abe2ae490328,0,www.bild.de,Neue Vorwürfe - Sozialbetrug! TV-Moderator soll in den Knast,"Mit seinen Werbesendungen verdiente er Millionen, nebenher kassierte er Bürgergeld. Jetzt droht TV-Moderator Adil P. (60) erneut Knast.","https://images.bild.de/6a58cfe5f127abe2ae490328/03e7b5a2ed562bc9518a95399fc027a4,d1efeaae?w=1280",2026-07-29T01:02:51Z,,"Er machte mit Werbesendungen bis zu 500.000 Euro im Jahr, kassierte gleichzeitig Sozialleistungen und wurde deshalb zu zwei Jahren Haft auf Bewährung verurteilt. 
Lesen Sie mit BILDplus, warumihm je… [+78 chars]",,de,'Bürgergeld'
https://www.zeit.de/news/2026-07/29/selenskyj-trump-hat-uns-patriot-lizenzen-zugesagt,https://www.zeit.de/news/2026-07/29/selenskyj-trump-hat-uns-patriot-lizenzen-zugesagt,0,www.zeit.de,Ukraine-Krieg: Selenskyj: Trump hat uns Patriot-Lizenzen zugesagt,Hier finden Sie Informationen zu dem Thema „Ukraine-Krieg“. Lesen Sie jetzt „Selenskyj: Trump hat uns Patriot-Lizenzen zugesagt“.,https://img.zeit.de/news/2026-07/29/selenskyj-trump-hat-uns-patriot-lizenzen-zugesagt-image-group/wide__1300x731,2026-07-29T02:19:11Z,,US-Präsident Donald Trump soll laut ukrainischem Präsidenten Wolodymyr Selenskyj der Ukraine die vielfach geforderten Lizenzen zur Herstellung von Patriot-Abfangraketen zugesichert haben. «Er hat zug… [+1764 chars],,de,'Krieg'
https://www.zeit.de/politik/ausland/2026-07/usa-iran-krieg-saudi-arabien-angriffe-irak,https://www.zeit.de/politik/ausland/2026-07/usa-iran-krieg-saudi-arabien-angriffe-irak,0,www.zeit.de,"Iranüberblick: USA greifen proiranische Milizen im Irak an, Iran beschießt US-Militär","Zusammen mit Saudi-Arabien attackieren die USA Ziele im Irak. Ein »Überraschungsangriff« auf US-Truppen sei abgewehrt worden, meldet das US-Militär. Die Nacht",https://img.zeit.de/politik/ausland/2026-07/iran-irak-usa-ueberblick/wide__1300x731,2026-07-29T02:53:03Z,,"Die USA haben nach eigenen Angaben gemeinsam mit saudi-arabischen Streitkräften mehrere Ziele im Irak angegriffen. Wie das zuständige US-Regionalkommando Centcom mitteilte, galten die Angriffe dem Ir… [+2553 chars]",,de,'Iran'
https://www.zeit.de/news/2026-07/29/ministerin-wasser-angesichts-knappheit-zu-guenstig,https://www.zeit.de/news/2026-07/29/ministerin-wasser-angesichts-knappheit-zu-guenstig,0,www.zeit.de,Versorgungssicherheit: Ministerin: Wasser angesichts Knappheit zu günstig,Hier finden Sie Informationen zu dem Thema „Versorgungssicherheit“. Lesen Sie jetzt „Ministerin: Wasser angesichts Knappheit zu günstig“.,https://img.zeit.de/news/2026-07/29/ministerin-wasser-angesichts-knappheit-zu-guenstig-image-group/wide__1300x731,2026-07-29T04:00:17Z,,Brandenburgs Agrar- und Umweltministerin Hanka Mittelstädt hat einen zu sorglosen Umgang mit Wasser angesichts des Klimawandels und sinkender Grundwasserspiegel beklagt. Die SPD-Politikerin geht davo… [+2557 chars],,de,'Pipeline'
https://www.tagesschau.de/ausland/asien/iran-usa-angriffe-irak-100.html,https://www.tagesschau.de/ausland/asien/iran-usa-angriffe-irak-100.html,0,www.tagesschau.de,USA und Saudi-Arabien greifen Ziele im Irak an,Am Golf sind die Kampfhandlungen wieder aufgeflammt. Gemeinsam mit Saudi-Arabien griffen US-Streitkräfte pro-iranische Milizen im Irak an. Kurz zuvor wurde Raketenbeschuss aus Iran auf US-Stützpunkte gemeldet.,https://images.tagesschau.de/image/60ffeb27-8bef-4457-97eb-eef5867fb21d/AAABn6xRwkE/AAABnSSvrFg/16x9-big/usa-iran-184.jpg?width=1280,2026-07-29T05:34:54Z,,"Stand: 29.07.2026 07:34 Uhr
Am Golf sind die Kampfhandlungen wieder aufgeflammt. Gemeinsam mit Saudi-Arabien griffen US-Streitkräfte pro-iranische Milizen im Irak an. Kurz zuvor wurde Raketenbeschus… [+2344 chars]",,de,'Iran'
https://www.zeit.de/politik/deutschland/2026-07/heiko-strohmann-cdu-bremen-friedrich-merz-unzufriedenheit,https://www.zeit.de/politik/deutschland/2026-07/heiko-strohmann-cdu-bremen-friedrich-merz-unzufriedenheit,0,www.zeit.de,Bremens CDU-Chef: Bremer CDU-Chef sieht wachsende Unzufriedenheit mit Merz in der Partei,"Friedrich Merz solle seine Politik mehr erklären, mahnt der Bremer CDU-Chef Heiko Strohmann. Vom Parteivorsitzenden und Kanzler fordert er mehr Selbstreflexion ein.",https://img.zeit.de/politik/deutschland/2026-07/heiko-strohmann-cdu-bremen-friedrich-merz-unzufriedenheit-foto-1/wide__1300x731,2026-07-29T07:07:23Z,,"In der CDU wächst nach Auffassung des Bremer Landesvorsitzenden Heiko Strohmann die Unzufriedenheit mit Parteichef und Bundeskanzler Friedrich Merz. »Ich will nicht sagen, dass wir eine katastrophale… [+1105 chars]",,de,'Friedrich Merz'
https://www.zeit.de/news/2026-07/29/notfallsitzung-im-irak-nach-us-saudischen-angriffen,https://www.zeit.de/news/2026-07/29/notfallsitzung-im-irak-nach-us-saudischen-angriffen,0,www.zeit.de,Iran-Krieg: Notfallsitzung im Irak nach US-saudischen Angriffen,Hier finden Sie Informationen zu dem Thema „Iran-Krieg“. Lesen Sie jetzt „Notfallsitzung im Irak nach US-saudischen Angriffen“.,https://img.zeit.de/news/2026-07/29/notfallsitzung-im-irak-nach-us-saudischen-angriffen-image-group/wide__1300x731,2026-07-29T07:36:58Z,,Im Irak hat Ministerpräsident Ali al-Saidi nach den Angriffen der USA und Saudi-Arabiens gegen Iran-treue Milizen eine Notfallsitzung des Sicherheitsrats einberufen. Das Treffen in Bagdad solle sich … [+1389 chars],,de,'Iran'
https://www.zeit.de/news/2026-07/29/hoher-trinkwasserverbrauch-in-mv-versorgung-ist-stabil,https://www.zeit.de/news/2026-07/29/hoher-trinkwasserverbrauch-in-mv-versorgung-ist-stabil,0,www.zeit.de,Hitze im Sommer: Hoher Trinkwasserverbrauch in MV – Versorgung ist stabil,Hier finden Sie Informationen zu dem Thema „Hitze im Sommer“. Lesen Sie jetzt „Hoher Trinkwasserverbrauch in MV – Versorgung ist stabil“.,https://img.zeit.de/news/2026-07/29/hoher-trinkwasserverbrauch-in-mv-versorgung-ist-stabil-image-group/wide__1300x731,2026-07-29T08:18:30Z,,"Die hohen Temperaturen der vergangenen Tage haben auch in Mecklenburg-Vorpommern für einen hohen Verbrauch an Trinkwasser gesorgt. «Auf diese Verbrauchsspitzen sind wir vorbereitet», teilte die Nordw… [+1927 chars]",,de,'Versorgung'
https://www.faz.net/aktuell/politik/ukraine/putin-will-polen-und-die-ukraine-spalten-201072373.html,https://www.faz.net/aktuell/politik/ukraine/putin-will-polen-und-die-ukraine-spalten-201072373.html,0,www.faz.net,Polen und die Ukraine: Eine Einladung an den Kreml,"Es ist kein Zufall, dass Wladimir Putin gerade jetzt wieder darüber redet, dass der Westen der Ukraine an Polen fallen kann.",https://media0.faz.net/image/w1200h627/0ae995ac8045/w5141h2686x0y395o/202607/43601.0.2373442840/wladimir-putin-am-sonntag-26.webp,2026-07-29T08:38:02Z,,"Eine der Vorstellungen über die Zukunft der Ukraine, die vom Kreml immer wieder vorgetragen werden, sieht so aus: Der Osten, der Süden und die Mitte des Landes werden Teil Russlands, während der West… [+1416 chars]",,de,'Kreml'
https://www.faz.net/aktuell/politik/inland/waechst-jetzt-der-einfluss-der-frauen-in-der-cdu-accg-201064263.html,https://www.faz.net/aktuell/politik/inland/waechst-jetzt-der-einfluss-der-frauen-in-der-cdu-accg-201064263.html,0,www.faz.net,Personalrochade: Wächst jetzt der Einfluss der Frauen in der CDU?,Kanzler Friedrich Merz hebt zwei Frauen auf zentrale Posten: eine im Kanzleramt und eine in der Partei. Macht das die Partei weiblicher? In der Partei verbleiben Zweifel.,https://media0.faz.net/image/w1200h627/7f7f19239d8c/w6144h3210x0y763o/202607/43601.0.2366202535/nina-warken-und-friedrich-merz.webp,2026-07-29T08:39:02Z,,"Kommt die CDU nun ihrem lange verfehlten Anspruch näher, eine moderne und zukunftsorientierte Volkspartei zu sein, in der Frauen und Männer gleichermaßen Verantwortung übernehmen, wie es im jüngsten … [+5595 chars]",,de,'Friedrich Merz'
https://www.sueddeutsche.de/politik/liveblog-nahost-iran-news-usa-saudi-arabien-irak-angriff-li.3523210,https://www.sueddeutsche.de/politik/liveblog-nahost-iran-news-usa-saudi-arabien-irak-angriff-li.3523210,0,www.sueddeutsche.de,Krieg in Nahost: USA und Saudi-Arabien greifen „Terroristen“ im Irak an,"Mehrere Kampfflugzeuge sollen Logistik- und Waffenlager der nicht näher benannten Gruppierung angegriffen haben. Zuvor schrieb das US-Militär, man habe einen iranischen Raketenangriff auf einen Stützpunkt in Jordanien abgewehrt.",https://www.sueddeutsche.de/2026/07/29/9e64617d-f4a8-49a4-a8d7-e7737d39a4e6.jpg?q=60&fm=webp&width=1200&rect=0%2C262%2C3500%2C1969,2026-07-29T08:39:09Z,,"Der israelische Premierminister Benjamin Netanjahu reist an diesem Dienstag nach Washington. Offizieller Anlass ist eine Trauerfeier für den kürzlich gestorbenen US-Senator Lindsey Graham, einem wich… [+1407 chars]",,de,'Krieg'
https://www.zeit.de/politik/deutschland/2026-07/heiko-strohmann-cdu-bremen-friedrich-merz-unzufriedenheit-gxe,https://www.zeit.de/politik/deutschland/2026-07/heiko-strohmann-cdu-bremen-friedrich-merz-unzufriedenheit-gxe,0,www.zeit.de,Bremens CDU-Chef: CDU-Politiker sehen wachsende Unzufriedenheit mit Merz in der Partei,"In der CDU gärt es. Friedrich Merz solle seine Politik mehr erklären, mahnt der Bremer Landeschef. Drei designierte Bundesminister stehen vor ihrer Ernennung.",https://img.zeit.de/politik/deutschland/2026-07/heiko-strohmann-cdu-bremen-friedrich-merz-unzufriedenheit-foto-1/wide__1300x731,2026-07-29T08:56:08Z,,"In der CDU wächst offenbar die Unzufriedenheit mit Parteichef und Bundeskanzler Friedrich Merz. »Ich will nicht sagen, dass wir eine katastrophale Stimmung haben. Aber es geht schon in diese Richtung… [+4086 chars]",,de,'Friedrich Merz'
https://www.faz.net/aktuell/politik/ausland/franzoesische-diplomaten-in-teheran-misshandelt-und-abgezogen-accg-201075142.html,https://www.faz.net/aktuell/politik/ausland/franzoesische-diplomaten-in-teheran-misshandelt-und-abgezogen-accg-201075142.html,0,www.faz.net,Irankrieg: Frankreich wirft Iran Misshandlung eines Diplomaten vor,"Zwei seiner Diplomaten seien grundlos in Teheran verhört worden, sagt der französische Außenminister. Einer wurde demnach sogar geschlagen.",https://media0.faz.net/image/w1200h627/c4e92d74c9c6/w5683h2969x0y283o/202602/43601.0.1814542131/frankreichs-aussenminister.webp,2026-07-29T09:11:35Z,,"Zwei französische Diplomaten sind nach Paris zurückgekehrt, nachdem sie am 19. Juli von den iranischen Behörden ohne Grund mehrere Stunden lang festgehalten, verhört und misshandelt wurden, wie der f… [+2051 chars]",,de,'Iran'
https://www.tagesspiegel.de/internationales/es-gab-keinen-krieg-der-ihm-nicht-gefiel-trump-wurdigt-us-senator-lindsey-graham-auf-trauerfeier-in-washington-15892321.html,https://www.tagesspiegel.de/internationales/es-gab-keinen-krieg-der-ihm-nicht-gefiel-trump-wurdigt-us-senator-lindsey-graham-auf-trauerfeier-in-washington-15892321.html,0,www.tagesspiegel.de,"„Es gab keinen Krieg, der ihm nicht gefiel“: Trump würdigt US-Senator Lindsey Graham auf Trauerfeier in Washington",Gut zwei Wochen nach dem Tod des US-Senators würdigen Präsident Trump und weitere Politiker Lindsey Graham. Dabei werden auch Anekdoten und sein besonderer Humor hervorgehoben.,https://www.tagesspiegel.de/images/15892598/alternates/BASE_16_9_W1400/1785316966000/lindsey-graham-funeral-service-washington.jpeg,2026-07-29T09:21:34Z,,Gut zwei Wochen nach dem Tod des US-Senators Lindsey Graham hat Präsident Donald Trump den Republikaner als respektierten Staatsmann gewürdigt. Trump sagte am Dienstag bei der Trauermesse in der Nati… [+5613 chars],,de,'Krieg'
https://www.faz.net/aktuell/technik-motor/technik/amerikanische-techkonzerne-setzen-fuer-ki-wieder-auf-kern-und-gaskraftwerke-accg-200982996.html,https://www.faz.net/aktuell/technik-motor/technik/amerikanische-techkonzerne-setzen-fuer-ki-wieder-auf-kern-und-gaskraftwerke-accg-200982996.html,0,www.faz.net,Kernenergie und Gas: Kraft für die KI,Rechenzentren für Künstliche Intelligenz haben einen sehr hohen Strombedarf. Amerikanische Techkonzerne setzen daher wieder auf Kern- und Gaskraftwerke.,https://media0.faz.net/image/w1200h627/5f42af413428/w6000h3135x0y745o/202603/43601.0.1938428718/atomkraft-fuer-microsoft-three.webp,2026-07-29T10:33:43Z,,"Nicht nur Apple hat die Preise für Rechner deutlich erhöht, sondern in der gesamten PC-Branche wurden in den vergangenen Monaten Speicherbausteine und SSD teurer. Die Gründe hatten wir hier unlängst … [+154 chars]",,de,'Gas'
https://www.freitag.de/autoren/konrad-ege/usa-ukraine-trumps-elefantengedaechtnis-laesst-auch-selenskyj-nicht-ungeschoren,https://www.freitag.de/autoren/konrad-ege/usa-ukraine-trumps-elefantengedaechtnis-laesst-auch-selenskyj-nicht-ungeschoren,0,www.freitag.de,Wie eine unberechenbare Influencerin Donald Trumps Kurs im Ukrainekrieg verändern könnte,"Nur ein kurzes Treffen im Weißen Haus, dann war Selenskyj schon wieder weg. Trotzdem scheint sich etwas zu drehen: Eine Trump-nahe Publizistin revidiert überraschend ihre Russland-Haltung. Kann das seine Einstellung gegenüber Kiew ändern? Benjamin Netanjahu w…",https://www.freitag.de/autoren/konrad-ege/usa-ukraine-trumps-elefantengedaechtnis-laesst-auch-selenskyj-nicht-ungeschoren/@@images/image/great,2026-07-29T11:00:00Z,,"Benjamin Netanjahu wartete schon auf seine Audienz im Weißen Haus, also fiel das Treffen zwischen Wolodymyr Selenskyj und Donald Trump nur kurz aus. Trotz begrenzter Dauer hatte die Begegnung vor all… [+3898 chars]",,de,'Benjamin Netanjahu'
https://taz.de/Schwerverletzte-in-der-russischen-Armee/!6199922/,https://taz.de/Schwerverletzte-in-der-russischen-Armee/!6199922/,0,taz.de,Schwerverletzte in der russischen Armee: Wie der Kreml Veteranen im Stich lässt,Hunderttausende russische Soldaten sollen bereits nach Hause zurückgekehrt sein. Viele werden straffällig – und Verwundete oft sich selbst überlassen.,https://taz.de/picture/8638718/1200/41765281.jpeg,2026-07-29T11:44:00Z,,Hunderttausende russische Soldaten sollen bereits nach Hause zurückgekehrt sein. Viele werden straffällig – und Verwundete oft sich selbst überlassen. mehr...,,de,'Kreml'
https://www.focus.de/sport/formel1/saisonfinale-waere-in-europa-formel-1-baut-kalender-wegen-nahost-konflikts-um_0709eedc-65ee-46c1-b2a7-aa7c8387db06.html,https://www.focus.de/sport/formel1/saisonfinale-waere-in-europa-formel-1-baut-kalender-wegen-nahost-konflikts-um_0709eedc-65ee-46c1-b2a7-aa7c8387db06.html,0,www.focus.de,Saisonfinale wäre in Europa: Formel 1 baut Kalender wegen Nahost-Konflikts um,"Sollten die Formel-1-Rennen in Katar und Abu Dhabi ausfallen, steigt das Saisonfinale in Europa. Indes findet der Große Preis von Bahrain in Malaysia statt.","https://quadro.burda-forward.de/ctf/4c99b191-aba0-4c79-b23a-b7552880fe2c.f23633e7-489a-42ef-928e-8b65165180bd.jpg?im=RegionOfInterestCrop=(1200,630),regionOfInterest=(1072,882)&hash=3c22669ae34baa67b654ddd67c734a9949450af3a3aae7135c1e8ca1aeb4fbcd",2026-07-29T11:52:00Z,,"Noch immer ist unklar, ob die beiden Nahost-Rennen aufgrund der politischen Lage ausgetragen werden können. Zwar betont Domenicali, dass die Grands Prix nach aktuellem Stand noch bestätigt sind, trot… [+3030 chars]",,de,'Katar'
https://www.dw.com/de/%C3%A4gypten-ringt-um-einfluss-in-der-region/a-78143312,https://www.dw.com/de/%C3%A4gypten-ringt-um-einfluss-in-der-region/a-78143312,0,www.dw.com,Ägypten ringt um Einfluss in der Region,"Der Konflikt mit Iran und die neuen Drohungen der Huthi setzen Ägypten wirtschaftlich und außenpolitisch unter Druck. Kairo setzt auf Diplomatie, doch der Einfluss auf den Konflikt bleibt begrenzt. Gute 193 Kilometer misst der Suezkanal. Damit erspart die Was…",https://static.dw.com/image/76547864_6.jpg,2026-07-29T11:56:00Z,,Gute 193 Kilometer misst der Suezkanal. Damit erspart die Wasserstraße zwischen Mittelmeer und Rotem Meer auf der Route zwischen Europa und Asien einen Umweg von rund 10.700 Kilometern um das Kap der… [+6459 chars],,de,'Katar'
https://www.dw.com/de/zwischen-suezkanal-und-teheran-warum-%C3%A4gypten-auf-deeskalation-setzt/a-78143312,https://www.dw.com/de/zwischen-suezkanal-und-teheran-warum-%C3%A4gypten-auf-deeskalation-setzt/a-78143312,0,www.dw.com,Zwischen Suezkanal und Teheran: Warum Ägypten auf Deeskalation setzt,"Der Konflikt mit Iran und die neuen Drohungen der Huthi setzen Ägypten wirtschaftlich und außenpolitisch unter Druck. Kairo setzt auf Diplomatie, doch der Einfluss auf den Konflikt bleibt begrenzt.",https://static.dw.com/image/76547864_6.jpg,2026-07-29T11:56:00Z,,Gute 193 Kilometer misst der Suezkanal. Damit erspart die Wasserstraße zwischen Mittelmeer und Rotem Meer auf der Route zwischen Europa und Asien einen Umweg von rund 10.700 Kilometern um das Kap der… [+6459 chars],,de,'Iran'
https://www.tagesspiegel.de/internationales/ex-leiterin-von-russia-today-in-paris-frankreich-weist-xenia-fedorova-wegen-kreml-propaganda-aus-15894670.html,https://www.tagesspiegel.de/internationales/ex-leiterin-von-russia-today-in-paris-frankreich-weist-xenia-fedorova-wegen-kreml-propaganda-aus-15894670.html,0,www.tagesspiegel.de,Ex-Leiterin von Russia Today in Paris: Frankreich weist Xenia Fedorova wegen Kreml-Propaganda aus,"Sie gilt als Sprachrohr von Kreml-Chef Putin in Frankreich, Macron bezeichnete sie als „Propaganda-Agentin“. Jetzt wurde die umstrittene Journalistin Xenia Fedorova ausgewiesen.",https://www.tagesspiegel.de/images/15894687/alternates/BASE_16_9_W1400/1785329265000/files-france-media-police-diplomacy-russia-ukraine-war.jpeg,2026-07-29T12:57:04Z,,Nach Vorwürfen der Propaganda für den Kreml weist Frankreich die umstrittene russische Journalistin Xenia Fedorova aus. Einen entsprechenden Erlass gab das Innenministerium in Paris am Mittwoch herau… [+1371 chars],,de,'Kreml'
https://www.tagesschau.de/ausland/asien/telegram-fahndung-100.html,https://www.tagesschau.de/ausland/asien/telegram-fahndung-100.html,0,www.tagesschau.de,Russland schreibt Telegram-Gründer Pawel Durow zur Fahndung aus,Ukrainische Geheimdienste werben angeblich per Telegram Saboteure in Russland an. Aus Sicht des Kreml unternimmt der Messengerdienst zu wenig dagegen. Darum ist dessen Gründer jetzt als Terrorunterstützer auf die Fahndungsliste gekommen.,https://images.tagesschau.de/image/345f5806-a1ed-4120-9b9f-d891b8027444/AAABn62lOB4/AAABnSSvrFg/16x9-big/durow-108.jpg?width=1280,2026-07-29T13:18:26Z,,"Stand: 29.07.2026 15:18 Uhr
Ukrainische Geheimdienste werben angeblich per Telegram Saboteure in Russland an. Aus Sicht des Kreml unternimmt der Messengerdienst zu wenig dagegen. Darum ist dessen Gr… [+2184 chars]",,de,'Kreml'
https://www.diepresse.com/39992104/warum-die-ukraine-das-russische-amazon-in-brand-setzt,https://www.diepresse.com/39992104/warum-die-ukraine-das-russische-amazon-in-brand-setzt,0,www.diepresse.com,Warum die Ukraine das „russische Amazon“ in Brand setzt [premium],Rund ein Dutzend Logistikzentren des russischen Internet-Händlers Wildberries gingen bisher bei ukrainischen Angriffen in Flammen auf – jüngst im Gebiet Rjasan. Die Ukraine verfolgt damit mehrere Ziele.,https://img.diepresse.com/public/incoming/k9z33t-imagost0729101900010862947764jpg/alternates/WEBP_WIDE_1200/imago_st_0729_10190001_0862947764.jpg,2026-07-29T14:18:57Z,,"Bei Wildberries gibt es alles, was ein russischer Haushalt benötigt: Alkohol und Lebensmittel, Babykleidung und Bücher, Küchengeräte und Kosmetik, Tierfutter und Wohnungsdekoration. Zu Recht wird der… [+5463 chars]",,de,'Kreml'
https://www.bild.de/politik/ausland-und-internationales/angriffe-im-kaspischen-meer-erklaert-der-iran-jetzt-auch-der-ukraine-den-krieg-6a69b80f18af02e41ad87192,https://www.bild.de/politik/ausland-und-internationales/angriffe-im-kaspischen-meer-erklaert-der-iran-jetzt-auch-der-ukraine-den-krieg-6a69b80f18af02e41ad87192,0,www.bild.de,Furcht vor neuer Eskalation - Erklärt der Iran jetzt auch Kiew den Krieg?,Ein ukrainischer Drohnenangriff im Kaspischen Meer trifft Waffenlieferungen zwischen Iran und Russland. Die Konflikte rücken näher zusammen.,"https://images.bild.de/6a69b80f18af02e41ad87192/b4b31e92d29ccc2767349bdb2419ec74,c9df1af4?w=1280",2026-07-29T14:50:25Z,,TTS-Player überspringenArtikel weiterlesenKiew/Teheran Das Kaspische Meer droht zu einer neuen Kriegszone zu werden! Nach mehreren ukrainischen Angriffen auf russische und iranische Schiffe sowie ein… [+2923 chars],,de,'Krieg'
https://www.tagesspiegel.de/sport/nach-ioc-beschluss-wiederzulassung-von-russland-ukraine-zieht-vor-sportgericht-15895455.html,https://www.tagesspiegel.de/sport/nach-ioc-beschluss-wiederzulassung-von-russland-ukraine-zieht-vor-sportgericht-15895455.html,0,www.tagesspiegel.de,Nach IOC-Beschluss: Wiederzulassung von Russland: Ukraine zieht vor Sportgericht,Der ukrainische Sportminister nennt die IOC-Entscheidung zum Ende der Russland-Sanktionen „voreilig“. Warum zieht die Ukraine jetzt vor den Cas - und warum klagt auch Russland bereits dort?,https://www.tagesspiegel.de/images/15895454/alternates/BASE_16_9_W1400/1785339040000/ukraines-sportminister-bidny.jpeg,2026-07-29T15:30:40Z,,"Die Ukraine wird vor dem Internationalen Sportgerichtshof Cas gegen den IOC-Beschluss klagen, die bisherige Sperre des Russischen Olympischen Komitees (ROC) vorläufig aufzuheben. Das kündigte Sportmi… [+1721 chars]",,de,'Saporischschja'
https://sport.orf.at/stories/3160770/,https://sport.orf.at/stories/3160770/,0,sport.orf.at,Wiederzulassung: Ukraine zieht vor Sportgericht,,https://sport.orf.at/mojo/1_4_1/storyserver//news/common/images/og-fallback-sport.png,2026-07-29T17:31:27Z,,"Die Ukraine wird vor dem Internationalen Sportgerichtshof (CAS) gegen den Beschluss des Internationalen Olympischen Komitees (IOC) klagen, die bisherige Sperre des Russischen Olympischen Komitees (RO… [+1615 chars]",,de,'Ukraine'
https://www.zeit.de/2026/33/ukrainischer-angriff-kaspisches-meer-iran-frachter-russland,https://www.zeit.de/2026/33/ukrainischer-angriff-kaspisches-meer-iran-frachter-russland,0,www.zeit.de,Ukrainischer Angriff im Kaspischen Meer: Ist das schon ein Krieg der Großmächte?,"Russland gegen die Ukraine, die USA gegen Iran? So klar ist es nicht mehr. Die jüngsten Ereignisse zeigen, wie sich zwei Kriege immer mehr ineinander verschränken.",https://img.zeit.de/2026/33/ist-das-schon-ein-krieg-der-grossmaechte-bild-2/wide__1300x731,2026-07-29T17:48:59Z,,"Schließen
Artikelzusammenfassung
Ein Beschuss im Kaspischen Meer macht aus einem vermeintlichen Side-Story-Moment plötzlich geopolitischen Prime Time Content. Die Ukraine reklamierte den Angriff au… [+1341 chars]",,de,'Iran'
https://www.zeit.de/politik/deutschland/2026-07/berliner-abgeordnetenhauswahl-2026-enteignung-wohnung-miete,https://www.zeit.de/politik/deutschland/2026-07/berliner-abgeordnetenhauswahl-2026-enteignung-wohnung-miete,0,www.zeit.de,Berliner Abgeordnetenhauswahl: Von Marx zu Mamdani,"Im Berliner Wahlkampf wird wieder um die Enteignung von Wohnraum gerungen. In einer Stadt, in der fast jeder Mieter ist, steckt darin eine Menge politische Energie.",https://img.zeit.de/politik/deutschland/2026-07/berliner-abgeordnetenhauswahl-2026-enteignung-wohnung-miete-bild/wide__1300x731,2026-07-29T17:52:23Z,,"Schließen
Artikelzusammenfassung
Vor dem Bundesrat spukt im Berliner Wahlkampf wieder das Gespenst der Enteignung. Ausgehend vom erfolgreichen Volksentscheid 2021 erzählt der Text, wie Deutsche Woh… [+1350 chars]",,de,'Energie'
https://www.diepresse.com/40186201/was-tun-fragt-ein-russischer-unternehmer-ratlos-warten-und-beten,https://www.diepresse.com/40186201/was-tun-fragt-ein-russischer-unternehmer-ratlos-warten-und-beten,0,www.diepresse.com,"„Was tun?“, fragt ein russischer Unternehmer ratlos: „Warten und beten?“ [premium]","Brennende Logistiklager bei Russlands Amazon, Hunderttausende irritierte Lieferanten, Chaos bei den Versicherungen. Hat die Ukraine nach den vorherigen Attacken auf die Raffinerien nun einen noch wuchtigeren Schlag gegen Russlands Wirtschaft erzielt? Die Auss…",https://img.diepresse.com/public/incoming/fl1cdt-wildberries3imagojpg/alternates/WEBP_WIDE_1200/Wildberries3_Imago.jpg,2026-07-29T17:53:34Z,,"Als Tatjana Bakaltschuk, Mutter von sieben Kindern und reichste Russin zwei Monate vor dem russischen Einmarsch in der Ukraine, der Presse ein Interview gab, erzählte sie von zwei Träumen: Der eine b… [+6263 chars]",,de,'Ukraine'
https://www.n-tv.de/sport/formel1/Formel-1-Boss-macht-mittelfristig-Hoffnung-auf-Deutschland-Comeback-id31138879.html,https://www.n-tv.de/sport/formel1/Formel-1-Boss-macht-mittelfristig-Hoffnung-auf-Deutschland-Comeback-id31138879.html,0,www.n-tv.de,"Saisonfinale in Europa?: Formel-1-Boss macht ""mittelfristig"" Hoffnung auf Deutschland-Comeback","Kehrt die Formel 1 nach Deutschland zurück? F1-Boss Domenicali macht etwas Hoffnung, aber nicht für die nahe Zukunft. Für das Saisonfinale 2026 hat die Rennserie einen Plan, wenn der Iran-Krieg weitergeht.",https://www.n-tv.de/img/30162610/1766142660/Img_16_9/1200/Formel-1-Chef-Stefano-Domenicali-macht-deutschen-Fans-wenig-Hoffnungen-auf-einen-Grand-Prix-in-Deutschland.jpg,2026-07-29T18:10:37Z,,"Kehrt die Formel 1 nach Deutschland zurück? F1-Boss Domenicali macht etwas Hoffnung, aber nicht für die nahe Zukunft. Für das Saisonfinale 2026 hat die Rennserie einen Plan, wenn der Iran-Krieg weite… [+3543 chars]",,de,'Iran'
https://www.zeit.de/politik/deutschland/2026-07/thorsten-frei-wahl-uunions-fraktionschef-friedrich-merz,https://www.zeit.de/politik/deutschland/2026-07/thorsten-frei-wahl-uunions-fraktionschef-friedrich-merz,0,www.zeit.de,"Thorsten Frei: Stimmung mies, aber Revolte vertagt",Der Unmut über Friedrich Merz brach zuletzt nach dem Prinzip Ketchupflasche über den Kanzler herein. Immerhin die Wahl von Thorsten Frei zum Unionsfraktionschef gelingt.,https://img.zeit.de/politik/deutschland/2026-07/thorsten-frei-wahl-uunions-fraktionschef-friedrich-merz-bild/wide__1300x731,2026-07-29T18:45:33Z,,"Der Bundestag baut um und der Kanzler auch. Und weil beides in dieselbe parlamentarische Sommerpause fällt, kommt man sich schon mal ins Gehege: Die Etage im Reichstagsgebäude, auf der die Unionsfrak… [+780 chars]",,de,'Friedrich Merz'
https://www.n-tv.de/politik/Russlands-Wahlleitung-laesst-Oppositionspartei-fuer-Parlamentswahl-zu-id31139351.html,https://www.n-tv.de/politik/Russlands-Wahlleitung-laesst-Oppositionspartei-fuer-Parlamentswahl-zu-id31139351.html,0,www.n-tv.de,Jabloko will Ende des Krieges: Russlands Wahlleitung lässt Oppositionspartei für Parlamentswahl zu,Freie Wahlen und Russland passen seit Jahren nicht mehr zusammen. Das wird auch bei der anstehenden Duma-Wahl im September nicht anders sein. Einen Lichtblick gibt es aber: Die Oppositionspartei Jabloko darf antreten. Viele ihrer Kandidaten allerdings nicht.,https://www.n-tv.de/img/31139368/1785359178/Img_16_9/1200/Nikolai-Rybakow-Vorsitzender-der-oppositionellen-Partei-Jabloko-spricht-mit-Journalisten-als-er-bei-der-Zentralen-Wahlkommission-eintrifft-um-die-Unterlagen-fuer-die-Parlamentskandidaten-seiner-Partei-einzureichen-Die-Parlamentswahl-findet-am-20-09-2026-statt.jpg,2026-07-29T20:17:31Z,,"Jabloko will Ende des KriegesRusslands Wahlleitung lässt Oppositionspartei für Parlamentswahl zu
Friedenstaube am Revers: Nikolai Rybakow, Vorsitzender der oppositionellen Partei Jabloko, darf selbs… [+2766 chars]",,de,'Krieg'
https://www.zeit.de/news/2026-07/30/us-militaer-meldet-neue-angriffe-gegen-iran,https://www.zeit.de/news/2026-07/30/us-militaer-meldet-neue-angriffe-gegen-iran,0,www.zeit.de,Nahost: US-Militär meldet neue Angriffe gegen Iran,Hier finden Sie Informationen zu dem Thema „Nahost“. Lesen Sie jetzt „US-Militär meldet neue Angriffe gegen Iran“.,https://img.zeit.de/news/2026-07/30/us-militaer-meldet-neue-angriffe-gegen-iran-image-group/wide__1300x731,2026-07-30T01:11:06Z,,"Das US-Militär hat nach eigenen Angaben neue Angriffe gegen den Iran begonnen. Die Attacken, die am Mittwoch um 20.00 Uhr (US-Ostküstenzeit) starteten, seien eine «entschlossene Antwort» auf die vers… [+1682 chars]",,de,'Iran'
https://www.zeit.de/news/2026-07/30/warum-kiew-russlands-online-haendler-wildberries-attackiert,https://www.zeit.de/news/2026-07/30/warum-kiew-russlands-online-haendler-wildberries-attackiert,0,www.zeit.de,Ukraine-Krieg: Warum Kiew Russlands Online-Händler Wildberries attackiert,Hier finden Sie Informationen zu dem Thema „Ukraine-Krieg“. Lesen Sie jetzt „Warum Kiew Russlands Online-Händler Wildberries attackiert“.,https://img.zeit.de/news/2026-07/30/warum-kiew-russlands-online-haendler-wildberries-attackiert-image-group/wide__1300x731,2026-07-30T03:00:13Z,,"Riesige schwarze Rauchwolken quellen aus dem Lager des russischen Online-Händlers Wildberries in Rjasan. Augenzeugen filmen, wie Kampfdrohnen auf ihrem Weg zum Ziel durch die Häuserschlucht der Großs… [+5299 chars]",,de,'Ukraine'
https://www.tagesspiegel.de/berlin/unterhalt-zu-teuer-schluss-mit-gastehaus-schloss-meseberg-vor-unklarer-zukunft-15895912.html,https://www.tagesspiegel.de/berlin/unterhalt-zu-teuer-schluss-mit-gastehaus-schloss-meseberg-vor-unklarer-zukunft-15895912.html,0,www.tagesspiegel.de,Unterhalt zu teuer: Schluss mit Gästehaus: Schloss Meseberg vor unklarer Zukunft,Angela Merkel und Olaf Scholz trafen sich hier mit Staatsgästen und ihrem Kabinett: Schloss Meseberg war 20 Jahre lang große politische Bühne. Friedrich Merz tagt anderswo. Was nun mit dem Schloss?,https://www.tagesspiegel.de/images/15895911/alternates/BASE_16_9_W1400/1785380553000/schloss-meseberg.jpeg,2026-07-30T03:02:33Z,,"Ein Dorf von Welt - das war Meseberg, wenn die Staatsgäste ins Schloss kamen. Der kleine Ort in Brandenburg wurde zum Schauplatz großer Politik. Doch der Vorhang schließt sich: Das Schloss verliert s… [+5668 chars]",,de,'Friedrich Merz'
https://www.sueddeutsche.de/politik/liveblog-nahost-iran-news-usa-angriffe-sanktionen-li.3523210,https://www.sueddeutsche.de/politik/liveblog-nahost-iran-news-usa-angriffe-sanktionen-li.3523210,0,www.sueddeutsche.de,Krieg in Nahost: US-Militär meldet „schwere“ Angriffswelle gegen Iran,"In der Nacht greift das US-Militär erneut Ziele in Iran an. Iranische Medien berichten über Explosionen im Süden des Landes. Kurz zuvor verhängte die US-Regierung neue Sanktionen, die den Druck auf Teheran erhöhen sollen.",https://www.sueddeutsche.de/2026/07/18/9b479d07-c84a-408a-ba66-0b18664a363d.jpg?q=60&fm=webp&width=1200&rect=0%2C83%2C2048%2C1152,2026-07-30T03:26:54Z,,"Der israelische Premierminister Benjamin Netanjahu reist an diesem Dienstag nach Washington. Offizieller Anlass ist eine Trauerfeier für den kürzlich gestorbenen US-Senator Lindsey Graham, einem wich… [+1407 chars]",,de,'Krieg'
https://www.zeit.de/news/2026-07/30/ukraine-mindestens-acht-tote-bei-russischer-angriffswelle,https://www.zeit.de/news/2026-07/30/ukraine-mindestens-acht-tote-bei-russischer-angriffswelle,0,www.zeit.de,Ukraine-Krieg: Ukraine: Mindestens acht Tote bei russischer Angriffswelle,Hier finden Sie Informationen zu dem Thema „Ukraine-Krieg“. Lesen Sie jetzt „Ukraine: Mindestens acht Tote bei russischer Angriffswelle“.,https://img.zeit.de/news/2026-07/30/ukraine-mindestens-acht-tote-bei-russischer-angriffswelle-image-group/wide__1300x731,2026-07-30T03:58:19Z,,Die Ukraine ist in der Nacht wieder zur Zielscheibe einer massiven Angriffswelle des russischen Militärs geworden. Städte bis im weit von der Grenze entfernten Westen des Landes seien mit Dutzenden R… [+2115 chars],,de,'Ukraine'
https://www.zeit.de/politik/2026-07/hitze-deutschland-braende-daten-nachrichtenpodcast,https://www.zeit.de/politik/2026-07/hitze-deutschland-braende-daten-nachrichtenpodcast,0,www.zeit.de,Hitze in Deutschland: Hitze und Feuer: die neue Normalität in Europa?,"Eine neue Hitzeperiode in Deutschland, Waldbrände in Europa. Bleibt das jetzt für immer so? Und: Warum verzahnen sich die Kriege in der Ukraine und im Iran immer stärker?",https://img.zeit.de/wissenschaft/2026-07/hitze-deutschland-braende-daten-nachrichtenpodcast-bild/wide__1300x731,2026-07-30T04:01:04Z,,"Erneut hat eine Hitzewelle
Deutschland erreicht. Die Temperaturen können am Donnerstag laut dem Deutschen Wetterdienst in weiten Teilen Deutschlands bis über die 35-Grad-Marke klettern.
Als besonde… [+1971 chars]",,de,'Iran'
https://www.tagesschau.de/ausland/europa/rumaenien-drohnen-100.html,https://www.tagesschau.de/ausland/europa/rumaenien-drohnen-100.html,0,www.tagesschau.de,Rumänien: Mit Kampfjets und Diplomatie gegen russische Drohnen,Russland führt seinen Krieg gegen die Ukraine auch in unmittelbarer Nähe zu NATO-Staaten. In Rumänien schlugen schon mehrfach Drohnen ein. Die Regierung will das nicht mehr hinnehmen - und tritt gegenüber Moskau offensiver auf. Von Oliver Soos.,https://images.tagesschau.de/image/b990483a-5ee0-4982-b28a-c48a702a78ad/AAABn63AaD8/AAABnSSvrFg/16x9-big/f-16-kampfjets-rumaenien-100.jpg?width=1280,2026-07-30T04:43:16Z,,"Stand: 30.07.2026 06:43 Uhr
Russland führt seinen Krieg gegen die Ukraine auch in unmittelbarer Nähe zu NATO-Staaten. In Rumänien schlugen schon mehrfach Drohnen ein. Die Regierung will das nicht me… [+5346 chars]",,de,'Wladimir Putin'
https://www.faz.net/premium/weltwirtschaft/weltwissen/irankrieg-und-die-regionalen-vier-neue-ordnung-im-nahen-osten-accg-201068781.html,https://www.faz.net/premium/weltwirtschaft/weltwissen/irankrieg-und-die-regionalen-vier-neue-ordnung-im-nahen-osten-accg-201068781.html,0,www.faz.net,Nahostkonflikt: Saudi-Arabiens neue Strategie gegen den Irankrieg,Die vom Irankrieg betroffenen Staaten arbeiten an einer neuen regionalen Ordnung für den Nahen Osten. Neues Gravitationszentrum ist die sunnitische Achse der „regionalen Vier“.,https://media0.faz.net/image/w1200h627/3165e0159839/w8038h4199x0y580o/202607/43601.0.2310963854/die-tuerkei-hat-eine.webp,2026-07-30T04:50:00Z,,Donald Trumps epischer Zorn hat den Nahen Osten instabiler gemacht und die Welt ärmer. Willkürlich schließen und öffnen Iran und seine Proxys die Meerenge von Hormus und das Bab al-Mandab. Daran wird… [+133 chars],,de,'Iran'
https://www.welt.de/wirtschaft/article6a649efe413df7c047eea5ce/trotz-sanktionen-und-dann-laesst-die-deutsche-kuestenwache-putins-schattentanker-einfach-ziehen.html,https://www.welt.de/wirtschaft/article6a649efe413df7c047eea5ce/trotz-sanktionen-und-dann-laesst-die-deutsche-kuestenwache-putins-schattentanker-einfach-ziehen.html,0,www.welt.de,Als die deutsche Küstenwache Putins Schattentanker einfach ziehen lässt,Mittlerweile 21 Sanktionspakete hat die EU in den gut vier Jahren Ukraine-Krieg gegen Russland verhängt. Die Wirkung scheint allerdings begrenzt. Wladimir Putin konnte sein Öl trotzdem exportieren – und die Einnahmen zuletzt sogar noch steigern.,https://images.welt.de/6a649efe413df7c047eea5ce/81d18e1e1bf48ff88ef43095a9e72e02/ci16x9-w1200/dpa-com-260720-935-1490744-jpg,2026-07-30T05:58:40Z,,Mittlerweile 21 Sanktionspakete hat die EU in den gut vier Jahren Ukraine-Krieg gegen Russland verhängt. Die Wirkung scheint allerdings begrenzt. Wladimir Putin konnte sein Öl trotzdem exportieren  u… [+7591 chars],,de,'Ukraine'
https://www.welt.de/vermischtes/article6a6ae4a795262dd1627854dd/buergergeld-doku-ploetzlich-wurde-ich-als-nazi-schlampe-beschimpft-berichtet-die-zdf-moderatorin.html,https://www.welt.de/vermischtes/article6a6ae4a795262dd1627854dd/buergergeld-doku-ploetzlich-wurde-ich-als-nazi-schlampe-beschimpft-berichtet-die-zdf-moderatorin.html,0,www.welt.de,"„Plötzlich wurde ich als ‚Nazi-Schlampe‘ beschimpft“, berichtet die ZDF-Moderatorin",Nach heftiger Kritik an ihrer ZDF-Dokumentation über das Bürgergeld weist Journalistin Sarah Tacke die Vorwürfe zurück. Die Recherchen hätten seltene Einblicke ermöglicht.,https://images.welt.de/6a6ae4a795262dd1627854dd/4190b90e08a7625b3bb852ae1a236e1c-master/ci16x9-w1200/96369-0-1-jpg,2026-07-30T06:23:46Z,,"Die ZDF-Journalistin Sarah Tacke steht weiter hinter ihrer Dokumentation System Bürgergeld: Leben ohne Leistung? Uns ist es gelungen, Stimmen und Einblicke zu bekommen, die normalerweise kaum zugängl… [+1408 chars]",,de,'Bürgergeld'
https://www.zeit.de/news/2026-07/30/deutsche-wirtschaft-schafft-mini-wachstum-trotz-iran-krieg,https://www.zeit.de/news/2026-07/30/deutsche-wirtschaft-schafft-mini-wachstum-trotz-iran-krieg,0,www.zeit.de,Konjunktur: Deutsche Wirtschaft schafft Mini-Wachstum trotz Iran-Krieg,Hier finden Sie Informationen zu dem Thema „Konjunktur“. Lesen Sie jetzt „Deutsche Wirtschaft schafft Mini-Wachstum trotz Iran-Krieg“.,https://img.zeit.de/news/2026-07/30/deutsche-wirtschaft-schafft-mini-wachstum-trotz-iran-krieg-image-group/wide__1300x731,2026-07-30T08:10:15Z,,"Die deutsche Wirtschaft hat trotz der Belastungen durch den Iran-Krieg im Frühjahr ein Mini-Wachstum geschafft. Im zweiten Quartal legte das Bruttoinlandsprodukt (BIP) zum Vorquartal um 0,2 Prozent z… [+3728 chars]",,de,'Iran'
https://www.zeit.de/politik/ausland/2026-07/russland-angriffe-ukraine-dnipropetrowsk-lwiw-kiew-raketen,https://www.zeit.de/politik/ausland/2026-07/russland-angriffe-ukraine-dnipropetrowsk-lwiw-kiew-raketen,0,www.zeit.de,Ukrainekrieg: Ukraine meldet Tote und viele Verletzte nach russischen Angriffen,"Bei russischen Angriffen in der Ukraine sind mehrere Menschen getötet worden, darunter Kinder. In der Großstadt Lwiw wurden eine Schule und zwei Kindergärten getroffen.",https://img.zeit.de/politik/ausland/2026-07/russland-angriffe-ukraine-dnipropetrowsk-lwiw-kiew-raketen-foto-1/wide__1300x731,2026-07-30T08:12:41Z,,Russland hat erneut mehrere Regionen in der Ukraine attackiert. Dabei wurden mindestens acht Menschen getötet und Dutzende weitere verletzt. Die meisten Opfer wurden aus den Regionen Dnipropetrowsk i… [+2367 chars],,de,'Ukraine'
https://www.welt.de/politik/ausland/article6a6a86de95262dd162785245/ukraine-krieg-flugobjekt-dringt-tief-in-polnischen-luftraum-ein-grosse-explosion-krater-mit-zehn-metern-durchmesser.html,https://www.welt.de/politik/ausland/article6a6a86de95262dd162785245/ukraine-krieg-flugobjekt-dringt-tief-in-polnischen-luftraum-ein-grosse-explosion-krater-mit-zehn-metern-durchmesser.html,0,www.welt.de,"Objekt dringt in polnischen Luftraum ein – große Explosion, Krater mit zehn Metern Durchmesser",Bis tief in den Westen des Landes wurde die Ukraine mit Dutzenden Raketen und Hunderten Drohnen attackiert. Im polnischen Luftraum wird ein unbekanntes Flugobjekt gemeldet – Videos zeigen den Einschlagsort.,https://images.welt.de/6a6a86de95262dd162785245/5ba3f83d509926caf8a7203f246acc30/ci16x9-w1200/dpa-com-260730-99-204776-jpg,2026-07-30T08:53:00Z,,Bis tief in den Westen des Landes wurde die Ukraine mit Dutzenden Raketen und Hunderten Drohnen attackiert. Im polnischen Luftraum wird ein unbekanntes Flugobjekt gemeldet Videos zeigen den Einschlag… [+5581 chars],,de,'Kreml'
https://www.faz.net/aktuell/politik/ukraine/ukraine-liveticker-offenbar-russische-rakete-in-polen-eingeschlagen-faz-110683325.html,https://www.faz.net/aktuell/politik/ukraine/ukraine-liveticker-offenbar-russische-rakete-in-polen-eingeschlagen-faz-110683325.html,0,www.faz.net,Liveblog Ukrainekrieg: Russische Rakete schlägt in Polen ein,Tusk: „ernster Vorfall“ +++ Polnische F-16-Jagdflugzeuge aufgestiegen +++ Acht Tote durch russische Angriffe in der Ukraine +++ alle Neuigkeiten im Liveblog,https://media0.faz.net/image/w1200h627/955f96bd39c2/w4032h2106x0y81o/202607/43601.0.2386073310/polnische-rettungskraefte-bei.webp,2026-07-30T09:05:51Z,,US-Präsident Donald Trump soll laut ukrainischem Präsidenten Wolodymyr Selenskyj der Ukraine die vielfach geforderten Lizenzen zur Herstellung von Patriot-Abfangraketen zugesichert haben. Er hat zuge… [+1706 chars],,de,'Ukraine'
https://www.zeit.de/2026/33/mychajlo-drapatyj-oberbefehlshaber-ukrainische-armee-militaer,https://www.zeit.de/2026/33/mychajlo-drapatyj-oberbefehlshaber-ukrainische-armee-militaer,0,www.zeit.de,"Mychajlo Drapatyj: Sie hoffen, dass er das Sterben beenden kann","Die Ukraine hat einen neuen Armeechef: Mychajlo Drapatyj, 43. Seine Soldaten schätzen ihn als verantwortungsvoll und ehrlich. Kann er die Erwartungen erfüllen?",https://img.zeit.de/2026/33/sie-hoffen-dass-er-das-sterben-beenden-kann-bild-1/wide__1300x731,2026-07-30T09:36:57Z,,"Schließen
Artikelzusammenfassung
Mychajlo Drapatyj ist der neue Hoffnungsträger einer kriegsmüden Ukraine. Der 43-Jährige, öffentlich fast ein Ghost im Medienbetrieb, wurde nach Protesten gegen Prä… [+1249 chars]",,de,'Ukraine'
https://www.tagesschau.de/ausland/afrika/drohnenangriff-aegypten-100.html,https://www.tagesschau.de/ausland/afrika/drohnenangriff-aegypten-100.html,0,www.tagesschau.de,Brand auf US-Tanker in Ägypten - Drohne offenbar Auslöser,"Im ägyptischen Mittelmeerhafen Damietta ist am Abend ein US-Gastanker in Brand geraten. Ursache war laut Behörden ein Drohnenangriff. Im Land wächst die Angst, in den Iran-Krieg gezogen zu werden.",https://images.tagesschau.de/image/a6607c4f-4c25-42bc-9344-9d90533cfd9d/AAABn7KVXFw/AAABnSSvrFg/16x9-big/aegypten-hafen-100.jpg?width=1280,2026-07-30T10:37:29Z,,"Stand: 30.07.2026 12:37 Uhr
Im ägyptischen Mittelmeerhafen Damietta ist am Abend ein US-Gastanker in Brand geraten. Ursache war laut Behörden ein Drohnenangriff. Im Land wächst die Angst, in den Ira… [+1896 chars]",,de,'Krieg'
https://www.focus.de/politik/ausland/ein-sondertreffen-steht-bevor-eine-der-maechtigsten-militaermaechte-der-welt-koennte-sich-auf-die-seite-der-ukraine-stellen_a0dea781-df45-4db9-8632-2413657077a1.html,https://www.focus.de/politik/ausland/ein-sondertreffen-steht-bevor-eine-der-maechtigsten-militaermaechte-der-welt-koennte-sich-auf-die-seite-der-ukraine-stellen_a0dea781-df45-4db9-8632-2413657077a1.html,0,www.focus.de,Ein Sondertreffen steht bevor: Eine der mächtigsten Militärmächte der Welt könnte sich auf die Seite der Ukraine stellen,Israels Premier Benjamin Netanjahu und Wolodymyr Selenskyj könnten sich bald treffen. Laut „Times of Israel“ geht es dabei vor allem um den gemeinsamen Gegner Iran.,"https://quadro.burda-forward.de/ctf/98abbb1e-6795-4585-95de-0b10aed3efd0.2393b54c-6ad6-45cb-b9a0-6cb060d837c6.jpeg?im=RegionOfInterestCrop=(1200,630),regionOfInterest=(1028,413)&hash=7f53314ba0d8f08c0b2a95c2f14852e2a8ad79c6ca9cf8dd8268afdf6f87e6f6",2026-07-30T10:49:00Z,,Zwischen Israel und der Ukraine könnte sich eine vorsichtige Annäherung abzeichnen. Die Büros von Israels Ministerpräsident Benjamin Netanjahu und des ukrainischen Präsidenten Wolodymyr Selenskyj arb… [+1361 chars],,de,'Benjamin Netanjahu'
https://www.faz.net/aktuell/gesellschaft/ungluecke/wanderstock-im-koerper-david-cifaldi-steigt-trotzdem-16-km-ab-accg-201080396.html,https://www.faz.net/aktuell/gesellschaft/ungluecke/wanderstock-im-koerper-david-cifaldi-steigt-trotzdem-16-km-ab-accg-201080396.html,0,www.faz.net,Bergunfall in Montana: Wanderer steigt mit Stock im Oberkörper 16 Kilometer ab,"Beim Wandern in den Bergen von Montana rutscht David Cifaldi ab, ein Wanderstock durchbohrt seine Brust. Trotzdem steigt er 16 Kilometer ab – um die Kosten für den Rettungshubschrauber zu sparen.",https://media0.faz.net/image/w1200h627/2cbb8763bfe0/w1952h1019x0y141o/202607/43601.0.2385264224/die-schmerzen-waren-ihm-egal.webp,2026-07-30T11:28:51Z,,"Mit einem Wanderstock im Oberkörper ist ein Amerikaner mehr als 16 Kilometer von einem Bergplateau in Montana abgestiegen, um sich von einem Freund ins Krankenhaus fahren zu lassen. Wie jetzt bekannt… [+1202 chars]",,de,'sparen'
https://www.n-tv.de/politik/Israel-beschlagnahmt-Palaestinensergebiet-fuer-Siedlungsstrasse-id31141665.html,https://www.n-tv.de/politik/Israel-beschlagnahmt-Palaestinensergebiet-fuer-Siedlungsstrasse-id31141665.html,0,www.n-tv.de,"""Zu zivilen Zwecken"": Israel beschlagnahmt Palästinensergebiet für Siedlungsstraße",Israel will seine Kontrolle im Westjordanland ausweiten. Die rechtsreligiöse Regierung von Benjamin Netanjahu treibt dafür den Bau von Siedlungen voran. Der neueste israelische Vorstoß könnte nun ein rechtswidriger Präzedenzfall sein.,https://www.n-tv.de/img/31141814/1785416960/Img_16_9/1200/Einheiten-der-israelischen-Armee-sperren-die-Strasse-und-hindern-palaestinensische-Dorfbewohner-die-von-auslaendischen-und-israelischen-Friedensaktivisten-unterstuetzt-werden-daran-ihre-Felder-zu-erreichen-auf-denen-israelische-Siedler-einen-neuen-Aussenposten-errichtet-haben-in-der-Stadt-Qabalan-im-Westjordanland-suedoestlich-von-Nablus.jpg,2026-07-30T11:48:38Z,,"""Zu zivilen Zwecken""Israel beschlagnahmt Palästinensergebiet für Siedlungsstraße
Die israelische Armee spricht von ""Schutz für israelische Ortschaften"". (Foto: picture alliance/dpa/AP)
Israel will … [+2670 chars]",,de,'Benjamin Netanjahu'
https://www.zeit.de/politik/ausland/2026-07/benjamin-netanjahu-evangelikale-usa-christlicher-zionismus-israel,https://www.zeit.de/politik/ausland/2026-07/benjamin-netanjahu-evangelikale-usa-christlicher-zionismus-israel,0,www.zeit.de,US-Besuch Netanjahus: Benjamin Netanjahu trifft Vertreter evangelikaler Gruppen in den USA,Viele konservativ-evangelikale Christen in den USA unterstützen Israel. Diese Allianz stärkt auch der israelische Premier bei seinem Besuch in Washington.,https://img.zeit.de/administratives/sharing/fallback-image-die-zeit/wide__1300x731,2026-07-30T11:50:10Z,,Während seines US-Besuchs hat Israels Ministerpräsident Benjamin Netanjahu Vertreter evangelikaler Gruppierungen getroffen. Dabei dankte er den evangelikalen Gemeinschaften in den USA für ihre Unters… [+2566 chars],,de,'Benjamin Netanjahu'
https://www.tagesspiegel.de/internationales/mit-vorschlagen-fur-konkrete-zielorte-und-mordmethoden-iranisches-video-ruft-zu-anschlag-auf-melania-trump-und-ihren-sohn-auf-15896743.html,https://www.tagesspiegel.de/internationales/mit-vorschlagen-fur-konkrete-zielorte-und-mordmethoden-iranisches-video-ruft-zu-anschlag-auf-melania-trump-und-ihren-sohn-auf-15896743.html,0,www.tagesspiegel.de,Mit Vorschlägen für konkrete Zielorte und Mordmethoden: Iranisches Video ruft zu Anschlag auf Melania Trump und ihren Sohn auf,Man könne ihre Stylistin bestechen oder sie in Designerläden angreifen: Ein iranisches Video liefert offenbar detaillierte Vorschläge für einen Mordanschlag auf die First Lady und Trump-Sohn Barron.,https://www.tagesspiegel.de/images/15897026/alternates/BASE_16_9_W1400/1785405263000/first-lady-honors-artificial-intelligence-award-winners.jpeg,2026-07-30T12:35:31Z,,"Die iranische Nachrichtenagentur Tasnim hat ein Video veröffentlicht, mit dem zu Mordanschlägen auf Melania Trump aufgerufen wird. Wie mehrere Medien berichten, beinhaltet das Video mit dem Titel Wo … [+2523 chars]",,de,'Benjamin Netanjahu'
https://www.zeit.de/news/2026-07/30/eu-erschwert-ukrainischen-maennern-die-flucht-vor-dem-krieg,https://www.zeit.de/news/2026-07/30/eu-erschwert-ukrainischen-maennern-die-flucht-vor-dem-krieg,0,www.zeit.de,Migration: EU erschwert ukrainischen Männern die Flucht vor dem Krieg,Hier finden Sie Informationen zu dem Thema „Migration“. Lesen Sie jetzt „EU erschwert ukrainischen Männern die Flucht vor dem Krieg“.,https://img.zeit.de/administratives/sharing/fallback-image-die-zeit/wide__1300x731,2026-07-30T12:39:56Z,,Die EU erschwert ukrainischen Männern die Flucht vor dem Krieg gegen Russland. Wehrfähige Ukrainer profitieren in Deutschland und anderen Mitgliedsländern künftig nicht mehr von vereinfachten Aufnahm… [+136 chars],,de,'Krieg'
https://www.zeit.de/news/2026-07/30/eu-erschwert-ukrainern-flucht-vor-krieg-was-aendert-sich,https://www.zeit.de/news/2026-07/30/eu-erschwert-ukrainern-flucht-vor-krieg-was-aendert-sich,0,www.zeit.de,Zu wenige Soldaten: EU erschwert Ukrainern Flucht vor Krieg - Was ändert sich?,Hier finden Sie Informationen zu dem Thema „Zu wenige Soldaten“. Lesen Sie jetzt „EU erschwert Ukrainern Flucht vor Krieg - Was ändert sich?“.,https://img.zeit.de/news/2026-07/30/eu-erschwert-ukrainern-flucht-vor-krieg-was-aendert-sich-image-group/wide__1300x731,2026-07-30T12:42:37Z,,"Fast 4,4 Millionen Menschen aus der Ukraine haben bisher in der Europäischen Union Schutz gefunden. Doch die EU erschwert ukrainischen Männern nun die Flucht vor dem Krieg gegen Russland: Wehrfähige … [+5216 chars]",,de,'Ukraine'
https://www.tagesspiegel.de/internationales/ein-krieg-viele-fronten-die-akteure-im-iran-krieg-und-ihre-fronten-15898438.html,https://www.tagesspiegel.de/internationales/ein-krieg-viele-fronten-die-akteure-im-iran-krieg-und-ihre-fronten-15898438.html,0,www.tagesspiegel.de,"Ein Krieg, viele Fronten: Die Akteure im Iran-Krieg und ihre Fronten","Im Iran-Krieg kämpfen nicht nur zwei Kriegsparteien gegeneinander. Eine gesamte Weltregion ist involviert, weitere Fronten tun sich auf. Wer bekriegt wen und warum?",https://www.tagesspiegel.de/images/15898437/alternates/BASE_16_9_W1400/1785415781000/iran-krieg-teheran.jpeg,2026-07-30T12:49:41Z,,"Die Konfrontation zwischen den USA und dem Iran hat die gesamte Region rund um die arabische Halbinsel in einen Krieg mit immer neuen Fronten verwandelt. 
Die Kämpfe reichen vom Irak über die strate… [+5999 chars]",,de,'Iran'
https://www.freitag.de/autoren/torsten-woehlert/kriegsminister-pete-hegseth-will-vom-us-kongress-weitere-65-milliarden-dollar,https://www.freitag.de/autoren/torsten-woehlert/kriegsminister-pete-hegseth-will-vom-us-kongress-weitere-65-milliarden-dollar,0,www.freitag.de,"65 Milliarden: Eine einzige Zahl erklärt, warum der Irankrieg ein Desaster ist für Trump","Seit Monaten eskaliert und deeskaliert die Lage zwischen den USA und Iran. Trump feiert seinen Militäreinsatz als Erfolg. Dabei zeigt ein Ersuchen seines Kriegsministers an den Kongress, wie teuer ihn dieser Krieg wirklich zu stehen kommt Es dauerte nicht lan…",https://www.freitag.de/autoren/torsten-woehlert/kriegsminister-pete-hegseth-will-vom-us-kongress-weitere-65-milliarden-dollar/@@images/image/great,2026-07-30T15:21:00Z,,"Es dauerte nicht lange. Als die Huthi-Milizen am Ausgang des Roten Meeres eine zweite Front im Iran-Krieg eröffneten und den Schiffsverkehr mit Raketenbeschuss zum Erliegen brachten, schwiegen die Wa… [+6566 chars]",,de,'Benjamin Netanjahu'
https://www.faz.net/aktuell/politik/ausland/liveblog-irankrieg-iran-warnt-bulgarien-und-zypern-vor-us-stationierungen-faz-200583539.html,https://www.faz.net/aktuell/politik/ausland/liveblog-irankrieg-iran-warnt-bulgarien-und-zypern-vor-us-stationierungen-faz-200583539.html,0,www.faz.net,Liveblog Irankrieg: Iran warnt Bulgarien und Zypern vor US-Stationierungen,USA melden erstmals seit fast einer Woche Angriffe auf Iran +++ US-Militär spricht von „kraftvoller“ Antwort  auf iranischen „Überraschungsangriff“ +++ alle Entwicklungen im Liveblog,https://media0.faz.net/image/w1200h627/5ed66db97dbb/w3202h1673x0y227o/202607/43601.0.2361214581/bis-zum-1-oktober-sollen.webp,2026-07-30T15:26:35Z,,"Der amerikanische Präsident Donald Trump hat zurückhaltend auf einen Bericht reagiert, dem zufolge Iran aus China innerhalb weniger Wochen eine Lieferung von bis zu 400 chinesischen schultergestützte… [+2022 chars]",,de,'Iran'
https://taz.de/Ukraine-und-Iran/!6200472/,https://taz.de/Ukraine-und-Iran/!6200472/,0,taz.de,Ukraine und Iran: Eskalation im Kaspischen Meer,"Der Ukrainekrieg schweißt Russland, Iran und China immer enger zusammen – aus der Kriegs-Zweckgemeinschaft könnte ein dauerhaftes Bündnis werden.",https://taz.de/picture/8643036/1200/41567358.jpeg,2026-07-30T15:43:00Z,,"Der Ukrainekrieg schweißt Russland, Iran und China immer enger zusammen – aus der Kriegs-Zweckgemeinschaft könnte ein dauerhaftes Bündnis werden. mehr...",,de,'Krieg'
https://taz.de/Islamistische-Miliz-im-Sahel/!6200379/,https://taz.de/Islamistische-Miliz-im-Sahel/!6200379/,0,taz.de,Islamistische Miliz im Sahel: Al-Shabaab ist in Kenia auf dem Vormarsch,"Die somalische Miliz Al-Shabaab bedroht nun die ganze Region. Auch, weil sie verstärkt mit der Iran-unterstützten Huthi-Miliz im Jemen kooperiert.",https://taz.de/picture/8642398/1200/41773953.jpeg,2026-07-30T15:55:00Z,,"Die somalische Miliz Al-Shabaab bedroht nun die ganze Region. Auch, weil sie verstärkt mit der Iran-unterstützten Huthi-Miliz im Jemen kooperiert. mehr...",,de,'Iran'
https://www.n-tv.de/politik/Haste-Krise-am-Fuss-haste-Krise-am-Fuss-id31141210.html,https://www.n-tv.de/politik/Haste-Krise-am-Fuss-haste-Krise-am-Fuss-id31141210.html,0,www.n-tv.de,"Berlin Tag & Macht: Haste Krise am Fuß, haste Krise am Fuß","Friedrich Merz wollte mit einer großen Personalrochade Führung demonstrieren. Danach war Spahn weg, Schnieder sauer, dessen Bruder ebenfalls, die CDU nervös - und Söder schon mit dem Comeback des gerade entsorgten Fraktionschefs beschäftigt. Shakespeare hätte…",https://www.n-tv.de/img/31141288/1785411062/Img_16_9/1200/Berlin-Deutschland-Amtssitz-am-Spreebogen-Entlassung-und-Ernennung-von-Ministern-durch-den-Bundespraesidenten-Friedrich-Merz.jpg,2026-07-30T17:04:43Z,,"Merz wollte eine Woche des Neustarts. Herausgekommen ist eine Debatte über Führungsstil und Kanzlertauglichkeit. (Foto: picture alliance / dts-Agentur)
Friedrich Merz wollte mit einer großen Persona… [+8500 chars]",,de,'Iran'
"https://www.gamestar.de/artikel/atomkraftwerk-quallen-hitze-folgen,3438710.html#article","https://www.gamestar.de/artikel/atomkraftwerk-quallen-hitze-folgen,3438710.html#article",0,www.gamestar.de,Energie - Hitze hat Atomkraftwerken einen neuen Feind beschert – und der schwimmt [Best of GameStar],"Kaum ein Land ist derart eng mit einer Form Energieversorgung verzahnt, wie Frankreich, mit Atomkraft. Dort kam es zu einem ungewöhnlichen Vorfall.",https://images.cgames.de/images/gamestar/293/gs-teaser-quallen-akw_6431846.jpg,2026-07-30T17:05:00Z,,"Eine einzelne Qualle kann wenig ausrichten Hunderte oder tausende hingegen schon.
(Bildquelle: Adobe Firefly, generative KI)
Wenn Atommeiler herunterfahren, um eine Katastrophe zu verhindern, dann … [+6558 chars]",,de,'Saporischschja'
https://www.n-tv.de/politik/Immer-mehr-Laender-werden-in-Trumps-Krieg-gegen-den-Iran-hineingezogen-id31141835.html,https://www.n-tv.de/politik/Immer-mehr-Laender-werden-in-Trumps-Krieg-gegen-den-Iran-hineingezogen-id31141835.html,0,www.n-tv.de,"US‑Lager in Ägypten attackiert: ""Immer mehr Länder werden in Trumps Krieg gegen den Iran hineingezogen""","Der Krieg im Nahen und Mittleren Osten erreicht nun das Mittelmeer-Ende des Suezkanals, wo ein LNG-Lager der USA attackiert wurde. US-Alliierte wie Ägypten werden vermehrt zur Zielscheibe vom Iran und seinen Partnern. Für die US-Präsenz in der Region könne da…",https://www.n-tv.de/img/31141935/1785418610/Img_16_9/1200/KoelnNews_343042340_244.jpg,2026-07-30T17:36:05Z,,"Der Krieg im Nahen und Mittleren Osten erreicht das Mittelmeer-Ende des Suezkanals, wo ein LNG-Lager der USA attackiert wurde. US-Alliierte wie Ägypten werden zur Zielscheibe vom Iran und seinen Part… [+9886 chars]",,de,'Iran'
https://www.faz.net/aktuell/wirtschaft/deutsche-wirtschaft-ein-hauch-von-wachstum-201079714.html,https://www.faz.net/aktuell/wirtschaft/deutsche-wirtschaft-ein-hauch-von-wachstum-201079714.html,0,www.faz.net,Bruttoinlandsprodukt: Ein Hauch von Wachstum,"Die deutsche Wirtschaft trotzt dem Irankrieg. Ökonomen sind erfreut, warnen aber vor zu viel Optimismus.",https://media0.faz.net/image/w1200h627/35daa0c35bf4/w5666h2960x0y343o/202605/43601.0.2150987659/container-werden-auf-dem.webp,2026-07-30T17:39:46Z,,"Es gab in den vergangenen Tagen nur wenige erfreuliche Nachrichten für Kanzler Friedrich Merz (CDU). Die Zahlen zur wirtschaftlichen Entwicklung im zweiten Quartal, die das Statistische Bundesamt am … [+4763 chars]",,de,'Iran'
https://taz.de/Drohnen-auf-LNG-Schiffe-in-Aegypten/!6200377/,https://taz.de/Drohnen-auf-LNG-Schiffe-in-Aegypten/!6200377/,0,taz.de,Drohnen auf LNG-Schiffe in Ägypten: Kairo will sich nicht hineinziehen lassen,Die Angriffe auf Schiffe mit US-Bezug werden Iran oder einer seiner Proxymilizen zugeschrieben. Ägypten versucht sich am diplomatischen Balanceakt.,https://taz.de/picture/8642391/1200/41769215.jpeg,2026-07-30T17:50:00Z,,Die Angriffe auf Schiffe mit US-Bezug werden Iran oder einer seiner Proxymilizen zugeschrieben. Ägypten versucht sich am diplomatischen Balanceakt. mehr...,,de,'Iran'
https://www.n-tv.de/politik/Ukraine-Mehrere-Tote-durch-nordkoreanische-Rakete-id31143664.html,https://www.n-tv.de/politik/Ukraine-Mehrere-Tote-durch-nordkoreanische-Rakete-id31143664.html,0,www.n-tv.de,"""Allianz der Moskauer Bastarde"": Ukraine: Mehrere Tote durch nordkoreanische Rakete",Bei einem russischen Angriff auf die Ukraine setzen die Kreml-Streitkräfte offenbar zum ersten Mal seit langer Zeit wieder eine Rakete aus Nordkorea ein. Nach Angaben der Behörden trifft sie das Haus einer Familie - mit verheerenden Folgen.,https://www.n-tv.de/img/31143678/1785440851/Img_16_9/1200/Russia-strikes-home-of-large-family-near-Kryvyi-Rih-A-residential-area-lies-in-ruins-after-a-missile-strike-in-the-Radushne-settlement-Kryvyi-Rih-district-Dnipropetrovsk-region-Ukraine-on-July-30-2026-On-the-night-of-July-29-30-2026-Russian-forces-launched-an-Iskander-M-ballistic-missile-at-the-settlement-hitting-a-private-house-where-a-large-family-lived-Six-deaths-have-been-officially-confirmed-the-parents-and-three-of-their-children-were-killed-Search-and-rescue-operations-are-underway-as-other-children-from-the-family-may-remain-trapped-under-the-rubble-In-total-two-private-houses-were-destroyed-while-at-least-five-neighbouring-homes-were-severely-damaged-by-the-blast-wave-and-debris-Eight-residents-sustained-injuries-o-PUBLICATIONxNOTxINxFRA-Copyright-xMykolaxMiakshykovx-originalFilename-ukrinform-russiast260730-npwPR.jpg,2026-07-30T18:47:02Z,,"In diesem Haus in Raduschne lebte eine ukrainische Familie. (Foto: IMAGO/NurPhoto)
Bei einem russischen Angriff auf die Ukraine setzen die Kreml-Streitkräfte offenbar zum ersten Mal seit langer Zeit… [+1457 chars]",,de,'Kreml'
https://www.sueddeutsche.de/politik/liveblog-nahost-iran-news-saudi-arabien-rotes-meer-li.3523210,https://www.sueddeutsche.de/politik/liveblog-nahost-iran-news-saudi-arabien-rotes-meer-li.3523210,0,www.sueddeutsche.de,Krieg in Nahost: Schifffahrt im Roten Meer: Saudi-Arabien kündigt Militärkoalition an,Das Königreich sieht auch seine Ölexporte über das Rote Meer wegen Angriffe der mit Iran verbündeten Huthi-Miliz in Gefahr. Gemeinsam mit arabischen und weiteren Staaten ruft das Land eine neue Allianz ins Leben.,https://www.sueddeutsche.de/2026/07/30/829a54d2-de73-49b7-900b-594d3ccd84d5.jpg?q=60&fm=webp&width=1200&rect=0%2C166%2C3500%2C1969,2026-07-30T19:38:47Z,,"Der israelische Premierminister Benjamin Netanjahu reist an diesem Dienstag nach Washington. Offizieller Anlass ist eine Trauerfeier für den kürzlich gestorbenen US-Senator Lindsey Graham, einem wich… [+1407 chars]",,de,'Iran'
https://orf.at/stories/3437626/,https://orf.at/stories/3437626/,0,orf.at,Konflikt zeigt „Machtverschiebung“ an,Nach einem ukrainischen Angriff auf einen iranischen Frachter im Kaspischen Meer setzt die ukrainische Regierung auf Diplomatie. Die Beziehungen zwischen den beiden Ländern sind auch wegen iranischer Drohnen für den russischen Angriffskrieg gegen die Ukraine …,https://ibs.orf.at/news?image=https%3A%2F%2Fassets.orf.at%2Fmims%2F2026%2F31%2F52%2Fcrops%2Fw%3D1200%2Ch%3D630%2Cq%3D75%2F3130891_master_1213452_ukraine_krieg_iran_im.jpg%3Fs%3D688ef7c772a31e09ce81ee3c3a63e80d95f8260e,2026-07-30T19:51:05Z,,Die Beziehungen zwischen Kiew und Teheran sind nicht nur wegen der iranischen Hilfe für Russland angespannt. Russland setzt bei seinen Angriffen auf die Ukraine unter anderem iranische Schahed-Drohne… [+5679 chars],,de,'Ukraine'
https://www.n-tv.de/politik/Telegram-Gruender-Durow-steht-nun-auf-russischer-Terrorliste-id31143821.html,https://www.n-tv.de/politik/Telegram-Gruender-Durow-steht-nun-auf-russischer-Terrorliste-id31143821.html,0,www.n-tv.de,Unterstützt angeblich Sabotage: Telegram-Gründer Durow steht nun auf russischer Terrorliste,"Immer wieder begehen Russen Sabotage oder Anschläge im eigenen Land. Der Kreml wirft Gründer Durow vor, sie würden über seinen Messenger Telegram angeworben. Daher werde er nun als Terrorist geführt. Der Russe widerspricht und nennt einen ganz anderen Grund f…",https://www.n-tv.de/img/31143824/1785446373/Img_16_9/1200/Pawel-Durow-der-in-Russland-geborene-Tech-Milliardaer-haelte-eine-Rede-waehrend-einer-Veranstaltung-in-einer-Szene-des-Dokumentarfilms-Telegram-Das-dunkle-Imperium-von-Pawel-Durow-undatiert-Der-Dokumentarfilm-wird-am-25-11-2025-auf-Arte-ausgestrahlt.jpg,2026-07-30T20:02:22Z,,"Unterstützt angeblich SabotageTelegram-Gründer Durow steht nun auf russischer Terrorliste
Ein undatiertes Foto von Durow aus dem Dokumentarfilm ""Telegram - Das dunkle Imperium von Pawel Durow"". (Fot… [+3669 chars]",,de,'Kreml'
https://orf.at/stories/3437696/,https://orf.at/stories/3437696/,0,orf.at,Iranische Verbündete im Irak,"Während es in der Nacht auf Donnerstag wieder US-Angriffe im Iran gegeben hat, haben die USA am Mittwoch ihre Luftschläge auf den Irak ausgeweitet und dort gemeinsam mit Saudi-Arabien Stellungen proiranischer Milizen bombardiert. Viele dieser Gruppierungen ha…",https://ibs.orf.at/news?image=https%3A%2F%2Fassets.orf.at%2Fmims%2F2026%2F31%2F16%2Fcrops%2Fw%3D1200%2Ch%3D630%2Cq%3D75%2F3132046_master_1213916_iran_krieg_irak_miliz_body1_im.jpg%3Fs%3D0745f178e9014eb03849cf36316ecf6ca70b08c6,2026-07-30T21:35:13Z,,"Mindestens 20 Kämpfer der auch als Volksmobilisierungskräfte (PMF, Popular Mobilization Forces) bezeichneten Miliz Hadsched al-Schaabi, einer Schirmorganisation vieler mit dem Iran verbündeter bewaff… [+5763 chars]",,de,'Iran'
https://www.zeit.de/news/2026-07/31/trump-vereinbarung-zur-entwaffnung-der-hamas-erzielt,https://www.zeit.de/news/2026-07/31/trump-vereinbarung-zur-entwaffnung-der-hamas-erzielt,0,www.zeit.de,Krieg: Trump: Vereinbarung zur Entwaffnung der Hamas erzielt,Hier finden Sie Informationen zu dem Thema „Nahost“. Lesen Sie jetzt „Trump: Vereinbarung zur Entwaffnung der Hamas erzielt“.,https://img.zeit.de/news/2026-07/31/trump-vereinbarung-zur-entwaffnung-der-hamas-erzielt-image-group/wide__1300x731,2026-07-30T22:44:06Z,,Der von den USA initiierte sogenannte Friedensrat hat laut US-Präsident Donald Trump eine Vereinbarung zur «vollständigen Entwaffnung» der islamistischen Hamas im Gazastreifen erzielt. Das sei «ein m… [+3369 chars],,de,'Krieg'
https://www.zeit.de/news/2026-07/31/was-autofahrer-zur-speedweek-im-suedwesten-wissen-muessen,https://www.zeit.de/news/2026-07/31/was-autofahrer-zur-speedweek-im-suedwesten-wissen-muessen,0,www.zeit.de,Runter vom Gas: Was Autofahrer zur Speedweek im Südwesten wissen müssen,Hier finden Sie Informationen zu dem Thema „Runter vom Gas“. Lesen Sie jetzt „Was Autofahrer zur Speedweek im Südwesten wissen müssen“.,https://img.zeit.de/news/2026-07/31/was-autofahrer-zur-speedweek-im-suedwesten-wissen-muessen-image-group/wide__1300x731,2026-07-31T02:00:29Z,,"Wer in der kommenden Woche häufig mit dem Auto unterwegs ist, sollte besonders auf sein Tempo achten. Denn die Polizei in Baden-Württemberg kontrolliert mitten in den Sommerferien in der sogenannten … [+2014 chars]",,de,'Gas'
https://www.tagesspiegel.de/internationales/iran-krieg-gps-storungen-die-unsichtbare-front-im-iran-krieg-15899879.html,https://www.tagesspiegel.de/internationales/iran-krieg-gps-storungen-die-unsichtbare-front-im-iran-krieg-15899879.html,0,www.tagesspiegel.de,Iran-Krieg: GPS-Störungen: Die unsichtbare Front im Iran-Krieg,"Navigation ist heute kaum vorstellbar ohne Satellitendaten. Im Krieg wird die Technik aber auch genutzt, um Feinde zu täuschen. Seeleute und Piloten sind mit einer zunehmenden Gefahr konfrontiert.",https://www.tagesspiegel.de/images/15899878/alternates/BASE_16_9_W1400/1785466984000/handout-gps-storungen-im-iran-krieg.jpeg,2026-07-31T03:03:04Z,,"Die digitale Karte zeigt Hunderte kleine Symbole rund um die Straße von Hormus - jedes davon steht für ein Schiff. Aber die Öltanker und Frachter tauchen laut der Karte immer wieder an Orten auf, wo … [+6983 chars]",,de,'Iran'
https://www.dw.com/de/ukraine-krieg-krim-angriffe-strategie-logistik-v2/a-78180164,https://www.dw.com/de/ukraine-krieg-krim-angriffe-strategie-logistik-v2/a-78180164,0,www.dw.com,Ukraine-Krieg: Warum die Krim zum Hauptziel für Kyjiw wird,Gezielte Schläge gegen Energie und Logistik: Die Ukraine verschärft ihre Angriffe auf die von Russland besetzte Krim. Was will Kyjiw damit für den weiteren Kriegsverlauf erreichen? Mit ihren verstärkten Angriffen auf die Krim wollen die Streitkräfte der Ukrai…,https://static.dw.com/image/74330836_6.jpg,2026-07-31T06:44:00Z,,Mit ihren verstärkten Angriffen auf die Krim wollen die Streitkräfte der Ukraine die von Russland annektierte Halbinsel möglichst vom Festland isolieren. Mit Langstreckendrohnen attackieren sie Trans… [+6877 chars],,de,'Energie'
https://www.faz.net/aktuell/wirtschaft/immobilien-wohnen/energie-heizung/heizung-daemmung-und-co-wann-lohnt-sich-die-sanierung-vom-eigenheim-accg-201049744.html,https://www.faz.net/aktuell/wirtschaft/immobilien-wohnen/energie-heizung/heizung-daemmung-und-co-wann-lohnt-sich-die-sanierung-vom-eigenheim-accg-201049744.html,0,www.faz.net,"Dämmung, Heizung und Co.: Wann lohnt sich das Sanieren?","Wer sein Haus energieeffizient umbaut, steigert den Wert. Besonders Gebäude aus zwei Jahrzehnten sind interessant. Worauf geachtet werden muss.",https://media0.faz.net/image/w1200h627/6f58147e7b6c/w8131h4248x0y393o/202607/43601.0.2367732168/die-baustelle-eines.webp,2026-07-31T07:13:20Z,,"Sanierungen sind mühsam und teuer, das weiß Yama Mahasher aus eigener Erfahrung. Gleich zweimal hat Mahasher ein Haus saniert, ein Mehrfamilienhaus zur Vermietung und ein Einfamilienhaus, das er selb… [+5028 chars]",,de,'Dämmung'
https://www.zeit.de/news/2026-07/31/polen-abgestuerztes-geschoss-war-russische-rakete,https://www.zeit.de/news/2026-07/31/polen-abgestuerztes-geschoss-war-russische-rakete,0,www.zeit.de,Krieg in der Ukraine: Polen: Abgestürztes Geschoss war russische Rakete,Hier finden Sie Informationen zu dem Thema „Krieg in der Ukraine“. Lesen Sie jetzt „Polen: Abgestürztes Geschoss war russische Rakete“.,https://img.zeit.de/news/2026-07/31/polen-abgestuerztes-geschoss-war-russische-rakete-image-group/wide__1300x731,2026-07-31T08:42:20Z,,"Bei einer über Polen abgestürzten Rakete handelt es sich nach Angaben der Regierung in Warschau tatsächlich um einen russischen Marschflugkörper. «Ich habe mit dem Einsatzleiter, General Ireneusz Now… [+928 chars]",,de,'Krieg'
https://www.zeit.de/news/2026-07/31/rheinenergie-uebernimmt-enbw-energiedienstleistungsgeschaeft,https://www.zeit.de/news/2026-07/31/rheinenergie-uebernimmt-enbw-energiedienstleistungsgeschaeft,0,www.zeit.de,Energieversorger: Rheinenergie übernimmt EnBW-Energiedienstleistungsgeschäft,Hier finden Sie Informationen zu dem Thema „Energieversorger“. Lesen Sie jetzt „Rheinenergie übernimmt EnBW-Energiedienstleistungsgeschäft“.,https://img.zeit.de/news/2026-07/31/rheinenergie-uebernimmt-enbw-energiedienstleistungsgeschaeft-image-group/wide__1300x731,2026-07-31T08:51:08Z,,Das Kölner Energieversorgungsunternehmen Rheinenergie übernimmt das Geschäft für Energiedienstleistungen des baden-württembergischen Versorgers EnBW. Das teilten die Unternehmen in einer gemeinsamen … [+1628 chars],,de,'Energie'
https://www.basicthinking.de/blog/2026/07/31/eeg-reform-bund-bremst-ausbau-erneuerbarer-energie/,https://www.basicthinking.de/blog/2026/07/31/eeg-reform-bund-bremst-ausbau-erneuerbarer-energie/,0,www.basicthinking.de,EEG-Reform: Bund bremst Ausbau erneuerbarer Energie,"Der Beitrag EEG-Reform: Bund bremst Ausbau erneuerbarer Energie erschien zuerst beim Online-Magazin BASIC thinking. Über unseren Newsletter UPDATE startest du jeden Morgen bestens informiert in den Tag.
Die Bundesregierung hat bei der Energiepolitik nach Mona…",https://www.basicthinking.de/blog/wp-content/uploads/2026/07/eeg-solar-wind.jpg,2026-07-31T09:00:47Z,,Die Bundesregierung hat bei der Energiepolitik nach Monaten des Zögerns endlich geliefert zumindest auf dem Papier. Ganz vom Tisch ist die Verunsicherung bei Investoren und Hauseigentümern aber noch … [+8893 chars],,de,'Energie'
https://www.faz.net/aktuell/rhein-main/region-und-hessen/energiewende-mehr-solarparks-dank-weniger-buerokratie-in-der-wetterau-accg-201070110.html,https://www.faz.net/aktuell/rhein-main/region-und-hessen/energiewende-mehr-solarparks-dank-weniger-buerokratie-in-der-wetterau-accg-201070110.html,0,www.faz.net,Energiewende: Weniger Bürokratie führt zu mehr Solarparks,"Eine Gesetzesänderung erleichtert es, PV-Anlagen an Autobahnen zu bauen. Auf Freiflächen und einer früheren Müllkippe in der hessischen Wetterau werden künftig viele Millionen Kilowattstunden Sonnenstrom produziert.",https://media0.faz.net/image/w1200h627/d5c31d7cea9e/w3000h1567x0y60o/201206/431.0.47229053/platz-an-der-sonne-ein.webp,2026-07-31T10:19:32Z,,"Was weniger Bürokratie für die Energiewende bedeuten kann, zeigt sich in der Wetterau zunehmend an den beiden Autobahnen in der Region. Sowohl an der A 5 als auch an der A 45 entstehen große Solarpar… [+4266 chars]",,de,'Energie'
https://www.bild.de/politik/ausland-und-internationales/aussenminister-von-israel-zum-iran-wenn-wir-handeln-muessen-werden-wir-handeln-6a6c8d01ef632fe6ede66d6e,https://www.bild.de/politik/ausland-und-internationales/aussenminister-von-israel-zum-iran-wenn-wir-handeln-muessen-werden-wir-handeln-6a6c8d01ef632fe6ede66d6e,0,www.bild.de,"Israels Außenminister - „Wenn wir handeln müssen, werden wir handeln“",Israels Außenminister Gideon Saar hat den Iran im Interview vor einem erneuten Angriff auf Israel gewarnt und Militärschläge nicht ausgeschlossen.,"https://images.bild.de/6a6c8d01ef632fe6ede66d6e/7f3c112fc9b4e192bb2b638e446c22e8,61b71ce7?w=1280",2026-07-31T19:05:47Z,,TTS-Player überspringenArtikel weiterlesenJerusalem/Teheran Israels Außenminister Gideon Saar (59) hat den Iran jetzt im BILD-Interview vor einem erneuten Angriff auf Israel gewarnt und weitere israe… [+3130 chars],,de,'Benjamin Netanjahu'
… [+8981 chars],,de,'Kreml',,,,,,,,,
