index,url,valid,domain,title,description,image,published,archive,content,quote,language,keyword
https://www.zeit.de/wissenschaft/2026-08/zivilschutz-massnahme-initiative-krisenpodcast,https://www.zeit.de/wissenschaft/2026-08/zivilschutz-massnahme-initiative-krisenpodcast,0,www.zeit.de,Zivilschutz: »Im Zweifelsfall rettet mich der Staat – das ist halt nicht so«,"Zivilschutz, was bedeutet das? Die Friedensforscherin Ursula Schröder sagt: Wir dürfen uns bei Flut, Stromausfall oder gar Krieg nicht nur auf den Staat verlassen.",https://img.zeit.de/politik/deutschland/2026-08/auch-das-noch-krisenpodcast-staat-rettet-bild/wide__1300x731,2026-09-01T04:00:09Z,,"Wer hilft, wenn es ernst wird? Beim Zivilschutz geht es auch darum, selbst Verantwortung zu übernehmen.© Joshua Earle/unsplash.com
Von Schutz in Krisenzeiten handelt das neue Buch der Friedens- und … [+2293 chars]",,de,'Krieg'
https://www.faz.net/aktuell/politik/ausland/liveblog-irankrieg-medien-iran-will-bei-us-rueckkehr-zu-abkommen-nachziehen-faz-200583539.html,https://www.faz.net/aktuell/politik/ausland/liveblog-irankrieg-medien-iran-will-bei-us-rueckkehr-zu-abkommen-nachziehen-faz-200583539.html,0,www.faz.net,Liveblog Irankrieg: Iran will bei US-Rückkehr zu Abkommen nachziehen,Präsident Peseschkian kündigt dies nach neuen Angriffen und US-Sanktionen an +++ Wieder Tanker in Straße von Hormus angegriffen +++ Iran meldet zwei Tote durch US-Angriff auf Insel Larak +++ alle Entwicklungen im Liveblog,https://media0.faz.net/image/w1200h627/d08cb1184559/w3000h1567x0y216o/202608/43601.0.2473527702/irans-praesident-massud.webp,2026-09-01T06:30:05Z,,"Trump verwies zudem darauf, dass sein Militär ihn darüber informiert habe, dass alle Minen aus der Straße von Hormus entfernt oder gesprengt worden seien. Der US-Präsident hatte bereits Mitte August … [+1228 chars]",,de,'Iran'
https://www.zeit.de/politik/deutschland/2026-09/friedrich-merz-cdu-afd-linke-regierungsprogramm-sachsen-anhalt-gxe,https://www.zeit.de/politik/deutschland/2026-09/friedrich-merz-cdu-afd-linke-regierungsprogramm-sachsen-anhalt-gxe,0,www.zeit.de,Landtagswahl in Sachsen-Anhalt: Merz schließt Kooperation mit der Linken in Sachsen-Anhalt aus,CDU-Chef Friedrich Merz sieht in Sachsen-Anhalt weder mit der Linken noch mit der AfD eine gemeinsame Basis. Die Unterschiede seien zu groß für eine Zusammenarbeit.,https://img.zeit.de/politik/deutschland/2026-09/friedrich-merz-cdu-afd-linke-regierungsprogramm-sachsen-anhalt-foto-1/wide__1300x731,2026-09-01T07:46:58Z,,"Aus Sicht von CDU-Chef und Bundeskanzler Friedrich Merz
darf es nach der Landtagswahl in Sachsen-Anhalt kein gemeinsames
Regierungsprogramm mit AfD oder Linke geben. »Sowohl bei AfD als auch bei de… [+2342 chars]",,de,'Friedrich Merz'
https://www.zeit.de/news/2026-09/01/wadephul-setzt-auf-algerien-als-partner-fuer-gaslieferungen,https://www.zeit.de/news/2026-09/01/wadephul-setzt-auf-algerien-als-partner-fuer-gaslieferungen,0,www.zeit.de,Gasspeicher: Wadephul setzt auf Algerien als Partner für Gaslieferungen,Hier finden Sie Informationen zu dem Thema „Gasspeicher“. Lesen Sie jetzt „Wadephul setzt auf Algerien als Partner für Gaslieferungen“.,https://img.zeit.de/news/2026-09/01/wadephul-setzt-auf-algerien-als-partner-fuer-gaslieferungen-image-group/wide__1300x731,2026-09-01T08:22:47Z,,"Gas aus Algerien könnte nach Ansicht von Außenminister Johann Wadephul langfristig dabei helfen, die Gasspeicher in Deutschland zu füllen. «Diversifizierung ist absolut das Gebot der Stunde», sagte d… [+1776 chars]",,de,'Gas'
https://www.diepresse.com/41221301/selenskyj-berater-wir-muessen-den-krieg-in-russland-staerker-spuerbar,https://www.diepresse.com/41221301/selenskyj-berater-wir-muessen-den-krieg-in-russland-staerker-spuerbar,0,www.diepresse.com,Selenskyj-Berater: „Wir müssen den Krieg in Russland stärker spürbar machen“ [premium],"Der ukrainische Präsidentenberater Mychailo Podoljak will Russland mit harten Schlägen zu einem Kriegsende zwingen, Elon Musk um Satellitenunterstützung ersuchen und Nato-Staaten um Patriot-Raketen bitten. Putin habe kein Interesse an Friedensverhandlungen.",https://img.diepresse.com/public/incoming/k94299-Mykhailo-Podolyak/alternates/WEBP_WIDE_1200/Mykhailo%20Podolyak,2026-09-01T09:09:44Z,,"Die Presse: Ende Juni kündigte Präsident Selenskyj eine 40-tägige Militäroperation gegen Russland an. Man ging davon aus, dass verstärkte Luftangriffe Putin dazu bringen könnten, seine Angriffe einzu… [+12841 chars]",,de,'Saporischschja'
https://www.zeit.de/news/2026-09/01/rekord-bei-teilzeit-industrie-verliert-vollzeitstellen,https://www.zeit.de/news/2026-09/01/rekord-bei-teilzeit-industrie-verliert-vollzeitstellen,0,www.zeit.de,Arbeitsmarkt: Rekord bei Teilzeit - Industrie verliert Vollzeitstellen,Hier finden Sie Informationen zu dem Thema „Arbeitsmarkt“. Lesen Sie jetzt „Rekord bei Teilzeit - Industrie verliert Vollzeitstellen“.,https://img.zeit.de/news/2026-09/01/rekord-bei-teilzeit-industrie-verliert-vollzeitstellen-image-group/wide__1300x731,2026-09-01T09:44:55Z,,"Die Zahl der Teilzeitbeschäftigten in Deutschland hat einer Berechnung zufolge im zweiten Quartal ein Rekordhoch erreicht. Die Zahl der Vollzeitbeschäftigten sank hingegen, wie eine Auswertung des In… [+1085 chars]",,de,'Industrie'
https://www.zeit.de/news/2026-09/01/nach-hackerangriff-erneut-einschraenkungen-fuer-die-verwaltung,https://www.zeit.de/news/2026-09/01/nach-hackerangriff-erneut-einschraenkungen-fuer-die-verwaltung,0,www.zeit.de,IT-Sicherheit: Nach Hackerangriff erneut Einschränkungen für die Verwaltung,Hier finden Sie Informationen zu dem Thema „IT-Sicherheit“. Lesen Sie jetzt „Nach Hackerangriff erneut Einschränkungen für die Verwaltung“.,https://img.zeit.de/news/2026-09/01/nach-hackerangriff-erneut-einschraenkungen-fuer-die-verwaltung-image-group/wide__1300x731,2026-09-01T09:47:35Z,,Zwei Wochen nach Bekanntwerden des Hackerangriffs auf das Datennetz der Berliner Verkehrs- und Bauverwaltung dürfen die Mitarbeiter erneut nicht mehr vom Homeoffice aus auf das Netz zugreifen. Nach A… [+2021 chars],,de,'Sicherheit'
https://www.faz.net/aktuell/politik/ausland/endet-die-hegemonie-der-usa-im-nahen-osten-accg-201163994.html,https://www.faz.net/aktuell/politik/ausland/endet-die-hegemonie-der-usa-im-nahen-osten-accg-201163994.html,0,www.faz.net,Naher Osten: Das Ende der amerikanischen Ordnung,Der amerikanisch-israelische Krieg gegen Iran hat die alte Ordnung des Nahen Ostens zerstört. Besonders Syrien wird zur Arena machtpolitischer Kraftproben.,https://media0.faz.net/image/w1200h627/42bc90416c4d/w2816h1471x0y227o/202608/43601.0.2397754271/eine-iranerin-laeuft-in.webp,2026-09-01T10:02:45Z,,"Wir sollten niemals gezwungen sein, zwischen israelischer und iranischer expansionistischer Politik in der Region zu wählen, sagte Syriens Übergangspräsident Ahmed al-Scharaa Mitte August in einem In… [+13435 chars]",,de,'Krieg'
https://taz.de/Mietenreport/!6209069/,https://taz.de/Mietenreport/!6209069/,0,taz.de,Mietenreport: Wohnen wird zum Armutsrisiko,"Die Mieten sind so drastisch gestiegen, dass viele an Essen und Gesundheitsausgaben sparen, sagt der Mieterbund. Er fordert einen bundesweiten Mietenstopp.",https://taz.de/picture/8708057/1200/Mieten-Armutsrisiko.jpeg,2026-09-01T12:01:00Z,,"Die Mieten sind so drastisch gestiegen, dass viele am Essen und Gesundheitsausgabe sparen, sagt der Mieterbund. Er fordert einen bundesweiten Mietenstopp. mehr...",,de,'sparen'
https://www.faz.net/aktuell/politik/wahl-in-sachsen-anhalt/wahl-sachsen-anhalt-2026-nur-die-wenigsten-kommen-um-fuer-merz-zu-klatschen-201177681.html,https://www.faz.net/aktuell/politik/wahl-in-sachsen-anhalt/wahl-sachsen-anhalt-2026-nur-die-wenigsten-kommen-um-fuer-merz-zu-klatschen-201177681.html,0,www.faz.net,"Der Kanzler Und der Osten: Nur die wenigsten kommen, um für Merz zu klatschen","Im Osten war die Unterstützung für Friedrich Merz einst groß. Jetzt spielt er in den Wahlkämpfen nur eine Nebenrolle. Wenn er auf Wähler trifft, entlädt sich ihr Frust.",https://media0.faz.net/image/w1200h627/28d40bb8efe1/w8192h4280x0y812o/202608/43601.0.2489934311/wahlkampf-in-mecklenburg.webp,2026-09-01T12:56:28Z,,"Friedrich Merz und der Osten, das ist eine komplizierte Geschichte. Als er 2018 zurückkehrte in die Politik, sehnten sich gerade in den Ostverbänden viele nach ihm, nach einer Alternative zu Angela M… [+7151 chars]",,de,'Friedrich Merz'
https://www.zeit.de/news/2026-09/01/schwerer-luftangriff-auf-kiew-mit-toten-und-verletzten,https://www.zeit.de/news/2026-09/01/schwerer-luftangriff-auf-kiew-mit-toten-und-verletzten,0,www.zeit.de,Krieg gegen die Ukraine: Schwerer Luftangriff auf Kiew mit Toten und Verletzten,Hier finden Sie Informationen zu dem Thema „Krieg gegen die Ukraine“. Lesen Sie jetzt „Schwerer Luftangriff auf Kiew mit Toten und Verletzten“.,https://img.zeit.de/news/2026-09/01/schwerer-luftangriff-auf-kiew-mit-toten-und-verletzten-image-group/wide__1300x731,2026-09-01T12:56:50Z,,Durch einen massiven russischen Luftangriff mit ballistischen Raketen und Drohnen sind in der Ukraine mindestens zwölf Menschen getötet und Dutzende verletzt worden. Das teilte der ukrainische Präsid… [+5162 chars],,de,'Ukraine'
https://www.tagesspiegel.de/internationales/dpa-krieg-gegen-die-ukraine-16004967.html,https://www.tagesspiegel.de/internationales/dpa-krieg-gegen-die-ukraine-16004967.html,0,www.tagesspiegel.de,Krieg gegen die Ukraine: Schwerer Luftangriff auf Kiew mit Toten und Verletzten,"Ein neues Schuljahr in der Ukraine, aber es beginnt mit Luftalarm, Raketen und Drohnen. Der von Russland begonnene Krieg wütet auch nach viereinhalb Jahren ungebremst.",https://www.tagesspiegel.de/images/16004966/alternates/BASE_16_9_W1400/1788267488000/ukraine-krieg-kiew.jpeg,2026-09-01T12:58:08Z,,Durch einen massiven russischen Luftangriff mit ballistischen Raketen und Drohnen sind in der Ukraine mindestens zwölf Menschen getötet und Dutzende verletzt worden. Das teilte der ukrainische Präsid… [+5795 chars],,de,'Saporischschja'
https://www.focus.de/politik/ausland/luftalarm-vor-schulbeginn-russland-greift-kiew-mit-raketen-und-drohnen-an-drei-tote-und-mehrere-verletzte_6527d065-c152-45d3-8dbe-84f1cfb94936.html,https://www.focus.de/politik/ausland/luftalarm-vor-schulbeginn-russland-greift-kiew-mit-raketen-und-drohnen-an-drei-tote-und-mehrere-verletzte_6527d065-c152-45d3-8dbe-84f1cfb94936.html,0,www.focus.de,Luftalarm vor Schulbeginn: Russland greift Kiew mit Raketen und Drohnen an – drei Tote und mehrere Verletzte,"Auch vor dem ersten Schultag dürften viele Kinder in der Ukraine nicht durchgeschlafen haben. Vielerorts herrscht Luftalarm. Die Behörden fordern die Menschen auf, sich in Schutzräume zu begeben.","https://quadro.burda-forward.de/ctf/fb1c5a94-7b30-41d0-8088-e7b53082368a.5e978259-79c5-4884-95c6-417627ac6a1d.jpeg?im=RegionOfInterestCrop=(1200,630),regionOfInterest=(1024,683)&hash=d042f04ea616fba11a5c81eadb38edf3eef1efc16c188acd37dc9e7f88d3c36d",2026-09-01T13:13:00Z,,"Russland hat die ukrainische Hauptstadt Kiew in der Nacht erneut mit Raketen und Drohnen angegriffen. Der Gouverneur des Gebiets Kiew, Tymur Tkatschenko, warf den russischen Streitkräften vor, geziel… [+1683 chars]",,de,'Saporischschja'
https://www.faz.net/aktuell/politik/ausland/liveblog-irankrieg-irans-praesident-dankt-putin-fuer-haltung-waehrend-des-krieges-faz-200583539.html,https://www.faz.net/aktuell/politik/ausland/liveblog-irankrieg-irans-praesident-dankt-putin-fuer-haltung-waehrend-des-krieges-faz-200583539.html,0,www.faz.net,Liveblog Irankrieg: Irans Präsident dankt Putin für Haltung während des Krieges,Peseschkian: Moskau hat zu jedem Zeitpunkt unsere Standpunkte vertreten +++ Iran will bei Rückkehr Amerikas zu Abkommen nachziehen +++ Tanker in Straße von Hormus angegriffen +++ alle Entwicklungen im Liveblog,https://media0.faz.net/image/w1200h627/6a8ec3a02c23/w5000h2612x0y300o/202609/43601.0.2492994709/der-russische-praesident.webp,2026-09-01T13:34:00Z,,"Das US-Verteidigungsministerium dementiert zumindest in Teilen einen Bericht, wonach mehrere ranghohe US-Militärs vor einer Verlängerung des US-Einsatzes gegen Iran warnen. Vieles davon ist schlichtw… [+1001 chars]",,de,'Iran'
https://www.golem.de/sonstiges/zustimmung/auswahl.html?from=https://www.golem.de/news/kraftwerk-jaenschwalde-selbstgebaute-rakete-trifft-stromnetz-in-brandenburg-2609-212508.html&referer=https://t.co/fced302a22,https://www.golem.de/sonstiges/zustimmung/auswahl.html?from=https://www.golem.de/news/kraftwerk-jaenschwalde-selbstgebaute-rakete-trifft-stromnetz-in-brandenburg-2609-212508.html&referer=https://t.co/fced302a22,0,www.golem.de,Kraftwerk Jänschwalde: Selbstgebaute Rakete trifft Stromnetz in Brandenburg,"Kurzzeitig ist durch eine Detonation ein Kraftwerksblock ausgefallen. Mehrere nicht explodierte Sprengsätze wurden gefunden. (Energie, Politik)",,2026-09-01T14:30:01Z,,"Besuchen Sie Golem.de wie gewohnt mit Werbung und Tracking,
 indem Sie der Nutzung aller Cookies zustimmen.
 Details zum Tracking finden Sie im Privacy Center.
Skript wurde nicht geladen. Informat… [+607 chars]",,de,'Energie'
https://www.zeit.de/news/2026-09/01/studie-prueft-neues-wasserwerk-an-der-elbe,https://www.zeit.de/news/2026-09/01/studie-prueft-neues-wasserwerk-an-der-elbe,0,www.zeit.de,Versorgung unter Klimadruck: Studie prüft neues Wasserwerk an der Elbe,Hier finden Sie Informationen zu dem Thema „Versorgung unter Klimadruck“. Lesen Sie jetzt „Studie prüft neues Wasserwerk an der Elbe“.,https://img.zeit.de/news/2026-09/01/studie-prueft-neues-wasserwerk-an-der-elbe-image-group/wide__1300x731,2026-09-01T14:33:01Z,,"Wasser aus der Elbe könnte künftig dazu beitragen, die Trinkwasserversorgung für rund 750.000 Menschen im Raum Magdeburg und weiteren Teilen Sachsen-Anhalts zu sichern. Die Trinkwasserversorgung Magd… [+1386 chars]",,de,'Versorgung'
https://www.faz.net/aktuell/politik/inland/liveblog-bundespolitik-dobrindt-russland-hat-drohnenvorfall-zu-verantworten-faz-110093143.html,https://www.faz.net/aktuell/politik/inland/liveblog-bundespolitik-dobrindt-russland-hat-drohnenvorfall-zu-verantworten-faz-110093143.html,0,www.faz.net,Deutschland-Liveblog: Dobrindt: Russland hat Drohnenvorfall zu verantworten,"Innenminister zu Vorfall in Leipzig: Befinden uns nicht im Krieg, sind aber täglich Ziel hybrider Kriegführung +++ Wadephul kündigt Schließung des russischen Generalkonsulats in Bonn an +++ alle Entwicklungen im Liveblog",https://media0.faz.net/image/w1200h627/72cb97db2521/w3606h1884x690y353o/202609/43601.0.2493515430/aussenminister-johann-wadephul.webp,2026-09-01T15:41:40Z,,"Die F.A.Z. hat gesicherte Informationen, dass die Bundesregierung Russland für die Drohnenattacke in Leipzig verantwortlich macht. Fachleute hatten schon unmittelbar danach einen Angriff Russlands ve… [+1704 chars]",,de,'Friedrich Merz'
https://www.zeit.de/news/2026-09/01/us-militaer-greifen-wieder-ziele-im-iran-an,https://www.zeit.de/news/2026-09/01/us-militaer-greifen-wieder-ziele-im-iran-an,0,www.zeit.de,Krieg: US-Militär: Greifen wieder Ziele im Iran an,Hier finden Sie Informationen zu dem Thema „Krieg“. Lesen Sie jetzt „US-Militär: Greifen wieder Ziele im Iran an“.,https://img.zeit.de/news/2026-09/01/us-militaer-greifen-wieder-ziele-im-iran-an-image-group/wide__1300x731,2026-09-01T16:59:14Z,,Das US-Militär hat nach eigenen Angaben neue Angriffe gegen den Iran gestartet. Diese hätten um 12.00 US-Ostküstenzeit (19.30 Ortszeit in Teheran) begonnen und richteten sich gegen Ziele der iranisch… [+959 chars],,de,'Krieg'
https://www.faz.net/aktuell/wirtschaft/unternehmen/moebelindustrie-umsatzeinbruch-und-ikea-senkt-preise-201178930.html,https://www.faz.net/aktuell/wirtschaft/unternehmen/moebelindustrie-umsatzeinbruch-und-ikea-senkt-preise-201178930.html,0,www.faz.net,"Möbelindustrie bricht Umsatz weg: Ikea senkt Preise, um die Nachfrage anzukurbeln","Der Möbelriese will mitunter an Verpackungskosten sparen, um niedrige Preise zu kompensieren. Die deutschen Hersteller von Küchen, Schränken und Bürostühlen leiden stark – auch weil Urlaub vorgeht.",https://media0.faz.net/image/w1200h627/ec928a68a13c/w5500h2873x0y239o/202604/43601.0.2011669945/aussenaufnahme-des-ikea-in.webp,2026-09-01T17:58:48Z,,"Das schwache Konsumklima und zurückhaltende Verbraucher, hohe Material-, Energie- und Lohnkosten, stockender Wohnungsbau und mehr Druck durch Importe aus Asien: Die deutsche Möbelindustrie ächzt unte… [+6114 chars]",,de,'sparen'
https://www.zeit.de/news/2026-09/01/iaea-iran-verweigert-kooperation-mit-atominspektoren,https://www.zeit.de/news/2026-09/01/iaea-iran-verweigert-kooperation-mit-atominspektoren,0,www.zeit.de,Hoch angereichertes Uran: IAEA: Iran verweigert Kooperation mit Atominspektoren,Hier finden Sie Informationen zu dem Thema „Hoch angereichertes Uran“. Lesen Sie jetzt „IAEA: Iran verweigert Kooperation mit Atominspektoren“.,https://img.zeit.de/news/2026-09/01/iaea-iran-verweigert-kooperation-mit-atominspektoren-image-group/wide__1300x731,2026-09-01T18:00:15Z,,"Der Iran lässt UN-Atomwächter weiter über seine umstrittenen Uran-Bestände im Dunkeln. Teheran habe sich auch in den vergangenen Monaten geweigert, mit der Internationalen Atomenergiebehörde (IAEA) z… [+1415 chars]",,de,'Iran'
https://www.zeit.de/news/2026-09/01/kreml-deutschland-geht-weg-der-eskalation,https://www.zeit.de/news/2026-09/01/kreml-deutschland-geht-weg-der-eskalation,0,www.zeit.de,Sprengstoff-Drohne in Leipzig: Kreml: Deutschland geht Weg der Eskalation,Hier finden Sie Informationen zu dem Thema „Sprengstoff-Drohne in Leipzig“. Lesen Sie jetzt „Kreml: Deutschland geht Weg der Eskalation“.,https://img.zeit.de/news/2026-09/01/kreml-deutschland-geht-weg-der-eskalation-image-group/wide__1300x731,2026-09-01T18:06:27Z,,"Der Kreml hat Deutschland angesichts der angedrohten Sanktionen im Fall der nicht gezündeten Sprengstoff-Drohne auf dem Flughafen Leipzig/Halle einen Eskalationskurs vorgeworfen. Es sei schwierig, di… [+2280 chars]",,de,'Kreml'
https://www.faz.net/aktuell/politik/inland/dobrindt-und-wadephul-zu-drohnenvorfall-in-leipzig-diesen-preis-soll-russland-bezahlen-201180607.html,https://www.faz.net/aktuell/politik/inland/dobrindt-und-wadephul-zu-drohnenvorfall-in-leipzig-diesen-preis-soll-russland-bezahlen-201180607.html,0,www.faz.net,Anschlag auf Flughafen: Diesen Preis soll Russland bezahlen,Die Bundesregierung schreibt Russland die Drohnenattacke in Leipzig zu. Und verkündet mehrere Maßnahmen. Werden sie etwas ausrichten können im hybriden Krieg?,https://media0.faz.net/image/w1200h627/de32a3dbe761/w3930h2053x0y79o/202609/43601.0.2493604824/aussenminister-wadephul-und.webp,2026-09-01T19:02:16Z,,Die Rollen sind klar verteilt. Bundesinnenminister Alexander Dobrindt (CSU) benennt Russland als den verantwortlichen für den gescheiterten Anschlag auf den Leipziger Flughafen. Außenminister Johann … [+7203 chars],,de,'Krieg'
https://www.faz.net/aktuell/politik/inland/liveblog-bundespolitik-moskau-will-auf-berlins-antirussische-entscheidung-reagieren-faz-110093143.html,https://www.faz.net/aktuell/politik/inland/liveblog-bundespolitik-moskau-will-auf-berlins-antirussische-entscheidung-reagieren-faz-110093143.html,0,www.faz.net,Deutschland-Liveblog: Moskau will auf Berlins „antirussische Entscheidung“ reagieren,"Bundesregierung geht nach Drohnenangriff gegen Russland vor +++ Wadephul: Letztes Generalkonsulat muss schließen, Vertrag des Russischen Hauses wird gekündigt +++ Dobrindt: „Wir sind nicht im Krieg“ +++ alle Entwicklungen im Liveblog",https://media0.faz.net/image/w1200h627/22c80c72a097/w4614h2410x0y361o/202608/43601.0.2454514747/blick-auf-den-kreml-in-moskau.webp,2026-09-01T19:07:29Z,,"Die F.A.Z. hat gesicherte Informationen, dass die Bundesregierung Russland für die Drohnenattacke in Leipzig verantwortlich macht. Fachleute hatten schon unmittelbar danach einen Angriff Russlands ve… [+1704 chars]",,de,'Krieg'
https://www.faz.net/aktuell/wirtschaft/unternehmen/humanoide-roboter-aus-china-fabrik-in-serbien-eroeffnet-201178858.html,https://www.faz.net/aktuell/wirtschaft/unternehmen/humanoide-roboter-aus-china-fabrik-in-serbien-eroeffnet-201178858.html,0,www.faz.net,Fabrik in Serbien: Chinas humanoide Roboter kommen nach Europa,"Humanoide Roboter gelten als Zukunftsbranche. Während die USA den Import neuer chinesischer Roboter verbieten, hat die Montage in Serbien begonnen.",https://media0.faz.net/image/w1200h627/adcbcf6778b4/w5000h2612x0y885o/202606/43601.0.2270116784/roboter-auf-einer.webp,2026-09-01T19:08:19Z,,Chinas humanoide Roboter drängen immer stärker nach Europa. Seit dem vergangenen Wochenende werden Roboter des Shanghaiers Start-ups Agibot in Serbien gefertigt. Der serbische Präsident Aleksandar Vu… [+4965 chars],,de,'Import'
https://www.tagesschau.de/ausland/asien/usa-iran-angriffe-124.html,https://www.tagesschau.de/ausland/asien/usa-iran-angriffe-124.html,0,www.tagesschau.de,USA und Iran melden erneut heftige Angriffe,Mehrere Wochen lang war es vergleichsweise ruhig an der Straße von Hormus. Doch seit dem Wochenende greifen sich Iran und die USA wieder gegenseitig an. Nun meldeten beide Seiten erneut heftige Attacken.,https://images.tagesschau.de/image/846f667d-87eb-4989-b674-6b97301648db/AAABn--09DQ/AAABnSSvrFg/16x9-big/strasse-von-hormus-176.jpg?width=1280,2026-09-01T19:37:07Z,,"Stand: 01.09.2026 21:37 Uhr
Mehrere Wochen lang war es vergleichsweise ruhig an der Straße von Hormus. Doch seit dem Wochenende greifen sich Iran und die USA wieder gegenseitig an. Nun meldeten beid… [+1226 chars]",,de,'Iran'
https://www.zeit.de/news/2026-09/01/selenskyj-warnt-vor-fluegen-ueber-russland-putin-droht,https://www.zeit.de/news/2026-09/01/selenskyj-warnt-vor-fluegen-ueber-russland-putin-droht,0,www.zeit.de,Ukraine-Krieg: Selenskyj warnt vor Flügen über Russland - Putin droht,Hier finden Sie Informationen zu dem Thema „Ukraine-Krieg“. Lesen Sie jetzt „Selenskyj warnt vor Flügen über Russland - Putin droht“.,https://img.zeit.de/news/2026-09/01/selenskyj-warnt-vor-fluegen-ueber-russland-putin-droht-image-group/wide__1300x731,2026-09-01T21:39:19Z,,"Der ukrainische Präsident Wolodymyr Selenskyj hat wegen Kiews Drohnenattacken alle Fluggesellschaften vor Gefahren über Russland gewarnt. «Der russische Luftraum wird vollkommen unsicher», sagte Sele… [+2247 chars]",,de,'Ukraine'
https://www.zeit.de/news/2026-09/02/putin-spricht-bei-vormarsch-in-der-ukraine-von-fortschritten,https://www.zeit.de/news/2026-09/02/putin-spricht-bei-vormarsch-in-der-ukraine-von-fortschritten,0,www.zeit.de,Russischer Angriffskrieg: Putin spricht bei Vormarsch in der Ukraine von Fortschritten,Hier finden Sie Informationen zu dem Thema „Russischer Angriffskrieg“. Lesen Sie jetzt „Putin spricht bei Vormarsch in der Ukraine von Fortschritten“.,https://img.zeit.de/news/2026-09/02/putin-spricht-bei-vormarsch-in-der-ukraine-von-fortschritten-image-group/wide__1300x731,2026-09-01T22:24:27Z,,Im Krieg in der Ukraine kommen die russischen Truppen laut Darstellung von Kremlchef Wladimir Putin immer schneller voran. Russische Einheiten seien im Donezker Gebiet bis auf wenige Kilometer an die… [+1817 chars],,de,'Ukraine'
https://www.tagesspiegel.de/internationales/dpa-russischer-angriffskrieg-16007235.html,https://www.tagesspiegel.de/internationales/dpa-russischer-angriffskrieg-16007235.html,0,www.tagesspiegel.de,Russischer Angriffskrieg: Putin spricht bei Vormarsch in der Ukraine von Fortschritten,Im russischen Krieg gegen die Ukraine gibt es vor dem nächsten Winter nur wenig Bewegung entlang der Frontlinie. Beide Seiten konzentrieren sich auf Luftschläge gegen Ziele im Hinterland des Gegners.,https://www.tagesspiegel.de/images/16007234/alternates/BASE_16_9_W1400/1788301518000/kremlchef-wladimir-putin.jpeg,2026-09-01T22:25:17Z,,Im Krieg in der Ukraine kommen die russischen Truppen laut Darstellung von Kremlchef Wladimir Putin immer schneller voran. Russische Einheiten seien im Donezker Gebiet bis auf wenige Kilometer an die… [+1873 chars],,de,'Winter'
https://www.tagesschau.de/ausland/asien/putin-ukraine-deutschland-100.html,https://www.tagesschau.de/ausland/asien/putin-ukraine-deutschland-100.html,0,www.tagesschau.de,Putin bezeichnet deutsche Strafmaßnahmen als schweren Fehler,"Siegesgewiss - so präsentierte sich der russische Präsident bei einer Pressekonferenz. In der Ukraine rückten russische Soldaten vielerorts vor, so Putin. Und die deutschen Strafmaßnahmen seien ein ""schweren Fehler"".",https://images.tagesschau.de/image/0d4cbb15-c8b7-4aaf-b048-aa4f3969fd4a/AAABoF-HLGI/AAABnSSvrFg/16x9-big/putin-bischkek-100.jpg?width=1280,2026-09-02T00:43:28Z,,"Stand: 02.09.2026 02:43 Uhr
Siegesgewiss - so präsentierte sich der russische Präsident bei einer Pressekonferenz. In der Ukraine rückten russische Soldaten vielerorts vor, so Putin. Und die deutsch… [+1881 chars]",,de,'Ukraine'
https://www.zeit.de/news/2026-09/02/kreml-erzuernt-ueber-deutsche-sanktionen-nach-drohnen-vorfall,https://www.zeit.de/news/2026-09/02/kreml-erzuernt-ueber-deutsche-sanktionen-nach-drohnen-vorfall,0,www.zeit.de,Bedrohung aus Russland: Kreml erzürnt über deutsche Sanktionen nach Drohnen-Vorfall,Hier finden Sie Informationen zu dem Thema „Bedrohung aus Russland“. Lesen Sie jetzt „Kreml erzürnt über deutsche Sanktionen nach Drohnen-Vorfall“.,https://img.zeit.de/news/2026-09/02/kreml-erzuernt-ueber-deutsche-sanktionen-nach-drohnen-vorfall-image-group/wide__1300x731,2026-09-02T02:30:07Z,,Die schweren Spannungen zwischen Berlin und Moskau haben sich infolge des gescheiterten Angriffs mit einer Sprengstoff-Drohne am Flughafen Leipzig/Halle nochmals deutlich verschärft. Russlands Präsid… [+4950 chars],,de,'Kreml'
https://www.zeit.de/news/2026-09/02/usa-und-iran-kaempfen-um-kontrolle-ueber-strasse-von-hormus,https://www.zeit.de/news/2026-09/02/usa-und-iran-kaempfen-um-kontrolle-ueber-strasse-von-hormus,0,www.zeit.de,Die Lage im Überblick: USA und Iran kämpfen um Kontrolle über Straße von Hormus,Hier finden Sie Informationen zu dem Thema „Die Lage im Überblick“. Lesen Sie jetzt „USA und Iran kämpfen um Kontrolle über Straße von Hormus“.,https://img.zeit.de/news/2026-09/02/usa-und-iran-kaempfen-um-kontrolle-ueber-strasse-von-hormus-image-group/wide__1300x731,2026-09-02T03:30:14Z,,Die USA und der Iran haben sich im Kampf um die Kontrolle über die Straße von Hormus erneut gegenseitig angegriffen und damit die Ölpreise weiter nach oben getrieben. Das US-Militär attackierte nach … [+6566 chars],,de,'Iran'
https://www.diepresse.com/41224016/schwerer-fehler-kreml-erzuernt-ueber-deutsche-sanktionen-nach-drohnen,https://www.diepresse.com/41224016/schwerer-fehler-kreml-erzuernt-ueber-deutsche-sanktionen-nach-drohnen,0,www.diepresse.com,„Schwerer Fehler“: Kreml erzürnt über deutsche Sanktionen nach Drohnen-Vorfall,"„Wir befinden uns nicht im Krieg, aber wir sind tägliches Ziel hybrider Kriegsführung“, sagt der deutsche Innenminister Alexander Dobrindt. „Wo sind die Beweise?“, fragt der russische Präsident Wladimir Putin.",https://img.diepresse.com/public/incoming/8vhsr-imago863429051jpg/alternates/WEBP_WIDE_1200/imago863429051.jpg,2026-09-02T03:46:08Z,,"Die Presse auf Google als bevorzugte Nachrichtenquelle hinzufügen.
 Die schweren Spannungen zwischen Berlin und Moskau haben sich infolge des gescheiterten Angriffs mit einer Sprengstoff-Drohne am F… [+4767 chars]",,de,'Krieg'
https://www.welt.de/wirtschaft/plus6a92c35a27cdbc5135d06d3c/neue-strategie-die-premium-illusion-der-lufthansa.html,https://www.welt.de/wirtschaft/plus6a92c35a27cdbc5135d06d3c/neue-strategie-die-premium-illusion-der-lufthansa.html,0,www.welt.de,Die Premium-Illusion der Lufthansa,"Die Lufthansa investiert Milliarden in die größte Qualitätsoffensive ihrer Geschichte. Zugleich versucht sie, sich mit Billigflieger-Methoden gesund zu sparen. Kann die Doppelstrategie aufgehen?",https://images.welt.de/6a92c35a27cdbc5135d06d3c/5cedf86f24f9c1a2c17228b2683125e7-master/ci16x9-w1200/680ddaa6-978a-4b39-9fda-92d211885b4b-srgb,2026-09-02T05:34:03Z,,Die WELT als ePaper: Die vollständige Ausgabe steht Ihnen bereits am Vorabend zur Verfügung so sind Sie immer hochaktuell informiert. Weitere Informationen https://epaper.welt.de,,de,'sparen'
https://www.welt.de/politik/ausland/video6a97b3469452c52238230865/massnahmen-gegen-russland-putin-hat-gesagt-dass-das-ganze-in-seinen-augen-ein-ablenkmanoever-der-bundesregierung-sei.html,https://www.welt.de/politik/ausland/video6a97b3469452c52238230865/massnahmen-gegen-russland-putin-hat-gesagt-dass-das-ganze-in-seinen-augen-ein-ablenkmanoever-der-bundesregierung-sei.html,0,www.welt.de,"„Putin hat gesagt, dass das Ganze in seinen Augen ein Ablenkmanöver der Bundesregierung sei“",Nach immer neuen ukrainischen Drohnenangriffen verschärft sich der Ton in Russland. Auch im Streit mit Deutschland reagiert der Kreml scharf. Reporter Christoph Wanner berichtet aus Kiew über die wachsende Eskalation.,https://images.welt.de/6a97b3469452c52238230865/5b3214c61066b3a2688a9380611cd3bb-master/ci16x9-w1200/wanner-5-jpg,2026-09-02T05:41:25Z,,Die WELT als ePaper: Die vollständige Ausgabe steht Ihnen bereits am Vorabend zur Verfügung so sind Sie immer hochaktuell informiert. Weitere Informationen https://epaper.welt.de,,de,'Kreml'
https://www.faz.net/aktuell/sport/fussball/palaestinas-fussball-wie-der-krieg-den-aufstieg-befeuerte-accg-201176034.html,https://www.faz.net/aktuell/sport/fussball/palaestinas-fussball-wie-der-krieg-den-aufstieg-befeuerte-accg-201176034.html,0,www.faz.net,Neustart nach 35 Monaten: Palästinas Fußball ist besser als je zuvor,"Nie war Palästinas Fußballteam erfolgreicher als jetzt – obwohl der Krieg den Sport dort zum Erliegen brachte. Dahinter steckt eine Strategie, die palästinensische Talente im Ausland aufblühen lässt.",https://media0.faz.net/image/w1200h627/960527f952da/w2049h1070x437y126o/202609/43601.0.2492051468/wessam-abou-alis-links.webp,2026-09-02T07:01:33Z,,"Am 4. September, um sechs Uhr abends, soll angepfiffen werden. Im Westjordanland, im Gazastreifen und in den palästinensischen Flüchtlingslagern im Libanon. Dann sollen 226 Mannschaften um den 1000 M… [+127 chars]",,de,'Krieg'
https://www.diepresse.com/41224370/sie-verdienen-einen-direkten-schlag-frueherer-kreml-chef-medwedew-droht,https://www.diepresse.com/41224370/sie-verdienen-einen-direkten-schlag-frueherer-kreml-chef-medwedew-droht,0,www.diepresse.com,„Sie verdienen einen direkten Schlag“: Früherer Kreml-Chef Medwedew droht Deutschland,Die deutsche Bundesregierung macht Moskau für eine Sprengstoff-Drohne auf dem Flughafen Leipzig verantwortlich. Nach Präsident Putin legt nun Dmitri Medwedew verbal nach.,https://img.diepresse.com/public/incoming/kpbh64-imago865175776jpg/alternates/WEBP_WIDE_1200/imago865175776.jpg,2026-09-02T08:02:54Z,,"Die Presse auf Google als bevorzugte Nachrichtenquelle hinzufügen.
 Der Vizechef des russischen nationalen Sicherheitsrates, Dmitri Medwedew, droht Deutschland wegen der Sanktionen nach dem Fund ein… [+2460 chars]",,de,'Kreml'
https://www.faz.net/aktuell/politik/ausland/liveblog-irankrieg-trump-koennte-abkommen-mit-iran-nicht-egaler-sein-faz-200583539.html,https://www.faz.net/aktuell/politik/ausland/liveblog-irankrieg-trump-koennte-abkommen-mit-iran-nicht-egaler-sein-faz-200583539.html,0,www.faz.net,Liveblog Irankrieg: Trump: Abkommen mit Iran „könnte mir nicht egaler sein“,US-Präsident spielt Aussichten auf Einigung herunter +++ Amerika greift wieder Ziele in Iran an +++ Teheran dankt Putin für Haltung während des Krieges +++ alle Entwicklungen im Liveblog,https://media0.faz.net/image/w1200h627/485518ad167b/w4759h2486x0y175o/202609/43601.0.2495444769/er-wolle-iran-nicht-an-den.webp,2026-09-02T08:04:11Z,,"Die amerikanischen Streitkräfte haben abermals Ziele in Iran angegriffen. Wie das für die Region zuständige Militärkommando Centcom am Dienstagabend mitteilte, sei dies auf versuchte Angriffe der ira… [+1673 chars]",,de,'Iran'
https://www.zeit.de/2026/38/wladimir-putin-ziele-ukraine-krieg-nato-europa,https://www.zeit.de/2026/38/wladimir-putin-ziele-ukraine-krieg-nato-europa,0,www.zeit.de,Wladimir Putin: Er denkt nur an das eine,"Wladimir Putin wird so weit gehen, wie es der Westen ihm erlaubt. Für ihn ist völlig klar, wer länger durchhält. Drei Szenarien sind denkbar.",https://img.zeit.de/2026/38/er-denkt-nur-an-das-eine-bild-1/wide__1300x731,2026-09-02T08:34:22Z,,"Schließen
Artikelzusammenfassung
Putin setzt auf Eskalation. Der Artikel beschreibt zunächst zwei verbreitete Irrtümer in Deutschland: Weder weniger Waffen für die Ukraine noch maximale militärisch… [+1114 chars]",,de,'Ukraine'
https://www.welt.de/politik/deutschland/plus6a97bf533ae913be367b6146/nrw-koran-vorleser-erhaelt-seit-jahren-bedingungslos-buergergeld-union-will-ihm-geldhahn-abdrehen.html,https://www.welt.de/politik/deutschland/plus6a97bf533ae913be367b6146/nrw-koran-vorleser-erhaelt-seit-jahren-bedingungslos-buergergeld-union-will-ihm-geldhahn-abdrehen.html,0,www.welt.de,Koran-Vorleser erhält seit Jahren bedingungslos Bürgergeld – Union will ihm „Geldhahn abdrehen“,Aus Sorge vor „potenziellen Gefahrensituationen“ nahm das Jobcenter einen als Koran-Vorleser bekannten Mann jahrelang weitgehend von der Arbeitsvermittlung aus. Unionspolitiker verlangen Konsequenzen. Die Behörde prüft mögliche Fehler.,https://images.welt.de/6a97bf533ae913be367b6146/6226b67ce260f0e7657ae988a551ffb9-master/ci16x9-w1200/594719108-jpg,2026-09-02T08:42:03Z,,Die WELT als ePaper: Die vollständige Ausgabe steht Ihnen bereits am Vorabend zur Verfügung so sind Sie immer hochaktuell informiert. Weitere Informationen https://epaper.welt.de,,de,'Bürgergeld'
https://www.golem.de/sonstiges/zustimmung/auswahl.html?from=https://www.golem.de/news/moeglicher-anschlag-stoerung-an-umspannwerk-erzwingt-kraftwerksabschaltung-2609-212533.html&referer=https://t.co/f56c2d9f03,https://www.golem.de/sonstiges/zustimmung/auswahl.html?from=https://www.golem.de/news/moeglicher-anschlag-stoerung-an-umspannwerk-erzwingt-kraftwerksabschaltung-2609-212533.html&referer=https://t.co/f56c2d9f03,0,www.golem.de,Möglicher Anschlag: Störung an Umspannwerk erzwingt Kraftwerksabschaltung,"Dienstagabend ist es zu einem Erdschluss an Kraftwerksleitungen gekommen. Nach jetzigem Stand wird ein technischer Defekt ausgeschlossen. (Energie & Klima, Drohne)",,2026-09-02T08:47:02Z,,"Besuchen Sie Golem.de wie gewohnt mit Werbung und Tracking,
 indem Sie der Nutzung aller Cookies zustimmen.
 Details zum Tracking finden Sie im Privacy Center.
Skript wurde nicht geladen. Informat… [+607 chars]",,de,'Energie'
https://www.zeit.de/news/2026-09/02/sorgen-um-krieg-und-demokratie-kinderwunsch-gesunken,https://www.zeit.de/news/2026-09/02/sorgen-um-krieg-und-demokratie-kinderwunsch-gesunken,0,www.zeit.de,Geburtenrate: Sorgen um Krieg und Demokratie – Kinderwunsch gesunken,Hier finden Sie Informationen zu dem Thema „Geburtenrate“. Lesen Sie jetzt „Sorgen um Krieg und Demokratie – Kinderwunsch gesunken“.,https://img.zeit.de/news/2026-09/02/sorgen-um-krieg-und-demokratie-kinderwunsch-gesunken-image-group/wide__1300x731,2026-09-02T09:17:05Z,,Der Kinderwunsch junger Erwachsener ist laut einer Untersuchung des Bundesinstituts für Bevölkerungsforschung erstmals seit vielen Jahren gesunken. Zudem haben Zukunftssorgen aufgrund globaler Krisen… [+785 chars],,de,'Krieg'
https://orf.at/stories/3440952/,https://orf.at/stories/3440952/,0,orf.at,Rätselhafte Angriffe auf Energieanlangen,"Wenige Tage vor der Landtagswahl im deutschen Bundesland Sachsen-Anhalt häufen sich die Sabotageakte auf Energieinfrastruktur in Deutschland. Die Ermittler gehen von Angriffen aus, rätseln aber über die Urheber. Unklar ist auch die Ursache einer Explosion in …",https://ibs.orf.at/news?image=https%3A%2F%2Fassets.orf.at%2Fmims%2F2026%2F36%2F76%2Fcrops%2Fw%3D1200%2Ch%3D630%2Cq%3D75%2F3169098_master_1228876_deutschland_sabotage_energie_a.jpg%3Fs%3D41e653a76d3a0b1a8420f885f9dfd4d2cefa429a,2026-09-02T09:19:46Z,,"Nach einer Störung in einem Umspannwerk bei Köln in Nordrhein-Westfalen wurden Dienstagabend Kraftwerkszuleitungen beeinträchtigt, teilten der Energiekonzern RWE und der Anlagenbetreiber Amprion am M… [+4433 chars]",,de,'Kreml'
https://www.n-tv.de/politik/Sabotageakte-haben-eine-neue-Dimension-erreicht-id31260347.html,https://www.n-tv.de/politik/Sabotageakte-haben-eine-neue-Dimension-erreicht-id31260347.html,0,www.n-tv.de,"Presseschau zu Leipzig-Reaktion: ""Sabotageakte haben eine neue Dimension erreicht""",Die Bundesregierung ordnet den Drohnenanschlag von Leipzig dem russischen Regime zu und reagiert mit mehreren Maßnahmen gegen den Kreml und seine Einrichtungen in Deutschland. Die internationale Presse blickt positiv auf die vorgestellten Aktionen.,https://www.n-tv.de/img/31260357/1788345471/Img_16_9/1200/611813135.jpg,2026-09-02T09:48:38Z,,"Eine ukrainische Antonov parkt auf dem Flughafen Leipzig/Halle. (Foto: picture alliance/dpa)
Die Bundesregierung ordnet den Drohnenanschlag von Leipzig dem russischen Regime zu und reagiert mit mehr… [+5575 chars]",,de,'Kreml'
https://www.welt.de/sport/fussball/article6a97e5349452c52238230e3a/la-liga-kurz-vor-transferende-spanien-juwel-weint-bitterlich-weil-er-verkauft-wird.html,https://www.welt.de/sport/fussball/article6a97e5349452c52238230e3a/la-liga-kurz-vor-transferende-spanien-juwel-weint-bitterlich-weil-er-verkauft-wird.html,0,www.welt.de,"Spanien-Juwel weint bitterlich, weil er verkauft wird","Pablo García bekam die Härte der Fußballbranche zu spüren. Weil sein Klub Geld sparen muss, wurde der 20‑jährige Stürmer kurz vor Transferende gegen seinen Willen verkauft. Er ist untröstlich.",https://images.welt.de/6a97e5349452c52238230e3a/c6cb651511289fe81034c4c9c8868ce2/ci16x9-w1200/bildschirmfoto-2026-09-02-um-11-27-57-png,2026-09-02T09:59:25Z,,"Pablo García bekam die Härte der Fußballbranche zu spüren. Weil sein Klub Geld sparen muss, wurde der 20jährige Stürmer kurz vor Transferende gegen seinen Willen verkauft. Er ist untröstlich.Klicken … [+2479 chars]",,de,'sparen'
https://www.morgenpost.de/politik/article412317251/ukraine-krieg-russland-news-aktuell-drohnen-sanktionen.html,https://www.morgenpost.de/politik/article412317251/ukraine-krieg-russland-news-aktuell-drohnen-sanktionen.html,0,www.morgenpost.de,Putin-Berater droht Deutschland wegen Sanktionen: „Verdienen einen direkten Schlag“,Der Kreml reagiert erbost auf die geplanten Sanktionen gegen Russland. Ein Putin-Vertrauter droht Deutschland direkt. Aktuelle News im Blog.,https://img.sparknews.funkemedien.de/413035863/413035863_1788343400_v16_9_1600.jpeg,2026-09-02T10:03:20Z,,Der wichtige russische Ostseehafen Ust-Luga ist nach Angaben des Regionalgouverneurs Ziel eines Drohnenangriffs geworden. Im Hafengebiet von Ust-Luga sind infolge des Drohnenangriffs Schäden entstand… [+694 chars],,de,'Kreml'
https://www.tagesspiegel.de/politik/reaktion-auf-drohnenvorfall-in-leipzig-was-die-bundesregierung-gegen-putins-schattenflotte-tun-kann-16003233.html,https://www.tagesspiegel.de/politik/reaktion-auf-drohnenvorfall-in-leipzig-was-die-bundesregierung-gegen-putins-schattenflotte-tun-kann-16003233.html,0,www.tagesspiegel.de,Reaktion auf Drohnenvorfall in Leipzig: Was die Bundesregierung gegen Putins Schattenflotte tun kann,Innenminister Dobrindt und Außenminister Wadephul haben Russland als Drahtzieher des Anschlagsversuchs am Leipziger Flughafen benannt. Jetzt will Deutschland den Kreml an einer empfindlichen Stelle treffen: seinen Ölexporten.,https://www.tagesspiegel.de/images/16003048/alternates/BASE_16_9_W1400/1788252999000/tanker-eventin-vor-insel-rugen.jpeg,2026-09-02T10:05:34Z,,Aus Sicht der Bundesregierung ist Russland verantwortlich für den Drohnenvorfall am Leipziger Flughafen. Das haben Innenminister Alexander Dobrindt (CSU) und Außenminister Johann Wadephul (CDU) am Di… [+403 chars],,de,'Kreml'
https://www.dw.com/de/schlie%C3%9Fung-von-russlands-konsulat-in-bonn-harter-schlag-f%C3%BCr-moskau/a-78689203,https://www.dw.com/de/schlie%C3%9Fung-von-russlands-konsulat-in-bonn-harter-schlag-f%C3%BCr-moskau/a-78689203,0,www.dw.com,Schließung von Russlands Konsulat in Bonn: harter Schlag für Moskau,"Als Reaktion auf den versuchten Anschlag am Flughafen Leipzig, für den Berlin Moskau verantwortlich macht, schließt Deutschland unter anderem das russische Generalkonsulat in Bonn. Wie schmerzhaft ist das für den Kreml?",https://static.dw.com/image/68764968_6.jpg,2026-09-02T10:58:00Z,,"Nach dem versuchten Drohnen-Anschlag am Flughafen Leipzig/Halle erklärte der deutsche Bundeskanzler Friedrich Merz: ""Sie werden dafür bezahlen"". Nun stellt Berlin die Rechnung. Unter Berufung auf vor… [+4669 chars]",,de,'Kreml'
https://www.nzz.ch/international/deutsch-russische-beziehungen-am-tiefpunkt-putin-spricht-nach-deutschen-sanktionen-von-einem-schweren-fehler-ld.10022027,https://www.nzz.ch/international/deutsch-russische-beziehungen-am-tiefpunkt-putin-spricht-nach-deutschen-sanktionen-von-einem-schweren-fehler-ld.10022027,0,www.nzz.ch,Deutsch-russische Beziehungen am Tiefpunkt: Putin spricht nach deutschen Sanktionen von einem «schweren Fehler»,Der Kreml streitet eine Schuld am Drohnenvorfall in Leipzig kategorisch ab und stellt die deutschen Vorwürfe als Akt der Verzweiflung einer schwachen Regierung dar. Moskau hat bereits Gegenmassnahmen angekündigt.,"https://img-msp-prod.nzz.ch/2026/09/02/8a3854ef-1dfe-4b69-a0ed-adc25cd3c44d.jpg?width=1200&height=674&fit=bounds&quality=75&auto=webp&crop=5128,2884,x0,y130&wmark=nzz",2026-09-02T11:29:35Z,,Der Kreml streitet eine Schuld am Drohnenvorfall in Leipzig kategorisch ab und stellt die deutschen Vorwürfe als Akt der Verzweiflung einer schwachen Regierung dar. Moskau hat bereits Gegenmassnahmen… [+6239 chars],,de,'Kreml'
https://www.sueddeutsche.de/politik/leipzig-drohnen-anschlag-sprengstoff-russland-ermittlungen-low-level-agenten-hybrider-krieg-li.3540108,https://www.sueddeutsche.de/politik/leipzig-drohnen-anschlag-sprengstoff-russland-ermittlungen-low-level-agenten-hybrider-krieg-li.3540108,0,www.sueddeutsche.de,Hybrider Krieg: Drohnen von Leipzig: Tatverdächtige identifiziert,Nach dem versuchten Sprengstoffanschlag auf Frachtmaschinen am Leipziger Flughafen und der Schuldzuweisung an den Kreml haben die Ermittler zwei mögliche Attentäter im Visier – Männer mit Verbindungen nach Russland.,https://www.sueddeutsche.de/2026/09/02/d9db6e10-9c5d-45d0-b1d7-f626670250e4.jpg?q=60&fm=webp&width=1200&rect=148%2C232%2C2727%2C1534,2026-09-02T11:59:27Z,,"Die Miene von Alexander Dobrindt (CSU) war ernst, seine Stimme fest, seine Worte erschienen bewusst gewählt er sprach mit staatstragender Langsamkeit. Der Anschlagsversuch sei professionell, mit eine… [+3980 chars]",,de,'Kreml'
https://www.tagesschau.de/investigativ/ndr-wdr/leipzig-drohne-russland-100.html,https://www.tagesschau.de/investigativ/ndr-wdr/leipzig-drohne-russland-100.html,0,www.tagesschau.de,Versuchter Drohnenanschlag - Ermittler identifizieren mutmaßliche Täter,"Die Bundesregierung sieht die russische Regierung hinter dem versuchten Drohnenanschlag am Flughafen Leipzig/Halle. Nach Recherchen von NDR, WDR und <em>SZ</em> haben die Sicherheitsbehörden mehrere Verdächtige mit Verbindungen nach Russland im Visier.",https://images.tagesschau.de/image/acf56992-9af2-4dcb-b940-e932c9ace2d5/AAABn-Be07M/AAABnSSvrFg/16x9-big/drohne-flughafen-114.jpg?width=1280,2026-09-02T12:00:10Z,,"Stand: 02.09.2026 14:00 Uhr
Die Bundesregierung sieht die russische Regierung hinter dem versuchten Drohnenanschlag am Flughafen Leipzig/Halle. Nach Recherchen von NDR, WDR und SZ haben die Sicherhe… [+4002 chars]",,de,'Sicherheit'
https://www.faz.net/aktuell/politik/ukraine/putin-droht-der-ukraine-und-medwedjew-berlin-accg-201181674.html,https://www.faz.net/aktuell/politik/ukraine/putin-droht-der-ukraine-und-medwedjew-berlin-accg-201181674.html,0,www.faz.net,Ukrainekrieg: Alle Zeichen stehen auf Eskalation,"Der ukrainische Präsident warnt Fluggesellschaften davor, russische Flughäfen anzusteuern. Der Kreml kündigt seinerseits Schläge gegen Energieanlagen an – und droht Deutschland.",https://media0.faz.net/image/w1200h627/3f11dcc7c8b3/w6144h3210x0y164o/202608/43601.0.2485723291/truemmer-liegen-verteilt-einen.webp,2026-09-02T12:11:50Z,,"Wolodymyr Selenskyj hat den Himmel über Russland zu einem unsicheren Ort erklärt. In einer Videoansprache vom Dienstagabend warnt der ukrainische Präsident internationale Fluggesellschaften davor, ru… [+7960 chars]",,de,'Energie'
https://www.morgenpost.de/politik/article413035135/deutschland-ueberhaeuft-russland-mit-sanktionen-putin-laechelt-das-weg.html,https://www.morgenpost.de/politik/article413035135/deutschland-ueberhaeuft-russland-mit-sanktionen-putin-laechelt-das-weg.html,0,www.morgenpost.de,Deutschland überhäuft Russland mit Sanktionen – Putin lächelt das weg,Die Bundesregierung sieht Russland hinter dem Anschlagsversuch von Leipzig und reagiert. Kremlherrscher Putin kontert gelassen – und droht.,https://img.sparknews.funkemedien.de/413035250/413035250_1788353681_v16_9_1600.jpeg,2026-09-02T12:51:19Z,,"Die schärfste Option zog die Bundesregierung am Ende nicht: Artikel 4 des Nato-Vertrags. Dieser sieht Beratungen der Verbündeten vor, wenn sich ein Nato-Staat für von außen gefährdet erklärt. Eine Vo… [+5382 chars]",,de,'Kreml'
https://www.dw.com/de/spritkrise-im-iran/a-78721641,https://www.dw.com/de/spritkrise-im-iran/a-78721641,0,www.dw.com,Spritkrise im Iran,"Im Iran bilden sich lange Schlangen an Tankstellen, da Kriegsschäden, Importbeschränkungen und neue US-Sanktionen die Kraftstoffversorgung einschränken. Zunächst kündigte Washington eine neue Runde von Wirtschaftssanktionen gegen den Iran an. Wenige Tage spät…",https://static.dw.com/image/78347832_6.jpg,2026-09-02T12:56:00Z,,"Zunächst kündigte Washington eine neue Runde von Wirtschaftssanktionen gegen den Iran an. Wenige Tage später wurde die Benzinknappheit auf den iranischen Straßen immer deutlicher sichtbar.
In den St… [+4501 chars]",,de,'Import'
https://www.computerbase.de/artikel/gehaeuse/fractal-design-define-one-test.98736/,https://www.computerbase.de/artikel/gehaeuse/fractal-design-define-one-test.98736/,0,www.computerbase.de,"Fractal Design Define One im Test: Die Dämmung bleibt, aber vieles ist anders","Mit dem Define One führt Fractal Design seine altehrwürdige Gehäuseserie fort. Neben der dezenten Einbettung alter Designakzente bleiben überdies alte Tugenden erhalten, wodurch das Gehäuse auch weiterhin eine Geräuschdämmung besitzt. Im Detail ist der damali…",https://pics.computerbase.de/1/2/4/1/6/0-ed4b7e26a0cd7428/article-1280x720.f8dc23d6.jpg,2026-09-02T13:00:00Z,,"Mit dem Define One führt Fractal Design seine altehrwürdige Gehäuseserie fort. Neben der dezenten Einbettung alter Designakzente bleiben überdies alte Tugenden erhalten, wodurch das Gehäuse auch weit… [+8833 chars]",,de,'Dämmung'
https://www.faz.net/aktuell/finanzen/finanzmarkt/dax-ratlosigkeit-zwischen-hormus-und-zentralbanksitzungen-201181792.html,https://www.faz.net/aktuell/finanzen/finanzmarkt/dax-ratlosigkeit-zwischen-hormus-und-zentralbanksitzungen-201181792.html,0,www.faz.net,Ratlosigkeit an der Börse: Rekordserie des Dax vorerst zu Ende,"Steigende Energiepreise, Zinssorgen und die Entwicklung der Anleiherenditen lasten auf dem deutschen Leitindex. Trotz allem sieht es für manche Einzelwerte weiter gut aus.",https://media0.faz.net/image/w1200h627/6522c885773c/w6144h3210x0y297o/202608/43601.0.2422498162/hoffnungslosigkeit-auf-dem.webp,2026-09-02T13:19:24Z,,Der Dax legt zu Beginn des Septembers eine Verschnaufpause ein. Im August hatte über weite Strecken noch ein Rekord den nächsten gejagt. Seinen bisherigen Höchststand erreichte der deutsche Leitindex… [+3910 chars],,de,'Pipeline'
https://www.welt.de/politik/ausland/plus6a97d978a33eb07b6794564b/russische-reaktionen-widerstand-gegen-den-faschismus-wie-der-kreml-gegen-deutschland-hetzt.html,https://www.welt.de/politik/ausland/plus6a97d978a33eb07b6794564b/russische-reaktionen-widerstand-gegen-den-faschismus-wie-der-kreml-gegen-deutschland-hetzt.html,0,www.welt.de,„Widerstand gegen den Faschismus“ – Wie der Kreml gegen Deutschland hetzt,Die russische Propaganda geht nahtlos vom Jahrestag des Angriffs Nazi-Deutschlands auf Polen zur heutigen „neonazistischen“ Bundesregierung über. Berlin wird sogar als mögliches militärisches Ziel genannt.,https://images.welt.de/6a97d978a33eb07b6794564b/142514ce1530482820bf99ecd1fe445a-master/ci16x9-w1200/bildschirmfoto-2026-09-02-um-14-17-kopie-jpg,2026-09-02T13:50:34Z,,Die WELT als ePaper: Die vollständige Ausgabe steht Ihnen bereits am Vorabend zur Verfügung so sind Sie immer hochaktuell informiert. Weitere Informationen https://epaper.welt.de,,de,'Kreml'
https://www.nzz.ch/international/nach-deutschlands-vorwuerfen-an-moskau-die-eu-bereitet-neue-sanktionen-vor-zum-ersten-mal-sass-auch-die-schweiz-am-tisch-ld.10022079,https://www.nzz.ch/international/nach-deutschlands-vorwuerfen-an-moskau-die-eu-bereitet-neue-sanktionen-vor-zum-ersten-mal-sass-auch-die-schweiz-am-tisch-ld.10022079,0,www.nzz.ch,Nach Deutschlands Vorwürfen an Moskau: Die EU bereitet neue Sanktionen vor – zum ersten Mal sass auch die Schweiz am Tisch,Deutschland macht Russland für den Drohnen-Vorfall von Leipzig verantwortlich und erhält dabei viel Unterstützung von den EU-Staaten. Die Ukraine wünscht sich mehr als Worte.,"https://img-msp-prod.nzz.ch/2026/09/02/2f87c52a-e1e8-4f99-a7f6-3a8662b16ba7.jpg?width=1200&height=675&fit=bounds&quality=75&auto=webp&crop=5642,3174,x0,y294&wmark=nzz",2026-09-02T14:59:06Z,,"Deutschland macht Russland für den Drohnen-Vorfall von Leipzig verantwortlich und erhält dabei viel Unterstützung von den EU-Staaten. Die Ukraine wünscht sich mehr als Worte.
Zusammenfassung
Der de… [+4058 chars]",,de,'Unterstützung'
https://www.focus.de/politik/ausland/schliessung-von-russen-konsulat-ist-harter-schlag-fuer-moskau_74a3217f-6f78-4dca-8834-df6187012285.html,https://www.focus.de/politik/ausland/schliessung-von-russen-konsulat-ist-harter-schlag-fuer-moskau_74a3217f-6f78-4dca-8834-df6187012285.html,0,www.focus.de,Schließung von Russen-Konsulat ist „harter Schlag für Moskau”,"Als Reaktion auf den versuchten Anschlag am Flughafen Leipzig, für den Berlin Moskau verantwortlich macht, schließt Deutschland unter anderem das russische Generalkonsulat in Bonn. Wie schmerzhaft ist das für den Kreml?","https://quadro.burda-forward.de/ctf/f64e27b2-bf35-4256-aebd-880000a0c3bc.d93eadbc-eafb-4e99-9fac-24654e34101f.png?im=RegionOfInterestCrop=(1200,630),regionOfInterest=(600,338)&hash=69ab1c2fef9ae015af621c6d187490863f509c72255ef3ee765ff0a0edc98c52",2026-09-02T15:23:00Z,,Nach dem versuchten Drohnen-Anschlag am Flughafen Leipzig/Halle erklärte der deutsche Bundeskanzler Friedrich Merz: Sie werden dafür bezahlen. Nun stellt Berlin die Rechnung. Unter Berufung auf vorlä… [+4736 chars],,de,'Kreml'
https://www.n-tv.de/politik/Israelischer-Minister-will-Palaestinenser-aus-Gazastreifen-herausholen-id31262477.html,https://www.n-tv.de/politik/Israelischer-Minister-will-Palaestinenser-aus-Gazastreifen-herausholen-id31262477.html,0,www.n-tv.de,"Unter Zwang ein Kriegsverbrechen: Israelischer Minister will Palästinenser aus Gazastreifen ""herausholen""","Die israelische Regierung sei ""auf jedem erdenklichen Weg"" dazu bereit, Palästinenser aus dem Gazastreifen umzusiedeln, sagt Verteidigungsminister Katz. Ohne Beweise behauptet er, 80 Prozent der Bevölkerung wollten das Küstengebiet verlassen. Zwangsumsiedlung…",https://www.n-tv.de/img/31262582/1788367214/Img_16_9/1200/587378462.jpg,2026-09-02T15:42:15Z,,"Israel Katz (l.) spricht offen über seine Wünsche für den Gazastreifen. (Foto: picture alliance / Anadolu)
Die israelische Regierung sei ""auf jedem erdenklichen Weg"" dazu bereit, Palästinenser aus d… [+2499 chars]",,de,'Krieg'
https://www.welt.de/regionales/hamburg/article6a983f93a33eb07b679460ed/etatberatungen-streit-ueber-einen-wir-wachsen-langsamer-haushalt.html,https://www.welt.de/regionales/hamburg/article6a983f93a33eb07b679460ed/etatberatungen-streit-ueber-einen-wir-wachsen-langsamer-haushalt.html,0,www.welt.de,Streit über einen „Wir-wachsen-langsamer-Haushalt“,"Knapper werdende Spielräume prägen die Haushaltsplanung für 2027 und 2028 in Hamburg. Während der rot-grüne Senat an Investitionen festhält, rückt eine andere Frage in den Mittelpunkt: Wo darf die Stadt trotz Konsolidierung nicht sparen?",https://images.welt.de/6a983f93a33eb07b679460ed/2ce43c31e3d0b27fec1a22a65e8fbb46-master/ci16x9-w1200/dpa-com-260901-935-1580051-jpg,2026-09-02T16:08:46Z,,"Knapper werdende Spielräume prägen die Haushaltsplanung für 2027 und 2028 in Hamburg. Während der rot-grüne Senat an Investitionen festhält, rückt eine andere Frage in den Mittelpunkt: Wo darf die St… [+6041 chars]",,de,'sparen'
https://www.faz.net/aktuell/politik/inland/wie-berlin-auf-den-drohnenangriff-reagiert-201182530.html,https://www.faz.net/aktuell/politik/inland/wie-berlin-auf-den-drohnenangriff-reagiert-201182530.html,0,www.faz.net,Nach Drohnenattacke: Bis zur nächsten Eskalationsstufe,"Die Bundesregierung erwartet nicht, dass Russland seinen hybriden Krieg nach der Reaktion auf den Vorfall in Leipzig einstellen wird. Ganz im Gegenteil.",https://media0.faz.net/image/w1200h627/33ce9eeae1fc/w7964h4161x0y219o/202609/43601.0.2493574851/aussenminister-johann-wadephul.webp,2026-09-02T17:10:09Z,,"Der Bundesregierung war schon kurz nach der Drohnenattacke auf dem Flughafen Leipzig am 4. August klar, dass sie auf den Angriff würde reagieren müssen. Und dass diese Reaktion, würde man den Angriff… [+11160 chars]",,de,'Krieg'
https://www.faz.net/aktuell/politik/ausland/liveblog-irankrieg-trump-schlaegt-umbenennung-der-hormus-strasse-vor-faz-200583539.html,https://www.faz.net/aktuell/politik/ausland/liveblog-irankrieg-trump-schlaegt-umbenennung-der-hormus-strasse-vor-faz-200583539.html,0,www.faz.net,Liveblog Irankrieg: Trump will Straße von Hormus in „Trump-Straße“ umbenennen,"US-Präsident behauptet, USA hätten Kontrolle über die Meerenge +++ Trump: Abkommen mit Iran „könnte mir nicht egaler sein“ +++ USA beenden abermalige Angriffswelle gegen Ziele in Iran +++ alle Entwicklungen im Liveblog",https://media0.faz.net/image/w1200h627/12e441e62c91/w8068h4215x0y214o/202609/43601.0.2497649070/us-praesident-donald-trump-im.webp,2026-09-02T18:31:50Z,,"Die amerikanischen Streitkräfte haben abermals Ziele in Iran angegriffen. Wie das für die Region zuständige Militärkommando Centcom am Dienstagabend mitteilte, sei dies auf versuchte Angriffe der ira… [+1673 chars]",,de,'Iran'
https://www.zeit.de/feuilleton/2026-09/konflikt-russland-moderne-latenz,https://www.zeit.de/feuilleton/2026-09/konflikt-russland-moderne-latenz,0,www.zeit.de,Konflikt mit Russland: Soll das denn ewig so weitergehen?,"Leider ja. Im hybriden Krieg mit Russland wünschen sich Menschen klare Verhältnisse. Dabei käme es vielmehr darauf an, dass die Deutschen eine paradoxe Haltung einüben.",https://img.zeit.de/feuilleton/2026-09/konflikt-russland-moderne-latenz-bild/wide__1300x731,2026-09-02T18:47:53Z,,"Schließen
Artikelzusammenfassung
Der Anschlagsversuch in Leipzig zeigt, wie schwer sich ein hybrider Angriff politisch fassen lässt. Nachdem die Bundesregierung Russland verantwortlich machte und d… [+919 chars]",,de,'Krieg'
https://www.faz.net/aktuell/politik/ukraine/ukraine-liveticker-daenischer-nachrichtendienst-warnt-vor-sabotageplaenen-russlands-faz-110683325.html,https://www.faz.net/aktuell/politik/ukraine/ukraine-liveticker-daenischer-nachrichtendienst-warnt-vor-sabotageplaenen-russlands-faz-110683325.html,0,www.faz.net,Liveblog Ukrainekrieg: Dänischer Nachrichtendienst warnt vor Sabotageplänen Russlands,Ziele seien Rüstungsunternehmen mit Verbindung zur Ukraine +++ Putin wirft Selenskyj einen „Aufruf zum Staatsterrorismus“ vor +++ Selenskyj kritisiert Partner für Urlaube und „Diplomatie nach Plan“ +++ alle Neuigkeiten im Liveblog,https://media0.faz.net/image/w1200h627/c292a58d57b6/w4762h2488x0y343o/202609/43601.0.2498222666/daenemarks-behoerden-haben.webp,2026-09-03T00:39:00Z,,Was sind nächsten Ziele Russlands in der Ukraine? Kommt eine neue Mobilisierungswelle? Solchen Fragen zum russischen Angriffskrieg in der Ukraine stellte sich Russlands Präsident Wladimir Putin in de… [+1374 chars],,de,'Ukraine'
https://www.zeit.de/news/2026-09/03/iran-greift-erneut-ziele-in-kuwait-an,https://www.zeit.de/news/2026-09/03/iran-greift-erneut-ziele-in-kuwait-an,0,www.zeit.de,Iran-Krieg: Iran greift erneut Ziele in Kuwait an,Hier finden Sie Informationen zu dem Thema „Iran-Krieg“. Lesen Sie jetzt „Iran greift erneut Ziele in Kuwait an“.,https://img.zeit.de/news/2026-09/03/iran-greift-erneut-ziele-in-kuwait-an-image-group/wide__1300x731,2026-09-03T02:12:44Z,,"Der Golfstaat Kuwait ist am frühen Morgen erneut Ziel iranischer Angriffe geworden. Die Luftabwehr wehre «feindliche Raketen- und Drohnenangriffe ab», teilte das Militär des mit den USA verbündeten L… [+942 chars]",,de,'Iran'
https://www.tagesschau.de/ausland/asien/iran-kuwait-angriffe-100.html,https://www.tagesschau.de/ausland/asien/iran-kuwait-angriffe-100.html,0,www.tagesschau.de,Iran greift erneut Ziele in Kuwait an,"Das Golfemirat Kuwait hat einen neuen iranischen Luftangriff auf sein Staatsgebiet gemeldet. Die Flugabwehr ist demnach im Einsatz, um Raketen und Drohnen abzuwehren. Iran sieht darin eine Antwort auf ""Amerikas Verbrechen"".",https://images.tagesschau.de/image/b140d380-7a09-42d1-9a5d-08b5552a41ee/AAABn1ZCZRM/AAABnSSvrFg/16x9-big/bahrain-iran-katar-kuwait-oman-vae-100.jpg?width=1280,2026-09-03T03:30:46Z,,"Stand: 03.09.2026 05:30 Uhr
Das Golfemirat Kuwait hat einen neuen iranischen Luftangriff auf sein Staatsgebiet gemeldet. Die Flugabwehr ist demnach im Einsatz, um Raketen und Drohnen abzuwehren. Ira… [+1218 chars]",,de,'Iran'
https://www.faz.net/podcasts/f-a-z-podcast-fruehdenker/russland-was-bedeutet-moskaus-harte-antwort-faz-fruehdenker-201184699.html,https://www.faz.net/podcasts/f-a-z-podcast-fruehdenker/russland-was-bedeutet-moskaus-harte-antwort-faz-fruehdenker-201184699.html,0,www.faz.net,F.A.Z. Frühdenker: Was bedeutet die „harte Antwort“ aus Moskau?,Russland leitet Gegenmaßnahmen gegen Deutschland ein. Eine neue Eskalation zwischen Russland und der Ukraine steht bevor. Und ein ewiger Rechtsstreit um wenige Musik-Sekunden könnte enden. Der F.A.Z. Frühdenker.,https://media0.faz.net/image/w1200h627/a1be86433a60/w6144h3210x0y198o/202609/43601.0.2494437414/das-russische-generalkonsulat.webp,2026-09-03T03:47:28Z,,"Das Wichtigste für Sie am Donnerstag:
<ol><li>Wie fällt Russlands harte Antwort auf die Maßnahmen aus?</li><li>Zwischen Russland und der Ukraine stehen alle Zeichen auf Eskalation</li><li>Wie wahrsc… [+14951 chars]",,de,'Ukraine'
https://www.zeit.de/politik/ausland/2026-09/kriegsfuehrung-usa-iran-ok-america,https://www.zeit.de/politik/ausland/2026-09/kriegsfuehrung-usa-iran-ok-america,0,www.zeit.de,Kriegsführung der USA: Amerikas und Donald Trumps endlose Kriege,"Der Iran sei besiegt, behaupten die USA – und greifen weiter an. Der nächste »forever war«? Das Thema im US‑Podcast. Und: der CIA-Chef in Moskau, Trumps Ukrainepolitik",https://img.zeit.de/politik/ausland/2026-09/kriegsfuehrung-usa-iran-ok-america-bild/wide__1300x731,2026-09-03T04:05:06Z,,"Donald Trump, US-Präsident und Oberbefehlshaber der Streitkräfte© [M] DIe ZEIT, Foto: Kevin Dietsch/Getty Images
»Was für eine dumme Frage.« So herrschte Donald Trump eine Journalistin an, die den U… [+1405 chars]",,de,'Ukraine'
https://www.morgenpost.de/politik/article413042629/norwegen-beschlagnahmt-russisches-kreuzfahrtschiff-in-der-arktis.html,https://www.morgenpost.de/politik/article413042629/norwegen-beschlagnahmt-russisches-kreuzfahrtschiff-in-der-arktis.html,0,www.morgenpost.de,Norwegen beschlagnahmt russisches Kreuzfahrtschiff in der Arktis,Norwegische Behörden haben in Spitzbergen die „Professor Moltschanow“ festgesetzt. Wie reagiert der Kreml auf die Maßnahme?,https://img.sparknews.funkemedien.de/413043971/413043971_1788424150_v16_9_1600.jpeg,2026-09-03T05:09:12Z,,"Norwegen hat auf Betreiben des staatlichen ukrainischen Energiekonzerns Naftogaz ein russisches Kreuzfahrtschiff in der Arktis beschlagnahmt. Wie Naftogaz am Mittwoch mitteilte, beschlagnahmten die n… [+1991 chars]",,de,'Kreml'
https://www.focus.de/politik/experte-schindler-mit-hybriden-operationen-testet-putin-deutsche-schwaechen_d036d417-bc84-4d7d-819a-0b81d0544469.html,https://www.focus.de/politik/experte-schindler-mit-hybriden-operationen-testet-putin-deutsche-schwaechen_d036d417-bc84-4d7d-819a-0b81d0544469.html,0,www.focus.de,Experte Schindler: Mit hybriden Operationen testet Putin deutsche Schwächen,Nach dem Drohnen-Vorfall in Leipzig warnt Experte Hans-Jakob Schindler: Russland testet gezielt deutsche Schwächen. Wladimir Putins Ziel ist eine langfristige Zermürbung.,"https://quadro.burda-forward.de/ctf/24159e31-299b-4103-856f-bdac16be2672.1d80185c-993e-4ea0-884d-5f5d3d43bac5.jpg?im=RegionOfInterestCrop=(1200,630),regionOfInterest=(2766,1671)&hash=340ff87b6aff06fcc6ea66eb168c50586ccc3aef05f3da7f5c35c5fb96fd13bc",2026-09-03T05:31:00Z,,"Putin wolle mit jeder hybriden Operation in Deutschland auch die Reaktionen und die allgemeine Reaktionsfähigkeit testen, sagt Sicherheitsexperte Hans-Jakob Schindler im Gespräch mit FOCUS online. Es… [+2421 chars]",,de,'Wladimir Putin'
https://www.zeit.de/news/2026-09/03/chemie-industrie-profitiert-vom-nahost-konflikt,https://www.zeit.de/news/2026-09/03/chemie-industrie-profitiert-vom-nahost-konflikt,0,www.zeit.de,Quartalsbericht: Chemie-Industrie profitiert vom Nahost-Konflikt,Hier finden Sie Informationen zu dem Thema „Quartalsbericht“. Lesen Sie jetzt „Chemie-Industrie profitiert vom Nahost-Konflikt“.,https://img.zeit.de/news/2026-09/03/chemie-industrie-profitiert-vom-nahost-konflikt-image-group/wide__1300x731,2026-09-03T06:30:06Z,,"Die deutsche Chemie- und Pharmaindustrie hat infolge des Nahostkonflikts einen Aufschwung erlebt. Im zweiten Quartal dieses Jahres stieg erstmals seit drei Jahren der Umsatz spürbar um 7,3 Prozent, w… [+1508 chars]",,de,'Industrie'
https://www.zeit.de/wirtschaft/2026-09/gasspeicher-deutschland-betreiber-ines-kosten-winter,https://www.zeit.de/wirtschaft/2026-09/gasspeicher-deutschland-betreiber-ines-kosten-winter,0,www.zeit.de,Gasspeicher in Deutschland: Betreiber von Gasspeichern fordern Vergünstigungen,Deutschlands Gasspeicher sind im Schnitt zu gut 53 Prozent gefüllt. Die Betreiber von Gasspeichern warnen vor einem Mangel und schlagen Maßnahmen zur Vergünstigung vor.,https://img.zeit.de/wirtschaft/2026-09/gasspeicher-deutschland-betreiber-ines-kosten-winter-foto-1/wide__1300x731,2026-09-03T06:34:33Z,,"Um die Gasspeicherstände in Deutschland zu erhöhen, wollen die Betreiber von Gasspeichern Vergünstigungen für ihr Geschäft. »Die aktuellen Marktbedingungen setzen keine ausreichenden wirtschaftlichen… [+867 chars]",,de,'Gas'
https://www.golem.de/sonstiges/zustimmung/auswahl.html?from=https://www.golem.de/news/autoindustrie-dann-gehen-hier-die-lichter-aus-2609-212553.html&referer=https://t.co/9a7383eea0,https://www.golem.de/sonstiges/zustimmung/auswahl.html?from=https://www.golem.de/news/autoindustrie-dann-gehen-hier-die-lichter-aus-2609-212553.html&referer=https://t.co/9a7383eea0,0,www.golem.de,"Autoindustrie: ""Dann gehen hier die Lichter aus""","Der Strukturwandel in der Auto-Industrie kostet Jobs - bei VW voraussichtlich bis zu 115.000. Vom Jobabbau sind einige Regionen besonders stark betroffen. Eine Analyse von Dirk Kunde (Wirtschaft, Auto)",,2026-09-03T07:00:02Z,,"Besuchen Sie Golem.de wie gewohnt mit Werbung und Tracking,
 indem Sie der Nutzung aller Cookies zustimmen.
 Details zum Tracking finden Sie im Privacy Center.
Skript wurde nicht geladen. Informat… [+607 chars]",,de,'Industrie'
https://www.focus.de/politik/ausland/zum-ersten-mal-fordert-der-indische-premierminister-modi-putin-auf-den-krieg-zu-beenden_1bc454f6-d8d1-4c86-9b84-05ad718ccc44.html,https://www.focus.de/politik/ausland/zum-ersten-mal-fordert-der-indische-premierminister-modi-putin-auf-den-krieg-zu-beenden_1bc454f6-d8d1-4c86-9b84-05ad718ccc44.html,0,www.focus.de,"Zum ersten Mal fordert der indische Premierminister Modi Putin auf, „den Krieg zu beenden“","Indiens Premier Modi drängt Putin so deutlich wie nie zum Ende des Ukraine-Kriegs. Doch aus Moskau kommt nur eine knappe, ausweichende Antwort.","https://quadro.burda-forward.de/ctf/bff0e1b1-9aca-4aef-8a0e-6e7898916f47.5be8497e-2f19-47f2-9f3b-5cbe42d87cc1.jpg?im=RegionOfInterestCrop=(1200,630),regionOfInterest=(799,376)&hash=06b3ead2642df2c1a2d87180cfc5d01899abb555f2a639e6b0647cadaeff70cc",2026-09-03T07:32:00Z,,"Indiens Premier Narendra Modi hat den russischen Präsidenten Wladimir Putin ungewöhnlich direkt aufgefordert, den Krieg gegen die Ukraine zu beenden. Beim Treffen am Rand des Gipfeltreffen der Shangh… [+2224 chars]",,de,'Krieg'
https://www.focus.de/politik/ausland/putins-rache-russland-droht-der-ukraine-mit-einem-winter-der-dunkelheit_d460cb0b-c6a2-4d3a-95f5-1b48bef562a4.html,https://www.focus.de/politik/ausland/putins-rache-russland-droht-der-ukraine-mit-einem-winter-der-dunkelheit_d460cb0b-c6a2-4d3a-95f5-1b48bef562a4.html,0,www.focus.de,Putins Rache: Russland droht der Ukraine mit einem „Winter der Dunkelheit”,"Russland bereitet nach eigenen Angaben massive Angriffe auf die ukrainische Energieversorgung vor. Millionen Menschen könnten im Winter erneut ohne Strom, Wärme und Wasser bleiben.","https://quadro.burda-forward.de/ctf/65691629-5317-463d-84a3-9b2fdba147e7.82d65541-7541-4c4b-8d25-4431e116ab49.jpg?im=RegionOfInterestCrop=(1200,630),regionOfInterest=(1142,877)&hash=eccd44ede766041309b012ebe0aa51ee3eaa10b2537e9aa8d14b5e9b3166d956",2026-09-03T07:34:00Z,,"Das Verteidigungsministerium in Moskau erklärte am 30. August, die Vorbereitungen für massive Angriffe auf Anlagen des ukrainischen Energiesektors hätten begonnen. Als Begründung nannte der Kreml ukr… [+3074 chars]",,de,'Kreml'
https://www.zeit.de/wirtschaft/2026-09/benzinpreis-super-e10-adac-rekord-iran-konflikt-gxe,https://www.zeit.de/wirtschaft/2026-09/benzinpreis-super-e10-adac-rekord-iran-konflikt-gxe,0,www.zeit.de,Benzinpreis in Deutschland: Benzinpreis erreicht nach neuen Angriffen auf den Iran Höchststand,"Gemessen ohne Inflation ist Benzin in Deutschland so teuer wie noch nie. Seit den jüngsten US-Angriffen auf den Iran kostet ein Liter E10 im Schnitt 2,22 Euro.",https://img.zeit.de/wirtschaft/2026-09/benzinpreis-super-e10-adac-rekord-iran-konflikt-foto-1/wide__1300x731,2026-09-03T08:06:33Z,,"Nach den erneuten Angriffen der USA auf den Iran ist der Preis für Superbenzin E10 in Deutschland auf einen Höchststand gestiegen. Ein Liter kostete am Mittwoch im bundesweiten Durchschnitt 2,215 Eur… [+1615 chars]",,de,'Iran'
https://www.n-tv.de/politik/Russland-hilft-Iran-wohl-bei-Entwicklung-neuer-Marschflugkoerper-id31264390.html,https://www.n-tv.de/politik/Russland-hilft-Iran-wohl-bei-Entwicklung-neuer-Marschflugkoerper-id31264390.html,0,www.n-tv.de,Hyperschallwaffe gegen US-Träger: Russland hilft Iran wohl bei Entwicklung neuer Marschflugkörper,Der Kreml hilft dem Ajatollah-Regime einem Bericht zufolge bei der Entwicklung von Hyperschallwaffen. Experten sind alarmiert. Das Geheimprojekt könnte für die US-Marine im Nahen Osten zur Bedrohung werden.,https://www.n-tv.de/img/31264650/1788429332/Img_16_9/1200/imago245612984.jpg,2026-09-03T08:15:38Z,,"Der Vizechef des russischen nationalen Sicherheitsrates, Dmitri Medwedew, bei einem Besuch des Raketenbauers NPO Maschinostrojenija. (Foto: IMAGO/SNA)
Der Kreml hilft dem Ajatollah-Regime einem Beri… [+2120 chars]",,de,'Kreml'
https://www.zeit.de/wirtschaft/2026-09/konjunktur-wirtschaftswachstum-chemieindustrie-oekonomie,https://www.zeit.de/wirtschaft/2026-09/konjunktur-wirtschaftswachstum-chemieindustrie-oekonomie,0,www.zeit.de,"Konjunktur : Selbst die, die am lautesten geklagt haben, sind plötzlich gut gelaunt","Die deutsche Wirtschaft wächst wieder, ausgerechnet der Krieg im Iran sorgt für Aufwind. Ist das eine nachhaltige Wende? Was Ökonomen zu dieser Frage sagen.",https://img.zeit.de/wirtschaft/2026-09/konjunktur-wirtschaftswachstum-chemieindustrie-oekonomie-bild-neu/wide__1300x731,2026-09-03T09:01:08Z,,"Schließen
Artikelzusammenfassung
Plötzlich sendet die deutsche Chemiebranche wieder Zuversicht. Nach der Sperrung der Straße von Hormus stiegen Transportkosten und Preise, asiatische Konkurrenz ver… [+944 chars]",,de,'Iran'
https://www.welt.de/videos/video6a992f93ca00b4462f069b2d/peter-tiede-destabilisierung-und-verunsicherung-ein-krieg-in-dem-sich-der-kreml-hervorragend-auskennt.html,https://www.welt.de/videos/video6a992f93ca00b4462f069b2d/peter-tiede-destabilisierung-und-verunsicherung-ein-krieg-in-dem-sich-der-kreml-hervorragend-auskennt.html,0,www.welt.de,"„Destabilisierung und Verunsicherung – ein Krieg, in dem sich der Kreml hervorragend auskennt“","Wir erleben derzeit europaweit Anschläge mit Hinweisen auf russische Beteiligung. „Da werden die Reflexe getestet“, sagt der „Bild“-Chefautor und langjährige Russland-Korrespondent Peter Tiede.",https://images.welt.de/6a992f93ca00b4462f069b2d/905e24d9a9f1d40bbec6c34c6115b0d9/ci16x9-w1200/tiede-1807-png,2026-09-03T09:09:41Z,,Die WELT als ePaper: Die vollständige Ausgabe steht Ihnen bereits am Vorabend zur Verfügung so sind Sie immer hochaktuell informiert. Weitere Informationen https://epaper.welt.de,,de,'Krieg'
https://www.tagesspiegel.de/internationales/auf-betreiben-der-ukraine-norwegen-beschlagnahmt-russisches-schiff-in-der-arktis--kreml-spricht-von-piraterie-16012515.html,https://www.tagesspiegel.de/internationales/auf-betreiben-der-ukraine-norwegen-beschlagnahmt-russisches-schiff-in-der-arktis--kreml-spricht-von-piraterie-16012515.html,0,www.tagesspiegel.de,Auf Betreiben der Ukraine: Norwegen beschlagnahmt russisches Schiff in der Arktis – Kreml spricht von „Piraterie“,"Die Beschlagnahmung der „Professor Moltschanow“ in der Arktis erfolgte auf Betreiben des ukrainischen Energiekonzerns Naftogaz. Moskau kündigte an, gegen die Entscheidung vorgehen zu wollen.",https://www.tagesspiegel.de/images/16012647/alternates/BASE_16_9_W1400/1788426260000/bartrobbe-erignathus-barbatus-vierkantflossenrobbe-ruhend-auf-einer-eisscholle-im-arktischen-ozean-svalbard-spitzbe.jpeg,2026-09-03T09:10:28Z,,"Norwegen hat auf Betreiben des staatlichen ukrainischen Energiekonzerns Naftogaz ein russisches Kreuzfahrtschiff in der Arktis beschlagnahmt.
Wie Naftogaz am Mittwoch mitteilte, beschlagnahmten die … [+3625 chars]",,de,'Kreml'
https://www.zeit.de/news/2026-09/03/speicherbetreiber-fordern-entlastung-fuer-gas-einspeicherung,https://www.zeit.de/news/2026-09/03/speicherbetreiber-fordern-entlastung-fuer-gas-einspeicherung,0,www.zeit.de,Speicher halb leer: Speicherbetreiber fordern Entlastung für Gas-Einspeicherung,Hier finden Sie Informationen zu dem Thema „Speicher halb leer“. Lesen Sie jetzt „Speicherbetreiber fordern Entlastung für Gas-Einspeicherung“.,https://img.zeit.de/news/2026-09/03/speicherbetreiber-fordern-entlastung-fuer-gas-einspeicherung-image-group/wide__1300x731,2026-09-03T10:10:00Z,,"Angesichts niedriger Füllstände in Gasspeichern fordern die Betreiber der Anlagen Regeländerungen, damit ihre Speicher voller werden. Der Branchenverband Initiative Energien Speichern (Ines) legte ei… [+2194 chars]",,de,'Gas'
https://www.faz.net/aktuell/politik/ausland/goethe-institut-russland-was-passiert-nach-lawrows-ansage-accg-201186893.html,https://www.faz.net/aktuell/politik/ausland/goethe-institut-russland-was-passiert-nach-lawrows-ansage-accg-201186893.html,0,www.faz.net,Vor der Schließung: Was macht das Goethe-Institut in Russland eigentlich noch?,Das deutsche Goethe-Institut in Russland soll demnächst schließen. Damit endet nach dem Willen des Kremls die deutsche Kulturpräsenz im Land.,https://media0.faz.net/image/w1200h627/4c155dee9c9a/w3762h1965x0y182o/202609/43601.0.2500794231/das-goethe-institut-in-moskau.webp,2026-09-03T10:24:11Z,,"Russlands Außenminister Sergej Lawrow hat angekündigt, dass die Niederlassungen des Goethe-Instituts in Russland schließen müssen. Die wichtigsten Fragen und Antworten im Überblick.
Was hat Sergej L… [+6174 chars]",,de,'Kreml'
https://www.zeit.de/news/2026-09/03/preisspruenge-bei-oel-und-gas-machen-tanken-und-heizen-teurer,https://www.zeit.de/news/2026-09/03/preisspruenge-bei-oel-und-gas-machen-tanken-und-heizen-teurer,0,www.zeit.de,Energiepreise: Preissprünge bei Öl und Gas machen Tanken und Heizen teurer,Hier finden Sie Informationen zu dem Thema „Energiepreise“. Lesen Sie jetzt „Preissprünge bei Öl und Gas machen Tanken und Heizen teurer“.,https://img.zeit.de/news/2026-09/03/preisspruenge-bei-oel-und-gas-machen-tanken-und-heizen-teurer-image-group/wide__1300x731,2026-09-03T10:45:33Z,,Schlechte Nachrichten für Autofahrer und Heizölkunden - und möglicherweise noch mehr Verbraucher: Auf dem Weltmarkt ist der Preis für Rohöl wieder deutlich gestiegen. Die Notierung für Rohöl der Nord… [+5580 chars],,de,'Gas'
https://www.zeit.de/news/2026-09/03/deutschland-hilft-ukraine-mit-250-millionen-fuer-reparaturen,https://www.zeit.de/news/2026-09/03/deutschland-hilft-ukraine-mit-250-millionen-fuer-reparaturen,0,www.zeit.de,Energieinfrastruktur: Deutschland hilft Ukraine mit 250 Millionen für Reparaturen,Hier finden Sie Informationen zu dem Thema „Energieinfrastruktur“. Lesen Sie jetzt „Deutschland hilft Ukraine mit 250 Millionen für Reparaturen“.,https://img.zeit.de/news/2026-09/03/deutschland-hilft-ukraine-mit-250-millionen-fuer-reparaturen-image-group/wide__1300x731,2026-09-03T11:24:16Z,,Deutschland beteiligt sich mit weiteren 250 Millionen Euro an den Kosten für akute Reparaturarbeiten in der ukrainischen Energieinfrastruktur. Aus einem entsprechenden Fonds werden Ersatzteile und Au… [+1978 chars],,de,'Ukraine'
https://www.zeit.de/news/2026-09/03/keine-neuen-zum-transferschluss-energie-will-trotzreaktion,https://www.zeit.de/news/2026-09/03/keine-neuen-zum-transferschluss-energie-will-trotzreaktion,0,www.zeit.de,Zweite Fußball-Bundesliga: Keine Neuen zum Transferschluss: Energie will Trotzreaktion,Hier finden Sie Informationen zu dem Thema „Zweite Fußball-Bundesliga“. Lesen Sie jetzt „Keine Neuen zum Transferschluss: Energie will Trotzreaktion“.,https://img.zeit.de/news/2026-09/03/keine-neuen-zum-transferschluss-energie-will-trotzreaktion-image-group/wide__1300x731,2026-09-03T12:56:41Z,,Nach den ausgebliebenen Verstärkungen zum Ende der Transferperiode hofft Energie Cottbus vor dem schweren Auswärtsspiel beim VfL Wolfsburg auf einen Jetzt-erst-recht-Effekt. «Ich habe der Mannschaft … [+1393 chars],,de,'Energie'
https://www.focus.de/politik/ausland/independent-ein-ende-des-irankriegs-ist-nicht-in-sicht_7011e53b-4ce3-42d5-8697-1f67b00b2dd8.html,https://www.focus.de/politik/ausland/independent-ein-ende-des-irankriegs-ist-nicht-in-sicht_7011e53b-4ce3-42d5-8697-1f67b00b2dd8.html,0,www.focus.de,„Independent”: Ein Ende des Irankriegs ist nicht in Sicht,Der Iran-Krieg zieht sich nach Einschätzung des  „Independent“ weiter hin. Die britische Zeitung kritisiert US-Präsident Donald Trump scharf und warnt vor den politischen und wirtschaftlichen Folgen der Eskalation.,"https://quadro.burda-forward.de/ctf/f7dfa394-d890-4fff-b6f8-aa2b0cd3baef.5686855b-18e3-4d93-9409-8be278404ab4.jpeg?im=RegionOfInterestCrop=(1200,630),regionOfInterest=(1024,683)&hash=637b33d5d32a33c73b65d3d2d6f227c8348cff085ccba9c5420ea648b56867f8",2026-09-03T13:27:00Z,,"Mit seinem Krieg gegen den Iran habe sich Trump auf dramatische Weise von der bisherigen amerikanischen Politik entfernt, schreibt der britische Independent. Der US-Präsident widerspreche damit auch … [+1321 chars]",,de,'Krieg'
https://www.faz.net/aktuell/politik/ausland/ein-mutmasslicher-us-angriff-traf-eine-hochzeit-in-iran-201186612.html,https://www.faz.net/aktuell/politik/ausland/ein-mutmasslicher-us-angriff-traf-eine-hochzeit-in-iran-201186612.html,0,www.faz.net,Iran: Während der Hochzeit schlug die Bombe ein,In Südiran wurden vier Gäste einer Hochzeitsfeier getötet. Laut einem Bericht wurde das Haus von einer amerikanischen Gleitbombe getroffen. Iran schwört Vergeltung.,https://media0.faz.net/image/w1200h627/6354e2b1b08e/w5455h2850x369y1041o/202609/43601.0.2497735751/truemmer-nach-dem-einschlag.webp,2026-09-03T13:49:23Z,,"Am Dienstagabend fand in einem kleinen iranischen Fischerort an der Straße von Hormus eine Hochzeit statt. Kuhestak heißt der Ort. Wie in den ländlichen Gebieten Südirans üblich, versammelten sich di… [+3801 chars]",,de,'Iran'
https://www.zeit.de/2026/38/vaterland-pawel-pawlikowski-thomas-mann-film,https://www.zeit.de/2026/38/vaterland-pawel-pawlikowski-thomas-mann-film,0,www.zeit.de,»Vaterland« von Paweł Pawlikowski: Stilles Erkennen eines Desasters,"In »Vaterland« kehrt der Großschriftsteller zum ersten Mal nach dem Krieg in seine alte Heimat zurück. Kaum 70 Minuten dauert der Film, epochal fühlt er sich trotzdem an.",https://img.zeit.de/2026/38/stilles-erkennen-eines-desasters-bild-2/wide__1300x731,2026-09-03T13:49:59Z,,"Schließen
Artikelzusammenfassung
Thomas Mann kehrt 1949 in ein zerrissenes Deutschland zurück. Er reist zum 200. Geburtstag Goethes nach Frankfurt und Weimar, nimmt trotz Kritik Einladungen aus Wes… [+943 chars]",,de,'Krieg'
https://www.zeit.de/news/2026-09/03/ministerpraesidenten-dringen-auf-niedrigere-strompreise,https://www.zeit.de/news/2026-09/03/ministerpraesidenten-dringen-auf-niedrigere-strompreise,0,www.zeit.de,Energiekosten: Ministerpräsidenten dringen auf niedrigere Strompreise,Hier finden Sie Informationen zu dem Thema „Energiekosten“. Lesen Sie jetzt „Ministerpräsidenten dringen auf niedrigere Strompreise“.,https://img.zeit.de/news/2026-09/03/ministerpraesidenten-dringen-auf-niedrigere-strompreise-image-group/wide__1300x731,2026-09-03T14:50:38Z,,"Ostdeutsche Ministerpräsidenten dringen auf niedrigere Strompreise. «Die Strompreise sind weiter zu hoch und müssen endlich sinken», mahnt Brandenburgs Regierungschef Dietmar Woidke (SPD). Klimaschut… [+1941 chars]",,de,'Energie'
https://www.tagesspiegel.de/kultur/schliessung-des-goethe-instituts-in-moskau-putin-schottet-seine-landsleute-kulturell-ab--auch-das-ist-krieg-16012692.html,https://www.tagesspiegel.de/kultur/schliessung-des-goethe-instituts-in-moskau-putin-schottet-seine-landsleute-kulturell-ab--auch-das-ist-krieg-16012692.html,0,www.tagesspiegel.de,Schließung des Goethe-Instituts in Moskau: Putin schottet seine Landsleute kulturell ab – auch das ist Krieg,"Nach der Ankündigung der Bundesregierung, den Vertrag mit dem Russischen Haus in Berlin zu kündigen, reagiert Moskau mit der Schließung der Goethe-Institute. Was bedeutet das für die russische Zivilgesellschaft?",https://www.tagesspiegel.de/images/16014583/alternates/BASE_16_9_W1400/1788441360000/a-man-stands-in-red-square-in-moscow.jpeg,2026-09-03T14:54:29Z,,"Als vor gerade einmal drei Wochen die zur Universität Bremen gehörende Forschungsstelle Osteuropa von Russlands Justizministerium zur unerwünschten Organisation erklärt wurde, nahm hierzulande kaum j… [+4746 chars]",,de,'Ukraine'
https://www.morgenpost.de/politik/article413049918/hohe-huerden-fuers-visum-so-schwer-ist-es-fuer-russen-nach-europa-einzureisen.html,https://www.morgenpost.de/politik/article413049918/hohe-huerden-fuers-visum-so-schwer-ist-es-fuer-russen-nach-europa-einzureisen.html,0,www.morgenpost.de,"Hohe Hürden fürs Visum: So schwer ist es für Russen, nach Europa einzureisen",Die EU hat die Regeln seit Beginn des Ukraine-Kriegs bereits deutlich verschärft. Jetzt sind weitere Restriktionen geplant.,https://img.sparknews.funkemedien.de/413050237/413050237_1788447436_v16_9_1600.jpeg,2026-09-03T14:57:17Z,,"Nach der gescheiterten Drohnen-Attacke am Leipziger Flughafen soll es für russische Staatsbürger in Zukunft noch schwerer als bisher werden, nach Deutschland und in andere europäische Länder einzurei… [+4584 chars]",,de,'Krieg'
https://www.focus.de/politik/ausland/russland-fordert-freigabe-von-beschlagnahmtem-schiff_6c646ff2-ea0d-4200-a973-80fac5ac8b8b.html,https://www.focus.de/politik/ausland/russland-fordert-freigabe-von-beschlagnahmtem-schiff_6c646ff2-ea0d-4200-a973-80fac5ac8b8b.html,0,www.focus.de,Russland fordert Freigabe von beschlagnahmtem Schiff,Russland hat von Norwegen die „sofortige Freigabe“ eines auf Betreiben der Ukraine auf Spitzbergen beschlagnahmten russischen Schiffs gefordert.,"https://quadro.burda-forward.de/ctf/780e2e06-530c-4144-94cf-d8a93a3a8275.f0de856e-a910-40e3-8c7a-807328a05563.jpg?im=RegionOfInterestCrop=(1200,630),regionOfInterest=(2323,1929)&hash=8121577ca0e44f57b039aff190c9f7e9d612c20fdf5646b6dff1e6d7e86d5f84",2026-09-03T14:58:00Z,,"Die Beschlagnahme der Professor Moltschanow sei ein politisch motivierter Verstoß gegen das Völkerrecht, erklärte die russische Botschaft in Norwegen am Donnerstag gegenüber AFP. Sie kündigte Rechtsm… [+2103 chars]",,de,'Ukraine'
https://www.nzz.ch/international/schiesserei-in-kiew-gefaehrliche-rivalitaet-zwischen-geheimdiensten-ld.10022221,https://www.nzz.ch/international/schiesserei-in-kiew-gefaehrliche-rivalitaet-zwischen-geheimdiensten-ld.10022221,0,www.nzz.ch,Rivalität zwischen Geheimdiensten: warum in Kiew Agenten auf Agenten schiessen,Eine Schiesserei zwischen Angehörigen des Inlandgeheimdienstes und des militärischen Nachrichtendienstes sorgt in der Ukraine für Empörung. Der Vorfall wirft ein Schlaglicht auf die Spannungen in den Sicherheitsstrukturen.,"https://img-msp-prod.nzz.ch/2026/09/03/af7efa79-a2dc-41d4-ae3e-3e94bc3fda10.jpg?width=1200&height=674&fit=bounds&quality=75&auto=webp&crop=3000,1687,x0,y203&wmark=nzz",2026-09-03T15:00:00Z,,Eine Schiesserei zwischen Angehörigen des Inlandgeheimdienstes und des militärischen Nachrichtendienstes sorgt in der Ukraine für Empörung. Der Vorfall wirft ein Schlaglicht auf die Spannungen in den… [+6238 chars],,de,'Ukraine'
https://www.diepresse.com/41227177/putins-saboteure-ziehen-brandspur-durch-europa,https://www.diepresse.com/41227177/putins-saboteure-ziehen-brandspur-durch-europa,0,www.diepresse.com,Putins Saboteure ziehen Brandspur durch Europa,Analyse. Der Kreml hat seine Sabotage-Kampagne gegen die Waffenhelfer der Ukraine in diesem Sommer eskaliert. Mit Ansage. Und nicht nur in Deutschland.,https://img.diepresse.com/public/incoming/ffvxqx-apaimg006735848hrjpg/alternates/WEBP_WIDE_1200/APAIMG_006735848.HR.jpg,2026-09-03T15:02:08Z,,"Nacht auf Donnerstag. Im Osten von München. Zeugen beobachten, wie aus einem Auto Brandsätze auf eine Baustelle geworfen werden. Einer zündet nicht. Ein anderer entfacht ein kleines Feuer. Größerer S… [+5189 chars]",,de,'Ukraine'
https://www.zeit.de/news/2026-09/03/mehr-drohnenfluege-delegation-war-in-kiew,https://www.zeit.de/news/2026-09/03/mehr-drohnenfluege-delegation-war-in-kiew,0,www.zeit.de,Hybride Kriegsführung: Mehr Drohnenflüge - Delegation war in Kiew,Hier finden Sie Informationen zu dem Thema „Hybride Kriegsführung“. Lesen Sie jetzt „Mehr Drohnenflüge - Delegation war in Kiew“.,https://img.zeit.de/news/2026-09/03/mehr-drohnenfluege-delegation-war-in-kiew-image-group/wide__1300x731,2026-09-03T15:12:22Z,,Angesichts einer zunehmenden Zahl an Drohnenflügen auch über Rheinland-Pfalz haben sich Experten aus dem Innenministerium des Landes in Kiew über das Thema informiert. Bei der Reise einer Delegation … [+2033 chars],,de,'Krieg'
https://www.faz.net/aktuell/politik/inland/hybride-angriffe-so-koennen-sie-sich-wappnen-201185499.html,https://www.faz.net/aktuell/politik/inland/hybride-angriffe-so-koennen-sie-sich-wappnen-201185499.html,0,www.faz.net,Resilienz gegen Angriffe: Die Gefahr hybrider Attacken wächst – wie kann sich jeder Einzelne wappnen?,"Bisher waren es Einzelfälle, aber ein koordinierter hybrider Angriff auf die Strom- und Gasversorgung in Deutschland wird wahrscheinlicher. Was tun?",https://media0.faz.net/image/w1200h627/a779335f9c96/w6144h3210x0y443o/202609/43601.0.2496501009/angriff-auf-das-stromnetz.webp,2026-09-03T15:13:08Z,,"Bundesinnenminister Alexander Dobrindt hatte eine Warnung mitgebracht. Man gehe davon aus, dass Deutschland das Ziel weiterer hybrider Angriffe Russlands ist, sagte er, als er die Sanktionen verkünde… [+7135 chars]",,de,'Kreml'
https://www.faz.net/aktuell/sport/sportpolitik/ronald-rauhe-als-staatsminister-was-erwartet-den-olympiasieger-201188750.html,https://www.faz.net/aktuell/sport/sportpolitik/ronald-rauhe-als-staatsminister-was-erwartet-den-olympiasieger-201188750.html,0,www.faz.net,Staatsminister Rauhe: Feuer und Flamme für den Sport,"Friedrich Merz ernennt Olympiasieger Ronald Rauhe zum Staatsminister. Für den deutschen Sport könnte das eine gute Wahl sein. Noch besser wäre, wenn auch der Kanzler sich etwas bei ihm abschauen würde.",https://media0.faz.net/image/w1200h627/fe5869472025/w5804h3032x0y170o/202609/43601.0.2501908440/im-tandem-voran-bundeskanzler.webp,2026-09-03T15:15:30Z,,"Aus dem Kajak ins Kanzleramt? Auf den ersten Blick mag das Manöver überraschen, das Ronald Rauhe am Donnerstag zum neuen Staatsminister für Sport und Ehrenamt gemacht hat. Unter den Namen, die in den… [+2880 chars]",,de,'Friedrich Merz'
https://www.zeit.de/politik/deutschland/2026-09/christoph-de-vries-sahra-wagenknecht-russland-cdu-anschlag-leipzig-gxe,https://www.zeit.de/politik/deutschland/2026-09/christoph-de-vries-sahra-wagenknecht-russland-cdu-anschlag-leipzig-gxe,0,www.zeit.de,Hybrider Krieg mit Russland: Staatssekretär nennt BSW und AfD »vaterlandslose Gesellen«,Der CDU-Politiker Christoph de Vries wirft BSW und AfD fehlenden Patriotismus vor. Im Ernstfall stünden die russlandnahen Parteien nicht an der Seite Deutschlands.,https://img.zeit.de/politik/deutschland/2026-09/christoph-de-vries-sahra-wagenknecht-russland-cdu-anschlag-leipzig-foto-1/wide__1300x731,2026-09-03T15:15:31Z,,"Der CDU-Politiker Christoph de Vries hat die Parteien BSW und AfD als »vaterlandslose Gesellen« bezeichnet. Im Ernstfall würden diese Parteien Deutschland nicht unterstützen, sagte der parlamentarisc… [+1965 chars]",,de,'Ukraine'
https://www.n-tv.de/politik/Prozess-wegen-Nord-Stream-Anschlags-beginnt-Mitte-Oktober-id31266696.html,https://www.n-tv.de/politik/Prozess-wegen-Nord-Stream-Anschlags-beginnt-Mitte-Oktober-id31266696.html,0,www.n-tv.de,Anklage gegen Ukrainer Serhij K.: Prozess wegen Nord-Stream-Anschlags beginnt Mitte Oktober,Vor rund vier Jahren detonierte an den Nord-Stream-Pipelines militärischer Hochleistungssprengstoff. Einer der Verantwortlichen soll der Ukrainer Serhij K. sein. Gegen den ehemaligen Offizier beginnt im Oktober der Prozess. Ein weiterer Verdächtiger sitzt noc…,https://www.n-tv.de/img/31266707/1788450155/Img_16_9/1200/image.jpg,2026-09-03T15:29:45Z,,"Anklage gegen Ukrainer Serhij K.Prozess wegen Nord-Stream-Anschlags beginnt Mitte Oktober
Serhij K. wurde Ende August 2025 in Italien festgenommen und drei Monate später nach Deutschland ausgeliefer… [+4174 chars]",,de,'Ukraine'
https://www.tagesschau.de/inland/deutschlandtrend/deutschlandtrend-september-100.html,https://www.tagesschau.de/inland/deutschlandtrend/deutschlandtrend-september-100.html,0,www.tagesschau.de,ARD-DeutschlandTrend: Deutsche fühlen sich durch Russland bedroht,Eine Mehrheit sieht durch Russland die Sicherheit Deutschlands stark bedroht. Das gilt laut ARD-DeutschlandTrend vor allem für ältere Menschen sowie Anhänger aller im Bundestag vertretenen Parteien - mit einer Ausnahme. Von Florian Riesewieck.,https://images.tagesschau.de/image/cc3708c1-f48c-43a9-ad65-499b2ce07d74/AAABmamZfiU/AAABnSSvrFg/16x9-big/deutschlandtrend-3337.jpg?width=1280,2026-09-03T16:00:08Z,,"Stand: 03.09.2026 18:00 Uhr
Eine Mehrheit sieht durch Russland die Sicherheit Deutschlands stark bedroht. Das gilt laut ARD-DeutschlandTrend vor allem für ältere Menschen sowie Anhänger aller im Bun… [+3438 chars]",,de,'Ukraine'
https://www.zeit.de/politik/deutschland/2026-09/russland-gefahr-sicherheit-umfrage-ard-deutschlandtrend,https://www.zeit.de/politik/deutschland/2026-09/russland-gefahr-sicherheit-umfrage-ard-deutschlandtrend,0,www.zeit.de,ARD-Deutschlandtrend: Mehrheit der Deutschen betrachtet Russland als Bedrohung,Die Deutschen nehmen Russland mehrheitlich als Gefahr für die Sicherheit im Land wahr. Der ARD-Deutschlandtrend offenbart aber Meinungsunterschiede im Osten und Westen.,https://img.zeit.de/politik/deutschland/2026-09/russland-gefahr-sicherheit-umfrage-ard-deutschlandtrend-foto-1/wide__1300x731,2026-09-03T16:03:07Z,,Angesichts von Drohnen-Vorfällen und Ukraine-Krieg wird Russland von den Menschen in Deutschland einer Umfrage zufolge mehrheitlich als Gefahr für die Sicherheit im Land betrachtet. 56 Prozent der Be… [+1180 chars],,de,'Ukraine'
https://www.derstandard.at/story/3000000338297/kann-europa-putin-staerke-zeigen-ohne-in-einen-krieg-zu-schlittern,https://www.derstandard.at/story/3000000338297/kann-europa-putin-staerke-zeigen-ohne-in-einen-krieg-zu-schlittern,0,www.derstandard.at,"Kann Europa Putin Stärke zeigen, ohne in einen Krieg zu schlittern?",Die gewalttätigen russischen Provokationen zwingen die westlichen Demokratien zu einem schwierigen Balanceakt. Die beste Antwort ist mehr Hilfe für die Ukraine,https://i.ds.at/KvZOMw/rs:fill:1200:600/plain/lido-images/2026/09/03/3ffb3ad4-9901-40fc-9750-316580ebfec0.jpg,2026-09-03T16:08:45Z,,"In Leipzig wurde am Wochenende gegen die deutsche Aufrüstung demonstriert. Doch der Drohnenangriff auf den Flughafen der Stadt stärkt eher die Widerstandsbereitschaft im Land.
IMAGO/EHL Media/Björn … [+1011 chars]",,de,'Ukraine'
https://www.bild.de/politik/ausland-und-internationales/sotschi-ukraine-bestaetigt-schweren-treffer-auf-schiff-nefrit-im-hafen-6a998c657cdc6e46442b656f,https://www.bild.de/politik/ausland-und-internationales/sotschi-ukraine-bestaetigt-schweren-treffer-auf-schiff-nefrit-im-hafen-6a998c657cdc6e46442b656f,0,www.bild.de,Explosion im Hafen von Sotschi - Ukraine-Drohne greift russisches Schiff an,Eine ukrainische Marinedrohne soll das russische Unterstützungsschiff NEFRIT angegriffen haben. Die ukrainische Marine bestätigt den schweren Treffer.,"https://images.bild.de/6a998c657cdc6e46442b656f/acb6638743b304989d379def3e3233f9,86215cf9?w=1280",2026-09-03T16:33:54Z,,"+++Trotz Wiedereinladung: Alphaville lehnt Auftritt beim Glücksgefühle-Festival ab
+++Trotz Wiedereinladung: Alphaville lehnt Auftritt beim Glücksgefühle-Festival ab
+++Trotz Wiedereinladung: Alpha… [+638 chars]",,de,'Unterstützung'
https://www.focus.de/politik/ausland/experte-ueber-kreml-rhetorik-deutschland-ist-derzeit-das-lieblingsziel-russlands_be7b7092-4c46-409b-8696-472c3d857c1e.html,https://www.focus.de/politik/ausland/experte-ueber-kreml-rhetorik-deutschland-ist-derzeit-das-lieblingsziel-russlands_be7b7092-4c46-409b-8696-472c3d857c1e.html,0,www.focus.de,Experte über Kreml-Rhetorik: „Deutschland ist derzeit das Lieblingsziel Russlands”,"Deutschland ist derzeit der bevorzugte Angriffspunkt russischer Propaganda – und das hat historische Gründe. Geopolitik-Experte Klemens Fischer erklärt, warum Berlin für Moskau ein besonders lohnenswertes Ziel ist.","https://quadro.burda-forward.de/ctf/75c8e189-e6f6-4e41-8d02-77ad4187258c.828dda3d-3514-4ae0-b1b4-5539d4c70be3.jpg?im=RegionOfInterestCrop=(1200,630),regionOfInterest=(1052,724)&hash=f6f5651c38474f2d6ca07c433636d37536aaaca813d5ef8c3ba64070e2830a9a",2026-09-03T16:40:00Z,,"Russlands Propaganda richtet sich seit Monaten mit zunehmender Schärfe gegen Deutschland. Gegenüber FOCUS online erklärt Geopolitik-Experte Klemens Fischer, warum Deutschland dabei keine zufällige Wa… [+2923 chars]",,de,'Kreml'
https://www.dw.com/de/deutschlandtrend-russland-als-gefahr-f%C3%BCr-deutschland-russland-hybrider-krieg-cdu-csu-afd-wirtschaft/a-78894795,https://www.dw.com/de/deutschlandtrend-russland-als-gefahr-f%C3%BCr-deutschland-russland-hybrider-krieg-cdu-csu-afd-wirtschaft/a-78894795,0,www.dw.com,ARD-Deutschlandtrend: Russland als Gefahr für Deutschland,"Mehr als die Hälfte der Bundesbürger sehen die Sicherheit Deutschlands durch Russland bedroht. Das geht aus dem aktuellen ARD-Deutschlandtrend hervor. Ein Drohnenangriff auf den Leipziger Flughafen, Sprengvorrichtungen und Pyrotechnik an zwei Umspannwerken in…",https://static.dw.com/image/78809356_6.jpg,2026-09-03T17:37:00Z,,"Ein Drohnenangriff auf den Leipziger Flughafen, Sprengvorrichtungen und Pyrotechnik an zwei Umspannwerken in Brandenburg und Nordrhein-Westfalen, ein Brandanschlag in der Nähe von Rüstungsunternehmen… [+5086 chars]",,de,'Ukraine'
https://www.n-tv.de/politik/Mehrheit-sieht-Russland-als-Gefahr-fuer-Deutschland-id31267370.html,https://www.n-tv.de/politik/Mehrheit-sieht-Russland-als-Gefahr-fuer-Deutschland-id31267370.html,0,www.n-tv.de,Im Osten nur 42 Prozent: Mehrheit sieht Russland als Gefahr für Deutschland,"Die Bundesregierung macht den Kreml für einen versuchten Anschlag am Flughafen Leipzig/Halle verantwortlich. Nun zeigt eine Umfrage, dass die meisten Deutschen Russland für ein Sicherheitsrisiko für Deutschland halten. Knapp vier von zehn Menschen hierzulande…",https://www.n-tv.de/img/31267457/1788459469/Img_16_9/1200/616175830.jpg,2026-09-03T17:45:00Z,,"Die Menschen im Westen und Osten Deutschlands blicken unterschiedlich auf Russland. (Foto: picture alliance / photothek.de)
Die Bundesregierung macht den Kreml für einen versuchten Anschlag am Flugh… [+2138 chars]",,de,'Ukraine'
https://www.welt.de/politik/deutschland/video6a99b304240b302c8a83862d/sigmar-gabriel-putin-fuehrt-keinen-krieg-gegen-die-ukraine-er-fuehrt-einen-gegen-den-westen.html,https://www.welt.de/politik/deutschland/video6a99b304240b302c8a83862d/sigmar-gabriel-putin-fuehrt-keinen-krieg-gegen-die-ukraine-er-fuehrt-einen-gegen-den-westen.html,0,www.welt.de,„Putin führt keinen Krieg gegen die Ukraine. Er führt einen gegen den Westen“,"Ex-Außenminister Sigmar Gabriel kann die Russland-Sympathien vieler Ostdeutscher nicht nachvollziehen: „Man muss ja nur den Fernseher anmachen, um zu sehen, was Russland den Menschen in der Ukraine antut.“",https://images.welt.de/6a99b304240b302c8a83862d/ad1cb72549ab8ea815fbbffe9829f84c/ci16x9-w1200/gabriel-png,2026-09-03T17:56:23Z,,"Ex-Außenminister Sigmar Gabriel kann die Russland-Sympathien vieler Ostdeutscher nicht nachvollziehen: Man muss ja nur den Fernseher anmachen, um zu sehen, was Russland den Menschen in der Ukraine an… [+63 chars]",,de,'Ukraine'
https://www.faz.net/aktuell/rhein-main/region-und-hessen/roman-poseck-bezeichnet-afd-als-sicherheitsrisiko-201188029.html,https://www.faz.net/aktuell/rhein-main/region-und-hessen/roman-poseck-bezeichnet-afd-als-sicherheitsrisiko-201188029.html,0,www.faz.net,Debatte im landtag: Poseck bezeichnet AfD als Sicherheitsrisiko,"Angesichts der aktuellen Sicherheitslage debattieren die Parteien über die Frage, wie Hessen sich schützen kann. Heftig gestritten wird über die Rolle Russlands.",https://media0.faz.net/image/w1200h627/0a323183c6dc/w6144h3210x0y743o/202608/43601.0.2468301176/einsatzbereit-ein.webp,2026-09-03T18:00:00Z,,"Wo sind die Beweise? Diese Frage warf der hessische AfD-Abgeordnete Frank Grobe während einer Landtagsrede von Roman Poseck (CDU) ein. Der Innenminister hatte festgestellt, dass Russland sich in eine… [+3422 chars]",,de,'Sicherheit'
https://www.diepresse.com/41226851/ein-trojanisches-pferd-der-russen-in-italien-ein-general-sprengt-rechte,https://www.diepresse.com/41226851/ein-trojanisches-pferd-der-russen-in-italien-ein-general-sprengt-rechte,0,www.diepresse.com,Ein „trojanisches Pferd der Russen“ in Italien? Ein General sprengt Italiens radikale Rechte [premium],"Futuro Nazionale, die neue Partei des extremistischen Politikers Roberto Vannacci, ist beliebter als Lega und Forza Italia – und verunsichert die erfolgreiche Giorgia Meloni. Steckt hinter dem Erfolg des scharfzüngigen Ex-Militärs der Kreml? Für Moskau ist It…",https://img.diepresse.com/public/incoming/lim3lf-imagost0614225700010859100352jpg/alternates/WEBP_WIDE_1200/imago_st_0614_22570001_0859100352.jpg,2026-09-03T18:06:33Z,,"Italien ist seit mehr als einem Jahrhundert europäische Avantgarde, wenn es um neue Formen des politischen Extremismus geht. Nach dem Boom von Faschismus, Eurokommunismus, Links- und Rechtsterrorismu… [+5353 chars]",,de,'Kreml'
https://www.zeit.de/politik/deutschland/2026-09/friedrich-merz-sachsen-anhalt-afd-landtagswahl,https://www.zeit.de/politik/deutschland/2026-09/friedrich-merz-sachsen-anhalt-afd-landtagswahl,0,www.zeit.de,Wahl in Sachsen-Anhalt: Merz warnt bei Wahlkampfauftritt in Leuna vor der AfD,Bei seiner zweiten Wahlkampfveranstaltung in Sachsen spricht sich Bundeskanzler Friedrich Merz deutlich gegen die AfD aus. Er kritisiert besonders deren Haltung zur EU.,https://img.zeit.de/politik/deutschland/2026-09/friedrich-merz-sachsen-anhalt-afd-landtagswahl-foto-1/wide__1300x731,2026-09-03T18:32:30Z,,Bundeskanzler Friedrich Merz hat bei seinem zweiten Wahlkampfbesuch in Sachsen-Anhalt erneut vor den wirtschaftlichen und gesellschaftlichen Folgen einer möglichen AfD-Landesregierung gewarnt. »Wer m… [+1376 chars],,de,'Friedrich Merz'
https://www.zeit.de/feuilleton/2026-09/friedrich-merz-cdu-afd-juergen-habermas-frust,https://www.zeit.de/feuilleton/2026-09/friedrich-merz-cdu-afd-juergen-habermas-frust,0,www.zeit.de,Friedrich Merz: Warum Friedrich Merz jetzt Habermas lesen sollte,"Klare Kante, harte Hand: Der Kanzler wollte das Land auf Linie bringen. Stattdessen wächst der Frust, die AfD triumphiert. Warum? Jürgen Habermas hat das vorausgeahnt.",https://img.zeit.de/feuilleton/2026-09/friedrich-merz-cdu-afd-juergen-habermas-frust-bild/wide__1300x731,2026-09-03T18:46:37Z,,"Die politische Sommerpause ist vorbei, doch neugierige Zeitgenossen fragen sich immer noch, warum der Bundeskanzler ausgerechnet am Tegernsee Urlaub gemacht hat. Warum nicht in Sachsen-Anhalt, wo es … [+958 chars]",,de,'Friedrich Merz'
https://www.n-tv.de/politik/21-26-Klitschko-Hochhaus-in-Kiew-brennt-nach-Angriff-id31268189.html,https://www.n-tv.de/politik/21-26-Klitschko-Hochhaus-in-Kiew-brennt-nach-Angriff-id31268189.html,0,www.n-tv.de,Ukraine-Krieg im Liveticker: +++ 21:26 Klitschko: Hochhaus in Kiew brennt nach Angriff +++,"Berlin, Washington, Brüssel - überall. ntv berichtet von allen wichtigen Schauplätzen der Innen- und Außenpolitik.",https://www.n-tv.de/img/2339153/1721988811/Img_16_9/1200/image.jpg,2026-09-03T20:00:00Z,,Bei einem russischen Angriff auf die ukrainische Hauptstadt Kiew ist nach Angaben von Bürgermeister Vitali Klitschko ein Hochhaus schwer beschädigt worden. Im neunten Stock des Wohngebäudes nahe dem … [+30061 chars],,de,'Krieg'
https://www.tagesschau.de/inland/innenpolitik/merz-sachsen-anhalt-100.html,https://www.tagesschau.de/inland/innenpolitik/merz-sachsen-anhalt-100.html,0,www.tagesschau.de,Wahlkampf in Sachsen-Anhalt: Kanzler Merz auf Distanz,Kurz vor der Landtagswahl besucht Friedrich Merz erneut Sachsen-Anhalt. Mit Ministerpräsident Schulze besichtigt er eine Raffinerie und warnt vor einer AfD-Regierung. Zu Wählern spricht er aber nicht. Von Philip Kuntschner.,https://images.tagesschau.de/image/ee17371c-3f33-494a-b121-4b61fbcc985c/AAABoGpjxXk/AAABnSSvrFg/16x9-big/merz-sachsen-anhalt-102.jpg?width=1280,2026-09-04T03:08:38Z,,"Stand: 04.09.2026 05:08 Uhr
Kurz vor der Landtagswahl besucht Friedrich Merz erneut Sachsen-Anhalt. Mit Ministerpräsident Schulze besucht er eine Raffinerie und warnt vor einer AfD-Regierung. Zu Wäh… [+3442 chars]",,de,'Friedrich Merz'
https://www.tagesschau.de/ausland/amerika/trump-ukraine-hilfen-forderung-europa-100.html,https://www.tagesschau.de/ausland/amerika/trump-ukraine-hilfen-forderung-europa-100.html,0,www.tagesschau.de,Trump will Geld von Europa für Ukraine-Hilfen zurück,"US-Präsident Trump will von europäischen Staaten die Rückzahlung von US-Militärhilfen für die Ukraine fordern. Es gehe dabei um ""Hunderte Milliarden Dollar"", die sein Vorgänger Biden der Ukraine und der NATO geschenkt habe. Von A. Schneider.",https://images.tagesschau.de/image/f4c6798a-a465-4327-bdb7-e845377736f6/AAABoGnh7WM/AAABnSSvrFg/16x9-big/ukraine-patriot-108.jpg?width=1280,2026-09-04T03:08:47Z,,"Stand: 04.09.2026 05:08 Uhr
US-Präsident Trump will von europäischen Staaten die Rückzahlung von US-Militärhilfen für die Ukraine fordern. Es gehe dabei um ""Hunderte Milliarden Dollar"", die sein Vor… [+1492 chars]",,de,'Ukraine'
https://www.tagesschau.de/inland/zahl-gefluechtete-deutschland-102.html,https://www.tagesschau.de/inland/zahl-gefluechtete-deutschland-102.html,0,www.tagesschau.de,Zahl der Geflüchteten in Deutschland 2026 leicht gesunken,"Die Zahl der in Deutschland lebenden Geflüchteten ist leicht auf etwa 3,5 Millionen Menschen gesunken. Laut Bundesregierung liegt das an Abschiebungen, Ausreisen und Einbürgerungen, sowie weniger neuen Flüchtlingen aus der Ukraine.",https://images.tagesschau.de/image/52ab6873-18fd-4802-9ed4-950d7ca14fec/AAABoGruCmI/AAABnSSvrFg/16x9-big/bundesamt-fuer-migration-und-fluechtlinge-102.jpg?width=1280,2026-09-04T05:39:40Z,,"Stand: 04.09.2026 07:39 Uhr
Die Zahl der in Deutschland lebenden Geflüchteten ist leicht auf etwa 3,5 Millionen Menschen gesunken. Laut Bundesregierung liegt das an Abschiebungen, Ausreisen und Einb… [+1257 chars]",,de,'Ukraine'
https://www.focus.de/politik/ausland/wir-werden-dieses-geld-einfordern-auch-wenn-es-etwas-spaet-ist-donald-trump-will-europa-bitten-die-us-hilfe-fuer-die-ukraine-zurueckzuzahlen_a542185e-24cf-405d-a0d3-e70ae2afbd71.html,https://www.focus.de/politik/ausland/wir-werden-dieses-geld-einfordern-auch-wenn-es-etwas-spaet-ist-donald-trump-will-europa-bitten-die-us-hilfe-fuer-die-ukraine-zurueckzuzahlen_a542185e-24cf-405d-a0d3-e70ae2afbd71.html,0,www.focus.de,"„Wir werden dieses Geld einfordern, auch wenn es etwas spät ist”: Donald Trump will „Europa” bitten, die US-Hilfe für die Ukraine zurückzuzahlen","Die USA wollen Europa nachträglich für frühere Waffenhilfen an die Ukraine zur Kasse bitten. Präsident Donald Trump kündigt an, Washington werde das Geld zurückfordern.","https://quadro.burda-forward.de/ctf/8dbc3eef-17f5-4f5a-acde-0752bb5a47b8.fd04100f-cda2-4151-9a90-4762adc79a3f.jpg?im=RegionOfInterestCrop=(1200,630),regionOfInterest=(3068,777)&hash=6bff832689ef1c8238faf04e046a74af23be407c37b9d312a565973bfdb649fb",2026-09-04T06:19:00Z,,"US-Präsident Donald Trump will europäische Staaten zur Rückzahlung früherer amerikanischer Militärhilfe für die Ukraine auffordern. Er kündigte am Donnerstag an, Washington werde Geld für Waffen und … [+2887 chars]",,de,'Ukraine'
https://www.focus.de/politik/ausland/ukraine-plant-offenbar-drohnen-grossoperation-gegen-moskaus-flughaefen-mit-bis-zu-1-000-ki-gesteuerten-drohnen_1b0d59ed-9b0c-480d-b413-acf502dcf5ad.html,https://www.focus.de/politik/ausland/ukraine-plant-offenbar-drohnen-grossoperation-gegen-moskaus-flughaefen-mit-bis-zu-1-000-ki-gesteuerten-drohnen_1b0d59ed-9b0c-480d-b413-acf502dcf5ad.html,0,www.focus.de,Ukraine plant offenbar Drohnen-Großoperation gegen Moskaus Flughäfen mit bis zu 1.000 KI-gesteuerten Drohnen,Bis zu 1.000 Drohnen pro Nacht sollen Moskaus Flughäfen treffen. Die Angaben zur Operation M&M’s bleiben allerdings umstritten.,"https://quadro.burda-forward.de/ctf/404fedbb-8a08-4d01-ad74-c74fd833216b.12e7daae-3269-40eb-bcdc-4266d364a461.jpeg?im=RegionOfInterestCrop=(1200,630),regionOfInterest=(1024,682.5)&hash=5717209f42a41c1f2da170ed76f2c5e63a75693f9494b90aece1938f99cc841d",2026-09-04T07:21:00Z,,"Die Ukraine soll eine groß angelegte Drohnenoperation gegen Flughäfen in Moskau und Umgebung gestartet haben. Das berichtet der Journalist Simon Shuster vom US-Magazin The Atlantic. 
Shuster schrieb… [+2413 chars]",,de,'Ukraine'
https://www.tagesspiegel.de/internationales/wir-werden-dieses-geld-einfordern-trump-fordert-von-europa-ruckzahlung-der-ukraine-militarhilfen-16016590.html,https://www.tagesspiegel.de/internationales/wir-werden-dieses-geld-einfordern-trump-fordert-von-europa-ruckzahlung-der-ukraine-militarhilfen-16016590.html,0,www.tagesspiegel.de,„Wir werden dieses Geld einfordern“: Trump fordert von Europa Rückzahlung der Ukraine-Militärhilfen,"Dem US-Präsidenten zufolge sind der Ukraine und der Nato Hunderte Milliarden Dollar zur Verfügung gestellt worden. Europa hätte stets dafür bezahlt, wenn man nur darum gebeten hätte.",https://www.tagesspiegel.de/images/16016586/alternates/BASE_16_9_W1400/1788506643000/u-s-president-trump-hosts-a-dinner-in-the-rose-garden-at-the-white-house-in-washington.jpeg,2026-09-04T07:26:13Z,,"US-Präsident Donald Trump fordert von europäischen Staaten die Rückzahlung von US-Militärhilfen für die Ukraine und signalisiert einen vorübergehenden Stopp von Waffenverkäufen an Verbündete.
Hunder… [+1426 chars]",,de,'Ukraine'
https://www.focus.de/politik/ausland/bessent-macht-die-ukraine-fuer-die-hohen-energiepreise-verantwortlich_d5f7d393-cb4f-4c89-ae95-af6705239c30.html,https://www.focus.de/politik/ausland/bessent-macht-die-ukraine-fuer-die-hohen-energiepreise-verantwortlich_d5f7d393-cb4f-4c89-ae95-af6705239c30.html,0,www.focus.de,Bessent macht die Ukraine für die hohen Energiepreise verantwortlich,Scott Bessent gibt der Ukraine eine Mitschuld am Preisschub bei Energie. Ihre Angriffe auf russische Ölanlagen hätten den Markt zusätzlich belastet.,"https://quadro.burda-forward.de/ctf/c31d41ae-515c-4164-af21-027ad9e62076.c1209b99-c376-48b6-825b-d863b47fba45.jpg?im=RegionOfInterestCrop=(1200,630),regionOfInterest=(777,410)&hash=553e04b9d745848e97b6524842e19324ca1b042e20dcce2a2b6708030b31f06a",2026-09-04T07:37:00Z,,Nach einem Treffen mit Russlands Finanzminister machte US-Finanzminister Scott Bessent auch die Ukraine für die hohen Energiepreise mitverantwortlich. Ihre Angriffe auf russische Ölanlagen hätten die… [+2088 chars],,de,'Energie'
https://www.zeit.de/news/2026-09/04/auftragseingang-fuer-industrie-legt-ueberraschend-stark-zu,https://www.zeit.de/news/2026-09/04/auftragseingang-fuer-industrie-legt-ueberraschend-stark-zu,0,www.zeit.de,Konjunktur: Auftragseingang für Industrie legt überraschend stark zu,Hier finden Sie Informationen zu dem Thema „Konjunktur“. Lesen Sie jetzt „Auftragseingang für Industrie legt überraschend stark zu“.,https://img.zeit.de/news/2026-09/04/auftragseingang-fuer-industrie-legt-ueberraschend-stark-zu-image-group/wide__1300x731,2026-09-04T07:44:00Z,,"Die deutsche Industrie hat im Juli erneut mehr Aufträge an Land gezogen als erwartet. Die Bestellungen stiegen zum Vormonat saison- und kalenderbereinigt um 2,5 Prozent, wie das Statistische Bundesam… [+1996 chars]",,de,'Industrie'
https://www.focus.de/politik/ausland/meiner-meinung-nach-ja-putin-glaubt-dass-moskau-und-kiew-eine-chance-haben-direkt-ueber-die-beendigung-des-konflikts-zu-verhandeln_973e98b8-9944-4899-9b63-4edad0f3bd14.html,https://www.focus.de/politik/ausland/meiner-meinung-nach-ja-putin-glaubt-dass-moskau-und-kiew-eine-chance-haben-direkt-ueber-die-beendigung-des-konflikts-zu-verhandeln_973e98b8-9944-4899-9b63-4edad0f3bd14.html,0,www.focus.de,"„Meiner Meinung nach ja”: Putin glaubt, dass Moskau und Kiew „eine Chance” haben, direkt über die Beendigung des Konflikts zu verhandeln",Wladimir Putin sieht eine Chance für ein Ende des Ukraine-Kriegs. Zugleich macht der Kremlchef ukrainische Drohnenangriffe für erschwerte Verhandlungen verantwortlich.,"https://quadro.burda-forward.de/ctf/ceb2e684-1cc5-4b46-9d4c-00770165049c.fa7b7e50-d4e4-40cc-a6d9-bd8b496b72e1.jpg?im=RegionOfInterestCrop=(1200,630),regionOfInterest=(1822,855)&hash=b31d4fc0a22243e22e0ace4b1ccd38dacc312c13d224c2c6c81337d8392935d9",2026-09-04T07:52:00Z,,"Russlands Präsident Wladimir Putin sieht eine Möglichkeit für ein Friedensabkommen mit der Ukraine. Gibt es eine Chance? Meiner Meinung nach ja, sagte Putin am Donnerstag beim Östlichen Wirtschaftsfo… [+2315 chars]",,de,'Ukraine'
https://www.golem.de/sonstiges/zustimmung/auswahl.html?from=https://www.golem.de/news/sabotage-an-umspannwerken-drittes-umspannwerk-sollte-beschaedigt-werden-2609-212646.html&referer=https://t.co/3996dc8e06,https://www.golem.de/sonstiges/zustimmung/auswahl.html?from=https://www.golem.de/news/sabotage-an-umspannwerken-drittes-umspannwerk-sollte-beschaedigt-werden-2609-212646.html&referer=https://t.co/3996dc8e06,0,www.golem.de,Sabotage an Umspannwerken: Drittes Umspannwerk sollte beschädigt werden,"Bei Dormagen nahe Köln wurden verdächtige Abschussvorrichtungen gefunden. Zudem gibt es ein Bekennerschreiben, das weitere Tatorte nennt. (Energie & Klima, Security)",,2026-09-04T08:06:05Z,,"Besuchen Sie Golem.de wie gewohnt mit Werbung und Tracking,
 indem Sie der Nutzung aller Cookies zustimmen.
 Details zum Tracking finden Sie im Privacy Center.
Skript wurde nicht geladen. Informat… [+607 chars]",,de,'Energie'
https://www.zeit.de/wirtschaft/2026-09/industrieauftraege-deutschland-fahrzeugbau-verteidigung-autoindustrie,https://www.zeit.de/wirtschaft/2026-09/industrieauftraege-deutschland-fahrzeugbau-verteidigung-autoindustrie,0,www.zeit.de,Statistisches Bundesamt: Deutsche Industrie meldet mehr Aufträge als erwartet,Der Auftragseingang für die deutsche Industrie hat im Juli überraschend stark zugenommen. Der Anstieg geht fast ausschließlich auf einen bestimmten Bereich zurück.,https://img.zeit.de/wirtschaft/2026-09/industrieauftraege-deutschland-fahrzeugbau-verteidigung-autoindustrie-foto-1/wide__1300x731,2026-09-04T08:28:32Z,,"Im Juli hat die deutsche Industrie mehr Aufträge erhalten als erwartet. Im Vergleich zum Vormonat stiegen die Bestellungen saison- und kalenderbereinigt laut dem Statistischen Bundesamt um 2,5 Prozen… [+672 chars]",,de,'Industrie'
https://www.focus.de/politik/ausland/ukraine-beschafft-5000-neue-pick-ups-fuer-die-streitkraefte-und-spart-durch-offene-ausschreibung-rund-38-5-millionen-euro_8de4f75f-0a4f-40a7-b2e0-8ab747d185be.html,https://www.focus.de/politik/ausland/ukraine-beschafft-5000-neue-pick-ups-fuer-die-streitkraefte-und-spart-durch-offene-ausschreibung-rund-38-5-millionen-euro_8de4f75f-0a4f-40a7-b2e0-8ab747d185be.html,0,www.focus.de,"Ukraine beschafft 5000 neue Pick-ups für die Streitkräfte und spart durch offene Ausschreibung rund 38,5 Millionen Euro",Die Ukraine hat 5.000 neue Pick-ups für ihre Streitkräfte ausgeschrieben und dabei nach Angaben der Behörden mehr als 38 Millionen Euro eingespart. Sechs Lieferanten teilen sich den Auftrag.,"https://quadro.burda-forward.de/ctf/437870dd-5a69-4709-a25d-22ee218336d8.71831748-1c76-4244-95cd-cc8dd0ff599c.jpg?im=RegionOfInterestCrop=(1200,630),regionOfInterest=(1025,384)&hash=cec3a1ad2374e553ff18324e3643b8288e4d57d99de4bd379c17c32fea127d58",2026-09-04T08:37:00Z,,Die Ukraine hat 5000 neue Pick-ups für ihre Streitkräfte über ein offenes Ausschreibungsverfahren beschafft. Nach Angaben des ukrainischen Verteidigungsministeriums konnten durch den Wettbewerb mehr … [+2597 chars],,de,'Ukraine'
https://www.dw.com/de/deutschland-fluechtlinge-gefluechtete-migration-ukraine-dobrindt/a-78930070,https://www.dw.com/de/deutschland-fluechtlinge-gefluechtete-migration-ukraine-dobrindt/a-78930070,0,www.dw.com,Zahl der Flüchtlinge in Deutschland leicht gesunken,Vor allem aus der Ukraine kommen deutlich weniger Schutzsuchende nach Deutschland. Die Linke kritisiert dennoch geplante Kürzungen bei Sozialleistungen und den Kurs der Bundesregierung bei Abschiebungen.,https://static.dw.com/image/70286925_6.jpg,2026-09-04T09:06:00Z,,"Die Zahl der in Deutschland lebenden Flüchtlinge ist im ersten Halbjahr 2026 um rund 20.000 auf etwa 3,5 Millionen gesunken. Das geht aus einer Antwort des Bundesinnenministeriums auf eine Kleine Anf… [+3543 chars]",,de,'Ukraine'
https://www.zeit.de/news/2026-09/04/drohnen-ueber-gas-anlage-ermittlungen-wegen-sabotageverdacht,https://www.zeit.de/news/2026-09/04/drohnen-ueber-gas-anlage-ermittlungen-wegen-sabotageverdacht,0,www.zeit.de,Kritische Infrastruktur: Drohnen über Gas-Anlage: Ermittlungen wegen Sabotageverdacht,Hier finden Sie Informationen zu dem Thema „Kritische Infrastruktur“. Lesen Sie jetzt „Drohnen über Gas-Anlage: Ermittlungen wegen Sabotageverdacht“.,https://img.zeit.de/news/2026-09/04/drohnen-ueber-gas-anlage-ermittlungen-wegen-sabotageverdacht-image-group/wide__1300x731,2026-09-04T09:33:43Z,,Nach der Sichtung von Drohnen über einer Erdgasaufbereitungsanlage in der Gemeinde Großenkneten und einem Angriff auf einen Wachmann ermittelt die Generalstaatsanwaltschaft Celle. Die Zentralstelle T… [+1666 chars],,de,'Gas'
https://www.nzz.ch/meinung/kulturkampf-im-pentagon-hegseths-personalpolitik-schwaecht-die-armee-ld.10022253,https://www.nzz.ch/meinung/kulturkampf-im-pentagon-hegseths-personalpolitik-schwaecht-die-armee-ld.10022253,0,www.nzz.ch,KOMMENTAR - Kulturkampf im Pentagon: Hegseths Personalpolitik schwächt die Armee,Mitten im Iran-Krieg geht der personelle Aderlass im Departement des amerikanischen Verteidigungsministers weiter. Loyalität stellt er dabei über Integrität und Qualifikation. Langfristig wird dies das Militär der Supermacht von innen aushöhlen und demoralisi…,"https://img-msp-prod.nzz.ch/2026/09/03/ab5edacb-d131-48e9-8a9e-4a54d2723bd0.jpg?width=1200&height=674&fit=bounds&quality=75&auto=webp&crop=5487,3086,x0,y286&wmark=nzz",2026-09-04T09:47:41Z,,Mitten im Iran-Krieg geht der personelle Aderlass im Departement des amerikanischen Verteidigungsministers weiter. Loyalität stellt er dabei über Integrität und Qualifikation. Langfristig wird dies d… [+4835 chars],,de,'Ukraine'
https://www.diepresse.com/41230974/insider-witkoff-und-kushner-planen-reise-nach-russland-und-in-die,https://www.diepresse.com/41230974/insider-witkoff-und-kushner-planen-reise-nach-russland-und-in-die,0,www.diepresse.com,Insider: Witkoff und Kushner planen Reise nach Russland und in die Ukraine,Die beiden Trump-Vertrauten spielen eine zentrale Rolle in den US-Vermittlungsbemühungen im Ukraine-Krieg.,https://img.diepresse.com/public/incoming/h1cxtv-2288473187jpg/alternates/WEBP_WIDE_1200/2288473187.jpg,2026-09-04T09:47:58Z,,"Die Presse auf Google als bevorzugte Nachrichtenquelle hinzufügen.
 Die US-Gesandten Steve Witkoff und Jared Kushner reisen womöglich an diesem Samstag und Sonntag nach Russland und in die Ukraine, … [+333 chars]",,de,'Ukraine'
https://www.zeit.de/news/2026-09/04/waehrend-krieg-verlorenes-buch-in-sozialkaufhaus-entdeckt,https://www.zeit.de/news/2026-09/04/waehrend-krieg-verlorenes-buch-in-sozialkaufhaus-entdeckt,0,www.zeit.de,Band galt als Kriegsverlust: Während Krieg verlorenes Buch in Sozialkaufhaus entdeckt,Hier finden Sie Informationen zu dem Thema „Band galt als Kriegsverlust“. Lesen Sie jetzt „Während Krieg verlorenes Buch in Sozialkaufhaus entdeckt“.,https://img.zeit.de/news/2026-09/04/waehrend-krieg-verlorenes-buch-in-sozialkaufhaus-entdeckt-image-group/wide__1300x731,2026-09-04T12:55:24Z,,"Ein seit dem Zweiten Weltkrieg als verschollen gegoltenes Buch ist in einem Sozialkaufhaus im hessischen Flörsheim wieder aufgetaucht. «Der Band ""Pauli Sententiae"" wurde bei einer Buchspende entdeckt… [+1317 chars]",,de,'Krieg'
https://www.zeit.de/news/2026-09/04/ukraine-russische-drohne-attackiert-geheimdienstzentrale,https://www.zeit.de/news/2026-09/04/ukraine-russische-drohne-attackiert-geheimdienstzentrale,0,www.zeit.de,Ukraine-Krieg: Ukraine: Russische Drohne attackiert Geheimdienstzentrale,Hier finden Sie Informationen zu dem Thema „Ukraine-Krieg“. Lesen Sie jetzt „Ukraine: Russische Drohne attackiert Geheimdienstzentrale“.,https://img.zeit.de/news/2026-09/04/ukraine-russische-drohne-attackiert-geheimdienstzentrale-image-group/wide__1300x731,2026-09-04T13:38:13Z,,Eine russische Drohne hat das Hauptgebäude des ukrainischen Geheimdienstes SBU im Zentrum der Hauptstadt Kiew angegriffen. «Die Drohne zielte direkt auf das Arbeitszimmer des SBU-Leiters in diesem Ge… [+399 chars],,de,'Ukraine'
https://www.n-tv.de/wirtschaft/Trumps-Wirtschaftskrieg-gegen-Teheran-zeigt-Wirkung-id31270927.html,https://www.n-tv.de/wirtschaft/Trumps-Wirtschaftskrieg-gegen-Teheran-zeigt-Wirkung-id31270927.html,0,www.n-tv.de,Folgen neuer US-Sanktionen: Trumps Wirtschaftskrieg gegen Teheran zeigt Wirkung,"Die neuen Sanktionen der US-Regierung gegen den Iran werden dort spürbar: Lebensmittelpreise schießen in die Höhe, Benzinvorräte reichen einem Insider zufolge nur noch für zwei Monate. Die drohende Abwärtsspirale könnte dem Regime in Teheran letztlich zum Ver…",https://www.n-tv.de/img/31270900/1788539793/Img_16_9/1200/616643533.jpg,2026-09-04T14:36:38Z,,"US-Präsident Donald Trump will die iranische Führung mit wirtschaftlichem Druck in die Knie zwingen. (Foto: picture alliance / AdMedia | CNP /AdMedia)
Die neuen Sanktionen der US-Regierung gegen den… [+3616 chars]",,de,'Import'
https://www.zeit.de/politik/ausland/2026-09/russische-drohne-kiew-sbu-geheimdienst-ukraine,https://www.zeit.de/politik/ausland/2026-09/russische-drohne-kiew-sbu-geheimdienst-ukraine,0,www.zeit.de,Krieg gegen die Ukraine: Russische Drohne trifft Geheimdienstzentrale in Kiew,"Im Hauptquartier des ukrainischen Inlandsgeheimdienstes SBU ist eine Drohne eingeschlagen. Präsident Wolodymyr Selenskyj kündigt eine »angemessene, spürbare« Reaktion an.",https://img.zeit.de/politik/ausland/2026-09/russische-drohne-kiew-sbu-geheimdienst-ukraine-foto-1/wide__1300x731,2026-09-04T14:57:15Z,,"Eine russische Drohne hat das Hauptquartier des ukrainischen Inlandsgeheimdienste SBU in Kiew getroffen. Die Drohne sei auf das Büro des Geheimdienstleiters gerichtet gewesen, schrieb der ukrainische… [+510 chars]",,de,'Ukraine'
https://www.bild.de/politik/ausland-und-internationales/gibt-es-eine-chance-wladimir-putin-spricht-ueber-frieden-in-der-ukraine-6a994e57240b302c8a837d9a,https://www.bild.de/politik/ausland-und-internationales/gibt-es-eine-chance-wladimir-putin-spricht-ueber-frieden-in-der-ukraine-6a994e57240b302c8a837d9a,0,www.bild.de,"Kreml-Herrscher sieht Chancen - Was meint Putin, wenn er über Frieden redet?","Kreml-Herrscher Wladimir Putin hat bei einem Wirtschaftsforum erklärt, er sehe eine Chance auf Frieden in der Ukraine.","https://images.bild.de/6a994e57240b302c8a837d9a/3cb8366833e27dff9c92dc4fdfd6b287,1f517678?w=1280",2026-09-04T15:37:41Z,,TTS-Player überspringenArtikel weiterlesenWladiwostok/Moskau Drei Meldungen der letzten Tage: Der Raketenterror gegen die Ukraine geht weiter! Bei russischen Luftangriffen auf Odessa (3. September) w… [+3324 chars],,de,'Saporischschja'
https://www.faz.net/aktuell/politik/ukraine/ukraine-liveticker-witkoff-und-kushner-reisen-nach-moskau-und-kiew-faz-110683325.html,https://www.faz.net/aktuell/politik/ukraine/ukraine-liveticker-witkoff-und-kushner-reisen-nach-moskau-und-kiew-faz-110683325.html,0,www.faz.net,Liveblog Ukrainekrieg: Witkoff und Kushner reisen nach Moskau und Kiew,Ukraine garantiert Sicherheit für US-Unterhändler in Moskau +++ Ukrainische Geheimdienstzentrale von russischer Drohne getroffen +++ Schusswechsel zwischen Sicherheitskräften in Kiew +++ alle Neuigkeiten im Liveblog,https://media0.faz.net/image/w1200h627/be393ff91aff/w6000h3135x0y220o/202606/43601.0.2280526659/jared-kushner-und-steve.webp,2026-09-04T17:10:36Z,,Vermummte und bewaffnete Sicherheitskräfte sind in Kiew kein seltener Anblick. Sie stehen zum Beispiel an Checkpoints vor dem abgeriegelten Regierungsviertel oder vor militärischen Liegenschaften. Da… [+4025 chars],,de,'Ukraine'
https://www.zeit.de/news/2026-09/04/selenskyj-us-vermittler-kommen-am-sonntag-nach-kiew,https://www.zeit.de/news/2026-09/04/selenskyj-us-vermittler-kommen-am-sonntag-nach-kiew,0,www.zeit.de,Ukraine-Krieg: Selenskyj: US-Vermittler kommen am Sonntag nach Kiew,Hier finden Sie Informationen zu dem Thema „Ukraine-Krieg“. Lesen Sie jetzt „Selenskyj: US-Vermittler kommen am Sonntag nach Kiew“.,https://img.zeit.de/news/2026-09/04/selenskyj-us-vermittler-kommen-am-sonntag-nach-kiew-image-group/wide__1300x731,2026-09-04T17:21:16Z,,"Der ukrainische Präsident Wolodymyr Selenskyj hat einen Besuch der US-Vermittler Steve Witkoff und Jared Kushner am Sonntag in Kiew angekündigt. Es sei heute besprochen worden, dass Steve Witkoff und… [+2134 chars]",,de,'Krieg'
https://www.zeit.de/news/2026-09/04/krankenkassen-mit-halbjahres-plus-keine-entwarnung,https://www.zeit.de/news/2026-09/04/krankenkassen-mit-halbjahres-plus-keine-entwarnung,0,www.zeit.de,Versorgung: Krankenkassen mit Halbjahres-Plus - «Keine Entwarnung»,Hier finden Sie Informationen zu dem Thema „Versorgung“. Lesen Sie jetzt „Krankenkassen mit Halbjahres-Plus - «Keine Entwarnung»“.,https://img.zeit.de/news/2026-09/04/krankenkassen-mit-halbjahres-plus-keine-entwarnung-image-group/wide__1300x731,2026-09-04T17:51:08Z,,"Die gesetzlichen Krankenkassen haben im ersten Halbjahr ein Plus verbucht, aber auch noch weiter stark steigende Ausgaben. Nach den ersten sechs Monaten stand ein Überschuss von 2,6 Milliarden Euro, … [+1279 chars]",,de,'Versorgung'
https://www.welt.de/politik/article6a9b6477240b302c8a839cb9/haushaltsberatungen-jeder-dritte-euro-auf-pump-unionsfraktionsvize-fordert-sparkurs.html,https://www.welt.de/politik/article6a9b6477240b302c8a839cb9/haushaltsberatungen-jeder-dritte-euro-auf-pump-unionsfraktionsvize-fordert-sparkurs.html,0,www.welt.de,„Jeder dritte Euro auf Pump“ – Unionsfraktionsvize fordert Sparkurs,"„Wir leben knallhart über unsere Verhältnisse“, sagt der stellvertretende Unionsfraktionsvorsitzende Mathias Middelberg (CDU). Deshalb fordert er vor den Haushaltsberatungen im Bundestag, noch viel strenger zu sparen.",https://images.welt.de/6a9b6477240b302c8a839cb9/655053e2cd2d9ab5e550e24dce3b7465-master/ci16x9-w1200/dpa-com-260706-935-1460701-jpg,2026-09-05T01:21:11Z,,"Wir leben knallhart über unsere Verhältnisse, sagt der stellvertretende Unionsfraktionsvorsitzende Mathias Middelberg (CDU). Deshalb fordert er vor den Haushaltsberatungen im Bundestag, noch viel str… [+1665 chars]",,de,'sparen'
https://www.faz.net/aktuell/rhein-main/wirtschaft/erdgas-wird-noch-teurer-was-verbraucher-jetzt-tun-sollten-accg-201183157.html,https://www.faz.net/aktuell/rhein-main/wirtschaft/erdgas-wird-noch-teurer-was-verbraucher-jetzt-tun-sollten-accg-201183157.html,0,www.faz.net,Deutlicher Preisanstieg: Gas-Kunden sollten jetzt neue Verträge schließen,"Erdgas ist so teuer wie lange nicht. Verbraucherschützer rechnen mit einer herausfordernden Heizperiode. Wer jetzt seinen Tarif prüft, kann das Schlimmste vielleicht noch abwehren.",https://media0.faz.net/image/w1200h627/77d9312533a7/w5392h2817x0y667o/202608/43601.0.2394461758/man-mag-kaum-hinschauen.webp,2026-09-05T06:15:21Z,,"Der Konflikt im Nahen Osten ist wieder aufgeflammt, damit stirbt die Hoffnung der Branche, die Straße von Hormus, der wichtigste Transportweg in der Welt für die Energiewirtschaft, könne wieder geöff… [+5363 chars]",,de,'Gas'
https://taz.de/Agrarsubventionen/!6206574/,https://taz.de/Agrarsubventionen/!6206574/,0,taz.de,"Agrarsubventionen: Mieter belastet, Bauern gepampert","Der Bund will beim Wohngeld sparen, aber Agrarsubventionen verteilt er immer lockerer. Agrarminister Rainers Begründung ist hanebüchen.",https://taz.de/picture/8717564/1200/41848799.jpeg,2026-09-05T07:31:00Z,,"Der Bund will beim Wohngeld sparen, aber Agrarsubventionen verteilt er immer lockerer. Agrarminister Rainers Begründung ist hanebüchen. mehr...",,de,'sparen'
https://orf.at/stories/3441275/,https://orf.at/stories/3441275/,0,orf.at,IAEA: Waffenruhe für Reparatur an AKW Saporischschja,,https://orf.at/mojo/1_4_1/storyserver//news/common/images/og-fallback-news.png,2026-09-05T08:04:51Z,,"Am russisch besetzten AKW Saporischschja im Südosten der Ukraine ist der Internationalen Atomenergiebehörde (IAEA) zufolge eine Waffenruhe in Kraft getreten. Sie diene dazu, Stromleitungen zu reparie… [+852 chars]",,de,'Saporischschja'
https://www.zeit.de/2026/38/kernsanierung-altbau-sanierung-kosten-bauleitung,https://www.zeit.de/2026/38/kernsanierung-altbau-sanierung-kosten-bauleitung,0,www.zeit.de,Kernsanierung: Hol den Vorschlaghammer,"Als auch die Dämmung unterm Dach schimmelte, wäre der Traum vom neuen Zuhause fast gestorben. Wie wir das Abenteuer trotz einstürzender Wände gemeinsam geschafft haben.",https://img.zeit.de/2026/38/hol-den-vorschlaghammer-bild-3/wide__1300x731,2026-09-05T09:02:32Z,,"Schließen
Artikelzusammenfassung
Aus ein paar geplanten Schönheitsreparaturen wurde für ein Paar im Kölner Umland eine vollständige Haussanierung. Nach dem Kauf zeigte sich Schritt für Schritt, wie… [+1047 chars]",,de,'Dämmung'
https://www.tagesschau.de/ausland/europa/ukraine-russland-witkoff-kushner-100.html,https://www.tagesschau.de/ausland/europa/ukraine-russland-witkoff-kushner-100.html,0,www.tagesschau.de,US-Sondergesandte Witkoff und Kushner zu Gesprächen in Moskau angekommen,Neuer Anlauf in den US-Vermittlungen zwischen Russland und der Ukraine: Die Sondergesandten Kushner und Witkoff sind in Moskau gelandet. Morgen geht es für Gespräche nach Kiew. Die gegenseitigen Angriffe gehen derweil weiter.,https://images.tagesschau.de/image/6306b762-a84c-49cb-a047-ef80b89f0ba7/AAABoHEly5E/AAABnSSvrFg/16x9-big/kushner-witkoff-moskau-100.jpg?width=1280,2026-09-05T10:55:56Z,,"Stand: 05.09.2026 12:55 Uhr
Neuer Anlauf in den US-Vermittlungen zwischen Russland und der Ukraine: Die Sondergesandten Kushner und Witkoff sind in Moskau gelandet. Morgen geht es für Gespräche nach… [+5321 chars]",,de,'Ukraine'
https://www.n-tv.de/politik/Trumps-Zoelle-verschaerfen-Bruessels-China-Problem-id31271041.html,https://www.n-tv.de/politik/Trumps-Zoelle-verschaerfen-Bruessels-China-Problem-id31271041.html,0,www.n-tv.de,"EU droht mit Handelsschranken: Trumps Zölle verschärfen Brüssels ""China-Problem""","Brüssel schlägt gegenüber Peking einen härteren Kurs ein. Noch wird verhandelt, aber die EU schärft schon mögliche Waffen im Handelskonflikt. Denn die Flut chinesischer Waren bedroht die europäische Industrie. Durch die Zölle des US-Präsidenten spitzt sich di…",https://www.n-tv.de/img/31271090/1788538180/Img_16_9/1200/615896872.jpg,2026-09-05T11:01:38Z,,"EU-Vertreter fordern von der chinesischen Seite, die Subventionen zu reduzieren und so den Exportdruck abzubauen (Foto: picture alliance / ZB/euroluftbild.de)
Brüssel schlägt gegenüber Peking einen … [+8650 chars]",,de,'Industrie'
https://www.zeit.de/news/2026-09/05/us-unterhaendler-in-moskau-treffen-mit-putin-geplant,https://www.zeit.de/news/2026-09/05/us-unterhaendler-in-moskau-treffen-mit-putin-geplant,0,www.zeit.de,Ukraine-Krieg: US-Unterhändler in Moskau - Treffen mit Putin geplant,Hier finden Sie Informationen zu dem Thema „Ukraine-Krieg“. Lesen Sie jetzt „US-Unterhändler in Moskau - Treffen mit Putin geplant“.,https://img.zeit.de/news/2026-09/05/us-unterhaendler-in-moskau-treffen-mit-putin-geplant-image-group/wide__1300x731,2026-09-05T11:05:16Z,,Die Unterhändler von US-Präsident Donald Trump zum Ukraine-Krieg sind für Gespräche mit dem russischen Staatschef Wladimir Putin in Moskau eingetroffen. Die staatliche russische Nachrichtenagentur Ta… [+585 chars],,de,'Ukraine'
https://www.zeit.de/news/2026-09/05/merz-warnt-vor-verlust-von-arbeitsplaetzen-in-der-industrie,https://www.zeit.de/news/2026-09/05/merz-warnt-vor-verlust-von-arbeitsplaetzen-in-der-industrie,0,www.zeit.de,Autobauer in der Krise: Merz warnt vor Verlust von Arbeitsplätzen in der Industrie,Hier finden Sie Informationen zu dem Thema „Autobauer in der Krise“. Lesen Sie jetzt „Merz warnt vor Verlust von Arbeitsplätzen in der Industrie“.,https://img.zeit.de/news/2026-09/05/merz-warnt-vor-verlust-von-arbeitsplaetzen-in-der-industrie-image-group/wide__1300x731,2026-09-05T13:22:42Z,,Bundeskanzler Friedrich Merz hat angesichts der Krise bei Volkswagen vor einem weiteren Verlust von Industriearbeitsplätzen gewarnt. Volkswagen stehe beispielhaft für die schwierige Lage der Automobi… [+2001 chars],,de,'Industrie'
https://www.zeit.de/news/2026-09/05/irres-energie-comeback-in-wolfsburg-das-war-leidenschaft,https://www.zeit.de/news/2026-09/05/irres-energie-comeback-in-wolfsburg-das-war-leidenschaft,0,www.zeit.de,2. Fußball-Bundesliga: Irres Energie-Comeback in Wolfsburg: «Das war Leidenschaft»,Hier finden Sie Informationen zu dem Thema „2. Fußball-Bundesliga“. Lesen Sie jetzt „Irres Energie-Comeback in Wolfsburg: «Das war Leidenschaft»“.,https://img.zeit.de/news/2026-09/05/irres-energie-comeback-in-wolfsburg-das-war-leidenschaft-image-group/wide__1300x731,2026-09-05T14:12:38Z,,"Die mitgereisten Cottbuser Fans feierten ihre Comeback-Helden noch weit nach Schlusspfiff, Trainer Pele Wollitz konnte die irre Aufholjagd kaum glauben. Trotz eines scheinbar aussichtslosen 0:3-Rücks… [+2516 chars]",,de,'Energie'
https://www.zeit.de/politik/deutschland/2026-09/friedrich-merz-cdu-generationengerechtigkeit-wohlstand,https://www.zeit.de/politik/deutschland/2026-09/friedrich-merz-cdu-generationengerechtigkeit-wohlstand,0,www.zeit.de,Bundeskanzler: Friedrich Merz kündigt Debatte über Generationengerechtigkeit an,"Die CDU solle sich nach den Landtagswahlen inhaltlich neu aufstellen, sagt Parteichef Friedrich Merz. Deutschland brauche eine Erzählung, die alle Generationen mitnehme.",https://img.zeit.de/politik/deutschland/2026-09/friedrich-merz-cdu-generationengerechtigkeit-wohlstand-foto-1/wide__1300x731,2026-09-05T14:14:54Z,,"CDU-Chef Friedrich Merz hat seine Partei aufgefordert, sich nach den Wahlen im September inhaltlich neu auszurichten. Leitlinie solle größere Generationengerechtigkeit sein, sagte der Bundeskanzler a… [+1095 chars]",,de,'Friedrich Merz'
https://www.faz.net/aktuell/feuilleton/debatten/der-globale-sueden-gegen-den-westen-das-ist-verlogen-accg-201169739.html,https://www.faz.net/aktuell/feuilleton/debatten/der-globale-sueden-gegen-den-westen-das-ist-verlogen-accg-201169739.html,0,www.faz.net,"Kolumne Import Export: Der Westen als Täter, alle anderen als Opfer?","Erst kürzlich machte die Rapperin Siba in einem ihrer Songs diese Identitäten auf: Wir, der Globale Süden, ihr, der imperialistische Westen. Solche Vereinfachungen finde ich verlogen.",https://media0.faz.net/image/w1200h627/bf8bbcc6629c/w1792h936x0y108o/202609/43601.0.2501484813/musikvideo-zum-song-dounana.webp,2026-09-05T14:18:25Z,,"Vor ein paar Monaten ging ein Video der aus Damaskus stammenden und in Berlin lebenden Sängerin Siba viral. Es zeigte eine sehr entschlossene, sehr wütende Frau, die an in einer Reihe stehenden Mensc… [+4918 chars]",,de,'Import'
https://www.n-tv.de/politik/Putin-empfaengt-Trumps-Gesandte-im-Kreml-id31273528.html,https://www.n-tv.de/politik/Putin-empfaengt-Trumps-Gesandte-im-Kreml-id31273528.html,0,www.n-tv.de,"""Situation ist nicht einfach"": Putin empfängt Trumps Gesandte im Kreml",Steve Witkoff und Jared Kushner reisen offenbar mit neuen Vorschlägen für ein Ende des russischen Angriffskriegs nach Moskau. Dort empfängt sie Machthaber Putin im Kreml. Dieser erwartet aber keine einfachen Gespräche.,https://www.n-tv.de/img/31273524/1788635981/Img_16_9/1200/2026-09-05T170339Z_69434521_RC24DNAEDNYK_RTRMADP_3_UKRAINE-CRISIS-RUSSIA-USA.jpg,2026-09-05T17:49:47Z,,"Witkoff und Kushner sind erst in Moskau, dann soll Kiew folgen. (Foto: REUTERS)
Steve Witkoff und Jared Kushner reisen offenbar mit neuen Vorschlägen für ein Ende des russischen Angriffskriegs nach … [+2326 chars]",,de,'Pipeline'
https://www.zeit.de/news/2026-09/06/kreml-spricht-von-konstruktiven-gespraechen-mit-us-gesandten,https://www.zeit.de/news/2026-09/06/kreml-spricht-von-konstruktiven-gespraechen-mit-us-gesandten,0,www.zeit.de,Verhandlungen: Kreml spricht von konstruktiven Gesprächen mit US-Gesandten,Hier finden Sie Informationen zu dem Thema „Verhandlungen“. Lesen Sie jetzt „Kreml spricht von konstruktiven Gesprächen mit US-Gesandten“.,https://img.zeit.de/news/2026-09/06/kreml-spricht-von-konstruktiven-gespraechen-mit-us-gesandten-image-group/wide__1300x731,2026-09-05T22:32:05Z,,"Der Kreml hat die nach langer Pause wieder aufgenommenen Gespräche von Präsident Wladimir Putin mit den US-Vermittlern Steve Witkoff und Jared Kushner als konstruktiv, inhaltsreich und vertrauensvoll… [+2275 chars]",,de,'Kreml'
https://www.faz.net/aktuell/politik/ukraine/ukraine-liveticker-us-gesandte-reisen-nach-treffen-mit-putin-nach-kiew-faz-110683325.html,https://www.faz.net/aktuell/politik/ukraine/ukraine-liveticker-us-gesandte-reisen-nach-treffen-mit-putin-nach-kiew-faz-110683325.html,0,www.faz.net,Liveblog Ukrainekrieg: US-Gesandte reisen nach Treffen mit Putin nach Kiew,Weißes Haus und Kreml äußern sich positiv zu Gesprächen in Moskau +++ Selenskyj erwartet US-Gesandte am Sonntag in Kiew +++ Angriffe auf Kiew und Moskau sollen jeweils für kurze Zeit ausgesetzt werden +++ alle Neuigkeiten im Liveblog,https://media0.faz.net/image/w1200h627/b66ce9a0f684/w3863h2018x0y218o/202609/43601.0.2516839125/kremlchef-putin-m-im-gespraech.webp,2026-09-06T02:15:00Z,,Vermummte und bewaffnete Sicherheitskräfte sind in Kiew kein seltener Anblick. Sie stehen zum Beispiel an Checkpoints vor dem abgeriegelten Regierungsviertel oder vor militärischen Liegenschaften. Da… [+4025 chars],,de,'Kreml'
https://www.tagesschau.de/ausland/europa/ukraine-russland-usa-verhandlungen-102.html,https://www.tagesschau.de/ausland/europa/ukraine-russland-usa-verhandlungen-102.html,0,www.tagesschau.de,Witkoff und Kushner erstmals in Kiew erwartet,In Moskau hatten sie sich mit Kremlchef Putin getroffen und mit ihm über ein Ende des Ukraine-Kriegs verhandelt. Nun kommen die US-Gesandten Witkoff und Kushner nach Kiew - auf einem ungewöhnlichen Weg.,https://images.tagesschau.de/image/365bdc88-a99f-4d81-bd8d-a736f1eb4e4b/AAABoHSnfdk/AAABnSSvrFg/16x9-big/witkoff-kushner-putin-100.jpg?width=1280,2026-09-06T02:58:49Z,,"Stand: 06.09.2026 04:58 Uhr
In Moskau hatten sie sich mit Kremlchef Putin getroffen und mit ihm über ein Ende des Ukraine-Kriegs verhandelt. Nun kommen die US-Gesandten Witkoff und Kushner nach Kiew… [+1957 chars]",,de,'Ukraine'
https://www.zeit.de/politik/ausland/2026-09/ukraine-krieg-drohne-russland-moskau-steve-witkoff-jared-kushner,https://www.zeit.de/politik/ausland/2026-09/ukraine-krieg-drohne-russland-moskau-steve-witkoff-jared-kushner,0,www.zeit.de,Ukraine-Krieg: Drohnenangriffe gehen trotz US-Vermittlungsgesprächen weiter,Nach ihrem Moskau-Besuch treffen die US-Sondergesandten Steve Witkoff und Jared Kushner nun in Kyjiw ein. Derweil kam es in mehreren Gebieten erneut zu Drohnenangriffen.,https://img.zeit.de/politik/ausland/2026-09/pause-angriffe-kiew-moskau-ukraine-russland-steve-witkoff-jared-kushner-foto-1/wide__1300x731,2026-09-06T07:39:00Z,,Trotz der laufenden Vermittlungsaktion im Ukraine-Krieg durch die US-Gesandten Steve Witkoff und Jared Kushner ist es zu Luftangriffen in der Ukraine gekommen. Die Hauptstädte Kyjiw und Moskau bliebe… [+1341 chars],,de,'Krieg'
https://www.welt.de/politik/article6a9d1b69240b302c8a83ac73/krieg-in-der-ukraine-moskau-nennt-gespraeche-nuetzlich-und-aeussert-ehrlich-us-gesandte-reisen-weiter-nach-kiew.html,https://www.welt.de/politik/article6a9d1b69240b302c8a83ac73/krieg-in-der-ukraine-moskau-nennt-gespraeche-nuetzlich-und-aeussert-ehrlich-us-gesandte-reisen-weiter-nach-kiew.html,0,www.welt.de,Moskau nennt Gespräche „nützlich“ und „äußert ehrlich“ – US-Gesandte reisen weiter nach Kiew,Nach dem Gespräch zwischen Kremlchef Putin und den US-Gesandten kommt offenbar Bewegung in die stockenden Friedensverhandlungen. Dennoch kam es erneut zu Drohnenangriffen.,https://images.welt.de/6a9d1b69240b302c8a83ac73/fbee9e33b639a5f7d8e77858db51d4c7-master/ci16x9-w1200/dpa-com-260905-99-545713-jpg,2026-09-06T09:02:31Z,,"Nach dem Gespräch zwischen Kremlchef Putin und den US-Gesandten kommt offenbar Bewegung in die stockenden Friedensverhandlungen. Dennoch kam es erneut zu Drohnenangriffen.Klicken Sie hier, um sich Ar… [+3557 chars]",,de,'Kreml'
https://www.tagesschau.de/ausland/europa/ukraine-angriffe-vermittlungsversuch-100.html,https://www.tagesschau.de/ausland/europa/ukraine-angriffe-vermittlungsversuch-100.html,0,www.tagesschau.de,US-Gesandte in Russland und der Ukraine: Krieg und Friedensgespräche,Nach ihrem Treffen mit Kremlchef Putin in Moskau sind die US-Sondergesandten Kushner und Witkoff zu Präsident Selenskyj nach Kiew weitergereist. Während der Gespräche gilt in beiden Städten eine Waffenruhe - andernorts gehen die Angriffe weiter.,https://images.tagesschau.de/image/ed4a6f29-32a5-40e3-b80e-ab5f1f0d8b80/AAABoHYF1VA/AAABnSSvrFg/16x9-big/kushner-144.jpg?width=1280,2026-09-06T09:23:44Z,,"Stand: 06.09.2026 11:23 Uhr
Nach ihrem Treffen mit Kremlchef Putin in Moskau sind die US-Sondergesandten Kushner und Witkoff zu Präsident Selenskyj nach Kiew weitergereist. Während der Gespräche gil… [+2905 chars]",,de,'Krieg'
https://www.zeit.de/news/2026-09/06/us-unterhaendler-witkoff-und-kushner-erstmals-in-kiew,https://www.zeit.de/news/2026-09/06/us-unterhaendler-witkoff-und-kushner-erstmals-in-kiew,0,www.zeit.de,Ukraine-Krieg: US-Unterhändler Witkoff und Kushner erstmals in Kiew,Hier finden Sie Informationen zu dem Thema „Ukraine-Krieg“. Lesen Sie jetzt „US-Unterhändler Witkoff und Kushner erstmals in Kiew“.,https://img.zeit.de/administratives/sharing/fallback-image-die-zeit/wide__1300x731,2026-09-06T10:33:04Z,,Im Ringen um ein Ende des Ukraine-Kriegs sind die US-Unterhändler Steve Witkoff und Jared Kushner erstmals in Kiew eingetroffen. Das berichteten mehrere Kiewer Medien; die Nachrichtenagentur Unian ze… [+126 chars],,de,'Ukraine'
https://www.tagesschau.de/ausland/afrika/muellstadt-kairo-108.html,https://www.tagesschau.de/ausland/afrika/muellstadt-kairo-108.html,0,www.tagesschau.de,Wie Kairos Müllstadt vom Iran-Krieg profitiert,"Mehr als 20 Millionen Menschen leben laut Schätzungen im Großraum Kairo - dennoch gibt es kein öffentliches System zur Müllentsorgung. Fast alles landet in der ""Müllstadt"". Dort ist derzeit vor allem ein Material nachgefragt. Von Paul Jens.",https://images.tagesschau.de/image/573ef424-de20-4bd0-8b6f-45c016504925/AAABoGs7Xf4/AAABnSSvrFg/16x9-big/muell-strasse-kairo-110.jpg?width=1280,2026-09-06T10:47:32Z,,"Stand: 06.09.2026 12:47 Uhr
Mehr als 20 Millionen Menschen leben laut Schätzungen im Großraum Kairo - dennoch gibt es kein öffentliches System zur Müllentsorgung. Fast alles landet in der ""Müllstadt… [+5290 chars]",,de,'Iran'
https://orf.at/stories/3441361/,https://orf.at/stories/3441361/,0,orf.at,US-Gesandte in Kiew eingetroffen,Die US-Gesandten Steve Witkoff und Jared Kushner sind am Sonntag in Kiew eingetroffen. Es ist ihr erster Besuch in der ukrainischen Hauptstadt im Rahmen erneuter Bemühungen um Frieden angesichts der umfassenden Invasion Russlands in der Ukraine. Am Samstag ha…,https://ibs.orf.at/news?image=https%3A%2F%2Fassets.orf.at%2Fmims%2F2026%2F37%2F84%2Fcrops%2Fw%3D1200%2Ch%3D630%2Cq%3D75%2F3173514_master_1230584_us_gesandte_kiew_kreml_r.jpg%3Fs%3D2a44732ce0dc61cdc1aeddeeee19fbf45c8385a4,2026-09-06T11:00:26Z,,"Eine US-Regierungsmaschine, die Witkoff und Kushner zu transportieren schien, flog in der Nacht auf Sonntag von Moskau nach Rzeszow im Südosten Polens. Von dort sollen die US-Gesandten mit dem Zug na… [+3493 chars]",,de,'Saporischschja'
https://www.faz.net/aktuell/politik/ukraine/ukraine-liveticker-us-vermittler-witkoff-und-kushner-in-kiew-eingetroffen-faz-110683325.html,https://www.faz.net/aktuell/politik/ukraine/ukraine-liveticker-us-vermittler-witkoff-und-kushner-in-kiew-eingetroffen-faz-110683325.html,0,www.faz.net,Liveblog Ukrainekrieg: US-Vermittler Witkoff und Kushner in Kiew eingetroffen,Selenskyj begrüßt Sondergesandte +++ Wechselseitige Luftangriffe trotz Vermittlungsaktion der USA +++ Weißes Haus und Kreml äußern sich positiv zu Gesprächen in Moskau +++ alle Neuigkeiten im Liveblog,https://media0.faz.net/image/w1200h627/ba9704cbbb13/w3827h1999x0y276o/202609/43601.0.2518945965/der-ukrainische-praesident.webp,2026-09-06T11:01:01Z,,Vermummte und bewaffnete Sicherheitskräfte sind in Kiew kein seltener Anblick. Sie stehen zum Beispiel an Checkpoints vor dem abgeriegelten Regierungsviertel oder vor militärischen Liegenschaften. Da… [+4025 chars],,de,'Ukraine'
https://www.zeit.de/news/2026-09/06/drohnenvorfall-leipzig-lawrow-nennt-vorwuerfe-echten-krieg,https://www.zeit.de/news/2026-09/06/drohnenvorfall-leipzig-lawrow-nennt-vorwuerfe-echten-krieg,0,www.zeit.de,Gespanntes Verhältnis: Drohnenvorfall Leipzig: Lawrow nennt Vorwürfe «echten Krieg»,Hier finden Sie Informationen zu dem Thema „Gespanntes Verhältnis“. Lesen Sie jetzt „Drohnenvorfall Leipzig: Lawrow nennt Vorwürfe «echten Krieg»“.,https://img.zeit.de/news/2026-09/06/drohnenvorfall-leipzig-lawrow-nennt-vorwuerfe-echten-krieg-image-group/wide__1300x731,2026-09-06T11:42:44Z,,Russlands Außenminister Sergej Lawrow nennt die deutschen Vorwürfe gegen Moskau wegen des versuchten Sprengstoffanschlags am Flughafen in Leipzig den «Beginn eines echten Krieges». Dem russischen Sta… [+1182 chars],,de,'Krieg'
https://www.zeit.de/familie/2026-09/ukrainischer-soldat-nazar-daletskyi-tod-mutter-familie,https://www.zeit.de/familie/2026-09/ukrainischer-soldat-nazar-daletskyi-tod-mutter-familie,0,www.zeit.de,Ukrainischer Soldat: Er kam zurück von den Toten,"Eine Mutter erfährt: Ihr Sohn ist tot, im Krieg gefallen, Beweis: DNA. Sie bestattet ihn, glaubt aber nicht an seinen Tod. Dann kehrt Nazar Daletskyi tatsächlich zurück.",https://img.zeit.de/familie/2026-08/ukrainischer-soldat-nazar-daletskyi-tod-mutter-familie-bild-06/wide__1300x731,2026-09-06T12:08:38Z,,"Schließen
Artikelzusammenfassung
Ein Mann besucht sein eigenes Grab. Nazar Daletskyi meldet sich nach dem russischen Angriff 2022 wieder zur Armee, gerät nach wenigen Tagen im Donbass in Gefangensc… [+867 chars]",,de,'Krieg'
https://www.faz.net/aktuell/politik/ukraine/haben-hohe-ukrainische-beamte-der-generalstaatsanwaltschaft-von-telefonbetrug-profitiert-accg-201199038.html,https://www.faz.net/aktuell/politik/ukraine/haben-hohe-ukrainische-beamte-der-generalstaatsanwaltschaft-von-telefonbetrug-profitiert-accg-201199038.html,0,www.faz.net,Telefonbetrug: Durchsuchungen bei der ukrainischen Generalstaatsanwaltschaft,In der Ukraine wird gegen hohe Beamte der Generalstaatsanwaltschaft ermittelt: Sie sollen von Telefonbetrug profitiert haben.,https://media0.faz.net/image/w1200h627/eee2cdc9b7c3/w640h334x0y206o/202609/43601.0.2518976745/bilder-bereitgestellt-vom.webp,2026-09-06T13:07:06Z,,"In der Ukraine sorgen neue Korruptionsermittlungen für Aufruhr. Sie richten sich gegen betrügerische Callcenter, im Zentrum stehen ranghohe Beamte der Generalstaatsanwaltschaft. Noch dazu fallen sie … [+3227 chars]",,de,'Ukraine'
https://www.zeit.de/politik/ausland/2026-09/sergej-lawrow-russland-deutschland-drohne-leipzig,https://www.zeit.de/politik/ausland/2026-09/sergej-lawrow-russland-deutschland-drohne-leipzig,0,www.zeit.de,Sergej Lawrow: Lawrow sieht in Vorwurf zu Leipziger Drohnenangriff »echten Kreig«,Mit scharfen Worten hat Russlands Außenminister die deutsche Reaktion auf den Angriff in Leipzig kritisiert. Bundeskanzler Merz steuere auf eine Kriegserklärung zu.,https://img.zeit.de/politik/ausland/2026-09/sergej-lawrow-russland-deutschland-drohne-leipzig-foto-1/wide__1300x731,2026-09-06T13:32:15Z,,"Der russische Außenminister Sergej Lawrow hat der deutschen Bundesregierung vorgeworfen, »wieder Krieg« gegen Russland führen zu wollen. Zu den Vorwürfen, Russland stecke hinter dem geplanten Drohnen… [+2315 chars]",,de,'Friedrich Merz'
https://www.n-tv.de/politik/Iran-spricht-von-neuen-Spielregeln-im-Konflikt-mit-USA-id31274866.html,https://www.n-tv.de/politik/Iran-spricht-von-neuen-Spielregeln-im-Konflikt-mit-USA-id31274866.html,0,www.n-tv.de,"""Schmerzhaftere Reaktion"": Iran spricht von neuen ""Spielregeln"" im Konflikt mit USA","Der Konflikt zwischen Iran und den USA droht weiter zu eskalieren. Teheran erklärt die bisherige Logik gegenseitiger Vergeltung für beendet, während das US-Militär eine neue Taktik verfolgt. Im Zentrum steht Irans verwundbare Ölflotte.",https://www.n-tv.de/img/31274883/1788707176/Img_16_9/1200/616421266.jpg,2026-09-06T13:38:20Z,,"Ghalibaf erkennt eine angespannte wirtschaftliche Lage im Iran. (Foto: picture alliance / Middle East Images)
Der Konflikt zwischen Iran und den USA droht weiter zu eskalieren. Teheran erklärt die b… [+2009 chars]",,de,'Iran'
https://www.tagesschau.de/ausland/europa/lawrow-deutschland-drohnen-100.html,https://www.tagesschau.de/ausland/europa/lawrow-deutschland-drohnen-100.html,0,www.tagesschau.de,"Lawrow wirft Deutschland vor, Krieg gegen Russland zu führen",Die deutschen Vorwürfe im Zusammenhang mit dem versuchten Drohnenangriff am Flughafen Leipzig/Halle hat Russland bereits zurückgewiesen. Nun legt Außenminister Lawrow nach - mit markigen Worten.,https://images.tagesschau.de/image/87c11f01-ab18-4c9e-85cd-7087cfbf3c2b/AAABmKyisRQ/AAABnSSvrFg/16x9-big/sergej-lawrow-142.jpg?width=1280,2026-09-06T14:34:07Z,,"Stand: 06.09.2026 16:34 Uhr
Die deutschen Vorwürfe im Zusammenhang mit dem versuchten Drohnenangriff am Flughafen Leipzig/Halle hat Russland bereits zurückgewiesen. Nun legt Außenminister Lawrow nac… [+2879 chars]",,de,'Krieg'
https://www.faz.net/aktuell/politik/ausland/iran-krieg-iran-droht-den-usa-mit-eskalation-accg-201198858.html,https://www.faz.net/aktuell/politik/ausland/iran-krieg-iran-droht-den-usa-mit-eskalation-accg-201198858.html,0,www.faz.net,"Nach US-Angriffen: Iran droht mit einer „heftigeren, schmerzhafteren“ Reaktion",Iran und die USA haben sich mit gegenseitigen Angriffen auf Schiffe in eine Pattsituation manövriert. Nun droht Iran mit einer Eskalation.,https://media0.faz.net/image/w1200h627/77d9f4489c0d/w7260h3793x0y204o/202608/43601.0.2488734040/us-kriegsschiffe-im-visier.webp,2026-09-06T15:09:38Z,,"Nach den amerikanischen Angriffen auf drei iranische Öltanker hat Teheran mit einer Eskalation des Konflikts gedroht. Die Zeit der spiegelbildlichen Antworten ist vorbei, sagte der iranische Parlamen… [+4247 chars]",,de,'Iran'
https://www.faz.net/aktuell/politik/inland/tag-der-heimat-die-vertriebenen-niemals-vergessen-201199221.html,https://www.faz.net/aktuell/politik/inland/tag-der-heimat-die-vertriebenen-niemals-vergessen-201199221.html,0,www.faz.net,Tag der Heimat: Die Vertriebenen nicht vergessen,"Im Gedenken an die Vertreibung von Millionen Deutschen am Tag der Heimat geht es auch um praktische Politik. Gegen Krieg, ethnische Säuberung, Genozid.",https://media0.faz.net/image/w1200h627/77690b296155/w6144h3210x0y443o/202605/43601.0.2147509420/teilnehmer-beim.webp,2026-09-06T15:33:46Z,,"Heimatschutz ist wieder in aller Munde. Doch was ist mit der alten Heimat, in der Millionen Deutsche jahrhundertelang gelebt haben, die sie geprägt haben und aus der sie mit Gewalt vertrieben wurden?… [+1439 chars]",,de,'Krieg'
https://taz.de/Iran-der-Krieg-und-die-Sanktionen/!6210685/,https://taz.de/Iran-der-Krieg-und-die-Sanktionen/!6210685/,0,taz.de,"Iran, der Krieg und die Sanktionen: 366 Quadratmeter, fünf Schlafzimmer, ein dubioser Bankier",Immobilien im dreistelligen Millionenbereich soll Irans oberster Führer Chamenei über einen Strohmann in Europa besitzen. Nun werden zwei Apartments verkauft.,https://taz.de/picture/8719530/1200/580616414.jpeg,2026-09-06T16:06:00Z,,Immobilien im dreistelligen Millionenbereich soll Irans oberster Führer Chamenei über einen Strohmann in Europa besitzen. Nun werden zwei Apartments verkauft. mehr...,,de,'Chamenei'
https://www.faz.net/aktuell/politik/ukraine/donald-trump-hat-das-interesse-an-dem-ukraine-krieg-noch-nicht-verloren-201199164.html,https://www.faz.net/aktuell/politik/ukraine/donald-trump-hat-das-interesse-an-dem-ukraine-krieg-noch-nicht-verloren-201199164.html,0,www.faz.net,In Moskau und Kiew: Trump hat das Interesse an der Ukraine nicht verloren,Die Reise von Trumps Emissären nach Russland und in die Ukraine ist ein gutes Zeichen. Allzu viel versprechen sollte man sich von den Besuchen aber nicht.,https://media0.faz.net/image/w1200h627/3854383c75fc/w2050h1071x225y125o/202609/43601.0.2519191342/steve-witkoff-jared-kushner.webp,2026-09-06T17:26:47Z,,"Dass Steve Witkoff und Jared Kushner nach Moskau und Kiew reisen, ist ein gutes Zeichen. Denn es zeigt, dass Donald Trump das Interesse an einer Lösung im Ukrainekrieg trotz seiner Intervention in Ir… [+1275 chars]",,de,'Ukraine'
https://www.n-tv.de/politik/Witkoff-fordert-Moskau-und-Kiew-zu-Kompromissen-auf-id31275188.html,https://www.n-tv.de/politik/Witkoff-fordert-Moskau-und-Kiew-zu-Kompromissen-auf-id31275188.html,0,www.n-tv.de,"Washington plant ""Friedenspaket"": Witkoff fordert Moskau und Kiew zu ""Kompromissen"" auf","Die US-Unterhändler ringen in Moskau und Kiew um eine Friedenslösung im Ukraine-Krieg. Die Gespräche sollen laut Steve Witkoff so lange andauern, ""wie es nötig ist"". Beide Seiten müssten Zugeständnisse machen, um ihre ""Meinungsverschiedenheiten"" zu beenden.",https://www.n-tv.de/img/31275177/1788717131/Img_16_9/1200/617320123.jpg,2026-09-06T17:27:39Z,,"Wolodymyr Selenskyj schüttelt Steve Witkoff zur Begrüßung die Hand, direkt dahinter steht Jared Kushner. (Foto: picture alliance / abaca)
Die US-Unterhändler ringen in Moskau und Kiew um eine Friede… [+3217 chars]",,de,'Saporischschja'
https://orf.at/stories/3441393/,https://orf.at/stories/3441393/,0,orf.at,US-Gesandte drängen auf Kompromisse,Bei ihrem ersten Besuch in Kiew seit Beginn des russischen Angriffskrieges gegen die Ukraine haben die US-Gesandten Steve Witkoff und Jared Kushner Zugeständnisse von beiden Seiten gefordert. „Beide Parteien müssen Kompromisse eingehen und Differenzen abbauen…,https://ibs.orf.at/news?image=https%3A%2F%2Fassets.orf.at%2Fmims%2F2026%2F37%2F67%2Fcrops%2Fw%3D1200%2Ch%3D630%2Cq%3D75%2F3173960_master_1230767_ukraine_krieg_us_gesandte_sonacht_r.jpg%3Fs%3D187dd9b58982bb92edfacb2cf01c99d4c267b91e,2026-09-06T18:22:55Z,,"Wir denken, über die notwendigen Elemente für einen Kompromiss zu verfügen, sagte Witkoff in der ukrainischen Hauptstadt, in die er gemeinsam mit dem Schwiegersohn von US-Präsident Donald Trump, Kush… [+4575 chars]",,de,'Saporischschja'
https://www.zeit.de/politik/deutschland/2026-09/wahlergebnis-sachsen-anhalt-landtagswahl-friedrich-merz,https://www.zeit.de/politik/deutschland/2026-09/wahlergebnis-sachsen-anhalt-landtagswahl-friedrich-merz,0,www.zeit.de,Wahlergebnis in Sachsen-Anhalt: Merz mobilisiert – für die AfD,"Mit »Merkel muss weg« wurde die AfD groß. Friedrich Merz versprach, die Dynamik umzukehren – und erlebt nun, dass er ein noch besseres Feindbild für die Rechten abgibt.",https://img.zeit.de/politik/deutschland/2026-09/wahlergebnis-sachsen-anhalt-landtagswahl-friedrich-merz-bild/wide__1300x731,2026-09-06T18:39:08Z,,"Friedrich Merz stand auf keinem Wahlzettel, er hatte keinerlei Kontakt zu Wählern, er wurde im Wahlkampf geradezu versteckt, und doch: Diese historische Wahl in Sachsen-Anhalt, der mit Abstand größte… [+835 chars]",,de,'Friedrich Merz'
https://www.zeit.de/news/2026-09/07/usa-hoffen-auf-direkte-gespraeche-zwischen-moskau-und-kiew,https://www.zeit.de/news/2026-09/07/usa-hoffen-auf-direkte-gespraeche-zwischen-moskau-und-kiew,0,www.zeit.de,Ukraine-Krieg: USA hoffen auf direkte Gespräche zwischen Moskau und Kiew,Hier finden Sie Informationen zu dem Thema „Ukraine-Krieg“. Lesen Sie jetzt „USA hoffen auf direkte Gespräche zwischen Moskau und Kiew“.,https://img.zeit.de/news/2026-09/07/usa-hoffen-auf-direkte-gespraeche-zwischen-moskau-und-kiew-image-group/wide__1300x731,2026-09-07T03:03:59Z,,"Auch nach den Gesprächen der US-Unterhändler Steve Witkoff und Jared Kushner in Moskau und Kiew ist weiterhin unklar, welche Vorschläge für eine Friedenslösung sie den Kriegsparteien vorgelegt haben.… [+4591 chars]",,de,'Krieg'
https://www.tagesschau.de/ausland/asien/iran-strasse-von-hormus-100.html,https://www.tagesschau.de/ausland/asien/iran-strasse-von-hormus-100.html,0,www.tagesschau.de,Gegenseitige Angriffe: Schiffsverkehr in Straße von Hormus eingebrochen,Die USA und Iran greifen immer wieder Tanker in der Straße von Hormus an. Der Schiffsverkehr in der Meerenge ist auf dem niedrigsten Stand seit Mai. Iran plant außerdem die Einrichtung einer Sperrzone.,https://images.tagesschau.de/image/a3a0d945-a80b-4fa8-8c7c-99e05a59d67b/AAABnm137xE/AAABnSSvrFg/16x9-big/karte-strasse-von-hormus-persischer-golf-104.jpg?width=1280,2026-09-07T03:27:09Z,,"Stand: 07.09.2026 05:27 Uhr
Die USA und Iran greifen immer wieder Tanker in der Straße von Hormus an. Der Schiffsverkehr in der Meerenge ist auf dem niedrigsten Stand seit Mai. Iran plant außerdem d… [+1338 chars]",,de,'Iran'
https://www.faz.net/aktuell/politik/wahl-in-sachsen-anhalt/wahl-sachsen-anhalt-2026-siegmund-war-der-erste-afd-kandidat-den-die-waehler-liebten-die-wahlanalyse-accg-201200407.html,https://www.faz.net/aktuell/politik/wahl-in-sachsen-anhalt/wahl-sachsen-anhalt-2026-siegmund-war-der-erste-afd-kandidat-den-die-waehler-liebten-die-wahlanalyse-accg-201200407.html,0,www.faz.net,"Wahl in Sachsen-Anhalt: Der erste AfD-Kandidat, den die Wähler liebten",Nie zuvor war ein Politiker der AfD so beliebt wie Ulrich Siegmund – viele AfD-Wähler stimmten seinetwegen für die Partei. Für Friedrich Merz gilt das Gegenteil. Die Wahlanalyse.,https://media0.faz.net/image/w1200h627/dac50f437ee5/w5038h2632x0y138o/202609/43601.0.2521029103/spitzenkandidat-ulrich.webp,2026-09-07T04:07:44Z,,"Dass das Wahlergebnis der AfD alle Umfragewerte übertreffen könnte, deutete sich erstmals am Sonntag um 12 Uhr an. Da lag die Wahlbeteiligung in Sachsen-Anhalt mit 35 Prozent schon deutlich höher als… [+11792 chars]",,de,'Friedrich Merz'
https://de.catholicnewsagency.com/news/25691/papst-leo-hofft-auf-erfolg-von-verhandlungen-und-diplomatie-im-ukraine-krieg,https://de.catholicnewsagency.com/news/25691/papst-leo-hofft-auf-erfolg-von-verhandlungen-und-diplomatie-im-ukraine-krieg,0,de.catholicnewsagency.com,Papst Leo hofft auf Erfolg von Verhandlungen und Diplomatie im Ukraine-Krieg,"Papst Leo XIV. hat am Sonntag erklärt, er habe „mit Betrübnis“ die Meldungen „über die gewalttätigen Angriffe“ wahrgenommen, „die vor kurzem verschiedene Städte und zivile Infrastrukturen in der Ukraine getroffen und den Tod unschuldiger Menschen verursacht h…",https://de.catholicnewsagency.com/image/_eli1057_1788702780.JPG?w=1150&jpg,2026-09-07T05:00:00Z,,"Redaktion -
 Montag, 7. September 2026, 7:00 Uhr.
Papst Leo XIV. hat am Sonntag erklärt, er habe mit Betrübnis die Meldungen über die gewalttätigen Angriffe wahrgenommen, die vor kurzem verschieden… [+3753 chars]",,de,'Saporischschja'
https://www.telepolis.de/article/Ankaras-Strategie-Russisches-Gas-US-Kampfjets-und-eine-Falle-fuer-Griechenland-11442578.html,https://www.telepolis.de/article/Ankaras-Strategie-Russisches-Gas-US-Kampfjets-und-eine-Falle-fuer-Griechenland-11442578.html,0,www.telepolis.de,"Ankaras Strategie: Russisches Gas, US-Kampfjets und eine Falle für Griechenland","Erdoğan trifft Putin, liefert der Ukraine Waffen und verhandelt mit Washington über F-35. Ankaras Multivektor-Strategie hat System und zeitigt Erfolge.",https://heise.cloudimg.io/v7/_www-heise-de_/imgs/18/5/1/5/9/6/7/0/quetions123_cropped-2d228ec627e43e3b.jpg?func=bound&height=1200&org_if_sml=1&q=85&width=1200,2026-09-07T06:00:00Z,,"Der russische Präsident Wladimir Putin und der türkische Präsident Recep Tayyip Erdoan bei der Einweihung von Turkstream im Jahr 2018 in Istanbul.
(Bild: quetions123, shutterstock)
Erdoan trifft Pu… [+5889 chars]",,de,'Gas'
https://www.zeit.de/politik/ausland/2026-09/strasse-von-hormus-iran-sperrzone-us-marine-schifffahrt,https://www.zeit.de/politik/ausland/2026-09/strasse-von-hormus-iran-sperrzone-us-marine-schifffahrt,0,www.zeit.de,Straße von Hormus: Iran will nahe Straße von Hormus »Sperrzone« einrichten,Der Iran hat eine Sperrzone außerhalb der Straße von Hormus angekündigt. Damit erweitert sich die Sperrung des für den Welthandel mit Öl und Gas wichtigen Gebiets.,https://img.zeit.de/politik/ausland/2026-09/strasse-von-hormus-iran-sperrzone-us-marine-schifffahrt-foto-1/wide__1300x731,2026-09-07T06:20:27Z,,"Der Iran will nahe der strategisch
wichtigen Straße von Hormus eine »Sperrzone«
einrichten. Das sagte der Chef des Obersten
Nationalen Sicherheitsrats des Irans, Mohsen Resaei, im iranischen Staat… [+942 chars]",,de,'Iran'
https://www.zeit.de/news/2026-09/07/cdu-kandidat-in-mv-friedrich-merz-steht-nicht-zur-wahl,https://www.zeit.de/news/2026-09/07/cdu-kandidat-in-mv-friedrich-merz-steht-nicht-zur-wahl,0,www.zeit.de,Landtagswahlen: CDU-Kandidat in MV: «Friedrich Merz steht nicht zur Wahl»,Hier finden Sie Informationen zu dem Thema „Landtagswahlen“. Lesen Sie jetzt „CDU-Kandidat in MV: «Friedrich Merz steht nicht zur Wahl»“.,https://img.zeit.de/news/2026-09/07/cdu-kandidat-in-mv-friedrich-merz-steht-nicht-zur-wahl-image-group/wide__1300x731,2026-09-07T06:33:39Z,,"Der Spitzenkandidat der CDU in Mecklenburg-Vorpommern, Daniel Peters, will in den kommenden 14 Tagen bis zur Landtagswahl mehr klare Kante gegenüber dem Koalitionspartner SPD im Bund zeigen. «Wir bra… [+2018 chars]",,de,'Friedrich Merz'
https://www.zeit.de/news/2026-09/07/97-jaehriger-verwechselt-gas-und-bremse-und-faehrt-hang-runter,https://www.zeit.de/news/2026-09/07/97-jaehriger-verwechselt-gas-und-bremse-und-faehrt-hang-runter,0,www.zeit.de,Unfall beim Parken: 97-Jähriger verwechselt Gas und Bremse und fährt Hang runter,Hier finden Sie Informationen zu dem Thema „Unfall beim Parken“. Lesen Sie jetzt „97-Jähriger verwechselt Gas und Bremse und fährt Hang runter“.,https://img.zeit.de/news/2026-09/07/97-jaehriger-verwechselt-gas-und-bremse-und-faehrt-hang-runter-image-group/wide__1300x731,2026-09-07T09:18:19Z,,"Ein 97-Jähriger hat beim Parken Gas und Bremse verwechselt und ist mit dem Auto einen Hang in Ebersberg heruntergestürzt. Das Auto blieb an dem Hang hängen und wurde mit einem Kran geborgen, wie die … [+159 chars]",,de,'Gas'
https://www.zeit.de/news/2026-09/07/iran-neue-anti-schiffs-rakete-im-einsatz,https://www.zeit.de/news/2026-09/07/iran-neue-anti-schiffs-rakete-im-einsatz,0,www.zeit.de,Iran-Krieg: Iran: Neue Anti-Schiffs-Rakete im Einsatz,Hier finden Sie Informationen zu dem Thema „Iran-Krieg“. Lesen Sie jetzt „Iran: Neue Anti-Schiffs-Rakete im Einsatz“.,https://img.zeit.de/news/2026-09/07/iran-neue-anti-schiffs-rakete-im-einsatz-image-group/wide__1300x731,2026-09-07T09:42:07Z,,Der Iran hat im Persischen Golf nach eigenen Angaben eine neue Anti-Schiffs-Rakete gegen die US-Marine eingesetzt. In einem Interview mit dem staatlichen Rundfunk berichtete der Generalsekretär des N… [+2706 chars],,de,'Krieg'
https://www.zeit.de/news/2026-09/07/industrie-verband-fahrrad-markt-waechst-wieder,https://www.zeit.de/news/2026-09/07/industrie-verband-fahrrad-markt-waechst-wieder,0,www.zeit.de,Halbjahreszahlen: Industrie-Verband: Fahrrad-Markt wächst wieder,Hier finden Sie Informationen zu dem Thema „Halbjahreszahlen“. Lesen Sie jetzt „Industrie-Verband: Fahrrad-Markt wächst wieder“.,https://img.zeit.de/news/2026-09/07/industrie-verband-fahrrad-markt-waechst-wieder-image-group/wide__1300x731,2026-09-07T10:51:29Z,,Nach schwierigen Jahren hat der deutsche Fahrradmarkt in der ersten Jahreshälfte 2026 zugelegt. Dem Herstellerverband ZIV zufolge stieg die inländische Produktion von Fahrrädern in den ersten sechs M… [+1403 chars],,de,'Industrie'
https://www.zeit.de/video/2026-09/sachsen-anhalt-wahl-friedrich-merz-sven-schulze-pressekonferenz,https://www.zeit.de/video/2026-09/sachsen-anhalt-wahl-friedrich-merz-sven-schulze-pressekonferenz,0,www.zeit.de,CDU nach der Landtagswahl: Live: Friedrich Merz und Sven Schulze äußern sich zur Wahlniederlage,"Die CDU hat ihren Stimmenanteil in Sachsen-Anhalt halbiert, viele geben dem Kanzler eine Mitschuld. Sehen Sie die Pressekonferenz von Merz und Sven Schulze im Livestream.",https://img.zeit.de/politik/deutschland/2026-09/friedrich-merz-schulze-pk-sachsen-anhalt/wide__1300x731,2026-09-07T11:35:17Z,,"An dieser Stelle ist ein externer Inhalt eingebunden
Zum Anschauen benötigen wir Ihre Zustimmung",,de,'Friedrich Merz'
https://www.bild.de/politik/inland/merz-zur-wahl-in-sachsen-anhalt-cdu-in-grundfesten-erschuettert-6a9e8aeb240b302c8a83c0df,https://www.bild.de/politik/inland/merz-zur-wahl-in-sachsen-anhalt-cdu-in-grundfesten-erschuettert-6a9e8aeb240b302c8a83c0df,0,www.bild.de,Dramatische Merz-Ansage im Vorstand - „CDU in Grundfesten erschüttert“,Nach dem AfD-Erfolg in Sachsen-Anhalt spricht Friedrich Merz von einer „tektonischen Erschütterung“ und warnt vor einer rechtsradikalen Landesregierung.,"https://images.bild.de/6a9e8aeb240b302c8a83c0df/7d6d9319678017e41bd359bf226a4856,2a41a241?w=1280",2026-09-07T11:42:33Z,,TTS-Player überspringenArtikel weiterlesenBerlin Dramatisch klare Worte des Bundeskanzlers im CDU-Bundesvorstand. Nach dem Sachsen-Anhalt-Desaster zeigte sich Friedrich Merz (70) nach BILD-Informatio… [+1902 chars],,de,'Friedrich Merz'
https://www.faz.net/aktuell/feuilleton/debatten/neue-gesetze-putins-entrechten-russische-buerger-accg-201140532.html,https://www.faz.net/aktuell/feuilleton/debatten/neue-gesetze-putins-entrechten-russische-buerger-accg-201140532.html,0,www.faz.net,"neues Strafgesetz: Wer Russland verlässt, verliert seine Rechte","„Das Land verlassen, das Land verraten – raus mit dir.“ Stalin hat es vorgemacht: Wie Russland seine Gesellschaft durch Normalitätsentzug für den Krieg mobilisieren will.",https://media0.faz.net/image/w1200h627/39f02b232f8e/w4490h2346x554y1400o/202608/43601.0.2401247454/praesident-putin-am-4-august.webp,2026-09-07T11:42:37Z,,"Russland schafft eine neue Kategorie entrechteter Bürger. Ein am 4. August 2026 von Präsident Putin unterzeichnetes Gesetz ermöglicht es, Menschen, die das Land verlassen haben und in Russland strafr… [+14543 chars]",,de,'Kreml'
https://www.welt.de/politik/deutschland/article6a9555d4ec27d32fb526a8ea/wahl-in-sachsen-anhalt-so-in-den-ruecken-gefallen-merz-kritisiert-parteikollegen-liveticker.html,https://www.welt.de/politik/deutschland/article6a9555d4ec27d32fb526a8ea/wahl-in-sachsen-anhalt-so-in-den-ruecken-gefallen-merz-kritisiert-parteikollegen-liveticker.html,0,www.welt.de,„So in den Rücken gefallen …“ – Merz kritisiert Parteikollegen,"Bundeskanzler Friedrich Merz beschwert sich über einen Parteikollegen, der den Wahlkämpfern in Sachsen-Anhalt in den Rücken gefallen sei. Sven Schulze sieht die CDU in der Opposition. Mehr im Liveticker.",https://images.welt.de/6a9555d4ec27d32fb526a8ea/8b1f44a92478adcdf8da16aaf33da887/ci16x9-w1200/afp-c7jx9yl-jpg,2026-09-07T11:49:00Z,,Bundeskanzler und CDU-Chef Friedrich Merz warnt einem Medienbericht zufolge nach dem schlechten Abschneiden seiner Partei bei der Wahl in Sachsen-Anhalt eindringlich vor den politischen Folgen des Af… [+717 chars],,de,'Friedrich Merz'
https://www.zeit.de/politik/2026-09/cdu-nach-landtagswahl-in-sachsen-anhalt,https://www.zeit.de/politik/2026-09/cdu-nach-landtagswahl-in-sachsen-anhalt,0,www.zeit.de,CDU nach der Landtagswahl: Friedrich Merz »zutiefst schockiert« über Ergebnis in Sachsen-Anhalt,Der Kanzler spricht von der »schwersten Wahlniederlage« der CDU und kündigt Konsequenzen an. Sven Schulze sieht den Regierungsauftrag nicht mehr bei der CDU.,https://img.zeit.de/administratives/sharing/fallback-image-die-zeit/wide__1300x731,2026-09-07T12:17:00Z,,In einer ersten öffentlichen Stellungnahme nach dem Wahlsieg der AfD bei der Landtagswahl in Sachsen-Anhalt hat Bundeskanzler und CDU-Chef Friedrich Merz von der »schwersten Wahlniederlage seit Jahrz… [+1332 chars],,de,'Friedrich Merz'
https://www.sueddeutsche.de/meinung/friedrich-merz-afd-wahlerfolg-sachsen-anhalt-kommentar-li.3543286,https://www.sueddeutsche.de/meinung/friedrich-merz-afd-wahlerfolg-sachsen-anhalt-kommentar-li.3543286,0,www.sueddeutsche.de,Deutschland: Der Sturz des Bundeskanzlers wäre der ultimative Triumph der AfD,"Er stand nicht zur Wahl, und doch gehört Friedrich Merz zu den großen Verlierern in Sachsen-Anhalt. Die Menschen lehnen ab, was er bislang geliefert hat. Sie lassen sich lieber ein Deutschland versprechen, das es so nie gab.",https://www.sueddeutsche.de/2026/09/07/034326e7-cbfa-44ac-946a-4be9e7a7ccd4.jpg?q=60&fm=webp&width=1200&rect=0%2C200%2C3840%2C2160,2026-09-07T12:28:56Z,,Einer der erfolgreichsten Romane des Jahres ist Yesteryear. In der satirischen Erzählung der US-Autorin Caro Claire Burke findet sich die als Tradwife-Influencerin reich und berühmt gewordene Protago… [+235 chars],,de,'Friedrich Merz'
https://www.tagesspiegel.de/politik/kanzler-merz-unter-hochstem-druck-in-der-partei-geht-es-rund--und-in-der-regierung-auch-16026959.html,https://www.tagesspiegel.de/politik/kanzler-merz-unter-hochstem-druck-in-der-partei-geht-es-rund--und-in-der-regierung-auch-16026959.html,0,www.tagesspiegel.de,Kanzler Merz unter höchstem Druck: In der Partei geht es rund – und in der Regierung auch,"Aufgeben sei für ihn keine Option, sagt Friedrich Merz am Tag nach dem historischen Wahldebakel in Sachsen-Anhalt. Aber wie soll es weitergehen? In der SPD formiert sich schon der Widerstand gegen Reformen.",https://www.tagesspiegel.de/images/16027066/alternates/BASE_16_9_W1400/1788783228000/cdu-bundesvorstand.jpeg,2026-09-07T12:47:35Z,,"Aufgeben sei für ihn keine Option, sagt Friedrich Merz am Tag nach dem historischen Wahldebakel in Sachsen-Anhalt. Aber wie soll es weitergehen? In der SPD formiert sich schon der Widerstand gegen Re… [+183 chars]",,de,'Friedrich Merz'
https://www.freitag.de/autoren/pep/cdu-in-sachsen-anhalt-ist-friedrich-merz-der-groesste-wahlverlierer-aller-zeiten,https://www.freitag.de/autoren/pep/cdu-in-sachsen-anhalt-ist-friedrich-merz-der-groesste-wahlverlierer-aller-zeiten,0,www.freitag.de,Ist Friedrich Merz der größte Wahlverlierer aller Zeiten? Diese Zahl spricht dafür,"Merz hat am Wochenende eine Wahl verloren, bei der er gar nicht kandidierte. Nur 13 Prozent der Deutschen sind mit seiner Arbeit zufrieden, der niedrigste je gemessene Wert für einen Kanzler. Warum treibt seine Politik die Menschen zur AfD? Friedrich Merz ist…",https://www.freitag.de/autoren/pep/cdu-in-sachsen-anhalt-ist-friedrich-merz-der-groesste-wahlverlierer-aller-zeiten/@@images/image/great,2026-09-07T12:48:00Z,,"Friedrich Merz ist ein bemerkenswerter Politiker. Er hat am Wochenende etwas geschafft, was nur sehr wenigen anderen Staatsmännern gelingt: eine Wahl zu verlieren, bei der er gar nicht kandidiert hat… [+4279 chars]",,de,'Friedrich Merz'
https://www.sueddeutsche.de/bayern/bayern-politik-gillamoos-oedp-fdp-vollksbegehren-afd-li.3543615,https://www.sueddeutsche.de/bayern/bayern-politik-gillamoos-oedp-fdp-vollksbegehren-afd-li.3543615,0,www.sueddeutsche.de,Was sonst noch so los war beim Gillamoos: ÖDP fordert „Frischzellenkur für die Demokratie“,"Parteichefin Agnes Becker ruft zur Verteidigung von Bürger- und Volksbegehren auf und warnt die CSU davor, durch eine Beschränkung der direkten Demokratie die Politikverdrossenheit weiter anzuheizen",https://www.sueddeutsche.de/2026/09/07/d854049f-b07b-482c-99cf-d9f92fbd4e56.jpg?q=60&fm=webp&width=1200&rect=0%2C375%2C4000%2C2250,2026-09-07T13:08:01Z,,"Von Aschaffenburg bis Berchtesgaden: Das Bayern-Team der SZ ist im gesamten Freistaat für Sie unterwegs. Hier entlang, wenn Sie Geschichten, News und Hintergründe direkt aufs Handy bekommen möchten.… [+2560 chars]",,de,'Friedrich Merz'
https://www.diepresse.com/41233433/nach-afd-rekord-der-hebel-ist-nicht-sachsen-anhalt-sondern-die-merz-zu,https://www.diepresse.com/41233433/nach-afd-rekord-der-hebel-ist-nicht-sachsen-anhalt-sondern-die-merz-zu,0,www.diepresse.com,"AfD-Sieg: „Ihr Hebel ist nicht Sachsen-Anhalt, 
sondern die Möglichkeit, Friedrich Merz zu stürzen“",Eine Podcast-Analyse nach der Wahl in Sachsen-Anhalt bei der die AfD wie erwartet abgeräumt hat. Gast: Christoph Zotter.,https://www.diepresse.com/assets_v2/images/diepresse_nachrichten.png,2026-09-07T13:16:04Z,,"Die Presse auf Google als bevorzugte Nachrichtenquelle hinzufügen.
 So wenig überraschend das Ergebnis der Landtagswahl in Sachsen-Anhalt vom Sonntag ist, so spannend sind zwei Zahlen: Die CDU stürz… [+1307 chars]",,de,'Gas'
https://www.focus.de/politik/ausland/ukraine-krieg-isw-sieht-trotz-gespraechen-mit-us-gesandten-keine-kompromissbereitschaft-bei-putin_8e9f6bad-ceca-4254-bc7e-7d0c71362c37.html,https://www.focus.de/politik/ausland/ukraine-krieg-isw-sieht-trotz-gespraechen-mit-us-gesandten-keine-kompromissbereitschaft-bei-putin_8e9f6bad-ceca-4254-bc7e-7d0c71362c37.html,0,www.focus.de,Ukraine-Krieg: ISW sieht trotz Gesprächen mit US-Gesandten keine Kompromissbereitschaft bei Putin,Die Gespräche von US-Gesandten mit Putin und Selenskyj bringen offenbar keine Annäherung. Laut ISW hält der Kreml an weitreichenden Kriegszielen fest.,"https://quadro.burda-forward.de/ctf/2eea0817-ad59-4abf-acc3-c97a391b5625.a4b670f1-6c93-4164-8dc2-8a09602433c4.jpeg?im=RegionOfInterestCrop=(1200,630),regionOfInterest=(759,637)&hash=3a859a53255495cda4c39ccc398ea4d9f93ea63be598725d3014f7b8efffeee6",2026-09-07T13:36:00Z,,Die Gespräche zwischen US-Gesandten und dem Präsidenten Russlands haben offenbar keine grundlegende Änderung in Moskaus Haltung bewirkt. Nach Einschätzung des Institute for the Study of War (ISW) ist… [+3996 chars],,de,'Saporischschja'
https://www.diepresse.com/41238249/kreml-feiert-den-afd-sieg-ein-teil-deutschlands-scheint-zu-erwachen,https://www.diepresse.com/41238249/kreml-feiert-den-afd-sieg-ein-teil-deutschlands-scheint-zu-erwachen,0,www.diepresse.com,Kreml feiert den AfD-Sieg: „Ein Teil Deutschlands scheint zu erwachen“ [premium],"Der Kreml feiert den Sieg der AfD in Sachsen-Anhalt auch als russischen Erfolg. Und hofft, die Regierung des deutschen Kanzlers Friedrich Merz zu schwächen.",https://img.diepresse.com/public/incoming/dg836q-2026-06-29t143337z187121821rc2o3ma7juozrtrmadp3russia-securityjpg/alternates/WEBP_WIDE_1200/2026-06-29T143337Z_187121821_RC2O3MA7JUOZ_RTRMADP_3_RUSSIA-SECURITY.JPG,2026-09-07T13:55:41Z,,"Es sei ein fantastischer Abend für die AfD, freute sich ein TV-Reporter des russischen Staatssenders Rossija 1 von der Siegesparty der Rechtspopulisten in Magdeburg. Ein historischer Moment, titelt R… [+2818 chars]",,de,'Kreml'
https://www.freitag.de/autoren/sabine-kebir/israels-minister-2033-soll-in-gaza-so-gut-wie-kein-palaestinenser-mehr-sein,https://www.freitag.de/autoren/sabine-kebir/israels-minister-2033-soll-in-gaza-so-gut-wie-kein-palaestinenser-mehr-sein,0,www.freitag.de,„Rückzug 710“: Mit diesem Plan will Ben-Gvir Millionen Palästinenser aus Gaza vertreiben,"Israels Sicherheitsminister Itamar Ben-Gvir wirbt im Wahlkampf dafür, die Bevölkerung des Gazastreifens über sieben Jahre komplett zu vertreiben. Im ersten Jahr werde 250.000 Menschen die Ausreise „ermöglicht“. Stehen wir vor einem Exodus? Man dürfe sich kein…",https://www.freitag.de/autoren/sabine-kebir/israels-minister-2033-soll-in-gaza-so-gut-wie-kein-palaestinenser-mehr-sein/@@images/image/great,2026-09-07T14:08:00Z,,Man dürfe sich keinen „Friedensillusionen“ hingeben. Israels Sicherheits- und Polizeiminister Itamar Ben-Gvir warnt im Wahlkampf für seine Partei „Israelische Kraft“ vor einem Nachlassen in der Gewal… [+3943 chars],,de,'Sicherheit'
https://www.n-tv.de/politik/Israel-droht-mit-vollumfaenglichem-Krieg-im-Westjordanland-id31278884.html,https://www.n-tv.de/politik/Israel-droht-mit-vollumfaenglichem-Krieg-im-Westjordanland-id31278884.html,0,www.n-tv.de,"Nach Messerangriff auf Siedler: Israel droht mit ""vollumfänglichem Krieg"" im Westjordanland",Nach einem Messerangriff im Westjordanland verschärft Israel den Ton gegenüber der Palästinensischen Autonomiebehörde. Verteidigungsminister Israel Katz droht mit einer weitreichenden militärischen Reaktion.,https://www.n-tv.de/img/31278897/1788792564/Img_16_9/1200/imago0866065685h.jpg,2026-09-07T14:27:23Z,,"Nach Messerangriff auf SiedlerIsrael droht mit ""vollumfänglichem Krieg"" im Westjordanland
Israel hält das Westjordanland seit 1967 besetzt. (Foto: IMAGO/JNA Press)
Nach einem Messerangriff im Westj… [+2683 chars]",,de,'Krieg'
https://www.sueddeutsche.de/politik/bundespolitik-goethe-institute-russland-schliessung-sanktionen-li.3529564,https://www.sueddeutsche.de/politik/bundespolitik-goethe-institute-russland-schliessung-sanktionen-li.3529564,0,www.sueddeutsche.de,Moskau schließt Goethe-Institute und deutsches Konsulat in St. Petersburg,"Damit reagiert Russland wie angekündigt auf deutsche Sanktionen wegen des versuchten Sprengstoffanschlags in Leipzig, für das die Bundesregierung den Kreml verantwortlich macht.",https://www.sueddeutsche.de/2026/09/07/593e2e48-77c7-41ae-8c4b-2e885d6f4742.jpg?q=60&fm=webp&width=1200&rect=0%2C209%2C4000%2C2250,2026-09-07T14:47:49Z,,"Italien will Informationen prüfen, nach denen ein möglicher Beteiligter an dem mutmaßlich russischen Anschlag auf dem Flughafen Leipzig/Halle mit einem von Italien ausgestellten Touristenvisum in die… [+1730 chars]",,de,'Kreml'
https://www.welt.de/politik/ausland/plus6a9e7b515b4ed46cf0f05089/russische-desinformation-warum-der-kreml-im-ergebnis-von-sachsen-anhalt-etwas-viel-groesseres-sieht.html,https://www.welt.de/politik/ausland/plus6a9e7b515b4ed46cf0f05089/russische-desinformation-warum-der-kreml-im-ergebnis-von-sachsen-anhalt-etwas-viel-groesseres-sieht.html,0,www.welt.de,Warum der Kreml im Ergebnis von Sachsen-Anhalt etwas viel Größeres sieht,Der Kreml feiert den Sieg der AfD in Sachsen-Anhalt. Mit gezielter Desinformation hatte Russland im Wahlkampf die etablierten Parteien angegriffen. Dahinter verbirgt sich ein viel größeres Ziel.,https://images.welt.de/6a9e7b515b4ed46cf0f05089/8b254c21c2519808060061ce82c0781b-master/ci16x9-w1200/2026-09-02t070829z-1798990032-rc255naikili-rtrmadp-3-germany-election-saxony-anhalt-russia-jpg,2026-09-07T15:10:55Z,,Die WELT als ePaper: Die vollständige Ausgabe steht Ihnen bereits am Vorabend zur Verfügung so sind Sie immer hochaktuell informiert. Weitere Informationen https://epaper.welt.de,,de,'Kreml'
https://www.welt.de/politik/ausland/plus6a9e7b515b4ed46cf0f05089/russische-desinformation-warum-der-kreml-sachsen-anhalt-als-beginn-von-etwas-groesserem-sieht.html,https://www.welt.de/politik/ausland/plus6a9e7b515b4ed46cf0f05089/russische-desinformation-warum-der-kreml-sachsen-anhalt-als-beginn-von-etwas-groesserem-sieht.html,0,www.welt.de,Warum der Kreml Sachsen-Anhalt als Beginn von etwas Größerem sieht,Der Kreml feiert den Sieg der AfD in Sachsen-Anhalt. Mit gezielter Desinformation hatte Russland im Wahlkampf die etablierten Parteien angegriffen. Dahinter verbirgt sich ein viel größeres Ziel.,https://images.welt.de/6a9e7b515b4ed46cf0f05089/8b254c21c2519808060061ce82c0781b-master/ci16x9-w1200/2026-09-02t070829z-1798990032-rc255naikili-rtrmadp-3-germany-election-saxony-anhalt-russia-jpg,2026-09-07T15:10:55Z,,Die WELT als ePaper: Die vollständige Ausgabe steht Ihnen bereits am Vorabend zur Verfügung so sind Sie immer hochaktuell informiert. Weitere Informationen https://epaper.welt.de,,de,'Kreml'
https://www.zeit.de/news/2026-09/07/ukraine-krieg-will-putin-nach-duma-wahl-verhandeln,https://www.zeit.de/news/2026-09/07/ukraine-krieg-will-putin-nach-duma-wahl-verhandeln,0,www.zeit.de,Russischer Angriffskrieg: Ukraine-Krieg: Will Putin nach Duma-Wahl verhandeln?,Hier finden Sie Informationen zu dem Thema „Russischer Angriffskrieg“. Lesen Sie jetzt „Ukraine-Krieg: Will Putin nach Duma-Wahl verhandeln?“.,https://img.zeit.de/news/2026-09/07/ukraine-krieg-will-putin-nach-duma-wahl-verhandeln-image-group/wide__1300x731,2026-09-07T15:26:10Z,,Die USA setzen nach Angaben aus dem französischen Präsidentenpalast auf einen zügigen Beginn von konkreten neuen Verhandlungen über ein Ende des russischen Angriffskriegs gegen die Ukraine. «Was die … [+2316 chars],,de,'Ukraine'
https://www.tagesspiegel.de/internationales/dpa-russischer-angriffskrieg-16028290.html,https://www.tagesspiegel.de/internationales/dpa-russischer-angriffskrieg-16028290.html,0,www.tagesspiegel.de,Russischer Angriffskrieg: Ukraine-Krieg: Will Putin nach Duma-Wahl verhandeln?,"Die USA nehmen einen neuen Anlauf, um die Ukraine und Russland für Friedensgespräche an einen Tisch zu bringen. Nun wird in europäischen Regierungskreisen auch ein mögliches Zeitfenster genannt.",https://www.tagesspiegel.de/images/16028289/alternates/BASE_16_9_W1400/1788794842000/ukraine-krieg-kiew.jpeg,2026-09-07T15:27:22Z,,Die USA setzen nach Angaben aus dem französischen Präsidentenpalast auf einen zügigen Beginn von konkreten neuen Verhandlungen über ein Ende des russischen Angriffskriegs gegen die Ukraine. Was die A… [+2370 chars],,de,'Ukraine'
https://www.n-tv.de/politik/Putin-setzt-eindeutig-auf-Eskalation-id31279084.html,https://www.n-tv.de/politik/Putin-setzt-eindeutig-auf-Eskalation-id31279084.html,0,www.n-tv.de,"Reisners Blick auf die Front: ""Putin setzt eindeutig auf Eskalation""","Die Front stagniert und die US-Sondergesandten trafen Putin in Moskau. Doch entscheidender für einen Durchbruch ist die Situation am Himmel über der Ukraine, erklärt Oberst Reisner ntv.de.",https://www.n-tv.de/img/31279563/1788799610/Img_16_9/1200/imago0807165693h.jpg,2026-09-07T17:17:00Z,,"Wladimir Putin bei einem militärischen Briefing im Jahr 2025 (Foto: IMAGO/ITAR-TASS)
Die Front stagniert und die US-Sondergesandten trafen Kremlchef Wladimir Putin in Moskau. Doch entscheidender für… [+7527 chars]",,de,'Ukraine'
https://www.faz.net/aktuell/politik/ukraine/suedkorea-und-die-ukraine-warum-seoul-keine-waffen-liefert-201178650.html,https://www.faz.net/aktuell/politik/ukraine/suedkorea-und-die-ukraine-warum-seoul-keine-waffen-liefert-201178650.html,0,www.faz.net,Geopolitik Südkoreas: Warum Seoul der Ukraine keine Waffen liefert,"Südkorea ist von Russlands Energielieferungen abhängiger denn je – und der Konflikt mit Nordkorea hält an. Moskau nutzt das, um Seoul unter Druck zu setzen.",https://media0.faz.net/image/w1200h627/2074e45c582e/w1199h626x0y87o/202607/43601.0.2313753005/ein-erstes-treffen-die.webp,2026-09-07T17:28:51Z,,"Nordkorea unterstützt Russlands Krieg gegen die Ukraine mehr denn je, aber Südkorea liefert weiterhin keine Waffen an Kiew. Daran ändern weder die Westbindung des Landes noch seine zur Weltspitze zäh… [+5425 chars]",,de,'Energie'
https://www.tagesspiegel.de/internationales/zur-abschreckung-gegen-migranten-finnland-errichtet-200-kilometer-langen-zaun-an-grenze-zu-russland-16028568.html,https://www.tagesspiegel.de/internationales/zur-abschreckung-gegen-migranten-finnland-errichtet-200-kilometer-langen-zaun-an-grenze-zu-russland-16028568.html,0,www.tagesspiegel.de,Zur Abschreckung gegen Migranten: Finnland errichtet 200 Kilometer langen Zaun an Grenze zu Russland,Die Anlage soll Migranten vom Grenzübertritt in das skandinavische Nachbarland abhalten. Helsinki sieht die Menschen als Teil der hybriden Kriegsführung Moskaus.,https://www.tagesspiegel.de/images/16028601/alternates/BASE_16_9_W1400/1788801616000/ukraine-krieg-grenzzaun-an-finnisch-russischer-grenze.jpeg,2026-09-07T17:30:38Z,,Zur Abschreckung von illegalen Migranten aus Russland hat Finnland einen 200 Kilometer langen Zaun an der gemeinsamen Grenze errichtet. Dieser sei Bestandteil der Grenzsicherung und solle neben einer… [+1895 chars],,de,'Kreml'
https://www.welt.de/politik/article6a9ef25e4cd0c9e2b887e0ba/abschreckung-illegaler-migranten-finnland-errichtet-200-kilometer-langen-zaun-an-grenze-zu-russland.html,https://www.welt.de/politik/article6a9ef25e4cd0c9e2b887e0ba/abschreckung-illegaler-migranten-finnland-errichtet-200-kilometer-langen-zaun-an-grenze-zu-russland.html,0,www.welt.de,Finnland errichtet 200 Kilometer langen Zaun an Grenze zu Russland,"Finnland hat für mehr als 350 Millionen Euro einen Grenzzaun zu Russland gebaut. Helsinki wirft Moskau vor, Migranten gezielt als Mittel der Kriegsführung an die Grenze geführt zu haben.",https://images.welt.de/6a9ef25e4cd0c9e2b887e0ba/ed47625ef1b9121b99bd6e86302febf0-master/ci16x9-w1200/dpa-com-260907-935-1594270-jpg,2026-09-07T17:39:24Z,,"Finnland hat für mehr als 350 Millionen Euro einen Grenzzaun zu Russland gebaut. Helsinki wirft Moskau vor, Migranten gezielt als Mittel der Kriegsführung an die Grenze geführt zu haben.Klicken Sie h… [+1893 chars]",,de,'Krieg'
https://www.zeit.de/news/2026-09/07/eu-aussenbeauftragte-russland-nicht-an-frieden-interessiert,https://www.zeit.de/news/2026-09/07/eu-aussenbeauftragte-russland-nicht-an-frieden-interessiert,0,www.zeit.de,Ukraine-Krieg: EU-Außenbeauftragte: Russland nicht an Frieden interessiert,Hier finden Sie Informationen zu dem Thema „Ukraine-Krieg“. Lesen Sie jetzt „EU-Außenbeauftragte: Russland nicht an Frieden interessiert“.,https://img.zeit.de/news/2026-09/07/eu-aussenbeauftragte-russland-nicht-an-frieden-interessiert-image-group/wide__1300x731,2026-09-07T17:56:12Z,,"Trotz des neuen Vorstoßes der US-Vermittler hat die EU-Außenbeauftragte Kaja Kallas wenig Hoffnung auf ein baldiges Ende des Ukraine-Kriegs. «Wir sehen nicht, dass Russland wirklich an Frieden intere… [+958 chars]",,de,'Ukraine'
https://orf.at/stories/3441497/,https://orf.at/stories/3441497/,0,orf.at,AKW Saporischschja: Stromzufuhr wiederhergestellt,,https://orf.at/mojo/1_4_1/storyserver//news/common/images/og-fallback-news.png,2026-09-07T19:37:49Z,,Die dringend benötigte Stromzufuhr für das frontnahe ukrainische Kernkraftwerk Saporischschja ist nach fast drei Wochen wiederhergestellt worden. Während einer begrenzten Feuerpause konnte eine besch… [+991 chars],,de,'Saporischschja'
https://www.sueddeutsche.de/politik/ukraine-krieg-akw-saporischschja-strom-li.3524928,https://www.sueddeutsche.de/politik/ukraine-krieg-akw-saporischschja-strom-li.3524928,0,www.sueddeutsche.de,Newsblog zum Ukraine-Krieg: AKW Saporischschja hat wieder Strom,"Das große, von Russland besetzte Kernkraftwerk war lange ohne externen Strom – das war gefährlich. Nun gab es in einer Feuerpause Reparaturarbeiten.",https://www.sueddeutsche.de/2026/09/07/b5b7b77c-2c78-43f2-ba8e-d2d967b4cf5b.jpg?q=60&fm=webp&width=1200&rect=0%2C130%2C4000%2C2250,2026-09-07T19:47:40Z,,In Moskau sind die kurzfristig anberaumten neuen Gespräche zum russischen Angriffskrieg in der Ukraine zwischen Kremlchef Wladimir Putin und den US-Unterhändlern Steve Witkoff und Jared Kushner zu En… [+1691 chars],,de,'Ukraine'
https://www.n-tv.de/politik/21-00-Ukraine-attackiert-russische-Millionenstadt-im-Ural-Gebirge-id31280534.html,https://www.n-tv.de/politik/21-00-Ukraine-attackiert-russische-Millionenstadt-im-Ural-Gebirge-id31280534.html,0,www.n-tv.de,Ukraine-Krieg im Liveticker: +++ 21:00 Ukraine attackiert russische Millionenstadt im Ural-Gebirge +++,"Berlin, Washington, Brüssel - überall. ntv berichtet von allen wichtigen Schauplätzen der Innen- und Außenpolitik.",https://www.n-tv.de/img/2339153/1721988811/Img_16_9/1200/image.jpg,2026-09-07T20:00:00Z,,Langstreckendrohnen der ukrainischen Streitkräfte schlagen in der russischen Stadt Perm ein. Aufnahmen zeigen Einschläge in einem Wohnhaus. Die Stadt im Ural-Gebirge liegt rund 1500 Kilometer entfern… [+34174 chars],,de,'Saporischschja'
https://www.tagesschau.de/ausland/ukraine-russland-angriffe-krieg-100.html,https://www.tagesschau.de/ausland/ukraine-russland-angriffe-krieg-100.html,0,www.tagesschau.de,Ukraine meldet neue russische Angriffe nach dreitägiger Feuerpause,"Nach einer kurzzeitigen Feuerpause während des Besuchs von US-Unterhändlern in der Ukraine hat Russland seine schweren Luftangriffe wieder aufgenommen. Aus Kiew wurden Explosionen gemeldet, berichteten ukrainische Medien.",https://images.tagesschau.de/image/ad7118b4-e673-4ab6-a7f9-50c1b0716aa9/AAABoH7kvZw/AAABnSSvrFg/16x9-big/kiew-530.jpg?width=1280,2026-09-08T02:56:39Z,,"Stand: 08.09.2026 05:09 Uhr
Nach einer kurzzeitigen Feuerpause während des Besuchs von US-Unterhändlern in der Ukraine hat Russland seine schweren Luftangriffe wieder aufgenommen. Aus Kiew wurden Ex… [+2717 chars]",,de,'Kreml'
https://www.sueddeutsche.de/politik/ukraine-krieg-raketen-drohnen-russland-li.3524928,https://www.sueddeutsche.de/politik/ukraine-krieg-raketen-drohnen-russland-li.3524928,0,www.sueddeutsche.de,Newsblog zum Ukraine-Krieg: Nach Gesprächen mit US-Gesandten: Kiew meldet neue russische Angriffe,"Ballistische Raketen trafen Wohngebäude, eine Schule und mehrere Autos.  Am Wochenende waren Unterhändler von US-Präsident Trump für Verhandlungen nach Moskau und Kiew gereist, kamen aber ohne Ergebnisse zurück.",https://www.sueddeutsche.de/2026/08/16/9a918205-dae1-4749-a696-e91ada8d16e8.jpg?q=60&fm=webp&width=1200&rect=0%2C107%2C2048%2C1152,2026-09-08T03:01:14Z,,In Moskau sind die kurzfristig anberaumten neuen Gespräche zum russischen Angriffskrieg in der Ukraine zwischen Kremlchef Wladimir Putin und den US-Unterhändlern Steve Witkoff und Jared Kushner zu En… [+1691 chars],,de,'Krieg'
https://www.nzz.ch/pro/der-hackerangriff-auf-berlin-trifft-deutschland-in-einem-kritischen-moment-davon-profitiert-russland-ld.10022653,https://www.nzz.ch/pro/der-hackerangriff-auf-berlin-trifft-deutschland-in-einem-kritischen-moment-davon-profitiert-russland-ld.10022653,0,www.nzz.ch,Der Hackerangriff auf Berlin trifft Deutschland in einem kritischen Moment. Davon profitiert Russland,Der Kreml pflegt seit Jahren seine cyberkriminellen Netzwerke. Im Konflikt mit dem Westen kommt dieses strategische Instrument nun voll zum Tragen.,"https://img-msp-prod.nzz.ch/2026/09/07/25b99bcc-7fd2-4cb4-879d-79ce7cb69648.jpg?width=1200&height=674&fit=bounds&quality=75&auto=webp&crop=3000,1687,x0,y305&wmark=nzz",2026-09-08T03:30:00Z,,"Der Kreml pflegt seit Jahren seine cyberkriminellen Netzwerke. Im Konflikt mit dem Westen kommt dieses strategische Instrument nun voll zum Tragen.
Zusammenfassung
Illustration Anja Lemcke / NZZ
D… [+6784 chars]",,de,'Kreml'
https://www.zeit.de/news/2026-09/08/verband-komplett-leere-gasspeicher-im-februar-sind-moeglich,https://www.zeit.de/news/2026-09/08/verband-komplett-leere-gasspeicher-im-februar-sind-moeglich,0,www.zeit.de,Energieversorgung: Verband: Komplett leere Gasspeicher im Februar sind möglich,Hier finden Sie Informationen zu dem Thema „Energieversorgung“. Lesen Sie jetzt „Verband: Komplett leere Gasspeicher im Februar sind möglich“.,https://img.zeit.de/news/2026-09/08/verband-komplett-leere-gasspeicher-im-februar-sind-moeglich-image-group/wide__1300x731,2026-09-08T04:00:05Z,,"Deutschlands Gasspeicher könnten einer Branchenschätzung zufolge Anfang Februar vollständig leer sein, sollte der Winter sehr kalt werden. Das geht aus einem Papier des Gasspeicher-Verbandes Ines her… [+3000 chars]",,de,'Gas'
https://www.nzz.ch/briefing/afd-in-sachsen-anhalt-sucht-partner-fuer-stabile-mehrheit-ld.10022797,https://www.nzz.ch/briefing/afd-in-sachsen-anhalt-sucht-partner-fuer-stabile-mehrheit-ld.10022797,0,www.nzz.ch,AfD in Sachsen-Anhalt sucht Partner für stabile Mehrheit,Das Wichtigste zum Start in den Tag: AfD in Sachsen-Anhalt sucht Partner für stabile Mehrheit ++ Was der Hackerangriff auf Berlin mit Russland zu tun hat ++ Gedenken an Kriegsverbrecher in Serbien,"https://img-msp-prod.nzz.ch/2026/09/07/55d43d50-b349-4447-a70d-46a763a98e4c.jpg?width=1200&height=675&fit=bounds&quality=75&auto=webp&crop=5018,2823,x0,y261&wmark=nzz",2026-09-08T04:06:53Z,,"Das Wichtigste zum Start in den Tag: AfD in Sachsen-Anhalt sucht Partner für stabile Mehrheit ++ Was der Hackerangriff auf Berlin mit Russland zu tun hat ++ Gedenken an Kriegsverbrecher in Serbien
0… [+6647 chars]",,de,'Krieg'
https://www.zeit.de/wirtschaft/2026-09/gasspeicher-deutschland-winter-leer-initiative-energien-speichern,https://www.zeit.de/wirtschaft/2026-09/gasspeicher-deutschland-winter-leer-initiative-energien-speichern,0,www.zeit.de,Gasspeicher in Deutschland: Deutschlands Gasspeicher könnten laut Verband im Februar leer sein,"Sind die Gasspeicher im November nur zu drei Viertel gefüllt, reichen diese Vorräte nicht, wenn der Winter kalt wird. Deutschland kann aber über andere Wege Gas bekommen.",https://img.zeit.de/wirtschaft/2026-09/gasspeicher-deutschland-winter-leer-initiative-energien-speichern-foto-1/wide__1300x731,2026-09-08T05:22:45Z,,"Deutschlands Gasspeicher könnten Anfang Februar vollständig leer sein, sollte der Winter sehr kalt werden. Das geht aus einem Papier des Gasspeicher-Verbandes Ines hervor, das mehrere Szenarien durch… [+978 chars]",,de,'Gas'
https://www.faz.net/aktuell/gesellschaft/smalltalk/ukraine-angelina-jolie-besucht-boxklub-in-charkiw-accg-201205171.html,https://www.faz.net/aktuell/gesellschaft/smalltalk/ukraine-angelina-jolie-besucht-boxklub-in-charkiw-accg-201205171.html,0,www.faz.net,Reise in die Ukraine: Angelina Jolie besucht Boxklub in Charkiw,Mit diesem Besuch hatte der Inhaber von „Spadkoyemez“ nicht gerechnet: Angelina Jolie und ihr Sohn Knox sind überraschend in einem Boxklub in der ukrainischen Stadt Charkiw aufgetaucht.,https://media0.faz.net/image/w1200h627/f3e3d513ffd3/w2430h1269x0y150o/202509/43601.0.1265252026/angelina-jolie.webp,2026-09-08T07:37:24Z,,US-Schauspielerin Angelina Jolie ist überraschend in die ukrainische Stadt Charkiw gereist und hat dort den Boxklub Spadkoyemez besucht. Das gab der Klub am Montag auf Instagram bekannt. Ein dazu ver… [+2337 chars],,de,'Ukraine'
https://www.zeit.de/news/2026-09/08/mehr-als-70-verletzte-bei-huthi-angriffen-in-saudi-arabien,https://www.zeit.de/news/2026-09/08/mehr-als-70-verletzte-bei-huthi-angriffen-in-saudi-arabien,0,www.zeit.de,Jemen-Krieg: Mehr als 70 Verletzte bei Huthi-Angriffen in Saudi-Arabien,Hier finden Sie Informationen zu dem Thema „Jemen-Krieg“. Lesen Sie jetzt „Mehr als 70 Verletzte bei Huthi-Angriffen in Saudi-Arabien“.,https://img.zeit.de/news/2026-09/08/mehr-als-70-verletzte-bei-huthi-angriffen-in-saudi-arabien-image-group/wide__1300x731,2026-09-08T08:20:13Z,,"Bei Angriffen der jemenitischen Huthi-Miliz sind in Saudi-Arabien nach dortigen Angaben 73 Menschen verletzt worden. Unter den Opfern seien auch Frauen und Kinder, teilte der Sprecher des saudisch an… [+1914 chars]",,de,'Iran'
https://www.tagesspiegel.de/internationales/dpa-israels-illegale-siedlungen-im-westjordanlandzwolf-staaten-verhangen-sanktionen-16029398.html,https://www.tagesspiegel.de/internationales/dpa-israels-illegale-siedlungen-im-westjordanlandzwolf-staaten-verhangen-sanktionen-16029398.html,0,www.tagesspiegel.de,Israels illegale Siedlungen im Westjordanland: Zwölf Staaten verhängen Sanktionen,Ein Dutzend Länder wollen den Import von Waren aus illegalen israelischen Siedlungen künftig untersagen – darunter Großbritannien und mehrere EU-Länder. Deutschland steht nicht auf der Liste.,https://www.tagesspiegel.de/images/16029426/alternates/BASE_16_9_W1400/1788854824000/konflikt026-israelischer-siedlungsbau.jpeg,2026-09-08T08:33:38Z,,"Zwölf Staaten, darunter Großbritannien, mehrere EU-Länder und Kanada, wollen den Handel mit Produkten aus den israelischen Siedlungen im Westjordanland sanktionieren. In einer am Dienstag veröffentli… [+5022 chars]",,de,'Import'
https://www.zeit.de/news/2026-09/08/strom-sabotage-polizei-nimmt-verdaechtigen-fest,https://www.zeit.de/news/2026-09/08/strom-sabotage-polizei-nimmt-verdaechtigen-fest,0,www.zeit.de,Energie: Strom-Sabotage: Polizei nimmt Verdächtigen fest,Hier finden Sie Informationen zu dem Thema „Energie“. Lesen Sie jetzt „Strom-Sabotage: Polizei nimmt Verdächtigen fest“.,https://img.zeit.de/administratives/sharing/fallback-image-die-zeit/wide__1300x731,2026-09-08T10:25:41Z,,Nach einer Reihe von Sabotage-Angriffen auf das deutsche Stromnetz hat die Polizei den 48-jährigen Tatverdächtigen festgenommen. Nach dpa-Informationen fiel der Mann der Polizei in der Nähe des Kraft… [+70 chars],,de,'Energie'
https://www.welt.de/politik/ausland/article6a9fb948181cb962d4887876/ukraine-krieg-putin-ist-ueberzeugt-dass-die-ukraine-allmaehlich-kippt-experte-erklaert-strategie-des-kremlchefs.html,https://www.welt.de/politik/ausland/article6a9fb948181cb962d4887876/ukraine-krieg-putin-ist-ueberzeugt-dass-die-ukraine-allmaehlich-kippt-experte-erklaert-strategie-des-kremlchefs.html,0,www.welt.de,"„Putin ist überzeugt, dass die Ukraine allmählich kippt“ – Experte erklärt Strategie des Kremlchefs",Militärexperte Markus Reisner sieht die Ukraine strategisch unter Druck. Wladimir Putin rechne mit einem Sieg im kommenden Jahr. Wolodymyr Selenskyj spricht hingegen von russischer Bereitschaft zu Verhandlungen.,https://images.welt.de/6a9fb948181cb962d4887876/35405a695ced7a72a8b9908421121e2a-master/ci16x9-w1200/dpa-com-260907-99-561817-jpeg,2026-09-08T10:53:34Z,,Militärexperte Markus Reisner sieht die Ukraine strategisch unter Druck. Wladimir Putin rechne mit einem Sieg im kommenden Jahr. Wolodymyr Selenskyj spricht hingegen von russischer Bereitschaft zu Ve… [+4444 chars],,de,'Wladimir Putin'
https://www.welt.de/politik/ausland/article6a9fb948181cb962d4887876/ukraine-krieg-darum-setzt-putin-auf-eskalation-kreml-chef-rechnet-laut-experte-mit-sieg-im-naechsten-jahr.html,https://www.welt.de/politik/ausland/article6a9fb948181cb962d4887876/ukraine-krieg-darum-setzt-putin-auf-eskalation-kreml-chef-rechnet-laut-experte-mit-sieg-im-naechsten-jahr.html,0,www.welt.de,„Darum setzt Putin auf Eskalation“ – Kreml-Chef rechnet laut Experte mit Sieg im nächsten Jahr,Militärexperte Markus Reisner sieht die Ukraine strategisch unter Druck. Wladimir Putin rechne mit einem Sieg im kommenden Jahr. Wolodymyr Selenskyj spricht hingegen von russischer Bereitschaft zu Verhandlungen.,https://images.welt.de/6a9fb948181cb962d4887876/35405a695ced7a72a8b9908421121e2a-master/ci16x9-w1200/dpa-com-260907-99-561817-jpeg,2026-09-08T10:53:34Z,,Militärexperte Markus Reisner sieht die Ukraine strategisch unter Druck. Wladimir Putin rechne mit einem Sieg im kommenden Jahr. Wolodymyr Selenskyj spricht hingegen von russischer Bereitschaft zu Ve… [+4444 chars],,de,'Wladimir Putin'
https://www.faz.net/aktuell/politik/ukraine/ukraine-liveticker-ungarn-verweist-zehn-russische-diplomaten-des-landes-faz-110683325.html,https://www.faz.net/aktuell/politik/ukraine/ukraine-liveticker-ungarn-verweist-zehn-russische-diplomaten-des-landes-faz-110683325.html,0,www.faz.net,Liveblog Ukrainekrieg: Ungarn verweist zehn russische Diplomaten des Landes,Russland kündigt „harte und schmerzhafte“ Reaktion an +++ Selenskyj nach heftiger Angriffsnacht: „Brauchen dringend Abfangraketen“ +++ Ukraine meldet zwei Tote und zehn Verletzte +++  alle Neuigkeiten im Liveblog,https://media0.faz.net/image/w1200h627/d7592145ced3/w6381h3334x0y195o/202607/43601.0.2389722989/ungarns-aussenministerin-anita.webp,2026-09-08T11:15:05Z,,"Der ukrainische Generalstaatsanwalt Ruslan Krawtschenko hat im Zusammenhang mit einer Korruptionsaffäre in seiner Behörde seinen Rücktritt angekündigt. Das ist eine politische Entscheidung, schrieb e… [+716 chars]",,de,'Ukraine'
https://www.tagesspiegel.de/internationales/israels-premier-unter-druck-emirate-sollen-netanjahu-vor-hamas-angriff-vom-7-oktober-gewarnt-haben-16030106.html,https://www.tagesspiegel.de/internationales/israels-premier-unter-druck-emirate-sollen-netanjahu-vor-hamas-angriff-vom-7-oktober-gewarnt-haben-16030106.html,0,www.tagesspiegel.de,Israels Premier unter Druck: Emirate sollen Netanjahu vor Hamas-Angriff vom 7. Oktober gewarnt haben,In einem 45-minütigen Gespräch soll der Staatschef der Vereinigten Arabischen Emirate Benjamin Netanjahu über den bevorstehenden Überfall informiert haben. Dessen Büro spricht von einer „absoluten Lüge“.,https://www.tagesspiegel.de/images/16030163/alternates/BASE_16_9_W1400/1788865757000/nahostkonflikt-netanjahu.jpeg,2026-09-08T11:29:29Z,,"In Israel steht Regierungschef Benjamin Netanjahu wegen eines Berichts unter Druck, wonach er vor dem Hamas-Angriff vom 7. Oktober 2023 von den Vereinigten Arabischen Emiraten gewarnt wurde. Die isra… [+3778 chars]",,de,'Benjamin Netanjahu'
https://orf.at/stories/3441536/,https://orf.at/stories/3441536/,0,orf.at,Netanjahu ignorierte Warnung vor 7. Oktober,Laut der israelischen Tageszeitung „Haaretz“ hat Regierungschef Benjamin Netanjahu wenige Tage vor dem Überfall der Terrororganisation Hamas auf Israel am 7. Oktober 2023 eine eindeutige und eindringliche Warnung ignoriert. Er soll nicht einmal Armee und Gehe…,https://ibs.orf.at/news?image=https%3A%2F%2Fassets.orf.at%2Fmims%2F2026%2F37%2F50%2Fcrops%2Fw%3D1200%2Ch%3D630%2Cq%3D75%2F3175470_master_1231350_haaretz_israel_hamas_netanjahu_warnung_afp.jpg%3Fs%3D5abafb9b5197d08f3c4b8d5dc350506e39d2908e,2026-09-08T12:07:02Z,,"Die Warnung kam laut dem Bericht vom Emir der Vereinigten Arabischen Emirate, Mohammed bin Said Al Nahjan. Er habe Netanjahu in einem mehr als 40-minütigen Gespräch nachdrücklich gewarnt, Hamas-Chef … [+5089 chars]",,de,'Benjamin Netanjahu'
https://www.n-tv.de/politik/Straffaellige-russische-Soldaten-sollen-Praemie-kuenftig-teils-zurueckzahlen-muessen-id31282143.html,https://www.n-tv.de/politik/Straffaellige-russische-Soldaten-sollen-Praemie-kuenftig-teils-zurueckzahlen-muessen-id31282143.html,0,www.n-tv.de,Gesetz gegen häusliche Gewalt: Straffällige russische Soldaten sollen Prämie künftig teils zurückzahlen müssen,Zahlreiche russische Soldaten legen an der Front gelernte Verhaltensweisen nach ihrer Rückkehr aus der Ukraine nicht ab. Die Folge ist eine steigende Zahl an Fällen von teilweise schwerster häuslicher Gewalt in Russland. Mit einem neuen Gesetz will der Kreml …,https://www.n-tv.de/img/31282292/1788868551/Img_16_9/1200/441444493.jpg,2026-09-08T12:17:22Z,,"Freiwillige Soldaten in Russland erhalten für ihren Einsatz in der Ukraine eine vierstellige Prämie. (Foto: picture alliance/dpa/TASS)
Zahlreiche russische Soldaten legen an der Front gelernte Verha… [+2003 chars]",,de,'Kreml'
https://www.zeit.de/news/2026-09/08/nach-us-gespraechen-kiew-meldet-neue-russische-angriffe,https://www.zeit.de/news/2026-09/08/nach-us-gespraechen-kiew-meldet-neue-russische-angriffe,0,www.zeit.de,Ukraine-Krieg: Nach US-Gesprächen: Kiew meldet neue russische Angriffe,Hier finden Sie Informationen zu dem Thema „Ukraine-Krieg“. Lesen Sie jetzt „Nach US-Gesprächen: Kiew meldet neue russische Angriffe“.,https://img.zeit.de/news/2026-09/08/nach-us-gespraechen-kiew-meldet-neue-russische-angriffe-image-group/wide__1300x731,2026-09-08T12:58:28Z,,Nach einer kurzzeitigen Feuerpause während des Besuchs der Unterhändler von US-Präsident Donald Trump in der Ukraine hat Russland seine Luftangriffe auf Kiew wieder aufgenommen. In der Nacht wurden E… [+3698 chars],,de,'Krieg'
https://www.diepresse.com/41242575/ukrainischer-militaerexperte-dieser-krieg-wird-keinen-klassischen-sieg,https://www.diepresse.com/41242575/ukrainischer-militaerexperte-dieser-krieg-wird-keinen-klassischen-sieg,0,www.diepresse.com,Ukrainischer Militärexperte: „Dieser Krieg wird keinen klassischen Sieg hervorbringen“ [premium],"Der Kiewer Militärexperte Oleksyj Melnyk hofft, dass Russlands technologischer Vorsprung im Luftkrieg nur noch kurz währt. Putin könne die Gegenschläge der Ukraine nicht ewig ignorieren. Der Ex-Militär kritisiert das Fehlen einer ukrainischen „Theorie des Sie…",https://img.diepresse.com/public/incoming/alj4eh-2026-09-08t073903z1899730516rc2uenayhkbzrtrmadp3ukraine-crisis-attack-kyivjpg/alternates/WEBP_WIDE_1200/2026-09-08T073903Z_1899730516_RC2UENAYHKBZ_RTRMADP_3_UKRAINE-CRISIS-ATTACK-KYIV.JPG,2026-09-08T13:49:13Z,,Die Presse: Der mit dem Kreml ausgehandelte dreitägige Luftangriffsstopp ist vorbei. In der Nacht auf Dienstag gab es erneut heftige Luftangriffe auf Kiew. Die Ukraine ist den ballistischen Attacken … [+10844 chars],,de,'Ukraine'
https://tirol.orf.at/stories/3370325/,https://tirol.orf.at/stories/3370325/,0,tirol.orf.at,Neue Maßnahmen für Energieautonomie 2050,"Ein Jahr vor der Landtagswahl hat die Tiroler Landesregierung in Lienz eine Klausur mit dem Schwerpunkt Energie abgehalten. Dabei wurde die 2014 erfolgte Zielsetzung aktualisiert, dass Tirol bis 2050 energieautonom werden soll. Dafür wurden konkrete Maßnahmen…",https://ibs.orf.at/tir?image=https%3A%2F%2Foekastatic.orf.at%2Fmims%2F2026%2F37%2F27%2Fcrops%2Fw%3D1200%2Ch%3D627%2Cq%3D75%2F3175661_master_1231427_20260908_regierungsklausur_fitsch__1_.jpg%3Fs%3D8ce963a452488a2828bab8114ca39435b6cfad54,2026-09-08T14:01:12Z,,"Die Landesregierung präsentierte nach der Regierungsklausur im Lienzer Rathaus, was zum Thema Energie bisher erreicht wurde und gab einen Ausblick auf die Zukunft. Das Ziel lautete dabei Unabhängigke… [+4735 chars]",,de,'Energie'
https://www.zeit.de/news/2026-09/08/pistorius-sagt-ukraine-umfangreiche-waffenlieferungen-zu,https://www.zeit.de/news/2026-09/08/pistorius-sagt-ukraine-umfangreiche-waffenlieferungen-zu,0,www.zeit.de,Militärhilfe für die Ukraine: Pistorius sagt Ukraine umfangreiche Waffenlieferungen zu,Hier finden Sie Informationen zu dem Thema „Militärhilfe für die Ukraine“. Lesen Sie jetzt „Pistorius sagt Ukraine umfangreiche Waffenlieferungen zu“.,https://img.zeit.de/news/2026-09/08/pistorius-sagt-ukraine-umfangreiche-waffenlieferungen-zu-image-group/wide__1300x731,2026-09-08T14:30:27Z,,Verteidigungsminister Boris Pistorius hat der Ukraine weitere umfangreiche Waffenlieferungen zur Verteidigung gegen russische Angriffe zugesagt. Einschüchterungsversuche Russlands und hybride Angriff… [+1356 chars],,de,'Ukraine'
https://www.faz.net/aktuell/wissen/ab-in-die-botanik/reizgas-ozon-trauerweide-als-unerwartete-quelle-201178154.html,https://www.faz.net/aktuell/wissen/ab-in-die-botanik/reizgas-ozon-trauerweide-als-unerwartete-quelle-201178154.html,0,www.faz.net,Botanik-Kolumne: Reizgas aus der Trauerweide,Bodennahes Ozon reizt im Sommer Augen und Atemwege. Jetzt zeigt sich eine unerwartete Quelle: Einige Baumarten liefern die chemischen Vorläufer für das giftige Gas.,https://media0.faz.net/image/w1200h627/265c61e7b96d/w3000h1567x0y206o/202504/43601.0.950186687/herrlich-aber-gefaehrlich.webp,2026-09-08T14:39:05Z,,"Die Sommer werden heißer, trockener und sonniger, aber vor Ozon wird heute kaum noch gewarnt. Der Grund ist bessere Luft. Der Alarmwert von 240 Mikrogramm pro Kubikmeter Luft, der in den Neunzigerjah… [+3345 chars]",,de,'Gas'
https://www.nzz.ch/international/grossbritannien-frankreich-und-kanada-verbieten-importe-aus-israelischen-siedlungen-im-westjordanland-ld.10022925,https://www.nzz.ch/international/grossbritannien-frankreich-und-kanada-verbieten-importe-aus-israelischen-siedlungen-im-westjordanland-ld.10022925,0,www.nzz.ch,"Grossbritannien, Frankreich und Kanada verbieten Importe aus israelischen Siedlungen im Westjordanland",Die Sanktionen sollen laut dem britischen Aussenminister die Möglichkeit zu einer Zweistaatenlösung am Leben erhalten. Aus Israel und den USA kommt bereits scharfe Kritik.,"https://img-msp-prod.nzz.ch/2026/09/08/68495444-70b2-407b-b668-2c80f8edae46.jpg?width=1200&height=675&fit=bounds&quality=75&auto=webp&crop=6000,3375,x0,y313&wmark=nzz",2026-09-08T14:59:05Z,,"Die Sanktionen sollen laut dem britischen Aussenminister die Möglichkeit zu einer Zweistaatenlösung am Leben erhalten. Aus Israel und den USA kommt bereits scharfe Kritik.
08.09.2026, 16.59 Uhr
Zus… [+4793 chars]",,de,'Import'
https://t3n.de/news/120-euro-sparen-fuer-wen-sich-das-ipad-air-jetzt-doppelt-lohnt-1762108/,https://t3n.de/news/120-euro-sparen-fuer-wen-sich-das-ipad-air-jetzt-doppelt-lohnt-1762108/,0,t3n.de,120 Euro sparen: Für wen sich das iPad Air jetzt doppelt lohnt,"Viele Geräte sind in den vergangenen Monaten spürbar teurer geworden. Davon ist auch das iPad Air nicht ausgenommen. Wann das Apple-Tablet für dich eine gute Wahl ist – und wo du derzeit noch sparen kannst. Apple bietet verschiedene Tablet-Modelle an, die sic…",https://cdn.t3n.de/news/wp-content/uploads/2026/09/shutterstock_2719369213.jpg?class=content,2026-09-08T15:00:31Z,,"Hinweis: Wir haben in diesem Artikel Provisions-Links verwendet und sie durch ""*"" gekennzeichnet. Erfolgt über diese Links eine Bestellung, erhält t3n.de eine Provision.
 Apple bietet verschiedene T… [+3633 chars]",,de,'sparen'
https://www.tagesschau.de/ausland/europa/grossbritannien-siedler-westjordanland-100.html,https://www.tagesschau.de/ausland/europa/grossbritannien-siedler-westjordanland-100.html,0,www.tagesschau.de,Großbritannien sanktioniert Handel mit Siedlungen im Westjordanland,Großbritannien kündigt Sanktionen gegen den Import von Waren aus völkerrechtswidrigen israelischen Siedlungen im Westjordanland an. Damit soll die Möglichkeit einer Zweistaatenlösung erhalten bleiben. Aus Israel und den USA kommt Kritik.,https://images.tagesschau.de/image/124f98c7-b4b3-4c73-9a91-42dfda6f6ac4/AAABoIFKW5A/AAABnSSvrFg/16x9-big/miliband-118.jpg?width=1280,2026-09-08T15:13:46Z,,"Stand: 08.09.2026 17:13 Uhr
Großbritannien kündigt Sanktionen gegen den Import von Waren aus illegalen israelischen Siedlungen im Westjordanland an. Damit soll die Möglichkeit einer Zweistaatenlösun… [+3510 chars]",,de,'Benjamin Netanjahu'
https://www.dw.com/de/grossbritannien-sanktioniert-handel-mit-israels-siedlungen-im-westjordanland/a-79191423,https://www.dw.com/de/grossbritannien-sanktioniert-handel-mit-israels-siedlungen-im-westjordanland/a-79191423,0,www.dw.com,London verhängt Importverbot für israelische Siedlerprodukte,Großbritannien und elf weitere Staaten beschließen Handelssanktionen - aus Protest gegen das israelische Vorgehen im Westjordanland. Israel reagiert prompt: Das britische Konsulat in Jerusalem muss seine Türen schließen. Großbritannien und elf weitere Staaten…,https://static.dw.com/image/78444970_6.jpg,2026-09-08T15:51:00Z,,Großbritannien und elf weitere Staaten wollen den Handel mit Produkten aus israelischen Siedlungen im besetzten Westjordanland sanktionieren. In einer gemeinsamen Erklärung der Außenminister heißt es… [+7478 chars],,de,'Benjamin Netanjahu'
https://www.freitag.de/autoren/der-freitag/haaretz-eineinhalb-wochen-vor-dem-7-oktober-wurde-benjamin-netanjahu-gewarnt,https://www.freitag.de/autoren/der-freitag/haaretz-eineinhalb-wochen-vor-dem-7-oktober-wurde-benjamin-netanjahu-gewarnt,0,www.freitag.de,Exklusiv-Bericht: Eineinhalb Wochen vor dem 7. Oktober wurde Benjamin Netanjahu gewarnt,Der Präsident der Arabischen Emirate soll Netanjahu in einem 45-minütigen Gespräch vor einem Hamas-Angriff gewarnt haben. Doch warum wussten die Geheimdienstchefs davon nichts? Recherchen der israelischen Zeitung „Haaretz“ geben Antworten Ende September im Ja…,https://www.freitag.de/autoren/der-freitag/haaretz-eineinhalb-wochen-vor-dem-7-oktober-wurde-benjamin-netanjahu-gewarnt/@@images/image/great,2026-09-08T16:29:00Z,,Ende September im Jahr 2023. Immer wieder kommt es zu Terroranschlägen im Westjordanland. Regelmäßig demonstrieren Bewohner des Gaza-Streifen am Grenzzaun. Die israelische Innenpolitik wird von inter… [+42193 chars],,de,'Benjamin Netanjahu'
https://www.welt.de/politik/ausland/article6a9ff77754ff84194d4caf08/enthuellungen-emirate-sollen-netanjahu-vor-grossangelegter-operation-der-hamas-am-7-oktober-gewarnt-haben.html,https://www.welt.de/politik/ausland/article6a9ff77754ff84194d4caf08/enthuellungen-emirate-sollen-netanjahu-vor-grossangelegter-operation-der-hamas-am-7-oktober-gewarnt-haben.html,0,www.welt.de,Emirate sollen Netanjahu vor „großangelegter Operation“ der Hamas am 7. Oktober gewarnt haben,Mitten im Wahlkampf überzieht ein neues Enthüllungsbuch Benjamin Netanjahu mit schweren Vorwürfen. Demnach warnten ihn gleich mehrere Verbündete vor dem Hamas-Terror des 7. Oktobers. Doch der Vorwurf wirft auch eine unerwartete Frage auf.,https://images.welt.de/6a9ff77754ff84194d4caf08/ec9ca19e881ad52b37fc4c6ffabd2aed-master/ci16x9-w1200/1786351682297-afp-c4b24cq-jpg,2026-09-08T17:04:02Z,,Mitten im Wahlkampf überzieht ein neues Enthüllungsbuch Benjamin Netanjahu mit schweren Vorwürfen. Demnach warnten ihn gleich mehrere Verbündete vor dem Hamas-Terror des 7. Oktobers. Doch der Vorwurf… [+7976 chars],,de,'Benjamin Netanjahu'
https://www.welt.de/politik/ausland/video6aa04b6b2d12b26709820d4a/kurz-vor-der-wahl-in-israel-hamas-bereite-etwas-extremes-vor-enthuellungsbuch-belastet-netanjahu-massiv.html,https://www.welt.de/politik/ausland/video6aa04b6b2d12b26709820d4a/kurz-vor-der-wahl-in-israel-hamas-bereite-etwas-extremes-vor-enthuellungsbuch-belastet-netanjahu-massiv.html,0,www.welt.de,„Hamas bereite etwas Extremes vor“ – Enthüllungsbuch belastet Netanjahu massiv,"Vor der israelischen Parlamentswahl werfen Berichte Premierminister Benjamin Netanjahu vor, Warnungen vor dem Hamas-Terrorangriff vom 7. Oktober ignoriert zu haben. Sein Büro weist die Darstellung als Lüge zurück. Global Reporter Jan Philipp Burgard berichtet.",https://images.welt.de/6aa04b6b2d12b26709820d4a/6bbdf6088d7f11bd58e055df1556197a/ci16x9-w1200/dpa-com-260902-935-1583022-jpg,2026-09-08T18:20:09Z,,"Vor der israelischen Parlamentswahl werfen Berichte Premierminister Benjamin Netanjahu vor, Warnungen vor dem Hamas-Terrorangriff vom 7. Oktober ignoriert zu haben. Sein Büro weist die Darstellung al… [+120 chars]",,de,'Benjamin Netanjahu'
https://www.zeit.de/politik/deutschland/2026-09/srael-hamas-angriff-7-oktober-vae-warnung,https://www.zeit.de/politik/deutschland/2026-09/srael-hamas-angriff-7-oktober-vae-warnung,0,www.zeit.de,Israel: Nun geht es um Netanjahus Glaubwürdigkeit,Hat Benjamin Netanjahu eine Warnung vor dem Hamas-Terrorangriff am 7. Oktober 2023 ignoriert? Er bestreitet das. Doch sein Image könnte ihm zum Problem werden.,https://img.zeit.de/politik/ausland/2026-09/israel-hamas-angriff-7-oktober-vae-warnung-bild/wide__1300x731,2026-09-08T18:47:44Z,,"Schließen
Artikelzusammenfassung
Neue Vorwürfe setzen Benjamin Netanjahu kurz vor der Parlamentswahl unter Druck. Auslöser ist eine Haaretz-Recherche, nach der der Präsident der Vereinigten Arabisc… [+1017 chars]",,de,'Benjamin Netanjahu'
https://www.n-tv.de/politik/21-17-Anwohner-filmt-wie-draussen-russische-Geschosse-einschlagen-id31285040.html,https://www.n-tv.de/politik/21-17-Anwohner-filmt-wie-draussen-russische-Geschosse-einschlagen-id31285040.html,0,www.n-tv.de,"Ukraine-Krieg im Liveticker: +++ 21:17 Anwohner filmt, wie draußen russische Geschosse einschlagen +++","Berlin, Washington, Brüssel - überall. ntv berichtet von allen wichtigen Schauplätzen der Innen- und Außenpolitik.",https://www.n-tv.de/img/2339153/1721988811/Img_16_9/1200/image.jpg,2026-09-08T20:00:00Z,,"Schon wieder greift Russland die ukrainische Hauptstadt Kiew mit unvermittelter Härte an. Ein Anwohner filmt durch sein Balkon-Fenster, wie binnen Sekunden zwei russische Geschosse an scheinbar derse… [+28368 chars]",,de,'Krieg'
https://www.zeit.de/news/2026-09/08/tote-und-verletzte-bei-russischen-angriffen,https://www.zeit.de/news/2026-09/08/tote-und-verletzte-bei-russischen-angriffen,0,www.zeit.de,Ukraine-Krieg: Tote und Verletzte bei russischen Angriffen,Hier finden Sie Informationen zu dem Thema „Ukraine-Krieg“. Lesen Sie jetzt „Tote und Verletzte bei russischen Angriffen“.,https://img.zeit.de/news/2026-09/08/tote-und-verletzte-bei-russischen-angriffen-image-group/wide__1300x731,2026-09-08T20:41:43Z,,"Bei einer Serie von russischen Angriffen sind in der Ukraine zahlreiche Menschen zu Schaden gekommen. In der Hauptstadt Kiew wurden in Folge zahlreicher Angriffe, die bereits in der Nacht begonnen ha… [+1224 chars]",,de,'Saporischschja'
https://www.tagesspiegel.de/internationales/dpa-ukraine-krieg-16032272.html,https://www.tagesspiegel.de/internationales/dpa-ukraine-krieg-16032272.html,0,www.tagesspiegel.de,Ukraine-Krieg: Tote und Verletzte bei russischen Angriffen,Die russischen Streitkräfte setzen die Ukraine weiter unter Druck. Immer neue Angriffe gegen zivile Ziele fordern zahlreiche Opfer.,https://www.tagesspiegel.de/images/16032271/alternates/BASE_16_9_W1400/1788900169000/ukraine-krieg-kiew.jpeg,2026-09-08T20:42:48Z,,"Bei einer Serie von russischen Angriffen sind in der Ukraine zahlreiche Menschen zu Schaden gekommen. In der Hauptstadt Kiew wurden in Folge zahlreicher Angriffe, die bereits in der Nacht begonnen ha… [+1278 chars]",,de,'Saporischschja'
https://www.zeit.de/news/2026-09/09/iranische-medien-melden-raketenangriffe-auf-jordanien,https://www.zeit.de/news/2026-09/09/iranische-medien-melden-raketenangriffe-auf-jordanien,0,www.zeit.de,Iran-Krieg: Iranische Medien melden Raketenangriffe auf Jordanien,Hier finden Sie Informationen zu dem Thema „Iran-Krieg“. Lesen Sie jetzt „Iranische Medien melden Raketenangriffe auf Jordanien“.,https://img.zeit.de/news/2026-09/09/iranische-medien-melden-raketenangriffe-auf-jordanien-image-group/wide__1300x731,2026-09-08T22:29:15Z,,Der Iran hat Medienberichten zufolge US-Militärstützpunkte in Jordanien mit einer «Welle an Raketen» angegriffen. Wie unter anderem der regierungstreue Sender Press TV in der Nacht auf Telegram melde… [+817 chars],,de,'Iran'
https://www.n-tv.de/politik/Israel-kuendigt-Sanktionen-gegen-London-an-id31284937.html,https://www.n-tv.de/politik/Israel-kuendigt-Sanktionen-gegen-London-an-id31284937.html,0,www.n-tv.de,Westjordanland-Streit eskaliert: Israel kündigt Sanktionen gegen London an,"Großbritannien belegt Waren aus dem Westjordanland mit einem Importverbot, um gegen die Siedlungspolitik im Westjordanland zu protestieren. Die israelische Regierung ist darüber extrem erbost. Auch die USA mischen sich ein. In Deutschland wurde man nicht info…",https://www.n-tv.de/img/31284944/1788916645/Img_16_9/1200/611260430.jpg,2026-09-08T23:18:32Z,,"Westjordanland-Streit eskaliertIsrael kündigt Sanktionen gegen London an
Israels Präsident Izchak Herzog wirft den Briten Wahleinmischung vor. (Foto: picture alliance/dpa/Keystone)
Großbritannien b… [+4811 chars]",,de,'Import'
https://www.zeit.de/news/2026-09/09/nordstream-wieder-anschalten-bringt-das-was,https://www.zeit.de/news/2026-09/09/nordstream-wieder-anschalten-bringt-das-was,0,www.zeit.de,Energieversorgung: Nordstream wieder anschalten: Bringt das was?,Hier finden Sie Informationen zu dem Thema „Energieversorgung“. Lesen Sie jetzt „Nordstream wieder anschalten: Bringt das was?“.,https://img.zeit.de/news/2026-09/09/nordstream-wieder-anschalten-bringt-das-was-image-group/wide__1300x731,2026-09-09T04:00:09Z,,"Mit dem Vorschlag, Nordstream wieder in Betrieb zu nehmen, versuchen vor allem AfD und das BSW in den derzeitigen Wahlkämpfen zu punkten. «Nord Stream aufdrehen» - plakatiert etwa das BSW vor der Lan… [+4883 chars]",,de,'Energie'
https://www.tagesschau.de/wirtschaft/finanzen/marktberichte/marktbericht-dax-dow-jones-iran-102.html,https://www.tagesschau.de/wirtschaft/finanzen/marktberichte/marktbericht-dax-dow-jones-iran-102.html,0,www.tagesschau.de,Eskalation im Iran-Krieg: DAX dürfte unter 26.000 Punkte fallen,"Eine neue Eskalation am Persischen Golf lässt weiteren Druck auf den deutschen Aktienmarkt erwarten. Der DAX wird zwei Stunden vor Handelsbeginn etwa 0,6 Prozent tiefer gesehen.",https://images.tagesschau.de/image/b862f6fb-2e65-42e0-97a3-4a1c9ab57d4f/AAABm8CJNHQ/AAABnSSvrFg/16x9-big/boerse-476.jpg?width=1280,2026-09-09T05:27:05Z,,"Stand: 09.09.2026 07:27 Uhr
Eine neue Eskalation am Persischen Golf lässt weiteren Druck auf den deutschen Aktienmarkt erwarten. Der DAX wird zwei Stunden vor Handelsbeginn etwa 0,6 Prozent tiefer g… [+1520 chars]",,de,'Krieg'
https://www.faz.net/aktuell/politik/ausland/jahrestag-9-11-trump-fuehrt-die-kriege-die-er-einst-ablehnte-accg-201183726.html,https://www.faz.net/aktuell/politik/ausland/jahrestag-9-11-trump-fuehrt-die-kriege-die-er-einst-ablehnte-accg-201183726.html,0,www.faz.net,"25 Jahre 9/11: Jetzt führt Trump die Kriege, die er einst ablehnte",Die Terroranschläge vom 11. September 2001 haben die Welt verändert – und tun es bis heute. Trump bekommt es gerade in Iran zu spüren.,https://media0.faz.net/image/w1200h627/644dfc06c3ee/w3072h1605x0y253o/202609/43601.0.2501017932/im-angesicht-des-terrors-trump.webp,2026-09-09T05:28:12Z,,Am 11. September 2001 wurde ein aufgebrachter Donald Trump in eine Sendung eines lokalen New Yorker Fernsehsenders geschaltet. Der Immobilienmogul war in seinem Büro im Trump-Tower in Midtown Manhatt… [+9798 chars],,de,'Krieg'
https://www.zeit.de/politik/deutschland/2026-09/boris-pistorius-bundeswehr-schuldenbremse-finanzierung,https://www.zeit.de/politik/deutschland/2026-09/boris-pistorius-bundeswehr-schuldenbremse-finanzierung,0,www.zeit.de,Verteidigungsausgaben: Pistorius wirft AfD Schüren von Kriegsangst vor,"Verteidigungsminister Boris Pistorius hält der AfD vor, die Sorgen vor Krieg auszunutzen, um gegen Verteidigungsausgaben zu wettern. Angst sei »der Treibstoff der AfD«.",https://img.zeit.de/politik/deutschland/2026-09/boris-pistorius-bundeswehr-schuldenbremse-finanzierung-foto-1/wide__1300x731,2026-09-09T06:55:07Z,,"Verteidigungsminister Boris Pistorius hat der AfD vorgeworfen, Kriegsangst zu schüren. Die AfD in Sachsen-Anhalt und anderswo würde »diese Klaviatur sehr, sehr intensiv bespielen«, sagte Pistorius im… [+821 chars]",,de,'Krieg'
https://www.zeit.de/news/2026-09/09/tote-bei-ukrainischen-drohnenangriffen-auf-noworossijsk,https://www.zeit.de/news/2026-09/09/tote-bei-ukrainischen-drohnenangriffen-auf-noworossijsk,0,www.zeit.de,Russisch-ukrainischer Krieg: Tote bei ukrainischen Drohnenangriffen auf Noworossijsk,Hier finden Sie Informationen zu dem Thema „Russisch-ukrainischer Krieg“. Lesen Sie jetzt „Tote bei ukrainischen Drohnenangriffen auf Noworossijsk“.,https://img.zeit.de/news/2026-09/09/tote-bei-ukrainischen-drohnenangriffen-auf-noworossijsk-image-group/wide__1300x731,2026-09-09T06:59:23Z,,"Bei ukrainischen Drohnenangriffen sind in der südrussischen Hafenstadt Noworossijsk mindestens vier Menschen getötet worden. Weitere 29 Menschen seien verletzt worden, teilte der Gouverneur der Regio… [+739 chars]",,de,'Krieg'
https://www.tagesschau.de/ausland/europa/angriffe-ukraine-142.html,https://www.tagesschau.de/ausland/europa/angriffe-ukraine-142.html,0,www.tagesschau.de,Tote nach russischen Angriffen in mehreren Regionen der Ukraine,Bei russischen Angriffen in der Ukraine sind mehrere Menschen getötet worden. Ein Grenzübergang zu Moldau und die Hafenstadt Mykolajiw wurden getroffen. Auch Kiew geriet wieder ins Visier - gestern wurden dort bereits fünf Tote gemeldet.,https://images.tagesschau.de/image/e1e875c0-928e-479b-b5ae-eb7ea7ddb4e1/AAABoITP8s8/AAABnSSvrFg/16x9-big/rettungskraefte-ukraine-110.jpg?width=1280,2026-09-09T07:12:09Z,,"Stand: 09.09.2026 09:12 Uhr
Bei russischen Angriffen in der Ukraine sind mehrere Menschen getötet worden. Ein Grenzübergang zu Moldau und die Hafenstadt Mykolajiw wurden getroffen. Auch Kiew geriet … [+1811 chars]",,de,'Ukraine'
https://www.zeit.de/news/2026-09/09/angriffe-im-nahen-osten-treiben-rohoelpreis-ueber-100-dollar,https://www.zeit.de/news/2026-09/09/angriffe-im-nahen-osten-treiben-rohoelpreis-ueber-100-dollar,0,www.zeit.de,Energie: Angriffe im Nahen Osten treiben Rohölpreis über 100 Dollar,Hier finden Sie Informationen zu dem Thema „Energie“. Lesen Sie jetzt „Angriffe im Nahen Osten treiben Rohölpreis über 100 Dollar“.,https://img.zeit.de/news/2026-09/09/angriffe-im-nahen-osten-treiben-rohoelpreis-ueber-100-dollar-image-group/wide__1300x731,2026-09-09T07:26:35Z,,"Der Preis für Rohöl der Referenzsorte Brent ist am Mittwoch wieder über 100 US-Dollar je Barrel (159 Liter) gestiegen. Hintergrund sind weitere, gegenseitige Angriffe von den USA und dem Iran rund um… [+2665 chars]",,de,'Energie'
https://www.zeit.de/wirtschaft/2026-09/oelpreis-brent-strasse-von-hormus-usa-iran,https://www.zeit.de/wirtschaft/2026-09/oelpreis-brent-strasse-von-hormus-usa-iran,0,www.zeit.de,Ölpreis: Eskalation im Nahen Osten treibt Rohölpreis über hundert Dollar,Der Kampf zwischen den USA und dem Iran eskaliert erneut. In der Straße von Hormus versenken die USA fünf iranische Öltanker. Das treibt den Rohölpreis in die Höhe.,https://img.zeit.de/wirtschaft/2026-09/oelpreis-brent-strasse-von-hormus-usa-iran-foto-1/wide__1300x731,2026-09-09T07:45:44Z,,Der Preis für Rohöl der Referenzsorte Brent ist wieder über 100 US-Dollar je Barrel (159 Liter) gestiegen. Grund dafür sind die erneuten gegenseitigen Angriffe von USA und Iran in der Straße von Horm… [+632 chars],,de,'Iran'
https://www.zeit.de/politik/ausland/2026-09/benjamin-netanjahu-hamas-angriff-warnung-7-oktober-haaretz,https://www.zeit.de/politik/ausland/2026-09/benjamin-netanjahu-hamas-angriff-warnung-7-oktober-haaretz,0,www.zeit.de,"Warnung vor Hamas-Angriff: Netanjahu bestreitet, vor Angriff der Hamas gewarnt worden zu sein",Israels Ministerpräsident Benjamin Netanjahu soll vor dem 7. Oktober über den Angriffsplan der Hamas informiert worden sein. Er dementiert entsprechende Medienberichte.,https://img.zeit.de/politik/ausland/2026-09/benjamin-netanjahu-hamas-angriff-warnung-7-oktober-haaretz-foto-1/wide__1300x731,2026-09-09T08:52:24Z,,"Israels Ministerpräsident Benjamin Netanjahu streitet ab, dass er vor dem geplanten Angriff der Hamas auf Israel gewarnt worden sei. Auf der Plattform X schrieb er, dass es »entgegen der Behauptung v… [+1533 chars]",,de,'Benjamin Netanjahu'
https://www.golem.de/sonstiges/zustimmung/auswahl.html?from=https://www.golem.de/news/elektrohydraulik-aus-vibration-von-schienen-wird-strom-2609-212804.html&referer=https://t.co/6d36d0b90d,https://www.golem.de/sonstiges/zustimmung/auswahl.html?from=https://www.golem.de/news/elektrohydraulik-aus-vibration-von-schienen-wird-strom-2609-212804.html&referer=https://t.co/6d36d0b90d,0,www.golem.de,Elektrohydraulik: Aus Vibration von Schienen wird Strom,"Energie, die ansonsten als Vibration im Gleisbett verloren geht, kann in Strom umgewandelt werden. Bremsvorgänge sind nicht notwendig. (Strom, Energiewende)",,2026-09-09T08:55:02Z,,"Besuchen Sie Golem.de wie gewohnt mit Werbung und Tracking,
 indem Sie der Nutzung aller Cookies zustimmen.
 Details zum Tracking finden Sie im Privacy Center.
Skript wurde nicht geladen. Informat… [+607 chars]",,de,'Energie'
https://www.bild.de/politik/ausland-und-internationales/bericht-ueber-alarm-anruf-haben-die-emirate-netanjahu-vor-dem-7-oktober-gewarnt-6aa0efa5cea174365e85a4eb,https://www.bild.de/politik/ausland-und-internationales/bericht-ueber-alarm-anruf-haben-die-emirate-netanjahu-vor-dem-7-oktober-gewarnt-6aa0efa5cea174365e85a4eb,0,www.bild.de,Heikler Bericht über Alarm-Anruf - Haben die Emirate Netanjahu vor dem 7. Oktober gewarnt?,Ignorierte Israels Premierminister Benjamin Netanjahu wenige Tage vor dem 7. Oktober konkrete Terror-Warnungen? Über diese Frage diskutiert Israel aktuell …,"https://images.bild.de/6aa0efa5cea174365e85a4eb/62702e84119c642ac1a7a601ff281dbc,fe87f03a?w=1280",2026-09-09T09:29:11Z,,TTS-Player überspringenArtikel weiterlesenIgnorierte Israels Premierminister Benjamin Netanjahu (76) wenige Tage vor dem 7. Oktober konkrete Terror-Warnungen? Und hätte das Massaker womöglich verhind… [+3549 chars],,de,'Benjamin Netanjahu'
https://www.bild.de/politik/neue-enthuellungen-zum-7-oktober-ignorierte-netanjahu-konkrete-warnungen-6aa04e7c240b302c8a83ddb7,https://www.bild.de/politik/neue-enthuellungen-zum-7-oktober-ignorierte-netanjahu-konkrete-warnungen-6aa04e7c240b302c8a83ddb7,0,www.bild.de,Neue Enthüllungen zum 7. Oktober - Ignorierte Netanjahu konkrete Warnungen?,Global Reporter Jan Philipp Burgard berichtet über neue Vorwürfe gegen Benjamin Netanjahu: Ein Buch schildert Warnungen vor dem Hamas-Angriff vom 7. Okto...,"https://images.bild.de/6aa04e7c240b302c8a83ddb7/f5629e7d2ecd89f70d670c412da4ac04,3226d36d?w=1280",2026-09-09T09:34:35Z,,"Mehr zum Video anzeigen 
Global Reporter Jan Philipp Burgard berichtet über neue Vorwürfe gegen Benjamin Netanjahu: Ein Buch schildert Warnungen vor dem Hamas-Angriff vom 7. Oktober - Netanjahu habe… [+50 chars]",,de,'Benjamin Netanjahu'
https://www.sueddeutsche.de/politik/bundestag-merz-weidel-generaldebatte-li.3544701,https://www.sueddeutsche.de/politik/bundestag-merz-weidel-generaldebatte-li.3544701,0,www.sueddeutsche.de,Generaldebatte im Bundestag: So rechnet Friedrich Merz mit Alice Weidel ab,"Der Bundeskanzler ändert seine Taktik und versucht, die AfD im Bundestag inhaltlich auseinanderzunehmen. Wegen der miserablen Pisa-Ergebnisse kündigt er eine Bildungsoffensive an.",https://www.sueddeutsche.de/2026/09/09/f328f8f7-b316-4f76-9cf7-f3efc02de5c0.jpg?q=60&fm=webp&width=1200&rect=0%2C219%2C3811%2C2144,2026-09-09T09:38:38Z,,"Der Kanzler war nach dem AfD-Triumph in Sachsen-Anhalt erkennbar bemüht, seine Taktik zu ändern. Statt die eigenen Pläne in den Vordergrund zu stellen und die AfD weitgehend zu ignorieren, setzte er … [+5244 chars]",,de,'Friedrich Merz'
https://www.zeit.de/2026/39/deutsche-wirtschaft-wachstum-investitionen-unternehmen-oekonomie,https://www.zeit.de/2026/39/deutsche-wirtschaft-wachstum-investitionen-unternehmen-oekonomie,0,www.zeit.de,Deutsche Wirtschaft: Und sie wächst doch,"Das Geschäftsklima verbessert sich, die Wertschöpfung in der Industrie nimmt zu, das Ausland investiert mehr. Warum es plötzlich Anlass zur Hoffnung gibt",https://img.zeit.de/politik/deutschland/2026-09/und-sie-waechst-doch-bild/wide__1300x731,2026-09-09T09:57:28Z,,"In der allgemeinen Untergangsstimmung dieser Tage sind vielleicht folgende Zahlen ganz interessant: Im ersten Halbjahr 2026 ist die deutsche Wirtschaft im Schnitt um 0,35 Prozent gewachsen. Deutschla… [+672 chars]",,de,'Industrie'
https://www.zeit.de/news/2026-09/09/europaeischer-gaspreis-erreicht-hoechsten-stand-seit-ende-2022,https://www.zeit.de/news/2026-09/09/europaeischer-gaspreis-erreicht-hoechsten-stand-seit-ende-2022,0,www.zeit.de,Rohstoffe: Europäischer Gaspreis erreicht höchsten Stand seit Ende 2022,Hier finden Sie Informationen zu dem Thema „Rohstoffe“. Lesen Sie jetzt „Europäischer Gaspreis erreicht höchsten Stand seit Ende 2022“.,https://img.zeit.de/news/2026-09/09/europaeischer-gaspreis-erreicht-hoechsten-stand-seit-ende-2022-image-group/wide__1300x731,2026-09-09T10:21:40Z,,Der Preis für europäisches Erdgas hat am Mittwoch angesichts der Zuspitzung der Lage im Nahen Osten seinen Höhenflug fortgesetzt. Erstmals seit Ende 2022 stieg der richtungsweisende Erdgas-Terminkont… [+2087 chars],,de,'Iran'
https://www.zeit.de/news/2026-09/09/brandenburgs-energieministerin-befuerchtet-keinen-gasmangel,https://www.zeit.de/news/2026-09/09/brandenburgs-energieministerin-befuerchtet-keinen-gasmangel,0,www.zeit.de,Niedrige Füllstände: Brandenburgs Energieministerin befürchtet keinen Gasmangel,Hier finden Sie Informationen zu dem Thema „Niedrige Füllstände“. Lesen Sie jetzt „Brandenburgs Energieministerin befürchtet keinen Gasmangel“.,https://img.zeit.de/news/2026-09/09/brandenburgs-energieministerin-befuerchtet-keinen-gasmangel-image-group/wide__1300x731,2026-09-09T11:35:56Z,,Trotz niedrigerer Füllstände der Speicher droht in Brandenburg nach Ansicht der Landesregierung keine Gefahr für den Winter. «Wir laufen nach aktueller Einschätzung nicht auf eine Gasmangellage zu un… [+1700 chars],,de,'Gasmangel'
https://www.tagesspiegel.de/berlin/dpa-niedrige-fullstande-16034422.html,https://www.tagesspiegel.de/berlin/dpa-niedrige-fullstande-16034422.html,0,www.tagesspiegel.de,Niedrige Füllstände: Brandenburgs Energieministerin befürchtet keinen Gasmangel,Die Gasspeicher sind geringer gefüllt als in den vergangenen Jahren. Warum zeigt sich Brandenburgs Energieministerin Klement nicht besorgt?,https://www.tagesspiegel.de/images/16034421/alternates/BASE_16_9_W1400/1788953828000/erdgasspeicher-des-energieversorgers-ewe.jpeg,2026-09-09T11:37:08Z,,Trotz niedrigerer Füllstände der Speicher droht in Brandenburg nach Ansicht der Landesregierung keine Gefahr für den Winter. Wir laufen nach aktueller Einschätzung nicht auf eine Gasmangellage zu und… [+1750 chars],,de,'Gasmangel'
https://www.zeit.de/news/2026-09/09/bw-innenminister-muss-wegen-luftalarm-in-kiew-in-bunker,https://www.zeit.de/news/2026-09/09/bw-innenminister-muss-wegen-luftalarm-in-kiew-in-bunker,0,www.zeit.de,Reise in die Ukraine: BW-Innenminister muss wegen Luftalarm in Kiew in Bunker,Hier finden Sie Informationen zu dem Thema „Reise in die Ukraine“. Lesen Sie jetzt „BW-Innenminister muss wegen Luftalarm in Kiew in Bunker“.,https://img.zeit.de/news/2026-09/09/bw-innenminister-muss-wegen-luftalarm-in-kiew-in-bunker-image-group/wide__1300x731,2026-09-09T11:46:54Z,,Baden-Württembergs Innenminister Manuel Hagel (CDU) ist mit einer Delegation nach Kiew gereist und hat die Auswirkungen des Krieges in der ukrainischen Hauptstadt am eigenen Leib zu spüren bekommen. … [+1586 chars],,de,'Ukraine'
https://www.nzz.ch/wirtschaft/alkohol-milch-und-motorraeder-trump-will-amerikaner-mit-importverboten-vom-konsum-kanadischer-waren-abhalten-ld.10022995,https://www.nzz.ch/wirtschaft/alkohol-milch-und-motorraeder-trump-will-amerikaner-mit-importverboten-vom-konsum-kanadischer-waren-abhalten-ld.10022995,0,www.nzz.ch,"Alkohol, Milch und Motorräder: Trump will Amerikaner mit Importverboten vom Konsum kanadischer Waren abhalten",Die Vereinigten Staaten verbieten die Einfuhr weiterer Produkte aus Kanada. Doch der Handelskonflikt mit dem Nachbarland könnte für die Republikaner bei den Zwischenwahlen zum Problem werden.,"https://img-msp-prod.nzz.ch/2026/09/09/db65c1cc-841b-4988-adad-57fe859517f1.jpg?width=1200&height=675&fit=bounds&quality=75&auto=webp&crop=6000,3375,x0,y313&wmark=nzz",2026-09-09T12:24:51Z,,"Die Vereinigten Staaten verbieten die Einfuhr weiterer Produkte aus Kanada. Doch der Handelskonflikt mit dem Nachbarland könnte für die Republikaner bei den Zwischenwahlen zum Problem werden.
Zusamm… [+5538 chars]",,de,'Import'
https://www.focus.de/politik/der-kampf-um-die-ukraine-wird-zum-glaubenskrieg_6ca9be0b-2fe0-4513-8508-d903ba217514.html,https://www.focus.de/politik/der-kampf-um-die-ukraine-wird-zum-glaubenskrieg_6ca9be0b-2fe0-4513-8508-d903ba217514.html,0,www.focus.de,Der Kampf um die Ukraine wird zum Glaubenskrieg,"Priester unter Spionageverdacht, durchsuchte Klöster und eine Kirche, die um ihre Existenz kämpft: Die Ukraine geht gegen den russischen Einfluss auf die Orthodoxie vor. Der Kreml nutzt das Vorgehen, um Selenskyj als Christenverfolger darzustellen.","https://quadro.burda-forward.de/ctf/5f6ffda7-3bf3-4c5b-885b-00bda0d862f9.16dfe7e9-cff5-43cd-bca9-2aae0d0ff2cb.jpeg?im=RegionOfInterestCrop=(1200,630),regionOfInterest=(1020,540)&hash=7078359d695deaf720d92d1db1ff588f7fb4bf5e5e33001d6b621ea608d42321",2026-09-09T13:10:00Z,,"Russlands Patriarch Kirill hat für den Tod seiner Soldaten ein besonderes Versprechen: Wer bei der Erfüllung seiner militärischen Pflicht sterbe, bringe ein Opfer, das seine Sünden abwasche, erklärt … [+6395 chars]",,de,'Saporischschja'
https://www.faz.net/aktuell/politik/ausland/zwischen-iran-und-usa-eskaliert-der-tankerkrieg-201209178.html,https://www.faz.net/aktuell/politik/ausland/zwischen-iran-und-usa-eskaliert-der-tankerkrieg-201209178.html,0,www.faz.net,Im Persischen Golf: Der Tankerkrieg eskaliert,Iran nimmt amerikanische Kriegsschiffe ins Visier. Die USA versuchen den Feind mit Angriffen auf Tankschiffe abzuschrecken. Doch Teheran scheint eskalationsbereit.,https://media0.faz.net/image/w1200h627/c52efacce967/w2237h1168x101y196o/202609/43601.0.2529784592/dieser-screenshot-der-aus.webp,2026-09-09T13:29:05Z,,"Iran scheint entschlossen, ein amerikanisches Kriegsschiff zu treffen und damit womöglich weitere amerikanische Soldaten zu töten. In Washington wächst laut dem Wall Street Journal die Sorge, dass Ch… [+5675 chars]",,de,'Krieg'
https://www.zeit.de/news/2026-09/09/ki-zentrum-und-batteriespeicher-neue-plaene-fuer-akw-standort,https://www.zeit.de/news/2026-09/09/ki-zentrum-und-batteriespeicher-neue-plaene-fuer-akw-standort,0,www.zeit.de,Energie: KI-Zentrum und Batteriespeicher: Neue Pläne für AKW-Standort,Hier finden Sie Informationen zu dem Thema „Energie“. Lesen Sie jetzt „KI-Zentrum und Batteriespeicher: Neue Pläne für AKW-Standort“.,https://img.zeit.de/news/2026-09/09/ki-zentrum-und-batteriespeicher-neue-plaene-fuer-akw-standort-image-group/wide__1300x731,2026-09-09T14:00:47Z,,Im Landkreis Landshut soll ein Batteriegroßspeicher samt Rechenzentrum für künstliche Intelligenz (KI) entstehen. Bayerns Wirtschafts- und Energieminister Hubert Aiwanger bezeichnete entsprechende Pl… [+1568 chars],,de,'Energie'
https://www.zeit.de/news/2026-09/09/brandenburg-setzt-trotz-rueckschlag-auf-e-kerosin-grossprojekt,https://www.zeit.de/news/2026-09/09/brandenburg-setzt-trotz-rueckschlag-auf-e-kerosin-grossprojekt,0,www.zeit.de,Treibstoff-Versorgung: Brandenburg setzt trotz Rückschlag auf E-Kerosin-Großprojekt,Hier finden Sie Informationen zu dem Thema „Treibstoff-Versorgung“. Lesen Sie jetzt „Brandenburg setzt trotz Rückschlag auf E-Kerosin-Großprojekt“.,https://img.zeit.de/news/2026-09/09/brandenburg-setzt-trotz-rueckschlag-auf-e-kerosin-grossprojekt-image-group/wide__1300x731,2026-09-09T15:25:53Z,,Brandenburg setzt trotz des Ausstiegs eines Partners auf das geplante Großprojekt für klimafreundliches Fliegen auf dem Gelände der PCK-Raffinerie in Schwedt. «Wir haben ein großes Interesse an diese… [+2488 chars],,de,'Pipeline'
https://www.faz.net/aktuell/politik/ausland/wie-israel-die-landwirtschaft-in-libanon-zerstoert-201206894.html,https://www.faz.net/aktuell/politik/ausland/wie-israel-die-landwirtschaft-in-libanon-zerstoert-201206894.html,0,www.faz.net,Krieg in Libanon: Die Ernte ist auf Jahre ruiniert,"Israel zerstört die Landwirtschaft in Südlibanon, zum Teil mit hochumstrittenen Mitteln – wie Glyphosat und Phosphor. Der zuständige Minister in Beirut ist fassungslos.",https://media0.faz.net/image/w1200h627/75cd3cb320bc/w2464h1287x0y139o/202605/43601.0.2067904451/israelischer-beschuss-eine.webp,2026-09-09T18:14:19Z,,Nicht nur graue Kriegsruinen prägen die Szenerie in der Konfliktzone Südlibanons. Auch verkohlte Wälder oder verwüstete Haine von Olivenbäumen und Zitruspflanzen zeugen von den massiven Zerstörungen … [+7825 chars],,de,'Krieg'
https://www.faz.net/aktuell/politik/ausland/liveblog-irankrieg-berichte-ueber-explosionen-im-sueden-irans-faz-200583539.html,https://www.faz.net/aktuell/politik/ausland/liveblog-irankrieg-berichte-ueber-explosionen-im-sueden-irans-faz-200583539.html,0,www.faz.net,Liveblog Irankrieg: Berichte über Explosionen im Süden Irans,Bericht: Iran-Konflikt könnte bis Ende von Trumps Amtszeit dauern +++ IAEA meldet Iran wegen Atomverstößen an UN-Sicherheitsrat +++ Rohölpreis steigt auf mehr als 100 Dollar +++ alle Entwicklungen im Liveblog,https://media0.faz.net/image/w1200h627/b0ad7919b6f3/w6000h3135x0y433o/202609/43601.0.2528589953/die-jordanische-armee-hat-in.webp,2026-09-09T23:44:43Z,,Irans Außenministerium übt scharfe Kritik an einer möglichen Unterstützung der US-Marine durch Südkorea. Jede operative Beteiligung oder jede weitere militärische Präsenz anderer Parteien im Persisch… [+881 chars],,de,'Sicherheit'
https://www.morgenpost.de/ratgeber-wissen/article413099243/haus-energetisch-sanieren-so-kommen-sie-an-foerderungen-fuer-daemmung-fenster.html,https://www.morgenpost.de/ratgeber-wissen/article413099243/haus-energetisch-sanieren-so-kommen-sie-an-foerderungen-fuer-daemmung-fenster.html,0,www.morgenpost.de,Haus energetisch sanieren: So kommen Sie an Förderungen für Dämmung & Fenster,"Seit Juli 2026 gibt es für kleine Sanierungen am Haus weniger Förderung. Wann sich der Sanierungsfahrplan noch rechnet, verrät Finanztip.",https://img.sparknews.funkemedien.de/413102950/413102950_1788950769_v16_9_1600.jpeg,2026-09-10T05:00:00Z,,"Wer sein Haus sanieren will, sollte bei der Förderung jetzt genauer hinsehen. Seit Juli 2026 gibt es für kleinere Sanierungen weniger Zuschuss. Bei größeren Vorhaben kann ein Sanierungsfahrplan weite… [+4892 chars]",,de,'Dämmung'
https://www.zeit.de/news/2026-09/10/teure-energie-treibt-inflation-an-die-drei-prozent-marke,https://www.zeit.de/news/2026-09/10/teure-energie-treibt-inflation-an-die-drei-prozent-marke,0,www.zeit.de,Verbraucherpreise: Teure Energie treibt Inflation an die Drei-Prozent-Marke,Hier finden Sie Informationen zu dem Thema „Verbraucherpreise“. Lesen Sie jetzt „Teure Energie treibt Inflation an die Drei-Prozent-Marke“.,https://img.zeit.de/news/2026-09/10/teure-energie-treibt-inflation-an-die-drei-prozent-marke-image-group/wide__1300x731,2026-09-10T06:09:51Z,,"Der Iran-Krieg treibt die Energiepreise in die Höhe und verteuert das Leben in Deutschland. Im August lagen die Verbraucherpreise um 2,9 Prozent über dem Niveau des Vorjahresmonats, wie das Statistis… [+3016 chars]",,de,'Energie'
https://www.zeit.de/news/2026-09/10/mann-verwechselt-bremse-und-gas-ehefrau-stirbt-bei-unfall,https://www.zeit.de/news/2026-09/10/mann-verwechselt-bremse-und-gas-ehefrau-stirbt-bei-unfall,0,www.zeit.de,Tragischer Unfall: Mann verwechselt Bremse und Gas – Ehefrau stirbt bei Unfall,Hier finden Sie Informationen zu dem Thema „Tragischer Unfall“. Lesen Sie jetzt „Mann verwechselt Bremse und Gas – Ehefrau stirbt bei Unfall“.,https://img.zeit.de/news/2026-09/10/mann-verwechselt-bremse-und-gas-ehefrau-stirbt-bei-unfall-image-group/wide__1300x731,2026-09-10T06:34:09Z,,"Eine 68-Jährige ist bei einem Parkunfall in Sulzbach an der Murr (Rems-Murr-Kreis) gestorben. Wie die Polizei mitteilte, wollte der gleichaltrige Ehemann der Frau am Mittwochnachmittag mit seinem Aut… [+303 chars]",,de,'Gas'
https://www.zeit.de/politik/deutschland/2026-09/bundesinnenminister-alexander-dobrindt-csu-hybride-kriegsfuehrung-bedrohung-migration,https://www.zeit.de/politik/deutschland/2026-09/bundesinnenminister-alexander-dobrindt-csu-hybride-kriegsfuehrung-bedrohung-migration,0,www.zeit.de,Haushaltsdebatte: Bundesinnenminister Dobrindt sieht hohe Bedrohungslage in Deutschland,"»Wir sind nicht im Krieg, aber wir sind tägliches Ziel hybrider Kriegsführung«, sagt Alexander Dobrindt. Nachrichtendienste und Cyberabwehr müssten gestärkt werden.",https://img.zeit.de/politik/deutschland/2026-09/asylpolitik-alexander-dobrindt-csu-migration-grenzkontrollen-foto-1/wide__1300x731,2026-09-10T08:20:07Z,,"Bundesinnenminister Alexander Dobrindt sieht Deutschland als tägliches Ziel hybrider Kriegsführung. Die Bedrohungslage in Deutschland sei hoch, sagte der CSU-Politiker bei der Debatte um den Etat des… [+819 chars]",,de,'Krieg'
https://www.tagesspiegel.de/kultur/russlands-krieg-gegen-bucher-und-bibliotheken-eine-brucke-aus-papier-ist-notwendiger-denn-je-16033896.html,https://www.tagesspiegel.de/kultur/russlands-krieg-gegen-bucher-und-bibliotheken-eine-brucke-aus-papier-ist-notwendiger-denn-je-16033896.html,0,www.tagesspiegel.de,Russlands Krieg gegen Bücher und Bibliotheken: Eine Brücke aus Papier ist notwendiger denn je,Wie soll man umgehen mit der ideologischen Zerstörung von Literatur und Schulbüchern durch die Russen? Eindrücke vom Literaturfestival in Lwiw und einer Buchmesse in Charkiw.,https://www.tagesspiegel.de/images/16034140/alternates/BASE_16_9_W1400/1788950359000/0o4a0638.jpeg,2026-09-10T08:25:16Z,,"Am 1. August zerstörte ein gezielter russischer Angriff auf Charkiw das RNK-Ranok, eines der größten Logistikzentren des Landes, in dem die Bestände zahlreicher Verlage lagerten. Acht Millionen Büche… [+305 chars]",,de,'Krieg'
https://www.kino.de/film/muss-ich-unbedingt-sehen-erschuetternder-kriegsfilm-auf-netflix-basiert-auf-wahrer-geschichte--01M256R4S2Y6KCQ53HPV6P33JX,https://www.kino.de/film/muss-ich-unbedingt-sehen-erschuetternder-kriegsfilm-auf-netflix-basiert-auf-wahrer-geschichte--01M256R4S2Y6KCQ53HPV6P33JX,0,www.kino.de,„Muss ich unbedingt sehen“: Erschütternder Kriegsfilm auf Netflix basiert auf wahrer Geschichte,Pearl Harbor reißt vier College-Football-Stars aus ihrem Alltag und schickt sie in den Pazifikkrieg: Erster Trailer für Netflix-Kriegsfilm „The Mosquito Bowl“.,https://static.kino.de/6e/30/a1/4380c025f74704d09f59895f6b_cmUgMTkyMCAxMDgwAzYwNDAyNzAwNTk2.jpg,2026-09-10T08:25:33Z,,"Pearl Harbor reißt vier College-Football-Stars aus ihrem Alltag und schickt sie in den Pazifikkrieg: Netflix hat den ersten Trailer zu The Mosquito Bowl veröffentlicht.
Der erste Teaser zu The Mosqu… [+2337 chars]",,de,'Krieg'
https://www.tagesspiegel.de/internationales/dpa-machtkampf-im-jemen-16038165.html,https://www.tagesspiegel.de/internationales/dpa-machtkampf-im-jemen-16038165.html,0,www.tagesspiegel.de,Machtkampf im Jemen: Huthi auf dem Vormarsch – neue Gefahr für die Schifffahrt?,Die Huthi haben eine strategisch wichtige Hafenstadt im Jemen erobert. Damit rückt die Miliz näher an eine der wichtigsten Schifffahrtsrouten der Welt. Droht eine weitere Eskalation im Iran-Krieg?,https://www.tagesspiegel.de/images/16039464/alternates/BASE_16_9_W1400/1789043709000/huthi-auf-dem-vormarsch-neue-gefahr-fur-die-schifffahrt.jpeg,2026-09-10T08:33:12Z,,Im Jemen am südlichen Ende des Roten Meeres verschieben sich die Machtverhältnisse: Die Huthi-Miliz hat nach Angaben aus jemenitischen Militärkreisen und Augenzeugenberichten die strategisch wichtige… [+5283 chars],,de,'Krieg'
https://www.focus.de/politik/ausland/neuer-rekord-ukrainische-drohnen-legen-3000-kilometer-zurueck-und-treffen-russlands-gashauptstadt-in-der-arktis_75d2e825-89ef-4c16-9c68-9a632284f7eb.html,https://www.focus.de/politik/ausland/neuer-rekord-ukrainische-drohnen-legen-3000-kilometer-zurueck-und-treffen-russlands-gashauptstadt-in-der-arktis_75d2e825-89ef-4c16-9c68-9a632284f7eb.html,0,www.focus.de,Neuer Rekord: Ukrainische Drohnen legen 3000 Kilometer zurück und treffen Russlands „Gashauptstadt” in der Arktis,"Der Ukraine-Krieg erreicht Regionen, die in Russland lange als sicher galten. In Nowy Urengoi brannte nach einem Angriff eine wichtige Gasanlage.","https://quadro.burda-forward.de/ctf/265c15ed-4539-4bca-8b92-5ed22a65149b.cea989d8-d1dc-4962-86bc-2e5203494016.jpg?im=RegionOfInterestCrop=(1200,630),regionOfInterest=(902,659)&hash=ade0abbb88f8bec81779a51342b8af340f32b80c65aa096bde04c5f46107c67c",2026-09-10T08:56:00Z,,"Die Ukraine hat nach eigenen Angaben erstmals einen Gasstandort im hohen Norden Russlands angegriffen, etwa 3000 Kilometer von der Grenze entfernt. In Nowy Urengoi im autonomen Kreis der Jamal-Nenzen… [+2734 chars]",,de,'Krieg'
https://www.tagesspiegel.de/internationales/dpa-auslandische-soldaten-16038270.html,https://www.tagesspiegel.de/internationales/dpa-auslandische-soldaten-16038270.html,0,www.tagesspiegel.de,Ausländische Soldaten: Amnesty wirft Russland Menschenhandel bei Rekrutierung vor,Seit mehr als viereinhalb Jahren währt der russische Krieg gegen die Ukraine. Beide rekrutieren Soldaten auch im Ausland. Menschenrechtler erheben jetzt schwere Vorwürfe gegen Russland.,https://www.tagesspiegel.de/images/16038269/alternates/BASE_16_9_W1400/1789030883000/amnesty-international.jpeg,2026-09-10T09:01:23Z,,Die Menschenrechtsorganisation Amnesty International hat Russland Menschenhandel bei der Rekrutierung von ausländischen Kämpfern für den Krieg in der Ukraine vorgeworfen. Viele Rekruten wurden mit fa… [+2765 chars],,de,'Krieg'
https://www.n-tv.de/politik/Ukraine-gelingt-neuer-Drohnenrekord-in-Russland-id31290334.html,https://www.n-tv.de/politik/Ukraine-gelingt-neuer-Drohnenrekord-in-Russland-id31290334.html,0,www.n-tv.de,Angriffe auf Sibirien : Ukraine gelingt neuer Drohnenrekord in Russland,"Die Ukraine stellt einen folgenschweren Rekord auf: Mit Langstreckendrohnen schlägt das ukrainische Militär in Sibirien, mehr als 3000 Kilometer von der ukrainischen Grenze entfernt, zu. Videos zeigen die Folgen des Angriffs.",https://www.n-tv.de/img/31290536/1789034516/Img_16_9/1200/image.jpg,2026-09-10T09:06:30Z,,"Die Angriffe auf Russland wurden laut dem Hersteller mit Drohnen des Typs FP-1 ausgeführt. (Foto: AP Photo/Efrem Lukatsky)
Die Ukraine stellt einen folgenschweren Rekord auf: Mit Langstreckendrohnen… [+1928 chars]",,de,'Krieg'
https://www.zeit.de/politik/deutschland/2026-09/cdu-grossbeeren-brandbrief-friedrich-merz-afd-gxe,https://www.zeit.de/politik/deutschland/2026-09/cdu-grossbeeren-brandbrief-friedrich-merz-afd-gxe,0,www.zeit.de,CDU in Großbeeren: CDU-Hochburg in Brandenburg schreibt Brandbrief an Bundeskanzler Merz,Im brandenburgischen Großbeeren haben 33 CDU-Mitglieder einen Brief an Friedrich Merz veröffentlicht. Die Niederlage in Sachsen-Anhalt sei kein »Betriebsunfall«.,https://img.zeit.de/politik/deutschland/2026-09/cdu-grossbeeren-brandbrief-friedrich-merz-afd-foto-1/wide__1300x731,2026-09-10T09:22:59Z,,"In der Gemeinde Großbeeren bei Berlin haben CDU-Mitglieder einen Brandbrief an Bundeskanzler Friedrich Merz geschrieben. »Wir brauchen keine CDU-Führung, die der Basis erklärt, warum ihre Politik eig… [+1445 chars]",,de,'Friedrich Merz'
https://www.focus.de/politik/ausland/kameraden-verraten-irak-veteran-erhebt-schwere-vorwuerfe-gegen-jd-vance_61094ca6-2c7a-4aef-94b5-df7c71dead57.html,https://www.focus.de/politik/ausland/kameraden-verraten-irak-veteran-erhebt-schwere-vorwuerfe-gegen-jd-vance_61094ca6-2c7a-4aef-94b5-df7c71dead57.html,0,www.focus.de,„Kameraden verraten“ – Irak-Veteran erhebt schwere Vorwürfe gegen JD Vance,Ein früherer US-Marine geht öffentlich auf Distanz zu Vizepräsident JD Vance. Streit gibt es um dessen Worte zum amerikanischen Krieg gegen Iran.,"https://quadro.burda-forward.de/ctf/f779b474-82c6-48a2-8a61-efd032f25ad9.9f3d7c40-09c4-4157-a544-743aee27b1f0.jpg?im=RegionOfInterestCrop=(1200,630),regionOfInterest=(869,349)&hash=fd8d143ace21a83418bc99db2e11193fef819f535b5674bce15fa4d5e8436ace",2026-09-10T09:31:00Z,,"Der Marine-Veteran Joslin Joseph wirft US-Vizepräsident JD Vance vor, aktive Soldaten und frühere Militärangehörige vor den Kopf zu stoßen. Er kritisiert Vances Weigerung, den seit Monaten laufenden … [+3371 chars]",,de,'Krieg'
https://www.tagesschau.de/ausland/europa/angriffe-ukraine-russland-108.html,https://www.tagesschau.de/ausland/europa/angriffe-ukraine-russland-108.html,0,www.tagesschau.de,Tote nach russischem Angriff auf Einkaufszentrum in Sumy,Russland und die Ukraine haben ihre gegenseitigen Angriffe fortgesetzt. Bei einer russischen Attacke auf ein Einkaufszentrum starben laut Behörden zwei Menschen. Die Ukraine nahm russische Infrastruktur und den Badeort Sotschi ins Visier.,https://images.tagesschau.de/image/4a52c396-448e-4ca8-8191-01dc066552cb/AAABoIptDBI/AAABnSSvrFg/16x9-big/einkaufszentrum-sumy-100.jpg?width=1280,2026-09-10T09:33:23Z,,"Stand: 10.09.2026 11:33 Uhr
Russland und die Ukraine haben ihre gegenseitigen Angriffe fortgesetzt. Bei einer russischen Attacke auf ein Einkaufszentrum starben laut Behörden zwei Menschen. Die Ukra… [+2213 chars]",,de,'Ukraine'
https://www.diepresse.com/41249562/amnesty-wirft-russland-menschenhandel-bei-rekrutierung-fuer-ukraine-vor,https://www.diepresse.com/41249562/amnesty-wirft-russland-menschenhandel-bei-rekrutierung-fuer-ukraine-vor,0,www.diepresse.com,Amnesty wirft Russland Menschenhandel bei Rekrutierung für Ukraine-Krieg vor,"Bei der Anwerbung werden laut der Menschenrechtsorganisation Mittel wie Nötigung, Betrug, Täuschung oder die Ausnutzung einer wirtschaftlichen Schwächelage eingesetzt.",https://img.diepresse.com/public/incoming/bfrpy9-imago0866121570hjpg/alternates/WEBP_WIDE_1200/imago0866121570h.jpg,2026-09-10T09:35:45Z,,"Die Presse auf Google als bevorzugte Nachrichtenquelle hinzufügen.
 Die Menschenrechtsorganisation Amnesty International hat Russland Menschenhandel bei der Rekrutierung von ausländischen Kämpfern f… [+2685 chars]",,de,'Krieg'
https://www.faz.net/aktuell/feuilleton/debatten/der-irakische-schriftsteller-sinan-antoon-ueber-9-11-und-die-folgen-in-der-arabisch-muslimischen-welt-accg-201207162.html,https://www.faz.net/aktuell/feuilleton/debatten/der-irakische-schriftsteller-sinan-antoon-ueber-9-11-und-die-folgen-in-der-arabisch-muslimischen-welt-accg-201207162.html,0,www.faz.net,Sinan Antoon über 9/11: „Ein terroristischer Krieg hat den Terrorismus in den Irak gebracht“,Dominieren intellektuelle Faulheit und Plattitüden die Debatte über den 11. September? Ein Gespräch mit dem irakischen Schriftsteller Sinan Antoon über die Folgen des Krieges gegen den Terror für sein Heimatland und die Region.,https://media0.faz.net/image/w1200h627/2d13454dfb9f/w2464h1287x0y198o/202609/43601.0.2501368454/zu-fall-gebracht-amerikanische.webp,2026-09-10T09:35:59Z,,"Sinan Antoon, in diesen Tagen, in denen sich der 25. Jahrestag der Terroranschläge vom 11. September nähert, wird viel darüber nachgedacht, welche Auswirkungen diese Attentate auch in der arabisch-mu… [+6230 chars]",,de,'Krieg'
https://www.welt.de/wirtschaft/article6aa17555240b302c8a83f149/russlands-raetselhafte-kapitalflucht-putins-reiche-bringen-ihr-geld-in-sicherheit.html,https://www.welt.de/wirtschaft/article6aa17555240b302c8a83f149/russlands-raetselhafte-kapitalflucht-putins-reiche-bringen-ihr-geld-in-sicherheit.html,0,www.welt.de,Russlands rätselhafte Kapitalflucht – Putins Eliten bringen ihr Geld in Sicherheit,Die „graue“ Kapitalflucht aus Russland hat im zweiten Quartal einen historischen Rekordwert erreicht und lässt sogar die Zentralbank ratlos zurück. Gleichzeitig verkauft die Notenbank selbst Gold in Rekordhöhe. Wovon zeugen diese Vorgänge?,https://images.welt.de/6aa17555240b302c8a83f149/728bfc1e7bf49ce2716193203ccb37e4-master/ci16x9-w1200/gettyimages-2027926930-jpg,2026-09-10T09:40:47Z,,Die graue Kapitalflucht aus Russland hat im zweiten Quartal einen historischen Rekordwert erreicht und lässt sogar die Zentralbank ratlos zurück. Gleichzeitig verkauft die Notenbank selbst Gold in Re… [+5312 chars],,de,'Sicherheit'
https://www.welt.de/politik/ausland/article6aa0109a240b302c8a83d977/hybride-kriegsfuehrung-der-kreml-will-zeigen-dass-russland-keine-roten-linien-mehr-hat.html,https://www.welt.de/politik/ausland/article6aa0109a240b302c8a83d977/hybride-kriegsfuehrung-der-kreml-will-zeigen-dass-russland-keine-roten-linien-mehr-hat.html,0,www.welt.de,"„Der Kreml will zeigen, dass Russland keine roten Linien mehr hat“","Putin verstärkt seine hybride Kriegsführung gegen Verbündete der Ukraine. Russland-Experte Stefan Meister erklärt, warum Moskau gerade jetzt eskaliert – und warum Deutschland besonders im Visier steht.",https://images.welt.de/6aa0109a240b302c8a83d977/93aafcc17234ddf8a28cc06444593ade-master/ci16x9-w1200/apdpa-32b674008fb7d2ac-jpg,2026-09-10T09:42:17Z,,"Putin verstärkt seine hybride Kriegsführung gegen Verbündete der Ukraine. Russland-Experte Stefan Meister erklärt, warum Moskau gerade jetzt eskaliert und warum Deutschland besonders im Visier steht.… [+7922 chars]",,de,'Krieg'
https://www.faz.net/aktuell/politik/ausland/liveblog-irankrieg-usa-verhaengen-neue-sanktionen-gegen-unterstuetzer-irans-faz-200583539.html,https://www.faz.net/aktuell/politik/ausland/liveblog-irankrieg-usa-verhaengen-neue-sanktionen-gegen-unterstuetzer-irans-faz-200583539.html,0,www.faz.net,Liveblog Irankrieg: USA verhängen neue Sanktionen gegen Unterstützer Irans,"Ziel sei die wirtschaftliche Isolation Irans, so das US-Finanzministerium +++ Niedrige Bestände: US-Streitkräfte sollen 30 Patriot-Raketen abgefeuert haben +++ Berichte über Explosionen im Süden Irans +++ alle Entwicklungen im Liveblog",https://media0.faz.net/image/w1200h627/8773cdeaefce/w5437h2840x0y109o/202609/43601.0.2512673394/us-finanzminister-scott.webp,2026-09-10T12:15:53Z,,"Die USA haben am Donnerstag neue Sanktionen gegen Firmen und Einzelpersonen verhängt, die nach Angaben der Regierung in Washington die libanesische Hizbullah und andere von Iran unterstützte Gruppen … [+1487 chars]",,de,'Iran'
https://consent.yahoo.com/v2/collectConsent?sessionId=1_cc-session_90ad882d-07db-41f6-be46-66a3e4e4bfa8,https://consent.yahoo.com/v2/collectConsent?sessionId=1_cc-session_90ad882d-07db-41f6-be46-66a3e4e4bfa8,0,consent.yahoo.com,Gas Turbine And Grid Backlog Powers GE Vernova (GEV),,,2026-09-10T12:19:45Z,,"If you click 'Accept all', we and our partners, including 252 who are part of the IAB Transparency &amp; Consent Framework, will also store and / or access information on a device (in other words, us… [+1046 chars]",,de,'Gas'
https://www.faz.net/aktuell/politik/ukraine/ukraine-liveticker-ukraine-weitreichendster-angriff-mit-drohnen-gegen-russland-faz-110683325.html,https://www.faz.net/aktuell/politik/ukraine/ukraine-liveticker-ukraine-weitreichendster-angriff-mit-drohnen-gegen-russland-faz-110683325.html,0,www.faz.net,Liveblog Ukrainekrieg: Ukraine: Weitreichendster Angriff mit Drohnen gegen Russland,Zwei Ziele in rund 3000 Kilometer Entfernung sollen getroffen worden sein +++ Kiew: Risiko für Selenskyj bei Drohnenvorfall „übertrieben“ +++ Ukrainische Seedrohnen treffen Sotschi +++ alle Neuigkeiten im Liveblog,https://media0.faz.net/image/w1200h627/aa072b219302/w3000h1567x0y231o/202609/43601.0.2535034606/ukrainische.webp,2026-09-10T12:28:55Z,,Ein Flugzeug mit dem ukrainischen Präsidenten Wolodymyr Selenskyj an Bord ist nach norwegischen Angaben in Moldau beinahe von einer Drohne getroffen worden. Der Vorfall habe sich beim Start der Masch… [+1547 chars],,de,'Ukraine'
https://www.dw.com/de/ungarn-weist-zehn-russische-diplomaten-wegen-spionageverdachts-aus-stoppt-russland-gaslieferungen/a-79209485,https://www.dw.com/de/ungarn-weist-zehn-russische-diplomaten-wegen-spionageverdachts-aus-stoppt-russland-gaslieferungen/a-79209485,0,www.dw.com,Magyar kontra Moskau: Ungarns neue Härte gegenüber Russland,"Der neue Premier Peter Magyar beendet Viktor Orbans Russland-Nähe radikal: Budapest weist zehn russische Diplomaten aus, mutmaßlich wegen Spionage. In Moskau gibt es Überlegungen, mit einem Gaslieferstopp zu antworten.",https://static.dw.com/image/78450950_6.jpg,2026-09-10T13:06:00Z,,"Unter Viktor Orban war kein anderes EU-Land so prorussisch eingestellt wie Ungarn. Der abgewählte Autokrat wurde wegen seiner Dienstfertigkeit gegenüber dem russischen Diktator bisweilen als ""Putins … [+7266 chars]",,de,'Kreml'
https://www.nzz.ch/zuerich/hacker-prozess-in-zuerich-ukrainer-mit-russland-verbindung-verurteilt-ld.10023236,https://www.nzz.ch/zuerich/hacker-prozess-in-zuerich-ukrainer-mit-russland-verbindung-verurteilt-ld.10023236,0,www.nzz.ch,"Hacks, Erpressungen und Kinderpornografie: Ukrainer in Zürich wegen Cyberangriffen verurteilt – die Spur führt zum Kreml",Ein Softwareentwickler aus dem Kanton Baselland soll die Schlüsselfigur einer kriminellen Bande sein. Jetzt muss er für über zehn Jahre hinter Gitter.,"https://img-msp-prod.nzz.ch/2026/09/10/57a9220f-941a-4132-a239-9d12bc3a9470.jpg?width=1200&height=675&fit=bounds&quality=75&auto=webp&crop=2727,1534,x273,y374&wmark=nzz",2026-09-10T14:14:02Z,,"Ein Softwareentwickler aus dem Kanton Baselland soll die Schlüsselfigur einer kriminellen Bande sein. Jetzt muss er für über zehn Jahre hinter Gitter.
Illustration Anja Lemcke / NZZ
Er nannte sich … [+5780 chars]",,de,'Kreml'
https://www.telepolis.de/article/BSW-Populismus-in-Magdeburg-Ein-Antrag-fuellt-keinen-Gasspeicher-11449269.html,https://www.telepolis.de/article/BSW-Populismus-in-Magdeburg-Ein-Antrag-fuellt-keinen-Gasspeicher-11449269.html,0,www.telepolis.de,BSW-Populismus in Magdeburg: Ein Antrag füllt keinen Gasspeicher,"Sahra Wagenknecht will per Landtagsantrag Nord Stream öffnen. Die Pipeline ist zerstört, EU-verboten – Magdeburg hat null Zuständigkeit. Ein Kommentar.",https://heise.cloudimg.io/v7/_www-heise-de_/imgs/18/5/1/6/3/0/6/6/shutterstock_2469809941-e9dce4e248b4d90f.jpg?func=bound&height=1200&org_if_sml=1&q=85&width=1200,2026-09-10T15:00:00Z,,"(Bild: penofoto / Shutterstock.com)
Sahra Wagenknecht will per Landtagsantrag Nord Stream öffnen. Die Pipeline ist zerstört, EU-verboten Magdeburg hat null Zuständigkeit. Ein Kommentar.
Wenn wir in… [+5036 chars]",,de,'Gas'
https://www.n-tv.de/wirtschaft/Erste-Unternehmen-bereiten-sich-auf-einen-Gasmangel-vor-id31292561.html,https://www.n-tv.de/wirtschaft/Erste-Unternehmen-bereiten-sich-auf-einen-Gasmangel-vor-id31292561.html,0,www.n-tv.de,Notfall-Kontakte werden erfragt: Erste Unternehmen bereiten sich auf einen Gasmangel vor,"Wie im Jahr 2022 formulieren deutsche Unternehmen Erklärungen, warum sie auch bei einem Gasmangel dringend weiterversorgt werden müssten. Ein Netzbetreiber verlangt wieder Kontaktdaten für den Krisenfall.",https://www.n-tv.de/img/31292626/1789055928/Img_16_9/1200/578372312.jpg,2026-09-10T15:10:14Z,,"Erinnerungen an 2022 werden wach, als Russland Deutschland den Gashahn zudrehte. (Foto: picture alliance/dpa/dpa-Zentralbild)
Wie im Jahr 2022 formulieren deutsche Unternehmen Erklärungen, warum sie… [+3384 chars]",,de,'Gasmangel'
https://www.tagesschau.de/ausland/asien/trump-golfstaaten-verhaeltnis-100.html,https://www.tagesschau.de/ausland/asien/trump-golfstaaten-verhaeltnis-100.html,0,www.tagesschau.de,Iran-Krieg: Wie die Golfstaaten US-Präsident Trump sehen,Anfangs gab es viel Sympathie und große Deals. Doch inzwischen ist die Trump-Euphorie am Golf vorbei. Die arabischen Partner fühlen sich von den USA im Iran-Krieg alleingelassen - und ziehen ihre Lehren daraus. Von Anna Osius.,https://images.tagesschau.de/image/c2bb9918-fc41-4b4d-8892-e2f1fecaf34f/AAABoIu5scs/AAABnSSvrFg/16x9-big/mohammed-bin-salman-trump-100.jpg?width=1280,2026-09-10T15:43:18Z,,"Stand: 10.09.2026 17:43 Uhr
Anfangs gab es viel Sympathie und große Deals. Doch inzwischen ist die Trump-Euphorie am Golf vorbei. Die arabischen Partner fühlen sich von den USA im Iran-Krieg alleing… [+3577 chars]",,de,'Iran'
https://www.bild.de/politik/ausland-und-internationales/der-plan-des-kreml-diktators-so-will-putin-die-ukraine-im-winter-in-die-knie-zwingen-6aa2efdc4efdd38dc3e6a88e,https://www.bild.de/politik/ausland-und-internationales/der-plan-des-kreml-diktators-so-will-putin-die-ukraine-im-winter-in-die-knie-zwingen-6aa2efdc4efdd38dc3e6a88e,0,www.bild.de,Der Plan des Kreml-Diktators - So will Putin die Ukraine in die Knie zwingen,Experte warnt: Putin hat einen Plan für die Entscheidungsschlacht diesen Winter.,"https://images.bild.de/6aa2efdc4efdd38dc3e6a88e/2d118a0dc194e86e3df2682dac5362c6,865fd980?w=1280",2026-09-10T18:33:17Z,,TTS-Player überspringenArtikel weiterlesenMoskau Die Ukraine steht vor dem härtesten Winter seit der russischen Invasion vor vier Jahren. Es könnte sogar der entscheidende Kriegswinter sein. Denn Rus… [+1969 chars],,de,'Winter'
https://www.zeit.de/news/2026-09/10/tote-nach-russischem-drohnenangriff-auf-pawlohrad,https://www.zeit.de/news/2026-09/10/tote-nach-russischem-drohnenangriff-auf-pawlohrad,0,www.zeit.de,Ukraine-Krieg: Tote nach russischem Drohnenangriff auf Pawlohrad,Hier finden Sie Informationen zu dem Thema „Ukraine-Krieg“. Lesen Sie jetzt „Tote nach russischem Drohnenangriff auf Pawlohrad“.,https://img.zeit.de/news/2026-09/10/tote-nach-russischem-drohnenangriff-auf-pawlohrad-image-group/wide__1300x731,2026-09-10T18:48:36Z,,Bei einem russischen Drohnenangriff sind in der südostukrainischen Stadt Pawlohrad mindestens vier Menschen getötet und mehr als 60 weitere verletzt worden. Das teilte der ukrainische Präsident Wolod… [+1150 chars],,de,'Ukraine'
https://www.nzz.ch/international/wahlen-in-schweden-ueberholt-die-linke-die-rechte-regierung-ld.10023059,https://www.nzz.ch/international/wahlen-in-schweden-ueberholt-die-linke-die-rechte-regierung-ld.10023059,0,www.nzz.ch,"Schweden wählt ein neues Parlament, und die Linke liegt in den Umfragen klar vorne. Die rechte Regierung hat geliefert – und genau das könnte ihr zum Verhängnis werden","Wenn die Wähler zur Urne schreiten, geht es um Sicherheit und Geld. Darüber, wer in die Regierung einzieht, dürfte die Hauptstadt Stockholm entscheiden.","https://img-msp-prod.nzz.ch/2026/09/10/2218534e-15d1-47f9-8189-856f7d1085b1.jpg?width=1200&height=675&fit=bounds&quality=75&auto=webp&crop=4335,2439,x1217,y756&wmark=nzz",2026-09-11T03:30:00Z,,"Wenn die Wähler zur Urne schreiten, geht es um Sicherheit und Geld. Darüber, wer in die Regierung einzieht, dürfte die Hauptstadt Stockholm entscheiden.
Zusammenfassung
Magdalena Andersson oder Ulf… [+5860 chars]",,de,'Sicherheit'
https://www.n-tv.de/politik/Israel-zerstoert-unterirdische-Hisbollah-Basis-im-Suedlibanon-id31294087.html,https://www.n-tv.de/politik/Israel-zerstoert-unterirdische-Hisbollah-Basis-im-Suedlibanon-id31294087.html,0,www.n-tv.de,Tunnelsystem über zwei Kilometer: Israel zerstört unterirdische Hisbollah-Basis im Südlibanon,"Waffenlager, Wohnräume und eine Kommandozentrale - alles unter der Erde: Israel zerstört wichtige Infrastruktur der Iran-gestützten Hisbollah-Miliz. Die Erschütterungen durch die Aktion im Südlibanon sind selbst in Beirut zu spüren.",https://www.n-tv.de/img/31294074/1789105521/Img_16_9/1200/image.jpg,2026-09-11T03:49:05Z,,"Tunnelsystem über zwei KilometerIsrael zerstört unterirdische Hisbollah-Basis im Südlibanon 
Die Explosionen auf dem Ali al-Taher-Höhenzug waren kilometerweit zu hören. (Foto: via REUTERS)
Waffenla… [+3401 chars]",,de,'Benjamin Netanjahu'
https://www.faz.net/aktuell/politik/inland/die-kosten-der-abhaengigkeit-von-russischem-gas-accg-201213548.html,https://www.faz.net/aktuell/politik/inland/die-kosten-der-abhaengigkeit-von-russischem-gas-accg-201213548.html,0,www.faz.net,Gaslieferungen: Was Deutschland die Abhängigkeit von Russland gekostet hat,"Um die Folgen des Stopps der russischen Gaslieferungen 2022 abzumildern, verkündete Olaf Scholz den „Doppelwumms“. 200 Milliarden waren dafür vorgesehen. Was wurde aus dem Geld?",https://media0.faz.net/image/w1200h627/f86d18ad0837/w3000h1567x0y165o/202209/43600.0.1181880814/bundeskanzler-olaf-scholz-spd.webp,2026-09-11T04:30:00Z,,"Die höchste Inflationsrate seit Anfang der Fünfzigerjahre, hohe Gas- und Strompreise: Das war die Lage in Deutschland im September 2022 infolge der russischen Vollinvasion in die Ukraine. Um die Ener… [+4828 chars]",,de,'Olaf Scholz'
https://www.zeit.de/news/2026-09/11/portal-us-diesel-kostet-erstmals-6-us-dollar-pro-gallone,https://www.zeit.de/news/2026-09/11/portal-us-diesel-kostet-erstmals-6-us-dollar-pro-gallone,0,www.zeit.de,Krieg im Iran: Portal: US-Diesel kostet erstmals 6 US-Dollar pro Gallone,Hier finden Sie Informationen zu dem Thema „Krieg im Iran“. Lesen Sie jetzt „Portal: US-Diesel kostet erstmals 6 US-Dollar pro Gallone“.,https://img.zeit.de/news/2026-09/11/portal-us-diesel-kostet-erstmals-6-us-dollar-pro-gallone-image-group/wide__1300x731,2026-09-11T04:49:54Z,,"Der landesweite Durchschnittspreis für Diesel ist in den USA nach Daten des Marktanalyseportals Gasbuddy auf die Rekordmarke von 6,00 US-Dollar pro Gallone (3,785 Liter) geklettert. Damit sei Diesel … [+1584 chars]",,de,'Iran'
https://www.n-tv.de/wirtschaft/Anthropic-wirft-chinesischen-Rivalen-Technologie-Klau-vor-id31294150.html,https://www.n-tv.de/wirtschaft/Anthropic-wirft-chinesischen-Rivalen-Technologie-Klau-vor-id31294150.html,0,www.n-tv.de,Kreml nutzt KI für Cyberangriffe: Anthropic wirft chinesischen Rivalen Technologie-Klau vor,"Künstliche Intelligenz wird laut dem Entwickler Anthropic zunehmend zur Steuerung ganzer Cyberangriffe eingesetzt. Das Unternehmen berichtet von einer mutmaßlich russischen Spionagekampagne und chinesischen KI-Firmen, die sein Modell für eigene Zwecke missbra…",https://www.n-tv.de/img/4436269/1747837571/Img_16_9/1200/image.jpg,2026-09-11T05:06:41Z,,"Claude-Entwickler Anthropic hat nach eigenen Angaben mehrere Fälle von missbräuchlicher Nutzung seines KI-Modells unterbunden. (Foto: picture alliance / CHROMORANGE)
Künstliche Intelligenz wird laut… [+2825 chars]",,de,'Kreml'
https://www.zeit.de/politik/deutschland/2026-09/polen-grenze-ukraine-donald-tusk-russland-gxe,https://www.zeit.de/politik/deutschland/2026-09/polen-grenze-ukraine-donald-tusk-russland-gxe,0,www.zeit.de,Bedrohung durch Russland: Polen meldet Abwehr von Bedrohung an Grenzübergang zur Ukraine,"Donald Tusk hat erneut vor russischen Provokationen an der Nato-Ostgrenze gewarnt. Dabei geht er auf Geheimdienstinformationen der USA ein, die mit ihm geteilt wurden.",https://img.zeit.de/politik/deutschland/2026-09/polen-grenze-ukraine-donald-tusk-russland-foto-1/wide__1300x731,2026-09-11T05:17:23Z,,"Polen hat nach Angaben von Ministerpräsident Donald Tusk eine Bedrohung
an einem der Grenzübergänge in die Ukraine abgewendet. Das sagte Tusk bei einer
Pressekonferenz auf einem Besuch in Bratislav… [+1916 chars]",,de,'Ukraine'
https://www.faz.net/aktuell/politik/ausland/liveblog-irankrieg-saudis-sollen-usa-zu-angriffen-auf-houthis-gedraengt-haben-faz-200583539.html,https://www.faz.net/aktuell/politik/ausland/liveblog-irankrieg-saudis-sollen-usa-zu-angriffen-auf-houthis-gedraengt-haben-faz-200583539.html,0,www.faz.net,Liveblog Irankrieg: Saudis sollen USA zu Angriffen auf Huthis gedrängt haben,Medienbericht spricht von Anrufen des Kronprinzen bei Trump +++ USA verhängen neue Sanktionen gegen Unterstützer Irans +++ Niedrige Bestände: US-Streitkräfte sollen 30 Patriot-Raketen abgefeuert haben +++ alle Entwicklungen im Liveblog,https://media0.faz.net/image/w1200h627/7ed714f3991d/w6500h3396x0y667o/202609/43601.0.2538781142/der-saudische-kronprinz.webp,2026-09-11T06:28:54Z,,"Die USA haben am Donnerstag neue Sanktionen gegen Firmen und Einzelpersonen verhängt, die nach Angaben der Regierung in Washington die libanesische Hizbullah und andere von Iran unterstützte Gruppen … [+1487 chars]",,de,'Iran'
https://www.zeit.de/news/2026-09/11/bund-gab-50-milliarden-euro-fuer-folgen-der-energiekrise-aus,https://www.zeit.de/news/2026-09/11/bund-gab-50-milliarden-euro-fuer-folgen-der-energiekrise-aus,0,www.zeit.de,Folgen des Ukraine-Kriegs: Bund gab 50 Milliarden Euro für Folgen der Energiekrise aus,Hier finden Sie Informationen zu dem Thema „Folgen des Ukraine-Kriegs“. Lesen Sie jetzt „Bund gab 50 Milliarden Euro für Folgen der Energiekrise aus“.,https://img.zeit.de/news/2026-09/11/bund-gab-50-milliarden-euro-fuer-folgen-der-energiekrise-aus-image-group/wide__1300x731,2026-09-11T07:41:20Z,,"Die Bundesregierung hat rund 50,4 Milliarden Euro ausgegeben, um Verbraucher in der Energiekrise zu entlasten und die Märkte zu stabilisieren. Das geht aus einer Antwort des Bundesfinanzministeriums … [+1637 chars]",,de,'Ukraine'
https://www.tagesschau.de/ausland/amerika/usa-11-september-aussenpolitik-100.html,https://www.tagesschau.de/ausland/amerika/usa-11-september-aussenpolitik-100.html,0,www.tagesschau.de,Wie der 11. September die US-Außenpolitik verändert hat,"Der ""Krieg gegen den Terror"", die Logik von Präventivkriegen: Die Anschläge am 11. September 2001 hatten dramatische Folgen für die Außen- und Sicherheitspolitik der USA - die bis heute nachwirken. Von Carsten Kühntopp.",https://images.tagesschau.de/image/984e8bac-ccc7-4b49-aa8c-7325a3eceee1/AAABoGLEyoM/AAABnSSvrFg/16x9-big/bush-184.jpg?width=1280,2026-09-11T09:33:10Z,,"Stand: 11.09.2026 11:33 Uhr
Der ""Krieg gegen den Terror"", die Logik von Präventivkriegen: Die Anschläge am 11. September 2001 hatten dramatische Folgen für die Außen- und Sicherheitspolitik der USA … [+7173 chars]",,de,'Krieg'
https://www.nzz.ch/meinung/das-zuercher-urteil-gegen-einen-hacker-zeigt-erfolge-sind-moeglich-wenn-die-ermittler-ihre-kraefte-auf-cyberkriminelle-fokussieren-ld.10023268,https://www.nzz.ch/meinung/das-zuercher-urteil-gegen-einen-hacker-zeigt-erfolge-sind-moeglich-wenn-die-ermittler-ihre-kraefte-auf-cyberkriminelle-fokussieren-ld.10023268,0,www.nzz.ch,KOMMENTAR - Das Zürcher Urteil gegen einen Hacker zeigt: Erfolge sind möglich – wenn die Ermittler ihre Kräfte auf Cyberkriminelle fokussieren,"Cyberkriminelle sind eine Bedrohung. Die Verurteilung eines Ukrainers zu zwölf Jahren Haft zeigt, dass die Bekämpfung möglich ist. Doch es braucht mehr Ressourcen. Sonst kapituliert der Rechtsstaat.","https://img-msp-prod.nzz.ch/2026/09/10/43dec83c-041e-4fa0-8d35-9083b9f8f9b3.jpg?width=1200&height=674&fit=bounds&quality=75&auto=webp&crop=3000,1687,x0,y309&wmark=nzz",2026-09-11T09:58:00Z,,"Cyberkriminelle sind eine Bedrohung. Die Verurteilung eines Ukrainers zu zwölf Jahren Haft zeigt, dass die Bekämpfung möglich ist. Doch es braucht mehr Ressourcen. Sonst kapituliert der Rechtsstaat.… [+4196 chars]",,de,'Kreml'
https://www.zeit.de/wirtschaft/2026-09/gasspeicher-deutschland-fuellstand-gaspreise-italien-subvention,https://www.zeit.de/wirtschaft/2026-09/gasspeicher-deutschland-fuellstand-gaspreise-italien-subvention,0,www.zeit.de,Lage der Gasspeicher: Nun bringt auch noch Italien die deutsche Gasversorgung unter Druck,"Italien erhöht den Anreiz, mehr Gas aus Deutschland zu importieren. Das könnte Folgen für den Winter haben. Ministerin Reiche aber setzt weiter auf den Markt.",https://img.zeit.de/wirtschaft/2026-09/gasspeicher-deutschland-fuellstand-gaspreise-italien-subvention-bild-2/wide__1300x731,2026-09-11T10:13:02Z,,"Ein strahlend blauer Bergsee, viel Geröll, karge Alpenlandschaft: Der Griespass (Passo del Gries) über die Alpen zwischen der Schweiz und Italien war früher eine viel genutzte Handelsroute. Heute eri… [+824 chars]",,de,'Winter'
https://www.faz.net/aktuell/finanzen/ezb-zinserhoehung-ein-vernuenftiger-zinsschritt-201211056.html,https://www.faz.net/aktuell/finanzen/ezb-zinserhoehung-ein-vernuenftiger-zinsschritt-201211056.html,0,www.faz.net,Europäische Zentralbank: Gebotener Zinsschritt,"Die Inflation ist nach wie vor zum allergrößten Teil durch höhere Energiepreise geprägt. Trotzdem ist es richtig, dass die EZB die Zinsen anhebt.",https://media0.faz.net/image/w1200h627/84259a04ac06/w6144h3210x0y431o/202609/43601.0.2515521948/die-europaeische-zentralbank.webp,2026-09-11T10:21:30Z,,"Die Europäische Zentralbank (EZB) erhöht nach Juni abermals die Leitzinsen, um 0,25 Prozentpunkte. Das ist keine Überraschung. An den Finanzmärkten war das weitgehend erwartet worden. Trotzdem war de… [+2099 chars]",,de,'Pipeline'
https://www.zeit.de/news/2026-09/11/neues-leitbild-soll-sachsens-industrie-aus-der-krise-fuehren,https://www.zeit.de/news/2026-09/11/neues-leitbild-soll-sachsens-industrie-aus-der-krise-fuehren,0,www.zeit.de,Wirtschaftspolitik: Neues Leitbild soll Sachsens Industrie aus der Krise führen,Hier finden Sie Informationen zu dem Thema „Wirtschaftspolitik“. Lesen Sie jetzt „Neues Leitbild soll Sachsens Industrie aus der Krise führen“.,https://img.zeit.de/news/2026-09/11/neues-leitbild-soll-sachsens-industrie-aus-der-krise-fuehren-image-group/wide__1300x731,2026-09-11T10:47:13Z,,"Sachsens Wirtschaft will keine verlängerte Werkbank sein und seine Stärken besser ausspielen. Neben einem starken Mittelstand und Handwerk sieht man dabei industrielle Kompetenz, Forschung und Entwic… [+894 chars]",,de,'Industrie'
https://www.zeit.de/news/2026-09/11/gelockertes-energie-team-will-sensation-der-sensationen,https://www.zeit.de/news/2026-09/11/gelockertes-energie-team-will-sensation-der-sensationen,0,www.zeit.de,2. Fußball-Bundesliga: Gelockertes Energie-Team will «Sensation der Sensationen»,Hier finden Sie Informationen zu dem Thema „2. Fußball-Bundesliga“. Lesen Sie jetzt „Gelockertes Energie-Team will «Sensation der Sensationen»“.,https://img.zeit.de/news/2026-09/11/gelockertes-energie-team-will-sensation-der-sensationen-image-group/wide__1300x731,2026-09-11T12:20:31Z,,"Aufsteiger Energie Cottbus will nach der berauschenden Aufholjagd in Wolfsburg seine Spielweise in der neuen Liga weiter optimieren. «Wir haben uns in den Spielen so viele Möglichkeiten erarbeitet, w… [+1890 chars]",,de,'Energie'
https://www.zeit.de/news/2026-09/11/huthi-rebellen-greifen-nach-wichtiger-meerenge-bab-al-mandab,https://www.zeit.de/news/2026-09/11/huthi-rebellen-greifen-nach-wichtiger-meerenge-bab-al-mandab,0,www.zeit.de,Erfolg für Verbündete des Iran: Huthi-Rebellen greifen nach wichtiger Meerenge Bab al-Mandab,Hier finden Sie Informationen zu dem Thema „Erfolg für Verbündete des Iran“. Lesen Sie jetzt „Huthi-Rebellen greifen nach wichtiger Meerenge Bab al-Mandab“.,https://img.zeit.de/news/2026-09/11/huthi-rebellen-greifen-nach-wichtiger-meerenge-bab-al-mandab-image-group/wide__1300x731,2026-09-11T12:36:57Z,,Die mit dem Iran verbündeten Huthi-Rebellen haben jemenitischen Regierungsquellen zufolge die gesamte Küste des Roten Meeres im Jemen und strategisch wichtige Inseln eingenommen. Damit haben die Huth… [+5396 chars],,de,'Iran'
https://www.focus.de/politik/deutschland/energiekrise-nach-russlands-angriff-auf-die-ukraine-staatliche-hilfen-kosteten-den-bund-ueber-50-milliarden-euro_a6c7cea4-40de-454b-a6b6-21dcff9f3057.html,https://www.focus.de/politik/deutschland/energiekrise-nach-russlands-angriff-auf-die-ukraine-staatliche-hilfen-kosteten-den-bund-ueber-50-milliarden-euro_a6c7cea4-40de-454b-a6b6-21dcff9f3057.html,0,www.focus.de,Energiekrise nach Russlands Angriff auf die Ukraine: Staatliche Hilfen kosteten den Bund über 50 Milliarden Euro,"Strom- und Gaspreisbremse, Soforthilfen und Energiepauschalen summierten sich auf rund 50,4 Milliarden Euro. Allein die Strompreisbremse kostete 16,3 Milliarden Euro.","https://quadro.burda-forward.de/ctf/1b199921-8043-4904-88fc-bf20a4c60fb0.241da7c7-6897-4dfd-a515-ca9dbd9677af.jpeg?im=RegionOfInterestCrop=(1200,630),regionOfInterest=(1024,660)&hash=8ceb099b6e026c38e976034f110f9d4db7fb93b2f920af4df12e7ef25edb0381",2026-09-11T13:05:00Z,,"Die staatlichen Unterstützungsmaßnahmen in der Energiekrise nach dem russischen Angriff auf die Ukraine im Februar 2022 haben die Bundesregierung rund 50,4 Milliarden Euro gekostet.
Das geht aus ein… [+4216 chars]",,de,'Ukraine'
https://www.faz.net/aktuell/politik/ausland/huthi-rebellen-es-droht-dem-welthandel-eine-lange-blockade-201218581.html,https://www.faz.net/aktuell/politik/ausland/huthi-rebellen-es-droht-dem-welthandel-eine-lange-blockade-201218581.html,0,www.faz.net,Schifffahrt bedroht: Nur noch Trump könnte die Huthi das Fürchten lehren,Iran und die Huthi-Rebellen bedrohen jetzt zwei wichtige Meerengen am Golf. Es droht eine lange Blockade.,https://media0.faz.net/image/w1200h627/9e0c19c14ff8/w6144h3210x0y443o/202609/43601.0.2540147484/huthi-anhaenger-auf-einer.webp,2026-09-11T13:33:30Z,,"Was lange als Sorge durch Diplomaten- und Geheimdienstzirkel geisterte, scheint nun bittere Realität zu sein: Die Huthi-Rebellen schließen ihren Würgegriff um ein weiteres Nadelöhr des Welthandels un… [+1878 chars]",,de,'Iran'
https://www.faz.net/aktuell/politik/ausland/huthi-rueckt-im-jemen-vor-angriff-auf-die-lebensader-des-welthandels-201217883.html,https://www.faz.net/aktuell/politik/ausland/huthi-rueckt-im-jemen-vor-angriff-auf-die-lebensader-des-welthandels-201217883.html,0,www.faz.net,Huthi im Roten Meer: „Angriff auf die Lebensader des Welthandels“,Die mit Iran verbündeten Huthi-Rebellen erhalten Zugriff auf eine der wichtigsten Meerengen der Welt. Der Druck auf den Welthandel steigt – und Deutschland dürfte besonders hart getroffen werden.,https://media0.faz.net/image/w1200h627/c5042f34b296/w3984h2081x0y405o/202603/43601.0.1930792506/huthi-kaempfer-waehrend-einer.webp,2026-09-11T13:41:00Z,,Die Huthi-Miliz hat jemenitischen Regierungsquellen zufolge am Freitag eine strategisch gelegene Insel in der Meerenge Bab al-Mandab erobert. Damit erhalten sie Zugriff auf eine der wichtigsten Schif… [+4647 chars],,de,'Iran'
https://www.teltarif.de/gas-heizen-gasspeicher-winter/news/106013.html,https://www.teltarif.de/gas-heizen-gasspeicher-winter/news/106013.html,0,www.teltarif.de,Gasspeicher auf Rekordtief: Droht Winter-Engpass?,"Gasspeicher nur zur Hälfte gefüllt: Während die Energiebranche vor Engpässen warnt, sieht die Regierung noch keinen Grund zur Sorge.",https://www.teltarif.de/img/arch/2026/kw37/gas-heizen-gasspeicher-winter-1og.jpg,2026-09-11T13:50:00Z,,Harter Spar-Winter im Anmarsch? Die deutschen Gasspeicher sind so leer wie nie zuvor zu dieser Jahreszeit. Anfang September standen nur noch rund 53 Prozent des Fassungs­vermö­gens zur Verfügung  ei… [+5243 chars],,de,'Gasmangel'
https://www.bild.de/politik/ausland-und-internationales/claude-anthropic-stoppt-missbrauch-fuer-biowaffen-und-raketen-6aa3c1ae181cb962d488b9c2,https://www.bild.de/politik/ausland-und-internationales/claude-anthropic-stoppt-missbrauch-fuer-biowaffen-und-raketen-6aa3c1ae181cb962d488b9c2,0,www.bild.de,Sicherheitsbericht enthüllt - Huthis bauten Raketen mit KI,"Anthropic dokumentiert erstmals, wie Nutzer Claude für Biowaffenforschung, Raketen und autonome Drohnenschwärme einsetzen wollten.","https://images.bild.de/6aa3c1ae181cb962d488b9c2/0e622ae350e4ea2ea646d4aa52cd7675,94a57a82?w=1280",2026-09-11T14:08:39Z,,"TTS-Player überspringenArtikel weiterlesenSan Francisco (USA) Mehrere Nutzer von Claude haben offenbar versucht, mit der KI Biowaffen zu entwickeln. Der Chatbot sollte nach Angaben seines Herstellers… [+2070 chars]",,de,'Kreml'
https://www.zeit.de/politik/ausland/2026-09/huthis-miliz-insel-jemen-bab-al-mandab-meerenge,https://www.zeit.de/politik/ausland/2026-09/huthis-miliz-insel-jemen-bab-al-mandab-meerenge,0,www.zeit.de,Huthi-Miliz: Diese Eroberung hat Folgen für die ganze Welt,Die Huthis haben die gesamte jemenitische Küste am Roten Meer erobert. Für die USA und Israel ist das eine Katastrophe – und auch für die globale Energieversorgung.,https://img.zeit.de/politik/ausland/2026-09/huthis-miliz-insel-jemen-bab-al-mandab-meerenge-bild-2/wide__1300x731,2026-09-11T15:33:23Z,,"Es ist vielleicht nur ein Zufall, dass ausgerechnet an diesem Tag dem 25. Jahrestag der Terrorangriffe vom 11. September 2001  Hiobsbotschaften aus der arabischen Welt die Nachrichten bestimmen. Aber… [+675 chars]",,de,'Energie'
https://www.bild.de/politik/ausland-und-internationales/ukraine-bei-lyman-gegenoffensive-draengt-russland-im-donbass-zurueck-6aa41eac181cb962d488c2e1,https://www.bild.de/politik/ausland-und-internationales/ukraine-bei-lyman-gegenoffensive-draengt-russland-im-donbass-zurueck-6aa41eac181cb962d488c2e1,0,www.bild.de,Heimliche Gegenoffensive - Ukraine drängt Russen bei Lyman zurück,Die Ukraine hat bei Lyman offenbar 150 bis über 200 Quadratkilometer zurückerobert. Die monatelang geheime Offensive setzt Russland unter Druck und blamiert Putin.,"https://images.bild.de/6aa41eac181cb962d488c2e1/78f62208947e77d7cbcde240f4906345,748d7fe3?w=1280",2026-09-11T16:15:13Z,,TTS-Player überspringenArtikel weiterlesenLyman (Ukraine) Die Ukraine hat offenbar eine der erfolgreichsten Gegenoffensiven des Jahres 2026 durchgeführt. Über mehrere Monate hinweg gelang es Einheite… [+2584 chars],,de,'Kreml'
https://www.zeit.de/politik/deutschland/2026-09/cdu-friedrich-merz-dennis-radtke-daniel-peters,https://www.zeit.de/politik/deutschland/2026-09/cdu-friedrich-merz-dennis-radtke-daniel-peters,0,www.zeit.de,Kritik am CDU-Chef: Parteiinterne Kritik an Friedrich Merz nimmt zu,Bundeskanzler und CDU-Chef Friedrich Merz steht zunehmend unter Druck. Der Widerstand gegen seinen Kurs wächst – auch in der eigenen Partei.,https://img.zeit.de/politik/deutschland/2026-09/cdu-friedrich-merz-dennis-radtke-daniel-peters-foto-1/wide__1300x731,2026-09-11T16:34:52Z,,"In der CDU wächst der Widerstand gegen den Parteivorsitzenden und Bundeskanzler Friedrich Merz. Der Arbeitnehmerflügel der Christdemokraten (CDA) forderte Merz auf, einen anderen Weg einzuschlagen. … [+1378 chars]",,de,'Friedrich Merz'
https://www.zeit.de/politik/ausland/2026-09/afd-russland-ukraine-krieg-unterstuetzung,https://www.zeit.de/politik/ausland/2026-09/afd-russland-ukraine-krieg-unterstuetzung,0,www.zeit.de,"AfD und Russland : Stellt euch vor, die Front bricht","Lieber heute als morgen würden AfD und BSW die Militärhilfen für die Ukraine stoppen. Die unvermeidliche Folge: eine gewaltige Fluchtbewegung, auch nach Deutschland.",https://img.zeit.de/politik/ausland/2026-09/afd-russland-ukraine-krieg-unterstuetzung-bild-bild-01/wide__1300x731,2026-09-11T17:01:27Z,,"Schließen
Artikelzusammenfassung
Die entscheidende Frage lautet: Hält die Front? Der Autor schildert Eindrücke seiner Reise durch die Ukraine und berichtet von Menschen in Charkiw, Sumy und anderen… [+981 chars]",,de,'Ukraine'
https://www.zeit.de/news/2026-09/11/saudi-arabien-schaltet-nach-angriffen-wichtige-pipeline-ab,https://www.zeit.de/news/2026-09/11/saudi-arabien-schaltet-nach-angriffen-wichtige-pipeline-ab,0,www.zeit.de,Energie: Saudi-Arabien schaltet nach Angriffen wichtige Pipeline ab,Hier finden Sie Informationen zu dem Thema „Energie“. Lesen Sie jetzt „Saudi-Arabien schaltet nach Angriffen wichtige Pipeline ab“.,https://img.zeit.de/news/2026-09/11/saudi-arabien-schaltet-nach-angriffen-wichtige-pipeline-ab-image-group/wide__1300x731,2026-09-11T19:54:02Z,,"Saudi-Arabien hat die wichtige Ost-West-Pipeline, die unter Umgehung der faktisch blockierten Straße von Hormus Öl vom Persischen Golf zum Roten Meer bringen kann, nach Angriffen auf die Leitung in d… [+1698 chars]",,de,'Pipeline'
https://www.n-tv.de/politik/21-13-Britische-Schaetzung-500-000-russische-Soldaten-getoetet-id31297927.html,https://www.n-tv.de/politik/21-13-Britische-Schaetzung-500-000-russische-Soldaten-getoetet-id31297927.html,0,www.n-tv.de,Ukraine-Krieg im Liveticker: +++ 21:13 Britische Schätzung: 500.000 russische Soldaten getötet +++,"Berlin, Washington, Brüssel - überall. ntv berichtet von allen wichtigen Schauplätzen der Innen- und Außenpolitik.",https://www.n-tv.de/img/2339153/1721988811/Img_16_9/1200/image.jpg,2026-09-11T20:00:00Z,,"Eine britische Militärgeheimdienst-Einschätzung geht davon aus, dass ungefähr eine halbe Million russische Soldaten seit Beginn der großangelegten Invasion der Ukraine im Februar 2022 getötet wurden.… [+27687 chars]",,de,'Krieg'
https://www.jungewelt.de/artikel/529655.comic-der-bär-und-die-wölfe.html,https://www.jungewelt.de/artikel/529655.comic-der-bär-und-die-wölfe.html,0,www.jungewelt.de,Comic: Der Bär und die Wölfe,"Der Italoschweizer Giuliano da Empoli ist Politikwissenschaftler und -berater, Journalist und sehr erfolgreicher Roman- und Sachbuchautor. Sein Roman »Der Magier im Kreml« gewann den Preis der Académie Française und hätte um ein Haar den Prix Goncourt bekomme…",https://www.jungewelt.de/img/1100/227166.jpg,2026-09-11T22:00:00Z,,"Der Italoschweizer Giuliano da Empoli ist Politikwissenschaftler und -berater, Journalist und sehr erfolgreicher Roman- und Sachbuchautor. Sein Roman »Der Magier im Kreml« von 2022 über einen Theater… [+5337 chars]",,de,'Kreml'
https://www.zeit.de/politik/ausland/2026-09/ost-west-oelpipeline-saudi-arabien-drohnenangriff-irak,https://www.zeit.de/politik/ausland/2026-09/ost-west-oelpipeline-saudi-arabien-drohnenangriff-irak,0,www.zeit.de,Ost-West-Pipeline: Saudi-Arabien stellt Betrieb wichtiger Ölpipeline nach Angriff ein,Nach einem Angriff aus dem Irak stoppt Saudi-Arabien den Betrieb der wichtigen Ost-West-Pipeline. Die Regierung will vorerst nicht darauf reagieren.,https://img.zeit.de/politik/deutschland/2026-09/oelfeld-in-saudi-arabien-bild/wide__1300x731,2026-09-11T22:36:48Z,,Nach einem Angriff hat Saudi-Arabien den Betrieb einer wichtigen Ölpipeline eingestellt. In einer Stellungnahme bezeichnete das saudische Energieministerium den Stopp des Betriebs der sogenannten Ost… [+1950 chars],,de,'Pipeline'
https://www.welt.de/politik/ausland/article6aa48b2d181cb962d488c780/spannungen-mit-russland-putin-macht-westliche-globalisten-fuer-afd-erfolg-verantwortlich-und-warnt-europa.html,https://www.welt.de/politik/ausland/article6aa48b2d181cb962d488c780/spannungen-mit-russland-putin-macht-westliche-globalisten-fuer-afd-erfolg-verantwortlich-und-warnt-europa.html,0,www.welt.de,Putin macht „westliche Globalisten“ für AfD-Erfolg verantwortlich – und warnt Europa,"Russlands Präsident führt den Wahlsieg der AfD auf Fehler westlicher Eliten zurück. Globalisten in ‌Politik, Sicherheit und Wirtschaft haben laut Putin zudem den Ukraine-Krieg ‌provoziert, indem sie versucht hätten, die Ukraine in die Nato zu ziehen. Für Euro…",https://images.welt.de/6aa48b2d181cb962d488c780/233e8e35228789ce6ab0b4591a9407ca-master/ci16x9-w1200/618631096-jpg,2026-09-11T23:35:25Z,,"Russlands Präsident führt den Wahlsieg der AfD auf Fehler westlicher Eliten zurück. Globalisten in Politik, Sicherheit und Wirtschaft haben laut Putin zudem den Ukraine-Krieg provoziert, indem sie ve… [+2214 chars]",,de,'Krieg'
https://www.faz.net/aktuell/politik/ausland/liveblog-irankrieg-saudi-arabien-schliesst-nach-angriffen-wichtige-ost-west-pipeline-faz-200583539.html,https://www.faz.net/aktuell/politik/ausland/liveblog-irankrieg-saudi-arabien-schliesst-nach-angriffen-wichtige-ost-west-pipeline-faz-200583539.html,0,www.faz.net,Liveblog Irankrieg: Saudi-Arabien schließt nach Angriffen wichtige Ost-West-Pipeline,Irak schließt nach Drohnenangriff auf saudische Pipeline Grenzübergang zu Iran +++ Saudis sollen USA zu Angriffen auf Huthi-Miliz gedrängt haben +++ alle Entwicklungen im Liveblog,https://media0.faz.net/image/w1200h627/9922852a33f3/w2835h1481x0y250o/202609/43601.0.2541731449/oelfoerderung-in-saudi-arabien.webp,2026-09-12T00:23:54Z,,"Die USA haben am Donnerstag neue Sanktionen gegen Firmen und Einzelpersonen verhängt, die nach Angaben der Regierung in Washington die libanesische Hizbullah und andere von Iran unterstützte Gruppen … [+1487 chars]",,de,'Iran'
https://www.faz.net/aktuell/politik/ukraine/ukraine-liveticker-selenskyj-vertrauter-gespraeche-zwischen-usa-ukraine-und-russland-noch-im-oktober-faz-110683325.html,https://www.faz.net/aktuell/politik/ukraine/ukraine-liveticker-selenskyj-vertrauter-gespraeche-zwischen-usa-ukraine-und-russland-noch-im-oktober-faz-110683325.html,0,www.faz.net,"Liveblog Ukrainekrieg: Selenskyj-Vertrauter: Gespräche zwischen USA, Ukraine und Russland noch im Oktober",Kreml: Dialog könnte „in absehbarer Zeit“ fortgesetzt werden +++ Putin warnt vor europäischen Soldaten in Ukraine: Würde „Krieg gegen Russland“ bedeuten +++ alle Neuigkeiten im Liveblog,https://media0.faz.net/image/w1200h627/bb79f3ad15f9/w3000h1567x0y128o/202601/43601.0.1684620795/kyrylo-budanow-stabschef-des.webp,2026-09-12T00:26:43Z,,"Der ukrainische Präsident Wolodymyr Selenskyj will sich Ende September in New York mit US-Präsident Donald Trump treffen. Ende September werden wir die Gelegenheit haben, das amerikanische Team in Ne… [+1196 chars]",,de,'Kreml'
https://www.zeit.de/news/2026-09/12/putin-fuehrt-afd-erfolg-auf-fehler-des-westens-zurueck,https://www.zeit.de/news/2026-09/12/putin-fuehrt-afd-erfolg-auf-fehler-des-westens-zurueck,0,www.zeit.de,Ukraine-Krieg: Putin führt AfD-Erfolg auf Fehler des Westens zurück,Hier finden Sie Informationen zu dem Thema „Ukraine-Krieg“. Lesen Sie jetzt „Putin führt AfD-Erfolg auf Fehler des Westens zurück“.,https://img.zeit.de/news/2026-09/12/putin-fuehrt-afd-erfolg-auf-fehler-des-westens-zurueck-image-group/wide__1300x731,2026-09-12T02:06:01Z,,"Kremlchef Wladimir Putin hat das starke Ergebnis der AfD bei der jüngsten Landtagswahl in Sachsen-Anhalt auch auf Fehler des Westens zurückgeführt. Alles, was derzeit in Europa passiere, sei das Erge… [+4093 chars]",,de,'Ukraine'
https://www.zeit.de/news/2026-09/12/behoerde-gasspeicher-koennten-schon-jetzt-fuer-winter-reichen,https://www.zeit.de/news/2026-09/12/behoerde-gasspeicher-koennten-schon-jetzt-fuer-winter-reichen,0,www.zeit.de,Bald beginnt die Heizperiode: Behörde: Gasspeicher könnten schon jetzt für Winter reichen,Hier finden Sie Informationen zu dem Thema „Bald beginnt die Heizperiode“. Lesen Sie jetzt „Behörde: Gasspeicher könnten schon jetzt für Winter reichen“.,https://img.zeit.de/news/2026-09/12/behoerde-gasspeicher-koennten-schon-jetzt-fuer-winter-reichen-image-group/wide__1300x731,2026-09-12T03:05:05Z,,"Die Bundesnetzagentur ist Bedenken entgegengetreten, dass Deutschlands Gasspeicher in diesem Winter nicht ausreichen könnten für die Gasversorgung. «Wir haben jetzt schon etwas mehr Gas in den Speich… [+2475 chars]",,de,'Winter'
https://www.nzz.ch/international/afd-und-der-ukraine-krieg-ruediger-lucassen-im-interview-ld.10023250,https://www.nzz.ch/international/afd-und-der-ukraine-krieg-ruediger-lucassen-im-interview-ld.10023250,0,www.nzz.ch,"INTERVIEW - «Solange der Kreml keinerlei Ernsthaftigkeit bei Friedensgesprächen zeigt, verstummen auch die moskaufreundlichen Stimmen in der AfD zusehends», sagt Rüdiger Lucassen","Der AfD-Bundestagsabgeordnete fährt am Wochenende nach Kiew. Im Interview erklärt er, wie er den Ukrainern die Position seiner Partei vermitteln will. Er fordert, Russland Gegengeschäfte für einen Friedensschluss anzubieten.","https://img-msp-prod.nzz.ch/2026/09/10/09b4b126-0939-425c-8ec0-0a82796fa0bd.jpg?width=1200&height=675&fit=bounds&quality=75&auto=webp&crop=6000,3375,x0,y313&wmark=nzz",2026-09-12T03:30:00Z,,"Der AfD-Bundestagsabgeordnete fährt am Wochenende nach Kiew. Im Interview erklärt er, wie er den Ukrainern die Position seiner Partei vermitteln will. Er fordert, Russland Gegengeschäfte für einen Fr… [+12127 chars]",,de,'Kreml'
https://www.zeit.de/news/2026-09/12/pipeline-stillgelegt-saudische-oelexporte-massiv-unter-druck,https://www.zeit.de/news/2026-09/12/pipeline-stillgelegt-saudische-oelexporte-massiv-unter-druck,0,www.zeit.de,Konflikt im Nahen Osten: Pipeline stillgelegt: Saudische Ölexporte massiv unter Druck,Hier finden Sie Informationen zu dem Thema „Konflikt im Nahen Osten“. Lesen Sie jetzt „Pipeline stillgelegt: Saudische Ölexporte massiv unter Druck“.,https://img.zeit.de/news/2026-09/12/pipeline-stillgelegt-saudische-oelexporte-massiv-unter-druck-image-group/wide__1300x731,2026-09-12T04:10:53Z,,Der sich ausweitende Konflikt im Nahen Osten setzt den weltgrößten Ölexporteur Saudi-Arabien massiv unter Druck. Nach der iranischen Blockade der Straße von Hormus und der zunehmenden Bedrohung der M… [+6873 chars],,de,'Pipeline'
https://www.focus.de/kultur/kino-tv/buergergeld-empfaengerin-leann-frisch-verliebt-eine-frau-bringt-sie-zum-strahlen_47aaf4f3-4da6-426f-8ba8-67c5e13712de.html,https://www.focus.de/kultur/kino-tv/buergergeld-empfaengerin-leann-frisch-verliebt-eine-frau-bringt-sie-zum-strahlen_47aaf4f3-4da6-426f-8ba8-67c5e13712de.html,0,www.focus.de,Bürgergeld-Empfängerin Leann frisch verliebt: Eine Frau bringt sie zum Strahlen,Bei „Hartz und herzlich“ könnte es für Leann schon bald ein Liebes-Happy-End geben. Nach schwierigen Wochen gibt es im Leben der 21-Jährigen endlich wieder einen Grund zum Strahlen: Eine Frau hat offenbar ihr Herz erobert.,"https://quadro.burda-forward.de/ctf/44d4dbcd-24f5-4cc3-9cb9-7559c18368b6.b4f1362c-3ada-4b7e-83c3-0afb0995f436.jpeg?im=RegionOfInterestCrop=(1200,630),regionOfInterest=(800,450)&hash=8aa9e95e734274a829b99e018c9be141510e822a5e9bf486d55fbc001a53faa3",2026-09-12T05:54:00Z,,Zuletzt hatte Leann mit einigen Problemen zu kämpfen. Wegen eines Mäusebefalls musste die Bürgergeld-Empfängerin vorübergehend ihre eigenen vier Wände verlassen und bei ihrer Mutter Jannie unterkomme… [+1446 chars],,de,'Bürgergeld'
https://www.telepolis.de/article/Russlands-Armee-ist-nicht-am-Ende-aber-ihr-Modell-wird-teurer-11450569.html,https://www.telepolis.de/article/Russlands-Armee-ist-nicht-am-Ende-aber-ihr-Modell-wird-teurer-11450569.html,0,www.telepolis.de,"Russlands Armee ist nicht am Ende, aber ihr Modell wird teurer","Totgesagte leben länger: Die russische Armee ist häufiges Spekulationsobjekt. Eine Analyse, warum der Krieg militärisch weitergeführt werden kann.",https://heise.cloudimg.io/v7/_www-heise-de_/imgs/18/5/1/6/3/7/2/7/shutterstock_2605118481-6f3ac48948d771df.jpg?func=bound&height=1200&org_if_sml=1&q=85&width=1200,2026-09-12T06:00:00Z,,"(Bild: SGr / Shutterstock.com)
Totgesagte leben länger: Die russische Armee ist häufiges Spekulationsobjekt. Eine Analyse, warum der Krieg militärisch weitergeführt werden kann.
Die Armee Russlands… [+7669 chars]",,de,'Krieg'
https://www.welt.de/politik/ausland/video6aa4f31a240b302c8a8421e8/ukraine-krieg-putin-macht-westliche-globalisten-fuer-afd-erfolg-verantwortlich-und-warnt-europa.html,https://www.welt.de/politik/ausland/video6aa4f31a240b302c8a8421e8/ukraine-krieg-putin-macht-westliche-globalisten-fuer-afd-erfolg-verantwortlich-und-warnt-europa.html,0,www.welt.de,Putin macht „westliche Globalisten“ für AfD-Erfolg verantwortlich – und warnt Europa,Der Ausgang der Landtagswahl in Sachsen-Anhalt wurde offenbar auch im Kreml aufmerksam verfolgt. WELT-Reporter Christoph Wanner berichtet aus Kiew.,https://images.welt.de/6aa4f31a240b302c8a8421e8/6cd9485c5d00fc68244bfd610e9af306/ci16x9-w1200/618631096-jpg,2026-09-12T06:39:24Z,,Die WELT als ePaper: Die vollständige Ausgabe steht Ihnen bereits am Vorabend zur Verfügung so sind Sie immer hochaktuell informiert. Weitere Informationen https://epaper.welt.de,,de,'Kreml'
https://www.n-tv.de/wirtschaft/Wichtige-saudische-Pipeline-stillgelegt-wird-Benzin-noch-teurer-id31298215.html,https://www.n-tv.de/wirtschaft/Wichtige-saudische-Pipeline-stillgelegt-wird-Benzin-noch-teurer-id31298215.html,0,www.n-tv.de,Ölexporte massiv unter Druck: Wichtige saudische Pipeline stillgelegt - wird Benzin noch teurer?,Nach Drohnenangriffen muss Saudi-Arabien auch noch eine zentrale Ölpipeline abschalten - bisher eine Alternative zur Straße von Hormus. Der Ölpreis und damit die Spritpreise in Deutschland könnten empfindlich steigen.,https://www.n-tv.de/img/31298236/1789199788/Img_16_9/1200/image.jpg,2026-09-12T06:40:29Z,,"Ölexporte massiv unter DruckWichtige saudische Pipeline stillgelegt - wird Benzin noch teurer?
Satellitenbilder sollen zeigen, dass es an der wichtigen Ost-West-Pipeline brannte. (Foto: via REUTERS)… [+6742 chars]",,de,'Pipeline'
https://www.welt.de/politik/article6aa4edfd54c3cd4441e24bdb/dort-fuehlen-sich-schwule-sicherer-wie-in-brasilien-berliner-cdukandidat-fordert-videoueberwachung-zum-schutz-homosexueller.html,https://www.welt.de/politik/article6aa4edfd54c3cd4441e24bdb/dort-fuehlen-sich-schwule-sicherer-wie-in-brasilien-berliner-cdukandidat-fordert-videoueberwachung-zum-schutz-homosexueller.html,0,www.welt.de,Wie in Brasilien – Berliner CDU‑Kandidat fordert Videoüberwachung zum Schutz Homosexueller,"CDU-Spitzenkandidat Stefan Evers regt für die Hauptstadt mehr Videoüberwachung an, auch, um vulnerable Gruppen zu schützen. In Brasilien habe ein entsprechendes Vorgehen mehr Sicherheit für Homosexuelle gebracht. Auf Fragen nach dem Kanzler reagierte Evers au…",https://images.welt.de/6aa4edfd54c3cd4441e24bdb/399489932e8c5ca19b8aea7aa681457e/ci16x9-w1200/gyi-2293582312-jpg,2026-09-12T07:08:02Z,,"CDU-Spitzenkandidat Stefan Evers regt für die Hauptstadt mehr Videoüberwachung an, auch, um vulnerable Gruppen zu schützen. In Brasilien habe ein entsprechendes Vorgehen mehr Sicherheit für Homosexue… [+3067 chars]",,de,'Sicherheit'
https://www.derstandard.at/story/3000000339455/europa-kann-nicht-kreml-stuermen-um-mit-putin-am-tisch-zu-sitzen-forsche-liberale-in-zib-2,https://www.derstandard.at/story/3000000339455/europa-kann-nicht-kreml-stuermen-um-mit-putin-am-tisch-zu-sitzen-forsche-liberale-in-zib-2,0,www.derstandard.at,"""Europa kann nicht Kreml stürmen, um mit Putin am Tisch zu sitzen"": Forsche Liberale in ""ZiB 2""","Neutralität werde Österreich nicht helfen, sagt Vorsitzende des Verteidigungsausschusses im EU-Parlament Marie-Agnes Strack-Zimmermann: ""Wir  müssen alle gerüstet sein""",https://i.ds.at/-ZaXSw/rs:fill:1200:600/plain/lido-images/2026/09/12/f65ffe30-fbf2-4c8f-9d3f-d3b67dad30f8.jpg,2026-09-12T07:20:17Z,,"""Wir müssen alle gerüstet sein"": Marie-Agnes Strack-Zimmermann (FDP) in der ""ZiB 2"".
ZiB 2 ORF On Screenshot
Wer einem Verteidigungsausschuss vorsitzt, sollte auch sprachlich wehrhaft sein: Marie-A… [+822 chars]",,de,'Kreml'
https://taz.de/-Nachrichten-im-Iran-Krieg-/!6212652/,https://taz.de/-Nachrichten-im-Iran-Krieg-/!6212652/,0,taz.de,+++ Nachrichten im Iran-Krieg +++: Saudische Ölexporte massiv unter Druck,Die jemenitische Huthi-Miliz bedroht zunehmend die Meerenge Bab al-Mandab. Nach Drohnenangriffen muss Saudi-Arabien auch noch eine wichtige Pipeline abschalten.,https://taz.de/picture/8734916/1200/42048136.jpeg,2026-09-12T07:27:00Z,,Die jemenitische Huthi-Miliz bedroht zunehmend die Meerenge Bab al-Mandab. Nach Drohnenangriffen muss Saudi-Arabien auch noch eine wichtige Pipeline abschalten. mehr...,,de,'Pipeline'
https://www.n-tv.de/politik/Kreml-Agenten-sollen-Leipziger-Drohnenattacke-vorbereitet-haben-id31298237.html,https://www.n-tv.de/politik/Kreml-Agenten-sollen-Leipziger-Drohnenattacke-vorbereitet-haben-id31298237.html,0,www.n-tv.de,Spur zum Militärgeheimdienst GRU: Kreml-Agenten sollen Leipziger Drohnenattacke vorbereitet haben,"Für den versuchten Anschlag auf den Leipziger Flughafen macht die Bundesregierung Russland verantwortlich. Konkrete Beweise werden aus ermittlungstaktischen Gründen nicht genannt. Nun zeigen offenbar bislang geheime Unterlagen, was die Regierung so sicher sei…",https://www.n-tv.de/img/31258436/1788291521/Img_16_9/1200/611641898.jpg,2026-09-12T07:43:14Z,,"Ukrainische Frachtflugzeuge am Flughafen Leipzig/Halle: Unweit entfernt war eine mit Sprengstoff beladene Drohne entdeckt worden. (Foto: picture alliance/dpa)
Für den versuchten Anschlag auf den Lei… [+2621 chars]",,de,'Kreml'
https://www.faz.net/aktuell/wirtschaft/menschen-wirtschaft/indien-mit-feminismus-auf-dem-weg-zur-wirtschaftsmacht-accg-201085753.html,https://www.faz.net/aktuell/wirtschaft/menschen-wirtschaft/indien-mit-feminismus-auf-dem-weg-zur-wirtschaftsmacht-accg-201085753.html,0,www.faz.net,Indische Gründerinnen: „Erben ist das Privileg von Männern“,Indien will zu einer der größten Industrienationen aufsteigen. Doch in der am schnellsten wachsenden Volkswirtschaft der Welt gelten Frauen oft noch als Menschen zweiter Klasse. Zwei Inderinnen kämpfen dagegen an.,https://media0.faz.net/image/w1200h627/b41f51fe8fcf/w5427h2835x0y392o/202608/43601.0.2451038512/in-indischen-grossstaedten-wie.webp,2026-09-12T08:48:43Z,,"Es blinkt, brummt und knattert. Autos und Motorroller suchen ihren Weg durch das Verkehrschaos auf der Kempe Gowda Road im Zentrum von Bengaluru. Der Duft von indischen Gewürzen trifft auf den Smog d… [+12670 chars]",,de,'Sicherheit'
https://www.focus.de/kultur/kino-tv/buergergeld-empfaengerin-jannie-will-in-die-usa-auswandern-trotz-knapper-finanzen_44ba8ea5-087b-4d8e-bc50-1004a19e22d5.html,https://www.focus.de/kultur/kino-tv/buergergeld-empfaengerin-jannie-will-in-die-usa-auswandern-trotz-knapper-finanzen_44ba8ea5-087b-4d8e-bc50-1004a19e22d5.html,0,www.focus.de,Bürgergeld-Empfängerin Jannie will in die USA auswandern – trotz knapper Finanzen,Jannie hat große Pläne: Die „Hartz und herzlich“-Protagonistin will Mannheim langfristig den Rücken kehren und in die USA auswandern. Doch damit nicht genug: Auch London hat es der 50-Jährigen angetan.,"https://quadro.burda-forward.de/ctf/8ad79d1e-f1b0-40c7-b4eb-8a7327d36710.f72c74af-13e3-404c-b5e7-bd434b950070.jpeg?im=RegionOfInterestCrop=(1200,630),regionOfInterest=(800,450)&hash=8ed2ca0aaa9db9bc579008e94bff96309f97ecb56a4596f228101d9d18f5abd0",2026-09-12T08:50:00Z,,"In der neuen Folge, die am 2. Oktober 2026 bei RTLZWEI zu sehen ist, blickt Hartz und herzlich-Jannie erneut auf ihre Zeit in London zurück. Die britische Hauptstadt hat bei der Mannheimerin offenbar… [+1906 chars]",,de,'Bürgergeld'
https://orf.at/stories/3441959/,https://orf.at/stories/3441959/,0,orf.at,Zentrale Pipeline nach Angriff stillgelegt,Der sich ausweitende Konflikt im Nahen Osten setzt den weltgrößten Ölexporteur Saudi-Arabien stark unter Druck. Nach der iranischen Blockade der Straße von Hormus und der zunehmenden Bedrohung an der Meerenge Bab al-Mandab durch die Huthi-Miliz im Jemen muss …,https://ibs.orf.at/news?image=https%3A%2F%2Fassets.orf.at%2Fmims%2F2026%2F37%2F79%2Fcrops%2Fw%3D1200%2Ch%3D630%2Cq%3D75%2F3180261_master_1233279_iran_krieg_saudi_arabien_oelpreis_afp.jpg%3Fs%3D383d895fb654a92f2018a9090ca5921ec4d7dddf,2026-09-12T08:54:06Z,,"Die Ost-West-Pipeline, die unter Umgehung der faktisch blockierten Straße von Hormus große Mengen Öl vom Persischen Golf zum Roten Meer bringen kann, wurde nach Angriffen auf die Leitung in den Regio… [+6175 chars]",,de,'Pipeline'
https://www.nzz.ch/international/angriff-auf-die-lebensader-nach-einer-drohnenattacke-ist-saudiarabiens-wichtigste-pipeline-ausser-betrieb-ld.10023538,https://www.nzz.ch/international/angriff-auf-die-lebensader-nach-einer-drohnenattacke-ist-saudiarabiens-wichtigste-pipeline-ausser-betrieb-ld.10023538,0,www.nzz.ch,Angriff auf die Lebensader: Nach einer Drohnenattacke ist Saudiarabiens wichtigste Pipeline ausser Betrieb,In der Nacht aus Samstag haben mehrere aus dem Irak kommende Drohen die saudische Ost-West-Pipeline angegriffen. Es ist eine weitere Eskalation im Wirtschaftskrieg am Golf.,"https://img-msp-prod.nzz.ch/2026/09/12/9134ae28-b2f5-4109-b1ad-92d99a5561d3.jpg?width=1200&height=674&fit=bounds&quality=75&auto=webp&crop=5000,2812,x0,y260&wmark=nzz",2026-09-12T11:15:35Z,,"In der Nacht aus Samstag haben mehrere aus dem Irak kommende Drohen die saudische Ost-West-Pipeline angegriffen. Es ist eine weitere Eskalation im Wirtschaftskrieg am Golf.
Zusammenfassung
Ölanlage… [+4535 chars]",,de,'Pipeline'
https://www.n-tv.de/politik/Anzeigen-warben-bei-AfD-Waehlern-fuer-BSW-Zweitstimme-id31298762.html,https://www.n-tv.de/politik/Anzeigen-warben-bei-AfD-Waehlern-fuer-BSW-Zweitstimme-id31298762.html,0,www.n-tv.de,In rechtsextremem Magazin: Anzeigen warben bei AfD-Wählern für BSW-Zweitstimme,"Mit etwas mehr als fünf Prozent der Stimmen zieht das BSW in den Landtag in Sachsen-Anhalt ein. Einzig diese Partei schließt eine Unterstützung der AfD nicht kategorisch aus. Nun legt eine Recherche nahe, dass das BSW seine Stimmen auch Rechtsextremen zu verd…",https://www.n-tv.de/img/31293445/1789070591/Img_16_9/1200/image.jpg,2026-09-12T12:06:18Z,,"Sahra Wagenknecht: Sie gründete das BSW Anfang 2024. 
Mit etwas mehr als fünf Prozent der Stimmen zieht das BSW in den Landtag in Sachsen-Anhalt ein. Einzig diese Partei schließt eine Unterstützung … [+2045 chars]",,de,'Krieg'
https://www.diepresse.com/41255681/pipeline-stillgelegt-saudische-oelexporte-stehen-massiv-unter-druck,https://www.diepresse.com/41255681/pipeline-stillgelegt-saudische-oelexporte-stehen-massiv-unter-druck,0,www.diepresse.com,Pipeline stillgelegt: Saudische Ölexporte stehen massiv unter Druck,"Nach Drohnenangriffen muss das Königreich eine wichtige Pipeline abschalten, was die Exporte weiter drückt. Ein Ölpreisanstieg würde Treibstoffe an den Zapfsäulen weiter verteuern. Das gilt auch für Heizöl vor Start der Heizsaison.",https://img.diepresse.com/public/incoming/r10i8q-2026-07-07t070104z1312003226rc2h1man4xs8rtrmadp3iran-crisis-saudi-pipelinejpg/alternates/WEBP_WIDE_1200/2026-07-07T070104Z_1312003226_RC2H1MAN4XS8_RTRMADP_3_IRAN-CRISIS-SAUDI-PIPELINE.JPG,2026-09-12T12:06:18Z,,"Die Presse auf Google als bevorzugte Nachrichtenquelle hinzufügen.
 Der Konflikt im Nahen Osten setzt den weltgrößten Ölexporteur Saudi-Arabien massiv unter Druck. Nach der iranischen Blockade der S… [+7002 chars]",,de,'Krieg'
https://www.bild.de/politik/ausland-und-internationales/oelpreis-schock-ruinieren-diese-huthis-jetzt-unsere-weltwirtschaft-6aa50b28240b302c8a8422df,https://www.bild.de/politik/ausland-und-internationales/oelpreis-schock-ruinieren-diese-huthis-jetzt-unsere-weltwirtschaft-6aa50b28240b302c8a8422df,0,www.bild.de,Ölpreis-Schock - Ruinieren diese Huthis jetzt unsere Weltwirtschaft?,"Berlin – Erst der Iran-Krieg, jetzt die neue Huthi-Offensive und das Lahmlegen der Öl-Infrastruktur Saudi-Arabiens. Für die Weltwirtschaft kommt es derze...","https://images.bild.de/6aa50b28240b302c8a8422df/e5f87ffcc461a53b51225a7eba5956bf,937ed6df?w=1280",2026-09-12T12:23:52Z,,"TTS-Player überspringenArtikel weiterlesenBerlin Erst der Iran-Krieg, jetzt die neue Huthi-Offensive und das Lahmlegen der Öl-Infrastruktur Saudi-Arabiens. Für die Weltwirtschaft kommt es derzeit knü… [+4182 chars]",,de,'Krieg'
https://www.tagesspiegel.de/internationales/systemische-fehler-putin-macht-westliche-globalisten-fur-afd-wahlsieg-in-sachsen-anhalt-verantwortlich-16045301.html,https://www.tagesspiegel.de/internationales/systemische-fehler-putin-macht-westliche-globalisten-fur-afd-wahlsieg-in-sachsen-anhalt-verantwortlich-16045301.html,0,www.tagesspiegel.de,„Systemische Fehler“: Putin macht „westliche Globalisten“ für AfD-Wahlsieg in Sachsen-Anhalt verantwortlich,"Dass die AfD bei der Landtagswahl mit großem Vorsprung stärkste Kraft wurde, ist aus Sicht des Kremlchefs auf „systemische Fehler“ zurückzuführen. Welchen Einfluss Russland selbst nimmt, erwähnt er nicht.",https://www.tagesspiegel.de/images/16045426/alternates/BASE_16_9_W1400/1789216720000/brics-gipfel-in-indien.jpeg,2026-09-12T12:39:12Z,,Der russische Präsident Wladimir Putin hat die von ihm so bezeichneten westlichen Globalisten für den Wahlerfolg der rechtsextremen AfD in Sachsen-Anhalt und andere Entwicklungen in Europa verantwort… [+2637 chars],,de,'Kreml'
https://www.welt.de/wirtschaft/article6aa53876579bc99aee516be8/angriff-auf-ost-west-oelpipeline-linken-chefin-will-staatliche-massnahmen-gegen-hohe-spritpreise-woidke-fordert-spritpreisdeckel.html,https://www.welt.de/wirtschaft/article6aa53876579bc99aee516be8/angriff-auf-ost-west-oelpipeline-linken-chefin-will-staatliche-massnahmen-gegen-hohe-spritpreise-woidke-fordert-spritpreisdeckel.html,0,www.welt.de,"Linken-Chefin will staatliche Maßnahmen gegen hohe Spritpreise, Woidke fordert Spritpreisdeckel","Der Iran-Krieg treibt die Spritpreise immer höher. Linken-Chefin Ines Schwerdtner mahnt einen Notfallplan der Politik an, bevor die Preise für die Verbraucher endgültig „unbezahlbar“ werden würden. SPD-Ministerpräsident Woidke bringt einen konkreten Vorschlag…",https://images.welt.de/6aa53876579bc99aee516be8/0b438988ae6577d2c03deb1879a562b2-master/ci16x9-w1200/dpa-com-260903-935-1584942-jpg,2026-09-12T12:46:19Z,,"Der Iran-Krieg treibt die Spritpreise immer höher. Linken-Chefin Ines Schwerdtner mahnt einen Notfallplan der Politik an, bevor die Preise für die Verbraucher endgültig unbezahlbar werden würden. SPD… [+3289 chars]",,de,'Krieg'
https://www.dw.com/de/wolodymyr-selenskyj-an-wladimir-putin-wir-m%C3%BCssen-reden-ukraine-krieg/a-79245068,https://www.dw.com/de/wolodymyr-selenskyj-an-wladimir-putin-wir-m%C3%BCssen-reden-ukraine-krieg/a-79245068,0,www.dw.com,Selenskyj an Putin: Wir müssen reden,"Im Interview der Deutschen Welle gibt sich der ukrainische Staatschef pragmatisch: ""Was zählt, ist das Ergebnis."" Wolodymyr Selenskyj und Wladimir Putin haben sich seit Beginn des Ukraine-Kriegs nicht mehr getroffen. Der ukrainische Präsident Wolodymyr Selens…",https://static.dw.com/image/79241763_6.jpg,2026-09-12T13:18:00Z,,"Der ukrainische Präsident Wolodymyr Selenskyj ist nach eigenen Angaben zu einer Begegnung mit Kremlchef Wladimir Putin bereit, sollten beide Politiker zu einem G20-Gipfel in die USA eingeladen werden… [+3244 chars]",,de,'Ukraine'
https://www.tagesschau.de/wirtschaft/verbraucher/gas-speicher-preise-102.html,https://www.tagesschau.de/wirtschaft/verbraucher/gas-speicher-preise-102.html,0,www.tagesschau.de,Bundesnetzagentur stellt klar - Gasspeicher sind ausreichend gefüllt,"Im kommenden Winter brauchen Millionen Haushalte wieder Gas für ihre Heizung - und die Sorge ist groß, dass dieses Jahr nicht genug Gas eingespeichert wurde. Die Bundesnetzagentur gibt nun Entwarnung: Die Speicher seien voll genug. Doch die Preise könnten ste…",https://images.tagesschau.de/image/0173b96b-ffef-419e-afcf-6e7714cce86c/AAABoJXHNdk/AAABnSSvrFg/16x9-big/gasspeicher-278.jpg?width=1280,2026-09-12T13:20:55Z,,"Stand: 12.09.2026 15:20 Uhr
Im kommenden Winter brauchen Millionen Haushalte wieder Gas für ihre Heizung - und die Sorge ist groß, dass dieses Jahr nicht genug Gas eingespeichert wurde. Die Bundesne… [+1508 chars]",,de,'Gas'
https://www.faz.net/aktuell/rhein-main/frankfurt/wie-wolfskinder-die-flucht-aus-ostpreussen-erlebt-haben-accg-201206345.html,https://www.faz.net/aktuell/rhein-main/frankfurt/wie-wolfskinder-die-flucht-aus-ostpreussen-erlebt-haben-accg-201206345.html,0,www.faz.net,"Waisen aus Ostpreußen: „Wenn Sie Hunger haben, essen Sie alles“","Sie gehören zur Generation der „Wolfskinder“: Zwei Kriegswaisen erzählen im Klassenzimmer von Hunger in Ostpreußen, einem Namen, der zum Schicksal wurde, und der langen Suche nach den eigenen Wurzeln.",https://media0.faz.net/image/w1200h627/700b48460de0/w3000h1567x0y75o/201509/431.0.32381898/maedchen-mit-puppe-im-winter.webp,2026-09-12T13:40:44Z,,"Als Hannelore Neumann und Gerhard Schröder im Klassenzimmer D002 Platz nehmen, ist die Spannung mit Händen zu greifen. Vor ihnen sitzen Schüler aus mehreren Geschichtskursen des Abschlussjahrgangs am… [+8332 chars]",,de,'Krieg'
https://www.faz.net/aktuell/politik/ausland/willkommen-im-drachen-restaurant-chinas-film-ueber-den-iran-krieg-der-usa-accg-201185388.html,https://www.faz.net/aktuell/politik/ausland/willkommen-im-drachen-restaurant-chinas-film-ueber-den-iran-krieg-der-usa-accg-201185388.html,0,www.faz.net,Chinas neuer Irak-film: „Wir durchbrechen Hollywoods Kriegserzählung“,Der Sommerhit in Chinas Kinos behandelt die US-Invasion im Irak. Er richtet sich ans eigene Volk. Aber auch global verbreitet Peking zunehmend eigene Versionen.,https://media0.faz.net/image/w1200h627/64cbb2063fbe/w1956h1022x0y193o/202609/43601.0.2500903385/kinobesucher-stehen-im-august.webp,2026-09-12T13:53:41Z,,"Dreißig Besucher haben sich diesen Nachmittag in Saal fünf im Mixc-Kino eingefunden. Wie die meisten Lichtspielhäuser in Peking liegt es in einem Einkaufszentrum, und wie die meisten Kinos in China z… [+7194 chars]",,de,'Krieg'
https://www.zeit.de/politik/ausland/2026-09/brics-gipfel-indien-mittlerer-osten-erklaerung,https://www.zeit.de/politik/ausland/2026-09/brics-gipfel-indien-mittlerer-osten-erklaerung,0,www.zeit.de,Brics-Gipfel: Brics-Staaten rufen bei Gipfel zu Zurückhaltung im Irankrieg auf,Bei ihrem Gipfeltreffen in Indien äußern sich die Brics-Staaten besorgt über eine neue Eskalation des Irankriegs. Auch Putin und Xi Jinping waren vor Ort.,https://img.zeit.de/administratives/sharing/fallback-image-die-zeit/wide__1300x731,2026-09-12T14:10:29Z,,Die elf Brics-Staaten haben bei ihrem Gipfeltreffen im indischen Neu-Delhi zu »maximaler Zurückhaltung« im Irankrieg aufgerufen. »Wir bringen unsere tiefe Besorgnis angesichts der anhaltenden Eskalat… [+698 chars],,de,'Iran'
https://www.bild.de/politik/ausland-und-internationales/treffen-der-brics-staaten-xi-putin-und-modi-lachen-ueber-ukraine-krieg-hinweg-6aa5512372b0e357a27dce38,https://www.bild.de/politik/ausland-und-internationales/treffen-der-brics-staaten-xi-putin-und-modi-lachen-ueber-ukraine-krieg-hinweg-6aa5512372b0e357a27dce38,0,www.bild.de,"Treffen der Brics-Staaten - Xi, Putin und Modi lachen über Ukraine-Krieg hinweg","Chinas Präsident Xi Jinping, Kreml-Despot Wladimir Putin und Indiens Regierungschef Narendra Modi sind beim Gipfeltreffen der Brics-Staaten in Indien zusammengetroffen.","https://images.bild.de/6aa5512372b0e357a27dce38/89427a33a836c6e026167a89d627803d,df397886?w=1280",2026-09-12T14:10:50Z,,"TTS-Player überspringenArtikel weiterlesenNeu Delhi/Berlin Sie lachen und sie scherzen vor laufenden Kameras: Chinas Präsident Xi Jinping (73), Kreml-Despot Wladimir Putin (73) und Indiens Regierungs… [+2334 chars]",,de,'Wladimir Putin'
https://www.zeit.de/politik/deutschland/2026-09/cdu-friedrich-merz-union-kanzler-landtagswahl,https://www.zeit.de/politik/deutschland/2026-09/cdu-friedrich-merz-union-kanzler-landtagswahl,0,www.zeit.de,CDU und Friedrich Merz: Operation Kanzlersturz,"Er kann es nicht, und er wird es wohl auch nicht mehr lernen: So redet man in der CDU über Friedrich Merz. Wie mächtige Leute in der Partei seine Ablösung planen.",https://img.zeit.de/politik/deutschland/2026-09/cdu-friedrich-merz-union-kanzler-landtagswahl-bild/wide__1300x731,2026-09-12T14:17:30Z,,"Es gibt in der Politik diese Momente, in denen man merkt, dass Dinge ins Rutschen geraten. Oder sollen sie ins Rutschen gebracht werden? Gerade weiß man das nicht mehr so genau. Aber man merkt, dass … [+426 chars]",,de,'Friedrich Merz'
https://www.diepresse.com/41254366/russland-experte-wir-ueberschaetzen-putin-masslos,https://www.diepresse.com/41254366/russland-experte-wir-ueberschaetzen-putin-masslos,0,www.diepresse.com,Russland-Experte: „Wir überschätzen Putin maßlos“ [premium],"Der Historiker und neue IWM-Direktor, Michael David-Fox, hält das Regime von Wladimir Putin für scheinstabil. In der Geschichte Russlands sei es schon öfter zu abrupten Machtwechseln gekommen, insbesondere nach verlorenen Kriegen.",https://img.diepresse.com/public/incoming/pxjbjf-file87ihzm78qj61n0ph7igjjpeg/alternates/WEBP_WIDE_1200/file87ihzm78qj61n0ph7igj.jpeg,2026-09-12T14:18:49Z,,"Sie haben in Ihrer Antrittsvorlesung im IWM erklärt, dass sich die Welt an einem historischen Wendepunkt befindet. In welche Richtung steuert die Welt? Michael David-Fox: Wir sind definitiv in eine n… [+10621 chars]",,de,'Krieg'
https://taz.de/-Nachrichten-im-Ukraine-Krieg-/!6212686/,https://taz.de/-Nachrichten-im-Ukraine-Krieg-/!6212686/,0,taz.de,+++ Nachrichten im Ukraine-Krieg +++: Drei Tote bei russischen Luftangriffen,"Auch die Ukraine hat mehrere Ziele in Russland attackiert und beschädigt. Ob Wladimir Putin zum G20-Gipfel nach Miami reisen wird, ist noch offen.",https://taz.de/picture/8735153/1200/42056889.jpeg,2026-09-12T14:24:00Z,,"Auch die Ukraine hat mehrere Ziele in Russland attackiert und beschädigt. Ob Wladimir Putin zum G20-Gipfel nach Miami reisen wird, ist noch offen. mehr...",,de,'Wladimir Putin'
https://www.n-tv.de/politik/Brics-Staaten-rufen-zu-maximaler-Zurueckhaltung-in-Golfregion-auf-id31299149.html,https://www.n-tv.de/politik/Brics-Staaten-rufen-zu-maximaler-Zurueckhaltung-in-Golfregion-auf-id31299149.html,0,www.n-tv.de,"Bei Gipfel in Indien: Brics-Staaten rufen zu ""maximaler Zurückhaltung"" in Golfregion auf","Die Brics-Staaten rufen im Nahost-Konflikt zu ""maximaler Mäßigung"" auf und lehnen Zwangsvertreibungen aus Gaza klar ab. Bei dem zweitägigen Gipfel sind unter anderem Russlands Präsident Putin sowie seine Amtskollegen aus dem Iran und China angereist.",https://www.n-tv.de/img/31299186/1789229696/Img_16_9/1200/618762520.jpg,2026-09-12T14:57:41Z,,"Die Gruppe der Brics-Staaten war 2009 mit dem Ziel gegründet worden, aufstrebenden Schwellenländern international mehr Gewicht zu geben. (Foto: picture alliance / Alexander Kazakov/Pool Sputnik Kreml… [+3480 chars]",,de,'Iran'
https://www.dw.com/de/brics-staaten-fordern-maximale-zurueckhaltung-in-nahost-iran-krieg-gipfel-indien-neu-delhi/a-79245964,https://www.dw.com/de/brics-staaten-fordern-maximale-zurueckhaltung-in-nahost-iran-krieg-gipfel-indien-neu-delhi/a-79245964,0,www.dw.com,"BRICS-Staaten fordern ""maximale Zurückhaltung"" in Nahost",Nach intensiven diplomatischen Bemühungen des Gastgeberlandes Indien haben die BRICS-Staaten eine gemeinsame Erklärung veröffentlicht. Man verständigte sich wohl auf den kleinsten gemeinsamen Nenner. Die Mitgliedstaaten der sogenannten BRICS-Gruppe haben mit …,https://static.dw.com/image/79246273_6.jpg,2026-09-12T15:47:00Z,,"Die Mitgliedstaaten der sogenannten BRICS-Gruppe haben mit Blick auf die Konflikte im Nahen Osten zu ""maximaler Zurückhaltung"" aufgerufen. ""Wir bringen unsere tiefe Besorgnis angesichts der anhaltend… [+2719 chars]",,de,'Gas'
https://www.zeit.de/geld/2026-09/inflation-ezb-preissteigerung-oel-gas-verbraucher,https://www.zeit.de/geld/2026-09/inflation-ezb-preissteigerung-oel-gas-verbraucher,0,www.zeit.de,Inflation: Wird jetzt alles noch teurer?,Fast schien die Inflation unter Kontrolle. Doch jetzt steigen Öl- und Gaspreise rasant. Die Finanzmärkte sind alarmiert. Müssen Verbraucher es auch sein?,https://img.zeit.de/geld/2026-09/inflation-ezb-preissteigerung-oel-gas-verbraucher-bild-2/wide__1300x731,2026-09-12T16:26:21Z,,"Schließen
Artikelzusammenfassung
Eine teurere Packung Butter macht vielen Deutschen die Rückkehr der Inflation plötzlich greifbar. Auslöser der neuen Sorge sind der Krieg mit Iran, die blockierte S… [+1059 chars]",,de,'Krieg'
https://www.focus.de/politik/ausland/fuer-trumps-riskante-iran-rechnung-zahlen-wir-jetzt-den-preis_fc814a4c-c74a-499c-903b-a928b01aa57f.html,https://www.focus.de/politik/ausland/fuer-trumps-riskante-iran-rechnung-zahlen-wir-jetzt-den-preis_fc814a4c-c74a-499c-903b-a928b01aa57f.html,0,www.focus.de,Für Trumps riskante Iran-Rechnung zahlen wir jetzt den Preis,Nach der Einnahme der Hafenstadt Mokka erobern die Huthis auch die strategisch wichtige Insel Perim in der Meerenge Bab al-Mandab. Politikexperte Joachim Krause ordnet die jüngste Eskalation im Jemen ein.,"https://quadro.burda-forward.de/ctf/8ee62fd1-c0dd-481b-838e-42352cf1b7fc.653df986-3327-4776-9137-ca2d7aa73c2b.jpeg?im=RegionOfInterestCrop=(1200,630),regionOfInterest=(1016,683)&hash=bedad52437c77f66afd35f0edd5c17401055574791d1175c39c22730d26c87a2",2026-09-12T17:14:00Z,,"Mit der Eroberung der gesamten jemenitischen Küste zum Roten Meer und der Insel Perim haben die Huthis im Auftrag der iranischen Revolutionsgarden den Saudis eine entscheidende Niederlage zugefügt.
… [+4145 chars]",,de,'Krieg'
https://www.diepresse.com/41256498/lawrow-moskau-offen-fuer-verhandlungen-aber-keine-feuerpause-im-ukraine,https://www.diepresse.com/41256498/lawrow-moskau-offen-fuer-verhandlungen-aber-keine-feuerpause-im-ukraine,0,www.diepresse.com,"Lawrow: Moskau offen für „Verhandlungen, aber keine Feuerpause“ im Ukraine-Krieg","Russlands Außenminister bekräftigte Moskaus Gesprächsangebot an den ukrainischen Präsidenten Wolodymyr Selenskyj. „Wenn er sich treffen möchte - soll er doch kommen“, erneuerte er die Einladung an Selenskyj, zu Verhandlungen nach Moskau zu kommen.",https://img.diepresse.com/public/incoming/pk4b0a-afpc7n94cvjpg/alternates/WEBP_WIDE_1200/AFP_C7N94CV.jpg,2026-09-12T17:15:12Z,,"Die Presse auf Google als bevorzugte Nachrichtenquelle hinzufügen.
 Moskau steht nach laut Außenminister Sergej Lawrow zu Verhandlungen mit Kiew zur Verfügung, nicht aber zu einer gleichzeitigen Feu… [+4342 chars]",,de,'Krieg'
https://www.n-tv.de/politik/Der-Mangel-ist-so-gross-F-16-fliegen-schon-ohne-Raketen-id31297042.html,https://www.n-tv.de/politik/Der-Mangel-ist-so-gross-F-16-fliegen-schon-ohne-Raketen-id31297042.html,0,www.n-tv.de,"Luftabwehr der Ukraine: Der Mangel ist so groß, F-16 fliegen schon ohne Raketen","Die Ukraine wird nicht nur von ballistischen Raketen bedroht, auch neue Jet-Drohnen stellen eine erhebliche Gefahr dar. Am gefährlichsten: ein Hybrid aus Drohne und Marschflugkörper namens Banderol.",https://www.n-tv.de/img/31297074/1789145183/Img_16_9/1200/523181315.jpg,2026-09-12T17:28:33Z,,"Ein Teil der ukrainischen Luftabwehr basiert auf mobilen Gruppen, hier bei Charkiw, die Drohnen auf eine sehr konventionelle Art abschießen. (Foto: picture alliance / SZ Photo)
Die Ukraine wird nich… [+5901 chars]",,de,'Krieg'
https://www.tagesschau.de/ausland/asien/saudi-arabien-oel-exporte-angriffe-100.html,https://www.tagesschau.de/ausland/asien/saudi-arabien-oel-exporte-angriffe-100.html,0,www.tagesschau.de,Droht der nächste Ölpreis-Schock?,"Erst die Straße von Hormus, nun die Meerenge Bab al-Mandab und eine beschädigte Pipeline. Der größte Ölexporteur der Welt Saudi-Arabien hat eine Reihe von Problemen. Wie entwickelt sich der Ölpreis? Welche Folgen hat das für Deutschland?",https://images.tagesschau.de/image/7c2e9701-e819-4725-a2ab-852b76369d8d/AAABoJaZ5y4/AAABnSSvrFg/16x9-big/pipeline-saudi-arabien-102.jpg?width=1280,2026-09-12T17:31:20Z,,"Stand: 12.09.2026 19:31 Uhr
Erst die Straße von Hormus, nun die Meerenge Bab al-Mandab und eine beschädigte Pipeline. Der größte Ölexporteur der Welt Saudi-Arabien hat eine Reihe von Problemen. Wie … [+7180 chars]",,de,'Krieg'
https://orf.at/stories/3442003/,https://orf.at/stories/3442003/,0,orf.at,Kreml: Kein Treffen von Putin und Selenskyj bei G-20-Gipfel,,https://orf.at/mojo/1_4_1/storyserver//news/common/images/og-fallback-news.png,2026-09-12T17:36:33Z,,"Russland schließt ein Treffen von Staatschef Wladimir Putin mit dem ukrainischen Präsidenten Wolodymyr Selenskyj beim diesjährigen G-20-Gipfel in den USA aus. Das ist unmöglich, sagte Kreml-Sprecher … [+530 chars]",,de,'Kreml'
https://www.diepresse.com/41256514/trump-macht-iran-fuer-angriff-auf-saudische-oel-pipeline-verantwortlich,https://www.diepresse.com/41256514/trump-macht-iran-fuer-angriff-auf-saudische-oel-pipeline-verantwortlich,0,www.diepresse.com,Trump macht Iran für Angriff auf saudische Öl-Pipeline verantwortlich,Saudi-Arabien zufolge ging der Angriff von irakischem Gebiet aus. Die Führung in Bagdad bestätigte das.,https://img.diepresse.com/public/incoming/ygd19q-afpc84777gjpg/alternates/WEBP_WIDE_1200/AFP_C84777G.jpg,2026-09-12T18:03:14Z,,"Die Presse auf Google als bevorzugte Nachrichtenquelle hinzufügen.
 US-Präsident Donald Trump vermutet nach eigenen Angaben den Iran hinter dem Drohnenangriff eine wichtige Öl-Pipeline in Saudi-Arab… [+3452 chars]",,de,'Pipeline'
https://www.bild.de/politik/ausland-und-internationales/kaltes-nein-aus-moskau-putin-verweigert-selenskyj-gespraech-in-den-usa-6aa59043181cb962d488d293,https://www.bild.de/politik/ausland-und-internationales/kaltes-nein-aus-moskau-putin-verweigert-selenskyj-gespraech-in-den-usa-6aa59043181cb962d488d293,0,www.bild.de,Kaltes Nein aus Moskau - Putin verweigert Selenskyj Gespräch in den USA,Russland schließt ein Treffen von Staatschef Wladimir Putin mit dem ukrainischen Präsidenten Wolodymyr Selenskyj beim diesjährigen G20-Gipfel in den USA aus.,"https://images.bild.de/6aa59043181cb962d488d293/99fbe1c21f4a8e182d3e2c212e80a0c5,371a58e4?w=1280",2026-09-12T18:06:48Z,,TTS-Player überspringenArtikel weiterlesenKiew Wolodymyr Selenskyj (48) hatte die Tür weit aufgestoßen: Beim G20-Gipfel in Miami will der ukrainische Präsident seinem russischen Gegenspieler Wladimir… [+2090 chars],,de,'Kreml'
https://www.focus.de/kultur/kino-tv/nach-schwangerschaftsverdacht-buergergeld-empfaengerin-carola-erhaelt-wieder-einen-haftbefehl_0f248339-1f98-4881-b2bb-148e9b301174.html,https://www.focus.de/kultur/kino-tv/nach-schwangerschaftsverdacht-buergergeld-empfaengerin-carola-erhaelt-wieder-einen-haftbefehl_0f248339-1f98-4881-b2bb-148e9b301174.html,0,www.focus.de,Nach Schwangerschaftsverdacht: Bürgergeld-Empfängerin Carola erhält wieder einen Haftbefehl,"Bei Carola aus „Armes Deutschland – Stempeln oder abrackern?“ kehrt keine Ruhe ein. Kaum hat sie ihre Sozialstunden hinter sich, wartet bereits der nächste Haftbefehl – und auch privat gibt es Neuigkeiten.","https://quadro.burda-forward.de/ctf/ca1b3de8-c33c-4c4e-bc8f-b39e5ffb0cc6.cba000f2-e7c9-442a-9099-710d06fbcc87.jpeg?im=RegionOfInterestCrop=(1200,630),regionOfInterest=(800,450)&hash=9bce8343f41311211de23f8791e1e4d60cc21e41a1cac901760a6419a3b92a6b",2026-09-12T19:04:00Z,,Eigentlich könnte Armes Deutschland-Carola zunächst erleichtert sein: Ihre Sozialstunden hat die Kölnerin inzwischen vollständig abgeleistet. Lange hält die Ruhe jedoch nicht an. Denn kurz darauf err… [+2214 chars],,de,'Bürgergeld'
https://www.n-tv.de/politik/21-26-Selenskyj-Vertrauter-rechnet-mit-Dreiergespraechen-im-Oktober-id31299846.html,https://www.n-tv.de/politik/21-26-Selenskyj-Vertrauter-rechnet-mit-Dreiergespraechen-im-Oktober-id31299846.html,0,www.n-tv.de,Ukraine-Krieg im Liveticker: +++ 21:26 Selenskyj-Vertrauter rechnet mit Dreiergesprächen im Oktober +++,"Berlin, Washington, Brüssel - überall. ntv berichtet von allen wichtigen Schauplätzen der Innen- und Außenpolitik.",https://www.n-tv.de/img/2339153/1721988811/Img_16_9/1200/image.jpg,2026-09-12T20:00:00Z,,"Die Ukraine erwartet im kommenden Monat eine Fortsetzung der Friedensverhandlungen unter Vermittlung der USA. ""Wir bereiten uns vor, auf Oktober"", sagt der Stabschef von Präsident Wolodymyr Selenskyj… [+22331 chars]",,de,'Kreml'
https://www.n-tv.de/politik/Selenskyj-Vertrauter-rechnet-mit-neuen-Russland-Gespraechen-id31299701.html,https://www.n-tv.de/politik/Selenskyj-Vertrauter-rechnet-mit-neuen-Russland-Gespraechen-id31299701.html,0,www.n-tv.de,"""Bereiten uns auf Oktober vor"": Selenskyj-Vertrauter rechnet mit neuen Russland-Gesprächen","Nach der Reise der Trump-Berater nach Moskau und Kiew hält Selenskyjs Vertrauter neue Friedensgespräche im Oktober für möglich. Der Kreml schließt das nicht aus, äußert sich jedoch skeptisch über die Erfolgsaussichten.",https://www.n-tv.de/img/31299710/1789254589/Img_16_9/1200/567460211.jpg,2026-09-12T21:12:04Z,,"""Wir bereiten uns vor"": Kyrylo Budanow klingt nicht gerade euphorisch. (Foto: picture alliance / SvenSimon-ThePresidentialOfficeU)
Nach der Reise der Trump-Berater nach Moskau und Kiew hält Selensky… [+2271 chars]",,de,'Kreml'
https://www.n-tv.de/politik/Schiff-in-der-Strasse-von-Hormus-beschossen-id31299954.html,https://www.n-tv.de/politik/Schiff-in-der-Strasse-von-Hormus-beschossen-id31299954.html,0,www.n-tv.de,Saudische Öl-Pipeline dicht: Schiff in der Straße von Hormus beschossen,Die Risiken für die weltweite Ölversorgung wachsen weiter. In der Meerenge von Hormus wird erneut ein Schiff getroffen. Ausweichrouten über eine saudische Pipeline oder das Rote Meer sind ebenfalls akut gefährdet. Der Ölpreis dürfte damit weiter steigen.,https://www.n-tv.de/img/31299955/1789277201/Img_16_9/1200/618466156.jpg,2026-09-13T03:27:42Z,,"Handelsschiffe liegen in der Straße von Hormus vor Anker. (Foto: picture alliance/dpa/ISNA/AP)
Die Risiken für die weltweite Ölversorgung wachsen weiter. In der Meerenge von Hormus wird erneut ein S… [+2622 chars]",,de,'Pipeline'
https://www.focus.de/kultur/kino-tv/buergergeld-empfaengerin-will-in-die-usa-auswandern-trotz-ziemlich-knapper-finanzen_44ba8ea5-087b-4d8e-bc50-1004a19e22d5.html,https://www.focus.de/kultur/kino-tv/buergergeld-empfaengerin-will-in-die-usa-auswandern-trotz-ziemlich-knapper-finanzen_44ba8ea5-087b-4d8e-bc50-1004a19e22d5.html,0,www.focus.de,Bürgergeld-Empfängerin will in die USA auswandern – trotz ziemlich knapper Finanzen,Jannie hat große Pläne: Die „Hartz und herzlich“-Protagonistin will Mannheim langfristig den Rücken kehren und in die USA auswandern. Doch damit nicht genug: Auch London hat es der 50-Jährigen angetan.,"https://quadro.burda-forward.de/ctf/8ad79d1e-f1b0-40c7-b4eb-8a7327d36710.f72c74af-13e3-404c-b5e7-bd434b950070.jpeg?im=RegionOfInterestCrop=(1200,630),regionOfInterest=(800,450)&hash=8ed2ca0aaa9db9bc579008e94bff96309f97ecb56a4596f228101d9d18f5abd0",2026-09-13T03:51:00Z,,"In der neuen Folge, die am 2. Oktober 2026 bei RTLZWEI zu sehen ist, blickt Hartz und herzlich-Jannie erneut auf ihre Zeit in London zurück. Die britische Hauptstadt hat bei der Mannheimerin offenbar… [+1906 chars]",,de,'Bürgergeld'
https://www.focus.de/kultur/kino-tv/buergergeld-empfaenger-fehlt-wiederholt-bei-praktikum-chef-zieht-konsequenzen_0fcd87ab-f3a8-4e61-916e-bc9e395c4a24.html,https://www.focus.de/kultur/kino-tv/buergergeld-empfaenger-fehlt-wiederholt-bei-praktikum-chef-zieht-konsequenzen_0fcd87ab-f3a8-4e61-916e-bc9e395c4a24.html,0,www.focus.de,Bürgergeld-Empfänger fehlt wiederholt bei Praktikum – Chef zieht Konsequenzen,Bei „Hartz und herzlich“ erlebt Pascal einen bitteren Rückschlag: Sein Praktikum im Garten- und Landschaftsbau ist nach rund sechs Wochen vorbei. Sein Chef zieht die Reißleine.,"https://quadro.burda-forward.de/ctf/c81db236-a6f6-48b1-9c05-0d07f164c431.c89f9b46-c0bc-4c85-8398-66648b4736b1.jpeg?im=RegionOfInterestCrop=(1200,630),regionOfInterest=(800,450)&hash=882482821b9750b1e2945363c2dd787190d60146a29b007cfb0215f50d621069",2026-09-13T03:51:00Z,,Beruflich lief es für den 24-jährigen Hartz und herzlich-Star in der Vergangenheit nicht immer nach Plan. Vor rund sechs Wochen hatte Pascal einen neuen Anlauf gestartet und ein Praktikum im Garten- … [+1375 chars],,de,'Bürgergeld'
https://www.focus.de/kultur/kino-tv/nach-schwangerschaftsverdacht-haftbefehl-fuer-buergergeld-empfaengerin-carola_0f248339-1f98-4881-b2bb-148e9b301174.html,https://www.focus.de/kultur/kino-tv/nach-schwangerschaftsverdacht-haftbefehl-fuer-buergergeld-empfaengerin-carola_0f248339-1f98-4881-b2bb-148e9b301174.html,0,www.focus.de,Nach Schwangerschaftsverdacht: Haftbefehl für Bürgergeld-Empfängerin Carola,"Bei Carola aus „Armes Deutschland – Stempeln oder abrackern?“ kehrt keine Ruhe ein. Kaum hat sie ihre Sozialstunden hinter sich, wartet bereits der nächste Haftbefehl – und auch privat gibt es Neuigkeiten.","https://quadro.burda-forward.de/ctf/ca1b3de8-c33c-4c4e-bc8f-b39e5ffb0cc6.cba000f2-e7c9-442a-9099-710d06fbcc87.jpeg?im=RegionOfInterestCrop=(1200,630),regionOfInterest=(800,450)&hash=9bce8343f41311211de23f8791e1e4d60cc21e41a1cac901760a6419a3b92a6b",2026-09-13T04:04:00Z,,Eigentlich könnte Armes Deutschland-Carola zunächst erleichtert sein: Ihre Sozialstunden hat die Kölnerin inzwischen vollständig abgeleistet. Lange hält die Ruhe jedoch nicht an. Denn kurz darauf err… [+2214 chars],,de,'Bürgergeld'
https://www.zeit.de/news/2026-09/13/zwei-tote-in-russland-nach-ukrainischen-angriffen,https://www.zeit.de/news/2026-09/13/zwei-tote-in-russland-nach-ukrainischen-angriffen,0,www.zeit.de,Ukraine-Krieg: Zwei Tote in Russland nach ukrainischen Angriffen,Hier finden Sie Informationen zu dem Thema „Ukraine-Krieg“. Lesen Sie jetzt „Zwei Tote in Russland nach ukrainischen Angriffen“.,https://img.zeit.de/news/2026-09/13/zwei-tote-in-russland-nach-ukrainischen-angriffen-image-group/wide__1300x731,2026-09-13T06:29:14Z,,"Infolge eines ukrainischen Drohnenangriffs sind zwei Menschen in der russischen Teilrepublik Tatarstan getötet worden. Eine Drohne sei in einen Baum gestürzt, wodurch ein nahe stehendes Auto mit vier… [+821 chars]",,de,'Ukraine'
https://www.zeit.de/news/2026-09/13/ein-toter-nach-angriff-auf-iranisches-containerschiff,https://www.zeit.de/news/2026-09/13/ein-toter-nach-angriff-auf-iranisches-containerschiff,0,www.zeit.de,Iran-Krieg: Ein Toter nach Angriff auf iranisches Containerschiff,Hier finden Sie Informationen zu dem Thema „Iran-Krieg“. Lesen Sie jetzt „Ein Toter nach Angriff auf iranisches Containerschiff“.,https://img.zeit.de/news/2026-09/13/ein-toter-nach-angriff-auf-iranisches-containerschiff-image-group/wide__1300x731,2026-09-13T07:24:47Z,,Bei einem Angriff auf ein iranisches Containerschiff in der Straße von Hormus ist nach Angaben aus Teheran ein Mann getötet worden. Vier weitere Besatzungsmitglieder seien bei dem Vorfall am Sonntagm… [+1316 chars],,de,'Krieg'
https://www.zeit.de/news/2026-09/13/gas-und-bremse-verwechselt-transporter-landet-in-bach,https://www.zeit.de/news/2026-09/13/gas-und-bremse-verwechselt-transporter-landet-in-bach,0,www.zeit.de,Unfall am Samstag: Gas und Bremse verwechselt: Transporter landet in Bach,Hier finden Sie Informationen zu dem Thema „Unfall am Samstag“. Lesen Sie jetzt „Gas und Bremse verwechselt: Transporter landet in Bach“.,https://img.zeit.de/news/2026-09/13/gas-und-bremse-verwechselt-transporter-landet-in-bach-image-group/wide__1300x731,2026-09-13T10:00:11Z,,"Ein Rangiermanöver hat in Klingenberg am Main im unterfränkischen Landkreis Miltenberg ein spektakuläres Ende gefunden: Ein Transporter durchbrach ein Metallgeländer, stürzte über eine Mauer etwa vie… [+1079 chars]",,de,'Gas'
https://www.faz.net/aktuell/politik/ukraine/ukraine-liveticker-nachtzug-von-kiew-nach-warschau-von-russischer-drohne-getroffen-faz-110683325.html,https://www.faz.net/aktuell/politik/ukraine/ukraine-liveticker-nachtzug-von-kiew-nach-warschau-von-russischer-drohne-getroffen-faz-110683325.html,0,www.faz.net,Liveblog Ukrainekrieg: Nachtzug von Kiew nach Warschau von russischer Drohne getroffen,"Lokführer konnten gewarnt werden – keine Verletzten +++ Selenskyj-Vertrauter: Gespräche zwischen USA, Ukraine und Russland noch im Oktober +++ Litauen schließt Flughafen Vilnius wegen mutmaßlicher Drohne +++ alle Neuigkeiten im Liveblog",https://media0.faz.net/image/w1200h627/1042ea3f0e43/w3000h1567x0y265o/202302/43600.0.1488838240/ein-zug-aus-der-ukraine.webp,2026-09-13T12:06:58Z,,"Bei russischen Drohnenangriffen auf die Ukraine sind laut regionalen Behörden in der Nacht zum Sonntag mindestens sechs Menschen ums Leben gekommen. Ziel war vor allem die Westukraine, wo eine Drohne… [+2116 chars]",,de,'Ukraine'
https://www.zeit.de/news/2026-09/13/aufsteiger-energie-cottbus-siegt-klar-beim-karlsruher-sc,https://www.zeit.de/news/2026-09/13/aufsteiger-energie-cottbus-siegt-klar-beim-karlsruher-sc,0,www.zeit.de,2. Fußball-Bundesliga: Aufsteiger Energie Cottbus siegt klar beim Karlsruher SC,Hier finden Sie Informationen zu dem Thema „2. Fußball-Bundesliga“. Lesen Sie jetzt „Aufsteiger Energie Cottbus siegt klar beim Karlsruher SC“.,https://img.zeit.de/news/2026-09/13/aufsteiger-energie-cottbus-siegt-klar-beim-karlsruher-sc-image-group/wide__1300x731,2026-09-13T13:25:21Z,,Aufsteiger Energie Cottbus hat beim Karlsruher SC einen überraschend deutlichen Sieg gefeiert. Nach einem offensiv mutigen Auftritt gewann der Fußball-Zweitligist aus der Lausitz am 5. Spieltag 3:0 (… [+1437 chars],,de,'Energie'
https://www.zeit.de/news/2026-09/13/defensiv-anfaelliger-ksc-verliert-klar-gegen-energie-cottbus,https://www.zeit.de/news/2026-09/13/defensiv-anfaelliger-ksc-verliert-klar-gegen-energie-cottbus,0,www.zeit.de,2. Fußball-Bundesliga: Defensiv anfälliger KSC verliert klar gegen Energie Cottbus,Hier finden Sie Informationen zu dem Thema „2. Fußball-Bundesliga“. Lesen Sie jetzt „Defensiv anfälliger KSC verliert klar gegen Energie Cottbus“.,https://img.zeit.de/news/2026-09/13/defensiv-anfaelliger-ksc-verliert-klar-gegen-energie-cottbus-image-group/wide__1300x731,2026-09-13T13:29:30Z,,Der Karlsruher SC hat gegen Aufsteiger Energie Cottbus eine deutliche Heimniederlage kassiert. Nach einem defensiv schwachen Auftritt unterlag der badische Fußball-Zweitligist den Lausitzern am 5. Sp… [+2216 chars],,de,'Energie'
https://www.faz.net/aktuell/politik/ausland/huthi-im-jemen-eine-bedrohung-fuer-die-ganze-region-accg-201221051.html,https://www.faz.net/aktuell/politik/ausland/huthi-im-jemen-eine-bedrohung-fuer-die-ganze-region-accg-201221051.html,0,www.faz.net,Vormarsch im Jemen: Wie die Huthi zu einer Bedrohung für die ganze Region wurden,Die Erfolge der Huthi spielen Iran in die Hände. Aber die jemenitischen Rebellen stehen längst auf eigenen Füßen – und bauen ihren Einfluss stetig aus.,https://media0.faz.net/image/w1200h627/b31f4bed7ccf/w6000h3135x0y690o/202609/43601.0.2544701635/jubelbilder-im-huthi-sender-al.webp,2026-09-13T14:14:34Z,,"Tod für Amerika! Tod für Israel!, skandierte am Freitagabend eine Menschenmenge in Richtung eines riesigen Bildschirms auf dem Revolutionsplatz in Teheran. Dort flimmerte nicht das Antlitz eines Anfü… [+11234 chars]",,de,'Iran'
https://www.zeit.de/feuilleton/2026-09/krieg-ukraine-sprache-russisch-ukrainisch-angriff,https://www.zeit.de/feuilleton/2026-09/krieg-ukraine-sprache-russisch-ukrainisch-angriff,0,www.zeit.de,Krieg in der Ukraine: Sie sagen »Mama« in der Sprache ihrer Feinde,Vor dem Krieg sprachen Millionen Ukrainer Russisch. Doch seit Putins Angriff gilt das vielen als unpatriotisch. Auch unser Autor ringt um seine Muttersprache.,https://img.zeit.de/feuilleton/2026-09/krieg-ukraine-sprache-russisch-ukrainisch-angriff-bild/wide__1300x731,2026-09-13T14:19:15Z,,"Am Ostersonntag dieses Jahres umstellte
mich ein halbes Dutzend groß gewachsener ukrainischer Veteranen. Eigentlich war
ich zu dem Trainingsgelände nahe Kyjiw gekommen, um den Männern beim Schießen… [+730 chars]",,de,'Ukraine'
https://www.faz.net/aktuell/politik/inland/kritik-an-kanzler-merz-immer-schneller-dreht-sich-das-geruechtekarussell-accg-201222132.html,https://www.faz.net/aktuell/politik/inland/kritik-an-kanzler-merz-immer-schneller-dreht-sich-das-geruechtekarussell-accg-201222132.html,0,www.faz.net,Kritik an Merz: Immer schneller dreht sich das Gerüchtekarussell,"In der Union wachsen Ungeduld und Unzufriedenheit mit dem Kanzler. Viele zweifeln, dass Friedrich Merz die Unruhe selbst beenden kann.",https://media0.faz.net/image/w1200h627/087c29d8d019/w5455h2850x542y248o/202609/43601.0.2547679933/bundeskanzler-friedrich-merz.webp,2026-09-13T16:22:55Z,,"Weil sich nach der Wahlniederlage in Sachsen-Anhalt das Gerüchtekarussell in der Union um die Zukunft des Parteivorsitzenden und Bundeskanzlers immer schneller dreht, wirken sogar die Worte von Marku… [+5814 chars]",,de,'Friedrich Merz'
https://www.zeit.de/news/2026-09/13/polen-alarmiert-nach-angriff-auf-zug-von-kiew-nach-warschau,https://www.zeit.de/news/2026-09/13/polen-alarmiert-nach-angriff-auf-zug-von-kiew-nach-warschau,0,www.zeit.de,Ukraine-Krieg: Polen alarmiert nach Angriff auf Zug von Kiew nach Warschau,Hier finden Sie Informationen zu dem Thema „Ukraine-Krieg“. Lesen Sie jetzt „Polen alarmiert nach Angriff auf Zug von Kiew nach Warschau“.,https://img.zeit.de/news/2026-09/13/polen-alarmiert-nach-angriff-auf-zug-von-kiew-nach-warschau-image-group/wide__1300x731,2026-09-13T16:23:17Z,,Nach russischen Angriffen auf einen Zug von Kiew nach Warschau sowie auf die Grenzregion der Ukraine zu Polen hat die polnische Regierung Moskau eine Verschärfung des Konflikts vorgeworfen. «Die Eska… [+3946 chars],,de,'Krieg'
https://www.welt.de/wirtschaft/article6aa6c5ab181cb962d488e133/spannungen-im-nahen-osten-angriff-auf-saudische-pipeline-verschaerft-die-weltweite-oelknappheit.html,https://www.welt.de/wirtschaft/article6aa6c5ab181cb962d488e133/spannungen-im-nahen-osten-angriff-auf-saudische-pipeline-verschaerft-die-weltweite-oelknappheit.html,0,www.welt.de,Angriff auf saudische Pipeline verschärft die weltweite Ölknappheit,"Ein Angriff auf eine zentrale saudische Pipeline verschärft die ohnehin angespannte Lage auf dem Ölmarkt. Bleibt die Leitung länger außer Betrieb, drohen massive Exportausfälle und weiter steigende Preise.",https://images.welt.de/6aa6c5ab181cb962d488e133/9b5abf0047595817018206300185da50-master/ci16x9-w1200/dpa-com-260911-935-1604226-jpg,2026-09-13T16:52:06Z,,"Ein Angriff auf eine zentrale saudische Pipeline verschärft die ohnehin angespannte Lage auf dem Ölmarkt. Bleibt die Leitung länger außer Betrieb, drohen massive Exportausfälle und weiter steigende P… [+2987 chars]",,de,'Pipeline'
https://www.focus.de/kultur/kino-tv/trotz-zahnarzt-angst-buergergeld-empfaengerin-stehen-weitere-teure-termine-bevor_aea4fc5f-8c7f-465e-aa55-6d5a68501b67.html,https://www.focus.de/kultur/kino-tv/trotz-zahnarzt-angst-buergergeld-empfaengerin-stehen-weitere-teure-termine-bevor_aea4fc5f-8c7f-465e-aa55-6d5a68501b67.html,0,www.focus.de,Trotz Zahnarzt-Angst: Bürgergeld-Empfängerin stehen weitere teure Termine bevor,Für Nana aus „Hartz und herzlich“ wird es ernst: Die 45-Jährige muss seit Monaten regelmäßig zum Zahnarzt – obwohl sie große Angst vor den Behandlungen hat. Und auch finanziell könnte die ganze Sache noch für eine böse Überraschung sorgen.,"https://quadro.burda-forward.de/ctf/5583d17d-1065-42eb-9b92-e03cfbc95d91.84ee805d-e0dd-429a-a476-381da77c34a5.jpeg?im=RegionOfInterestCrop=(1200,630),regionOfInterest=(800,450)&hash=2f50553e5c148e5b6b430310527eb796133fc59697cf25580d61d03fa7e2dd55",2026-09-13T18:02:00Z,,"Die Sozialdokus bei RTLZWEI begleiten Menschen, die mit ganz unterschiedlichen Herausforderungen im Alltag zu kämpfen haben. Dabei geht es längst nicht immer nur um Bürgergeld, Jobsuche oder finanzie… [+2156 chars]",,de,'Bürgergeld'
https://www.zeit.de/politik/deutschland/2026-09/markus-soeder-friedrich-merz-cdu-bundesregierung-afd,https://www.zeit.de/politik/deutschland/2026-09/markus-soeder-friedrich-merz-cdu-bundesregierung-afd,0,www.zeit.de,Unterstützung für Kanzler Merz: Söder und Kretschmer warnen vor Scheitern der Bundesregierung,CSU-Chef Markus Söder und CDU-Vize Michael Kretschmer mahnen nach der Wahl in Sachsen-Anhalt zu Eile bei den Reformen. Jetzt sei nicht die Zeit für Personaldebatten.,https://img.zeit.de/politik/deutschland/2026-09/markus-soeder-friedrich-merz-cdu-bundesregierung-afd-foto-1/wide__1300x731,2026-09-13T18:15:39Z,,"Angesichts der aktuellen Debatte über die Zukunft von Bundeskanzler Friedrich Merz (CDU) hat CSU-Chef Markus Söder vor einem Scheitern der Bundesregierung gewarnt. Es wäre »ein Desaster«, wenn nach d… [+1617 chars]",,de,'Unterstützung'
https://www.zeit.de/news/2026-09/13/omans-aussenminister-treffen-zu-strasse-von-hormus-verschoben,https://www.zeit.de/news/2026-09/13/omans-aussenminister-treffen-zu-strasse-von-hormus-verschoben,0,www.zeit.de,Iran-Krieg: Omans Außenminister: Treffen zu Straße von Hormus verschoben,Hier finden Sie Informationen zu dem Thema „Iran-Krieg“. Lesen Sie jetzt „Omans Außenminister: Treffen zu Straße von Hormus verschoben“.,https://img.zeit.de/news/2026-09/13/omans-aussenminister-treffen-zu-strasse-von-hormus-verschoben-image-group/wide__1300x731,2026-09-13T19:54:12Z,,Das für diesen Montag geplante Außenministertreffen der Staaten am Persischen Golf im Oman wurde nach Angaben aus Maskat verschoben. «Im Interesse des Konsenses wurde das für morgen in Salalah geplan… [+1654 chars],,de,'Iran'
https://www.faz.net/aktuell/politik/ausland/liveblog-irankrieg-gespraeche-zur-strasse-von-hormus-verschoben-faz-200583539.html,https://www.faz.net/aktuell/politik/ausland/liveblog-irankrieg-gespraeche-zur-strasse-von-hormus-verschoben-faz-200583539.html,0,www.faz.net,Liveblog Irankrieg: Gespräche zur Straße von Hormus kurzfristig verschoben,Spannungen unter den Golf-Staaten +++ Saudi-Arabien schließt nach Angriffen wichtige Ost-West-Pipeline +++ Irak schließt nach Drohnenangriff auf saudische Pipeline Grenzübergang zu Iran +++ alle Entwicklungen im Liveblog,https://media0.faz.net/image/w1200h627/fe52db76d2a4/w1000h522x0y184o/202609/43601.0.2548717808/der-iranische-aussenminister.webp,2026-09-13T21:03:41Z,,"Saudi-Arabien hat nach Angaben der jemenitischen Huthi-Miliz neue Angriffe auf Ziele im Jemen geflogen. Der den Huthi nahestehende Fernsehsender Almasirah berichtete, es habe am Sonntag zwei Luftangr… [+839 chars]",,de,'Iran'
https://www.zeit.de/politik/deutschland/2026-09/cdu-stimmung-kanzler-friedrich-merz-karin-prien-sachsen-anhalt,https://www.zeit.de/politik/deutschland/2026-09/cdu-stimmung-kanzler-friedrich-merz-karin-prien-sachsen-anhalt,0,www.zeit.de,Bildungsministerin: Karin Prien fordert Bundeskanzler zu mehr Empathie auf,"Friedrich Merz und die CDU zeigten nicht genug Mitgefühl für die Sorgen der Menschen, findet Bildungsministerin Karin Prien. Einen neuen Kanzler fordert sie aber nicht.",https://img.zeit.de/politik/deutschland/2026-09/cdu-stimmung-kanzler-friedrich-merz-karin-prien-sachsen-anhalt-bild/wide__1300x731,2026-09-13T23:41:54Z,,Das Stimmungstief von Bundeskanzler Friedrich Merz und der CDU hat aus Sicht von Kabinettskollegin Karin Prien mit fehlendem Mitgefühl für die Sorgen der Menschen zu tun. In der ARD-Sendung Caren Mio… [+1803 chars],,de,'Friedrich Merz'
https://www.zeit.de/news/2026-09/14/klimaneutral-bis-2045-immer-mehr-firmen-geben-auf,https://www.zeit.de/news/2026-09/14/klimaneutral-bis-2045-immer-mehr-firmen-geben-auf,0,www.zeit.de,Energiepolitik: Klimaneutral bis 2045? Immer mehr Firmen geben auf,Hier finden Sie Informationen zu dem Thema „Energiepolitik“. Lesen Sie jetzt „Klimaneutral bis 2045? Immer mehr Firmen geben auf“.,https://img.zeit.de/news/2026-09/14/klimaneutral-bis-2045-immer-mehr-firmen-geben-auf-image-group/wide__1300x731,2026-09-14T02:00:11Z,,"Die baden-württembergische Industrie zweifelt einer Umfrage zufolge massiv am Zeitplan für die Klimaneutralität. Die Zahl an Betrieben, die erwarteten, bis spätestens 2045 klimaneutral sein zu können… [+1760 chars]",,de,'Industrie'
https://www.nzz.ch/schweiz/so-leben-nerze-auf-einer-pelzfarm-in-polen-ld.10023296,https://www.nzz.ch/schweiz/so-leben-nerze-auf-einer-pelzfarm-in-polen-ld.10023296,0,www.nzz.ch,"Das Tier, das zum Mantel wird: So leben Nerze auf einer Pelzfarm in Polen","Die Pelzindustrie sei ein Verbrechen an der Tierwelt, kritisieren Tierschützer. Sie wollen den Import von Fellen in die Schweiz verbieten. Wie schlimm ist es wirklich?","https://img-msp-prod.nzz.ch/2026/09/11/60dc177a-0bd9-49a4-bc01-01f36bd417b1.jpg?width=1200&height=675&fit=bounds&quality=75&auto=webp&crop=3543,1993,x0,y369&wmark=nzz",2026-09-14T03:30:00Z,,"Die Pelzindustrie sei ein Verbrechen an der Tierwelt, kritisieren Tierschützer. Sie wollen den Import von Fellen in die Schweiz verbieten. Wie schlimm ist es wirklich?
Andrea Fopp, Dobra (PL)14.09.2… [+11831 chars]",,de,'Import'
https://www.focus.de/kultur/kino-tv/nach-schwangerschaftsverdacht-wieder-ein-haftbefehl-fuer-buergergeld-empfaengerin-carola_0f248339-1f98-4881-b2bb-148e9b301174.html,https://www.focus.de/kultur/kino-tv/nach-schwangerschaftsverdacht-wieder-ein-haftbefehl-fuer-buergergeld-empfaengerin-carola_0f248339-1f98-4881-b2bb-148e9b301174.html,0,www.focus.de,Nach Schwangerschaftsverdacht: Wieder ein Haftbefehl für Bürgergeld-Empfängerin Carola,"Bei Carola aus „Armes Deutschland – Stempeln oder abrackern?“ kehrt keine Ruhe ein. Kaum hat sie ihre Sozialstunden hinter sich, wartet bereits der nächste Haftbefehl – und auch privat gibt es Neuigkeiten.","https://quadro.burda-forward.de/ctf/ca1b3de8-c33c-4c4e-bc8f-b39e5ffb0cc6.cba000f2-e7c9-442a-9099-710d06fbcc87.jpeg?im=RegionOfInterestCrop=(1200,630),regionOfInterest=(800,450)&hash=9bce8343f41311211de23f8791e1e4d60cc21e41a1cac901760a6419a3b92a6b",2026-09-14T04:20:00Z,,Eigentlich könnte Armes Deutschland-Carola zunächst erleichtert sein: Ihre Sozialstunden hat die Kölnerin inzwischen vollständig abgeleistet. Lange hält die Ruhe jedoch nicht an. Denn kurz darauf err… [+2214 chars],,de,'Bürgergeld'
https://www.bild.de/politik/inland/ukrainer-und-das-buergergeld-bild-kennt-die-neuesten-zahlen-6aa5264f181cb962d488cd1b,https://www.bild.de/politik/inland/ukrainer-und-das-buergergeld-bild-kennt-die-neuesten-zahlen-6aa5264f181cb962d488cd1b,0,www.bild.de,BILD kennt die neuesten Zahlen - Ukrainer und das Bürgergeld,Warum in unseren Nachbarländern doppelt so viele einen Job haben.,"https://images.bild.de/6aa5264f181cb962d488cd1b/b690461baa49ed3fafc3f3aa6a56c8bc,1c366762?w=1280",2026-09-14T05:14:53Z,,"Hunderttausende Ukrainer beziehen Bürgergeld, obwohl Deutschland seit Jahren versucht, sie schneller in Arbeit zu bringen. Neue Zahlen zeigen, wie groß die Lücke noch immer ist und wie weit andere eu… [+214 chars]",,de,'Ukraine'
https://www.zeit.de/wirtschaft/2026-09/zahlungsrueckstaende-energie-strom-gas-haushalte-mieter-nebenkosten-gxe,https://www.zeit.de/wirtschaft/2026-09/zahlungsrueckstaende-energie-strom-gas-haushalte-mieter-nebenkosten-gxe,0,www.zeit.de,Energie: Millionen Deutsche haben Zahlungsrückstände bei Versorgungsbetrieben,Viele Menschen in Deutschland kommen mit dem Begleichen ihrer Strom- und Gasrechnungen nicht hinterher. Besonders betroffen sind laut Statistikern Mieter.,https://img.zeit.de/gesellschaft/zeitgeschehen/2026-09/zahlungsrueckstaende-energie-strom-gas-haushalte-mieter-nebenkosten-foto-1/wide__1300x731,2026-09-14T06:59:47Z,,"Rund 3,8 Millionen Menschen in Deutschland hatten im vergangenen Jahr Probleme, ihre Strom- und Gasrechnungen fristgerecht zu bezahlen. Dies entspreche einem Anteil von 4,6 Prozent der Bevölkerung, t… [+1471 chars]",,de,'Versorgung'
https://www.golem.de/sonstiges/zustimmung/auswahl.html?from=https://www.golem.de/news/hochtemperatur-supraleitung-proxima-fusion-baut-kernfusions-industrie-auf-2609-212964.html&referer=https://t.co/30093633d8,https://www.golem.de/sonstiges/zustimmung/auswahl.html?from=https://www.golem.de/news/hochtemperatur-supraleitung-proxima-fusion-baut-kernfusions-industrie-auf-2609-212964.html&referer=https://t.co/30093633d8,0,www.golem.de,Hochtemperatur-Supraleitung: Proxima Fusion baut Kernfusions-Industrie auf,"Das Fusions-Start-up und das Land Niedersachsen konkretisieren das Vorhaben, die Supraleiter erstmals in relevanten Mengen in Europa zu fertigen. (Kernfusion, Start-up)",,2026-09-14T07:25:01Z,,"Besuchen Sie Golem.de wie gewohnt mit Werbung und Tracking,
 indem Sie der Nutzung aller Cookies zustimmen.
 Details zum Tracking finden Sie im Privacy Center.
Skript wurde nicht geladen. Informat… [+607 chars]",,de,'Industrie'
https://www.zeit.de/news/2026-09/14/kein-treffen-zur-strasse-von-hormus-was-steckt-dahinter,https://www.zeit.de/news/2026-09/14/kein-treffen-zur-strasse-von-hormus-was-steckt-dahinter,0,www.zeit.de,Iran-Krieg: Kein Treffen zur Straße von Hormus – was steckt dahinter?,Hier finden Sie Informationen zu dem Thema „Iran-Krieg“. Lesen Sie jetzt „Kein Treffen zur Straße von Hormus – was steckt dahinter?“.,https://img.zeit.de/news/2026-09/14/kein-treffen-zur-strasse-von-hormus-was-steckt-dahinter-image-group/wide__1300x731,2026-09-14T07:51:15Z,,Seit Monaten belastet die festgefahrene Situation in der Straße von Hormus die Weltwirtschaft. Hoffnung machte ein geplantes Treffen der Außenminister des Irans und des Omans mit ihren Kollegen aus d… [+5802 chars],,de,'Iran'
https://www.zeit.de/news/2026-09/14/hamburger-industrie-waechst-dank-mineraloelbranche,https://www.zeit.de/news/2026-09/14/hamburger-industrie-waechst-dank-mineraloelbranche,0,www.zeit.de,Statistik: Hamburger Industrie wächst dank Mineralölbranche,Hier finden Sie Informationen zu dem Thema „Statistik“. Lesen Sie jetzt „Hamburger Industrie wächst dank Mineralölbranche“.,https://img.zeit.de/news/2026-09/14/hamburger-industrie-waechst-dank-mineraloelbranche-image-group/wide__1300x731,2026-09-14T08:49:13Z,,"Der Umsatz der Hamburger Industrie ist im ersten Halbjahr auch dank der Mineralölbranche gewachsen. Nach Abzug der Inflation stieg der Umsatz im Vergleich zum Vorjahreszeitraum um 8,1 Prozent auf run… [+1070 chars]",,de,'Industrie'
https://www.zeit.de/politik/ausland/2026-09/arktis-gipfel-finnland-petteri-orpo-gitanas-nauseda-friedrich-merz,https://www.zeit.de/politik/ausland/2026-09/arktis-gipfel-finnland-petteri-orpo-gitanas-nauseda-friedrich-merz,0,www.zeit.de,EU-Arktis-Gipfel: Verbündete Regierungschefs stellen sich beim Arktis-Gipfel hinter Merz,Finnlands Ministerpräsident hat Bundeskanzler Friedrich Merz beim Arktis-Gipfel den Rücken gestärkt. Er sieht Merz trotz innenpolitischer Krise als verlässlichen Partner.,https://img.zeit.de/politik/ausland/2026-09/arktis-gipfel-finnland-petteri-orpo-gitanas-nauseda-friedrich-merz-foto-1/wide__1300x731,2026-09-14T10:04:55Z,,Der finnische Staatschef Petteri Orpo und weitere verbündete Regierungschefs haben Bundeskanzler Friedrich Merz beim Arktis-Gipfel der EU in Finnland gestärkt. Merz sei trotz der derzeitigen innenpol… [+772 chars],,de,'Friedrich Merz'
https://www.tagesschau.de/inland/innenpolitik/anklage-spionin-russland-100.html,https://www.tagesschau.de/inland/innenpolitik/anklage-spionin-russland-100.html,0,www.tagesschau.de,Bundesanwaltschaft: Anklage gegen mutmaßliche Russland-Spionin,Sie soll ein pro-russisches Netzwerk in Berlin aufgebaut und Informationen zur deutschen Verteidigungspolitik an den Kreml geliefert haben: Jetzt hat die Bundesanwaltschaft Anklage gegen die mutmaßliche Spionin Russlands erhoben.,https://images.tagesschau.de/image/9fb9249d-ace8-4ab0-852b-2ad37271e6e8/AAABoJ-WdTA/AAABnSSvrFg/16x9-big/russische-botschaft-berlin-106.jpg?width=1280,2026-09-14T11:03:53Z,,"Stand: 14.09.2026 13:03 Uhr
Sie soll ein pro-russisches Netzwerk in Berlin aufgebaut und Informationen zur deutschen Verteidigungspolitik an den Kreml geliefert haben: Jetzt hat die Bundesanwaltscha… [+1751 chars]",,de,'Kreml'
https://www.zeit.de/news/2026-09/14/eklat-bei-iaea-konferenz-kein-visum-fuer-irans-atomchef,https://www.zeit.de/news/2026-09/14/eklat-bei-iaea-konferenz-kein-visum-fuer-irans-atomchef,0,www.zeit.de,Iran-Krieg: Eklat bei IAEA-Konferenz: Kein Visum für Irans Atomchef,Hier finden Sie Informationen zu dem Thema „Iran-Krieg“. Lesen Sie jetzt „Eklat bei IAEA-Konferenz: Kein Visum für Irans Atomchef“.,https://img.zeit.de/news/2026-09/14/eklat-bei-iaea-konferenz-kein-visum-fuer-irans-atomchef-image-group/wide__1300x731,2026-09-14T11:12:09Z,,Dem iranischen Atomchef und Vizepräsidenten Mohammed Eslami ist die Einreise nach Österreich für ein wichtiges Treffen der Internationale Atomenergiebehörde (IAEA) verweigert worden. Die Entscheidung… [+2897 chars],,de,'Krieg'
https://www.faz.net/aktuell/feuilleton/medien-und-film/kino/filmklassiker-coppolas-apocalypse-now-accg-201132765.html,https://www.faz.net/aktuell/feuilleton/medien-und-film/kino/filmklassiker-coppolas-apocalypse-now-accg-201132765.html,0,www.faz.net,„Apocalypse Now“: Das Grauen des Krieges,"Reise ins Herz der Finsternis, von Robert Duvall zu Marlon Brando: Coppolas Kriegsfilm macht eine Wahrheit über den Krieg und die Menschen darin sichtbar.",https://media0.faz.net/image/w1200h627/b141698c408f/w7483h3909x1323y295o/202602/b42c2c54-1f98-4522-94e6-929e7c4296c4/napalm-am-morgen-sam-bottoms.webp,2026-09-14T11:26:50Z,,"Es gibt Filme, die man gesehen hat, und es gibt Filme, die man durchlebt hat. Francis Ford Coppolas Apocalypse Now, 1979 uraufgeführt, gehört unzweifelhaft zu Letzterem. Mit der gut zweieinhalbstündi… [+4904 chars]",,de,'Krieg'
https://www.zeit.de/politik/ausland/2026-09/mohammed-eslami-einreise-oesterreich-iaea-wien-gxe,https://www.zeit.de/politik/ausland/2026-09/mohammed-eslami-einreise-oesterreich-iaea-wien-gxe,0,www.zeit.de,IAEA-Konferenz: Irans Atomchef erhält kein Visum für IAEA-Konferenz in Wien,"Dem Chef des iranischen Atomprogramms ist die Einreise zu einem Treffen der Atomenergiebehörde in Österreich verweigert worden. Er warf den USA vor, Druck auszuüben.",https://img.zeit.de/politik/ausland/2026-09/mohammed-eslami-einreise-oesterreich-iaea-wien-foto-1/wide__1300x731,2026-09-14T11:59:25Z,,Dem iranischen Atomchef und Vizepräsidenten Mohammed Eslami ist die Einreise nach Österreich für ein Treffen der Internationalen Atomenergiebehörde (IAEA) verweigert worden. Die Entscheidung sorgte z… [+2095 chars],,de,'Iran'
https://www.zeit.de/news/2026-09/14/windindustrie-erwartet-weniger-auftraege,https://www.zeit.de/news/2026-09/14/windindustrie-erwartet-weniger-auftraege,0,www.zeit.de,Erneuerbare Energie: Windindustrie erwartet weniger Aufträge,Hier finden Sie Informationen zu dem Thema „Erneuerbare Energie“. Lesen Sie jetzt „Windindustrie erwartet weniger Aufträge“.,https://img.zeit.de/news/2026-09/14/windindustrie-erwartet-weniger-auftraege-image-group/wide__1300x731,2026-09-14T12:00:09Z,,Einer Gewerkschaftsbefragung zufolge erwartet die Windindustrie eine schwächere Auftragsentwicklung. Rechneten im vergangenen Jahr nahezu 60 Prozent der befragten Betriebsräte mit steigenden Aufträge… [+1616 chars],,de,'Energie'
https://www.welt.de/wirtschaft/video6aa7d44619aba9f8407b4006/oelpreis-legt-wieder-zu-der-geist-ist-aus-der-flasche-was-diese-kontrolle-der-meerengen-angeht.html,https://www.welt.de/wirtschaft/video6aa7d44619aba9f8407b4006/oelpreis-legt-wieder-zu-der-geist-ist-aus-der-flasche-was-diese-kontrolle-der-meerengen-angeht.html,0,www.welt.de,"„Der Geist ist aus der Flasche, was diese Kontrolle der Meerengen angeht“","Saudi-Arabien hat die wichtige Ost-West-Pipeline nach Angriffen auf die Leitung in den Regionen Riad und Medina vorsorglich abgeschaltet. „Da gibt es jetzt Besorgnisse, dass es hier dauerhaft unsicher wird“, sagt Marktanalyst Jochen Stanzl im Gespräch mit Die…",https://images.welt.de/6aa7d44619aba9f8407b4006/40e078892328a706594d81d181504425/ci16x9-w1200/boerse-png,2026-09-14T12:10:01Z,,"Saudi-Arabien hat die wichtige Ost-West-Pipeline nach Angriffen auf die Leitung in den Regionen Riad und Medina vorsorglich abgeschaltet. Da gibt es jetzt Besorgnisse, dass es hier dauerhaft unsicher… [+130 chars]",,de,'Pipeline'
https://www.diepresse.com/41259045/ein-horrorszenario-fuer-den-oelpreis-und-nicht-nur-ihn,https://www.diepresse.com/41259045/ein-horrorszenario-fuer-den-oelpreis-und-nicht-nur-ihn,0,www.diepresse.com,Ein Horrorszenario für den Ölpreis – und nicht nur ihn [premium],Die Angriffe der jemenitischen Houthi-Rebellen auf Saudi-Arabien und der Stillstand der strategisch wichtigen Ost-West-Pipeline lassen den Energiemarkt verrückt spielen. Ölpreise von 120 Dollar je Fass sind nicht mehr unrealistisch. Der Gaspreis explodiert be…,https://img.diepresse.com/public/incoming/qitlys-afpc87x4lkjpg/alternates/WEBP_WIDE_1200/AFP_C87X4LK.jpg,2026-09-14T13:55:40Z,,"Sie war im Zuge des Iran-Kriegs die Rettung für Saudi-Arabien und die Ölversorgung auf der ganzen Welt: Die Ost-West-Pipeline, die es dem Königreich ermöglichte, ihren zentralen Rohstoff weiterhin in… [+5164 chars]",,de,'Gas'
https://www.bild.de/politik/ausland-und-internationales/nach-angriffen-in-saudi-arabien-oel-pipeline-fuer-wochen-ausser-betrieb-6aa7ead61e576e6f7a14cf03,https://www.bild.de/politik/ausland-und-internationales/nach-angriffen-in-saudi-arabien-oel-pipeline-fuer-wochen-ausser-betrieb-6aa7ead61e576e6f7a14cf03,0,www.bild.de,Nach Angriffen in Saudi-Arabien - Wichtige Pipeline mehrere Wochen außer Betrieb,"Angriffe haben Saudi-Arabiens wichtigste Ölpipeline beschädigt. Reparaturen könnten sechs Wochen dauern, während knappe Vorräte und steigende Ölpreise den Markt belasten.","https://images.bild.de/6aa7ead61e576e6f7a14cf03/7d3c25cfb2e39b23e96b2da4bfe6f23b,8a47f6ef?w=1280",2026-09-14T13:58:40Z,,TTS-Player überspringenArtikel weiterlesenRiad Nach dem Angriff auf Saudi-Arabiens wichtigste Ölpipeline wächst die Sorge vor einem wochenlangen Ausfall und weiter steigenden Ölpreisen. Nach Informat… [+2537 chars],,de,'Pipeline'
https://www.nzz.ch/wirtschaft/iran-krieg-beschaedigte-saudi-pipeline-verteuert-oel-benzin-diesel-ld.10023657,https://www.nzz.ch/wirtschaft/iran-krieg-beschaedigte-saudi-pipeline-verteuert-oel-benzin-diesel-ld.10023657,0,www.nzz.ch,"Irans Drohnen treffen Saudiarabien und die Welt: Nach neuen Angriffen werden Öl, Benzin und Diesel teuer bleiben",Eine saudische Pipeline hat den Ölschock durch den Iran-Krieg entscheidend gemildert. Jetzt ist sie beschädigt und ausser Betrieb. Auch die Tanker des Königreichs sind in neuer Gefahr.,"https://img-msp-prod.nzz.ch/2026/09/14/b463e8b5-a606-481a-9602-348941b9db90.jpg?width=1200&height=675&fit=bounds&quality=75&auto=webp&crop=5500,3094,x0,y573&wmark=nzz",2026-09-14T14:35:34Z,,"Eine saudische Pipeline hat den Ölschock durch den Iran-Krieg entscheidend gemildert. Jetzt ist sie beschädigt und ausser Betrieb. Auch die Tanker des Königreichs sind in neuer Gefahr.
Zusammenfassu… [+6563 chars]",,de,'Pipeline'
https://www.focus.de/finanzen/news/die-stilllegung-einer-saudischen-pipeline-laesst-asiatische-oelladungen-im-hafen-von-yanbu-in-der-schwebe_a15436ee-216d-4e16-98b3-cead727fa955.html,https://www.focus.de/finanzen/news/die-stilllegung-einer-saudischen-pipeline-laesst-asiatische-oelladungen-im-hafen-von-yanbu-in-der-schwebe_a15436ee-216d-4e16-98b3-cead727fa955.html,0,www.focus.de,Die Stilllegung einer saudischen Pipeline lässt asiatische Ölladungen im Hafen von Yanbu in der Schwebe,Eine wichtige Pipeline in Saudi-Arabien ist stillgelegt. Eigentlich transportiert sie Öl für asiatische Käufer. Diese müssen jetzt auf die Lieferungen warten.,"https://quadro.burda-forward.de/ctf/1e6f1956-16b2-425a-b058-dffc1fb78554.91350566-0672-494b-bdb7-6d2249a81d73.jpg?im=RegionOfInterestCrop=(1200,630),regionOfInterest=(2137,1378)&hash=1734e6d03632f8e1922e6d37296d55c37e54d7a62a85134e7c69dc49874435ba",2026-09-14T14:39:00Z,,"Nachdem Saudi-Arabien die entscheidende Ost-West-Pipeline schließen musste, warten asiatische Ölraffinerien auf Klarheit bezüglich einiger Ladungen, die am Rotmeerhafen Yanbu abgeholt werden sollten.… [+5134 chars]",,de,'Pipeline'
https://www.n-tv.de/politik/Iranische-Hardliner-sabotieren-die-eigene-Fuehrung-id31304237.html,https://www.n-tv.de/politik/Iranische-Hardliner-sabotieren-die-eigene-Fuehrung-id31304237.html,0,www.n-tv.de,Wo ist das Phantom Chamenei? : Iranische Hardliner sabotieren die eigene Führung,"Im Nahen Osten lodert der Konflikt zwischen dem Iran und den USA. Das ist ganz im Interesse der Hardliner in Teherans. Diese setzen auf provokative Angriffe, um den Krieg erneut vollends zu entflammen.",https://www.n-tv.de/img/31304297/1789396456/Img_16_9/1200/AFP__20260715__C28P2T3__v2__HighRes__IranUsIsraelWar.jpg,2026-09-14T14:56:14Z,,"Start einer Rakete der Revolutionsgarden. (Foto: AFP)
Im Nahen Osten lodert der Konflikt zwischen dem Iran und den USA. Das ist ganz im Interesse der Hardliner in Teherans. Diese setzen auf provokat… [+6006 chars]",,de,'Iran'
https://www.focus.de/politik/ausland/iran-hardliner-sabotierten-durch-angriff-den-friedensdeal-mit-trump-im-regime-tobt-ein-machtkampf_07d8fc64-221d-4eea-a344-98ef4006cbc6.html,https://www.focus.de/politik/ausland/iran-hardliner-sabotierten-durch-angriff-den-friedensdeal-mit-trump-im-regime-tobt-ein-machtkampf_07d8fc64-221d-4eea-a344-98ef4006cbc6.html,0,www.focus.de,Iran-Hardliner sabotierten durch Angriff den Friedensdeal mit Trump – im Regime tobt ein Machtkampf,"Insider berichten, wie die Hardliner im Iran gezielt das Friedensabkommen mit den USA sabotiert haben. Den Machtkampf könnte nur der Oberste Führer befrieden. Doch der bleibt ein Phantom.","https://quadro.burda-forward.de/ctf/4ac1b397-9e85-47ff-8c2d-f570fad73f14.76a099e3-869b-4baf-8c8a-ab25b91a1ff5.jpg?im=RegionOfInterestCrop=(1200,630),regionOfInterest=(1141,459)&hash=175a5fc2bb3a18eba12f662e7436669e766178353f2f01559812d74107de346b",2026-09-14T15:01:00Z,,"Der iranische Präsident Massud Peseschkian befand sich Anfang Juli auf einem Höhenflug, unmittelbar nach den erfolgreichen Verhandlungen über ein Friedensabkommen mit den Vereinigten Staaten. Für ein… [+10924 chars]",,de,'Iran'
https://www.zeit.de/news/2026-09/14/film-naza-zum-gaza-krieg-armee-prueft-rechtliche-schritte,https://www.zeit.de/news/2026-09/14/film-naza-zum-gaza-krieg-armee-prueft-rechtliche-schritte,0,www.zeit.de,Scharfe Reaktion des Militärs: Film «NAZA» zum Gaza-Krieg: Armee prüft rechtliche Schritte,Hier finden Sie Informationen zu dem Thema „Scharfe Reaktion des Militärs“. Lesen Sie jetzt „Film «NAZA» zum Gaza-Krieg: Armee prüft rechtliche Schritte“.,https://img.zeit.de/news/2026-09/14/film-naza-zum-gaza-krieg-armee-prueft-rechtliche-schritte-image-group/wide__1300x731,2026-09-14T15:42:13Z,,Mit Blick auf den beim Filmfestival in Venedig mit dem Spezialpreis der Jury ausgezeichneten Dokumentarfilm «NAZA» zum Gaza-Krieg hat Israels Generalstabschef mehrere Maßnahmen angeordnet. Militärche… [+2806 chars],,de,'Krieg'
https://www.n-tv.de/wirtschaft/Warum-die-Energiekrise-ploetzlich-so-bedrohlich-ist-wie-seit-Kriegsbeginn-nicht-id31304747.html,https://www.n-tv.de/wirtschaft/Warum-die-Energiekrise-ploetzlich-so-bedrohlich-ist-wie-seit-Kriegsbeginn-nicht-id31304747.html,0,www.n-tv.de,Das Sicherheitsnetz ist weg: Warum die Energiekrise plötzlich so bedrohlich ist wie seit Kriegsbeginn nicht,"Noch liegen die Ölpreise unter ihren Höchstständen vom Mai, doch die Gefahr einer schweren Energiekrise ist so groß wie nie zuvor seit Beginn des Iran-Kriegs. Vier Faktoren, die bislang einen Absturz der Weltwirtschaft verhindert haben, sind inzwischen stark …",https://www.n-tv.de/img/31304775/1789401334/Img_16_9/1200/619132807.jpg,2026-09-14T15:43:32Z,,"Mit der Beschädigung der Ost-West-Pipeline zum Roten Meer ist auch der Hinterausgang für die saudischen Ölexporte versperrt. (Foto: picture alliance/dpa/Satellite image ©2026 Vantor/AP)
Noch liegen … [+5479 chars]",,de,'Iran'
https://www.zeit.de/news/2026-09/14/trump-moskau-und-kiew-wollen-angriffe-auf-energie-stoppen,https://www.zeit.de/news/2026-09/14/trump-moskau-und-kiew-wollen-angriffe-auf-energie-stoppen,0,www.zeit.de,Krieg: Trump: Moskau und Kiew wollen Angriffe auf Energie stoppen,Hier finden Sie Informationen zu dem Thema „Krieg“. Lesen Sie jetzt „Trump: Moskau und Kiew wollen Angriffe auf Energie stoppen“.,https://img.zeit.de/administratives/sharing/fallback-image-die-zeit/wide__1300x731,2026-09-14T15:46:45Z,,"Russland und die Ukraine wollen nach Darstellung von US-Präsident Donald Trump auf Angriffe auf gegnerische Energieanlagen verzichten. Das teilte Trump auf seiner Plattform Truth Social mit, ohne wei… [+121 chars]",,de,'Krieg'
https://www.bild.de/politik/huthi-gefahr-nach-pipelineangriff-diese-terrorrebellen-bedrohen-unseren-welthandel-6aa8159977bd109fcdd01142,https://www.bild.de/politik/huthi-gefahr-nach-pipelineangriff-diese-terrorrebellen-bedrohen-unseren-welthandel-6aa8159977bd109fcdd01142,0,www.bild.de,Die Huthi-Gefahr nach Pipeline-Angriff - Diese Terroristen sorgen für die Spritpreis-Explosion,"Entlang der derzeit wichtigsten Pipeline der Welt, der Ost-West-Pipeline in Saudi-Arabien, brennen Raffinerien! Nach Angriffen der Huthi-Terrorgruppe im ...","https://images.bild.de/6aa8159977bd109fcdd01142/5044363a3b69f2f046afc4261b80a155,5a522834?w=1280",2026-09-14T16:28:36Z,,"Mehr zum Video anzeigen 
Entlang der derzeit wichtigsten Pipeline der Welt, der Ost-West-Pipeline in Saudi-Arabien, brennen Raffinerien! Nach Angriffen der Huthi-Terrorgruppe im Jemen hatten die Sau… [+232 chars]",,de,'Pipeline'
https://www.derstandard.at/story/3000000339338/die-huthis-tanzen-nicht-immer-nach-teherans-pfeife,https://www.derstandard.at/story/3000000339338/die-huthis-tanzen-nicht-immer-nach-teherans-pfeife,0,www.derstandard.at,Die Huthis tanzen nicht immer nach Teherans Pfeife,Der Schlag gegen die Schifffahrt im Roten Meer durch die Jemeniten unterstreicht Irans regionale Stärke – aber bringt dessen Hormus-Diplomatie ins Stocken,https://i.ds.at/uxkXVw/rs:fill:1200:600/plain/lido-images/2026/09/14/a146556c-7b07-4ba9-a80c-8801c0f17a8e.jpg,2026-09-14T16:28:38Z,,"Auf einem Satellitenbild ist der Schaden an einer Pumpstation an der saudischen Ost-West-Pipeline zu sehen. Der Angriff ging zwar nicht von den jemenitischen Huthis aus, aber von mit ihnen solidarisc… [+899 chars]",,de,'Iran'
https://www.zeit.de/politik/ausland/2026-09/eu-russland-sanktionen-alischer-usmanow-slowakei-frankreich,https://www.zeit.de/politik/ausland/2026-09/eu-russland-sanktionen-alischer-usmanow-slowakei-frankreich,0,www.zeit.de,Krieg gegen die Ukraine: EU debattiert Verlängerung von Sanktionspaket für Russland weiter,Morgen läuft ein Sanktionspaket gegen Russland aus. Die EU wird sich nicht einig und verlängert es nur wenige Tage. Berichten zufolge soll es um einen Oligarchen gehen.,https://img.zeit.de/politik/ausland/2026-09/eu-russland-sanktionen-alischer-usmanow-slowakei-frankreich-foto-1/wide__1300x731,2026-09-14T17:03:43Z,,"In der EU gibt es erneut Streit um Sanktionen gegen Russland. Wie ein Sprecher der derzeitigen irischen Ratspräsidentschaft mitteilte, konnten sich die Mitgliedstaaten nicht auf eine einjährige Verlä… [+727 chars]",,de,'Ukraine'
https://www.n-tv.de/politik/In-einem-Punkt-sind-sich-Kuenast-und-Chrupalla-einig-id31305300.html,https://www.n-tv.de/politik/In-einem-Punkt-sind-sich-Kuenast-und-Chrupalla-einig-id31305300.html,0,www.n-tv.de,"""Seine Zeit ist abgelaufen"": In einem Punkt sind sich Künast und Chrupalla einig","Ist die Zeit von Friedrich Merz vorbei? Ein bloßer Verzicht auf den Parteivorsitz reicht nicht aus, sagen die Grünen-Politikerin Künast und AfD-Chef Chrupalla. Harmonisch ist deren Begegnung bei ""Blome & Pfeffer"" dennoch nicht.",https://www.n-tv.de/img/31305332/1789408011/Img_16_9/1200/Screenshot%202026-09-14%20174536.jpg,2026-09-14T17:29:53Z,,"Ist die Zeit von Friedrich Merz vorbei? Ein bloßer Verzicht auf den Parteivorsitz reicht nicht aus, sagen die Grünen-Politikerin Künast und AfD-Chef Chrupalla. Harmonisch ist deren Begegnung bei ""Blo… [+2016 chars]",,de,'Bürgergeld'
https://www.focus.de/kultur/kino-tv/buergergeld-empfaengerin-vergnuegt-sich-zehn-wochen-in-london-und-laesst-kinder-zurueck_2abda462-e1eb-42e0-9933-8be050c0b9e7.html,https://www.focus.de/kultur/kino-tv/buergergeld-empfaengerin-vergnuegt-sich-zehn-wochen-in-london-und-laesst-kinder-zurueck_2abda462-e1eb-42e0-9933-8be050c0b9e7.html,0,www.focus.de,Bürgergeld-Empfängerin vergnügt sich zehn Wochen in London – und lässt Kinder zurück,Eigentlich wollte Jannie nur für kurze Zeit raus aus Mannheim. Doch die kleine Auszeit dauerte länger: Die „Hartz und herzlich“-Protagonistin verbrachte schließlich zehn Wochen in London – während ihre Familie in Deutschland blieb.,"https://quadro.burda-forward.de/ctf/e75cf6df-dce4-46b7-983d-04328887d153.0a677476-a8c9-4d5b-815c-f6671aa2fa97.jpeg?im=RegionOfInterestCrop=(1200,630),regionOfInterest=(800,450)&hash=24955e8dad3d19e5c6fade157fce97183e040981bb74295815851d2b292bd969",2026-09-14T19:03:00Z,,Bei Jannie war in den vergangenen Monaten einiges los. Eigentlich hatte die ehemalige Gastronomin sogar noch größere Pläne: Gemeinsam mit ihrem Sohn Quentin wollte sie Deutschland verlassen und in di… [+2887 chars],,de,'Bürgergeld'
https://www.focus.de/panorama/mann-aus-jemen-angeklagt-buergergeld-fuer-fremde-kinder-kassiert-dann-frau-enthauptet_1a0be937-593b-433f-8734-a3f96c15026f.html,https://www.focus.de/panorama/mann-aus-jemen-angeklagt-buergergeld-fuer-fremde-kinder-kassiert-dann-frau-enthauptet_1a0be937-593b-433f-8734-a3f96c15026f.html,0,www.focus.de,"Mann aus Jemen angeklagt: Bürgergeld für fremde Kinder kassiert, dann Frau enthauptet","Ein Flüchtling (37) aus dem Jemen soll fremde Kinder nach Deutschland geholt und so Sozialleistungen kassiert haben. Nachdem seine Frau den Betrug melden wollte, hat er sie laut Anklage bestialisch ermordet. Nun startet der Prozess in München.","https://quadro.burda-forward.de/ctf/5e31e442-880a-4e14-8358-1addf0810343.f7a15808-cb15-4491-8dc1-1ed59095fdef.jpeg?im=RegionOfInterestCrop=(1200,630),regionOfInterest=(1951,1279)&hash=b5747a9b977a3f155c15c7130d97b58a3a4e51301e3c02883eb90c861ad2d90a",2026-09-14T20:06:00Z,,"Ein 37 Jahre alter Flüchtling aus dem Jemen soll fremde Kinder als seine eigenen ausgegeben haben, um in Deutschland mehr Sozialleistungen zu kassieren. Mit der dreisten Masche ergaunerte der in Baye… [+8363 chars]",,de,'Bürgergeld'
https://www.zeit.de/news/2026-09/15/harald-schmidt-verteidigt-friedrich-merz,https://www.zeit.de/news/2026-09/15/harald-schmidt-verteidigt-friedrich-merz,0,www.zeit.de,Kanzlerkrise: Harald Schmidt verteidigt Friedrich Merz,Hier finden Sie Informationen zu dem Thema „Kanzlerkrise“. Lesen Sie jetzt „Harald Schmidt verteidigt Friedrich Merz“.,https://img.zeit.de/news/2026-09/15/harald-schmidt-verteidigt-friedrich-merz-image-group/wide__1300x731,2026-09-15T03:23:04Z,,"Harald Schmidt (69) lehnt Rücktrittsforderungen an Bundeskanzler Friedrich Merz (CDU) ab. «Ich hoffe, dass er die Legislaturperiode durchsteht», sagte der Entertainer der Deutschen Presse-Agentur in … [+1742 chars]",,de,'Friedrich Merz'
https://www.nzz.ch/international/jordanien-geraet-ins-visier-irans-und-wird-gleichzeitig-zum-regionalen-handelsknotenpunkt-ld.10022902,https://www.nzz.ch/international/jordanien-geraet-ins-visier-irans-und-wird-gleichzeitig-zum-regionalen-handelsknotenpunkt-ld.10022902,0,www.nzz.ch,Jordanien gerät ins Visier Irans – und wird gleichzeitig zum regionalen Handelsknotenpunkt,"Jordanien wird seit einem halben Jahr zum Ziel iranischer Raketenangriffe. Obwohl die Tourismusbranche leidet, zeigt sich die jordanische Wirtschaft erstaunlich resilient – und könnte längerfristig vom Iran-Krieg profitieren.","https://img-msp-prod.nzz.ch/2026/09/09/acbdf583-ea7c-4369-86b9-c29c0d8388bd.jpg?width=1200&height=675&fit=bounds&quality=75&auto=webp&crop=5760,3240,x0,y600&wmark=nzz",2026-09-15T03:30:00Z,,"Jordanien wird seit einem halben Jahr zum Ziel iranischer Raketenangriffe. Obwohl die Tourismusbranche leidet, zeigt sich die jordanische Wirtschaft erstaunlich resilient  und könnte längerfristig vo… [+7449 chars]",,de,'Krieg'
https://www.focus.de/kultur/kino-tv/buergergeld-empfaengerin-ist-zehn-wochen-in-london-und-laesst-kinder-zurueck_2abda462-e1eb-42e0-9933-8be050c0b9e7.html,https://www.focus.de/kultur/kino-tv/buergergeld-empfaengerin-ist-zehn-wochen-in-london-und-laesst-kinder-zurueck_2abda462-e1eb-42e0-9933-8be050c0b9e7.html,0,www.focus.de,Bürgergeld-Empfängerin ist zehn Wochen in London – und lässt Kinder zurück,Eigentlich wollte Jannie nur für kurze Zeit raus aus Mannheim. Doch die kleine Auszeit dauerte länger: Die „Hartz und herzlich“-Protagonistin verbrachte schließlich zehn Wochen in London – während ihre Familie in Deutschland blieb.,"https://quadro.burda-forward.de/ctf/e75cf6df-dce4-46b7-983d-04328887d153.0a677476-a8c9-4d5b-815c-f6671aa2fa97.jpeg?im=RegionOfInterestCrop=(1200,630),regionOfInterest=(800,450)&hash=24955e8dad3d19e5c6fade157fce97183e040981bb74295815851d2b292bd969",2026-09-15T04:18:00Z,,Bei Jannie war in den vergangenen Monaten einiges los. Eigentlich hatte die ehemalige Gastronomin sogar noch größere Pläne: Gemeinsam mit ihrem Sohn Quentin wollte sie Deutschland verlassen und in di… [+2887 chars],,de,'Bürgergeld'
https://www.zeit.de/news/2026-09/15/trotz-trump-ansage-ukraine-greift-russische-anlage-an,https://www.zeit.de/news/2026-09/15/trotz-trump-ansage-ukraine-greift-russische-anlage-an,0,www.zeit.de,Ukraine-Krieg: Trotz Trump-Ansage: Ukraine greift russische Anlage an,Hier finden Sie Informationen zu dem Thema „Ukraine-Krieg“. Lesen Sie jetzt „Trotz Trump-Ansage: Ukraine greift russische Anlage an“.,https://img.zeit.de/news/2026-09/15/trotz-trump-ansage-ukraine-greift-russische-anlage-an-image-group/wide__1300x731,2026-09-15T04:39:28Z,,"Die Ukraine hat in der Nacht mit Drohnen eine Industrieanlage in Russland angegriffen. Dabei seien die Anlage sowie mehrere Wohngebäude in der Region Samara im Südosten des Landes beschädigt worden, … [+1842 chars]",,de,'Ukraine'
https://www.focus.de/finanzen/news/stilllegung-einer-saudischen-pipeline-laesst-asiatische-oelladungen-im-hafen-von-yanbu-in-der-schwebe_a15436ee-216d-4e16-98b3-cead727fa955.html,https://www.focus.de/finanzen/news/stilllegung-einer-saudischen-pipeline-laesst-asiatische-oelladungen-im-hafen-von-yanbu-in-der-schwebe_a15436ee-216d-4e16-98b3-cead727fa955.html,0,www.focus.de,Stilllegung einer saudischen Pipeline lässt asiatische Ölladungen im Hafen von Yanbu in der Schwebe,Eine wichtige Pipeline in Saudi-Arabien ist stillgelegt. Eigentlich transportiert sie Öl für asiatische Käufer. Diese müssen jetzt auf die Lieferungen warten.,"https://quadro.burda-forward.de/ctf/1e6f1956-16b2-425a-b058-dffc1fb78554.91350566-0672-494b-bdb7-6d2249a81d73.jpg?im=RegionOfInterestCrop=(1200,630),regionOfInterest=(2137,1378)&hash=1734e6d03632f8e1922e6d37296d55c37e54d7a62a85134e7c69dc49874435ba",2026-09-15T05:17:00Z,,"Nachdem Saudi-Arabien die entscheidende Ost-West-Pipeline schließen musste, warten asiatische Ölraffinerien auf Klarheit bezüglich einiger Ladungen, die am Rotmeerhafen Yanbu abgeholt werden sollten.… [+5134 chars]",,de,'Pipeline'
https://www.focus.de/panorama/fluechtling-aus-jemen-tausende-euro-buergergeld-fuer-fremde-kinder-kassiert_1a0be937-593b-433f-8734-a3f96c15026f.html,https://www.focus.de/panorama/fluechtling-aus-jemen-tausende-euro-buergergeld-fuer-fremde-kinder-kassiert_1a0be937-593b-433f-8734-a3f96c15026f.html,0,www.focus.de,Flüchtling aus Jemen: Tausende Euro Bürgergeld für fremde Kinder kassiert,"Ein Flüchtling (37) aus dem Jemen soll fremde Kinder nach Deutschland geholt und so Sozialleistungen kassiert haben. Nachdem seine Frau den Betrug melden wollte, hat er sie laut Anklage bestialisch ermordet. Nun startet der Prozess in München.","https://quadro.burda-forward.de/ctf/5e31e442-880a-4e14-8358-1addf0810343.f7a15808-cb15-4491-8dc1-1ed59095fdef.jpeg?im=RegionOfInterestCrop=(1200,630),regionOfInterest=(1902,812)&hash=27557cae669e88a3d0db1efa9b652ef1c2f1ed61c94840e8acf78238c76a8e6f",2026-09-15T05:55:00Z,,"Ein 37 Jahre alter Flüchtling aus dem Jemen soll fremde Kinder als seine eigenen ausgegeben haben, um in Deutschland mehr Sozialleistungen zu kassieren. Mit der dreisten Masche ergaunerte der in Baye… [+8363 chars]",,de,'Energie'
https://www.telepolis.de/article/Gaskraftwerke-Erste-Ausschreibung-ueberzeichnet-doch-Probleme-beginnen-erst-11451929.html,https://www.telepolis.de/article/Gaskraftwerke-Erste-Ausschreibung-ueberzeichnet-doch-Probleme-beginnen-erst-11451929.html,0,www.telepolis.de,Gaskraftwerke: Erste Ausschreibung überzeichnet – doch Probleme beginnen erst,"Die Bundesnetzagentur prüft die Gebote – doch ungeklärte Gasbeschaffung, fehlende Turbinen und politischer Standortstreit gefährden das Milliardenprojekt.",https://heise.cloudimg.io/v7/_www-heise-de_/imgs/18/5/1/6/4/4/2/5/gaskraft-89829a23536c98ae.jpg?func=bound&height=1200&org_if_sml=1&q=85&width=1200,2026-09-15T06:00:00Z,,"Die Bundesnetzagentur prüft die Gebote doch ungeklärte Gasbeschaffung, fehlende Turbinen und politischer Standortstreit gefährden das Milliardenprojekt.
Die erste Runde der gezielt auf den Einsatz v… [+5413 chars]",,de,'Energie'
https://www.focus.de/finanzen/news/gasspeicher-nur-halb-voll-jetzt-soll-aserbaidschan-helfen_07fc3f24-1a1f-4988-83b7-405679e0737e.html,https://www.focus.de/finanzen/news/gasspeicher-nur-halb-voll-jetzt-soll-aserbaidschan-helfen_07fc3f24-1a1f-4988-83b7-405679e0737e.html,0,www.focus.de,Gasspeicher nur halb voll: Jetzt soll Aserbaidschan helfen,Wegen der schwach gefüllten Gasspeicher benötigt Deutschland neue Lieferwege. Aserbaidschan und Algerien könnten dabei eine Schlüsselrolle spielen.,"https://quadro.burda-forward.de/ctf/3e7de99c-c4af-4b34-a7b4-ec7dfad4221c.ad505a46-bd6c-4745-b901-c11689455bf1.jpeg?im=RegionOfInterestCrop=(1200,630),regionOfInterest=(643,393)&hash=50d8b4e4c0bf88e49307813b1d4ba0c4aa3491d872245675a7fa5876378e1d83",2026-09-15T06:17:00Z,,"55,2 Prozent. So voll sind Deutschlands Gasspeicher Mitte September. Rund 136,6 Terawattstunden Gas liegen damit in den Kavernen. Vor einem Jahr waren die Speicher zu diesem Zeitpunkt noch zu rund 74… [+7178 chars]",,de,'Gas'
https://www.zeit.de/news/2026-09/15/iran-krieg-treibt-preise-im-grosshandel,https://www.zeit.de/news/2026-09/15/iran-krieg-treibt-preise-im-grosshandel,0,www.zeit.de,August-Zahlen: Iran-Krieg treibt Preise im Großhandel,Hier finden Sie Informationen zu dem Thema „August-Zahlen“. Lesen Sie jetzt „Iran-Krieg treibt Preise im Großhandel“.,https://img.zeit.de/news/2026-09/15/iran-krieg-treibt-preise-im-grosshandel-image-group/wide__1300x731,2026-09-15T06:48:53Z,,"Die Verkaufspreise im Großhandel in Deutschland sind im August so stark gestiegen wie seit dreieinhalb Jahren nicht. Verglichen mit dem Vorjahresmonat lagen die Preise um 6,8 Prozent höher, wie das S… [+1027 chars]",,de,'Iran'
https://www.tagesspiegel.de/wirtschaft/dpa-august-zahlen-iran-krieg-treibt-preise-im-grosshandel-16052918.html,https://www.tagesspiegel.de/wirtschaft/dpa-august-zahlen-iran-krieg-treibt-preise-im-grosshandel-16052918.html,0,www.tagesspiegel.de,August-Zahlen: Iran-Krieg treibt Preise im Großhandel,Energie und Rohstoffe sind deutlich teurer geworden. So stark sind die Preise im Großhandel schon lange nicht mehr gestiegen. Das könnte auch auf die Verbraucherpreise durchschlagen.,https://www.tagesspiegel.de/images/16052917/alternates/BASE_16_9_W1400/1789454995000/mineralolraffinerie.jpeg,2026-09-15T06:49:55Z,,"Die Verkaufspreise im Großhandel in Deutschland sind im August so stark gestiegen wie seit dreieinhalb Jahren nicht. Verglichen mit dem Vorjahresmonat lagen die Preise um 6,8 Prozent höher, wie das S… [+1079 chars]",,de,'Krieg'
https://www.spektrum.de/news/klimawandel-usa-heben-emissionsvorschriften-fuer-kohlekraftwerke-auf/2344601,https://www.spektrum.de/news/klimawandel-usa-heben-emissionsvorschriften-fuer-kohlekraftwerke-auf/2344601,0,www.spektrum.de,Stromerzeugung aus Kohle und Gas: USA heben Emissionsvorschriften für Kraftwerke auf,"Treibhausgase gelten als Haupttreiber des Klimawandels. Um deren Ausstoß zu begrenzen, gibt es auch in den USA Regeln. Doch diese werden nun Stück für Stück abgewickelt.",https://static.spektrum.de/fm/912/f1920x1080/GettyImages-2266450278.jpg,2026-09-15T07:23:50Z,,"Die US-Umweltbehörde EPA hebt Vorschriften zur Begrenzung klimaschädlicher Treibhausgasemissionen von Kohle- und Gastkraftwerken auf. Der Großteil der Treibhausgasvorschriften für US-Kraftwerke, die … [+1047 chars]",,de,'Gas'
https://www.faz.net/aktuell/politik/ukraine/trumps-vorpreschen-keine-waffenruhe-zwischen-russland-und-ukraine-in-sicht-accg-201227530.html,https://www.faz.net/aktuell/politik/ukraine/trumps-vorpreschen-keine-waffenruhe-zwischen-russland-und-ukraine-in-sicht-accg-201227530.html,0,www.faz.net,"Energie-Waffenruhe?: Eine Trump-Improvisation, von der Kiew und Moskau nichts wissen","Der amerikanische Präsident verkündete, Russland und die Ukraine würden Angriffe auf Energieanlagen einstellen. Die angebliche Vereinbarung scheint er sich eingebildet zu haben.",https://media0.faz.net/image/w1200h627/16d1888d05a3/w6144h3210x0y583o/202609/43601.0.2539395956/nach-dem-angriff-auf-eine.webp,2026-09-15T07:33:48Z,,"Was Donald Trump am Montag auf Truth Social verkündet hatte, klang groß: Moskau und Kiew hätten sich darauf verständigt, wechselseitig auf Angriffe auf Energieanlagen zu verzichten. Doch weder Russla… [+3004 chars]",,de,'Energie'
https://www.focus.de/politik/ausland/iran-stranguliert-welthandel-gleich-doppelt_caab99f1-be20-4e5c-bf70-2aa1352f014f.html,https://www.focus.de/politik/ausland/iran-stranguliert-welthandel-gleich-doppelt_caab99f1-be20-4e5c-bf70-2aa1352f014f.html,0,www.focus.de,Iran stranguliert Welthandel gleich doppelt,"Erst legt Iran die Straße von Hormus lahm, nun greifen die Huthis nach Bab al-Mandab. Zwei strategische Nadelöhre des Welthandels geraten unter Druck – mit Folgen für Ölpreise, Lieferketten und die globale Wirtschaft.","https://quadro.burda-forward.de/ctf/89d1a1ce-9ddc-4799-85da-dbf6fcbd3da6.cf11cb52-bfba-431d-9e7f-04191f91d322.jpeg?im=RegionOfInterestCrop=(1200,630),regionOfInterest=(1024,683)&hash=5aa949a75e9edd30519f26c38363507e74a6ac714ea902c043af711bf18e2fbe",2026-09-15T08:00:00Z,,"Jetzt wird die Weltwirtschaft durch eine weitere Blockade stranguliert: Nachdem Iran den Schiffsverkehr durch die Straße von Hormus weitgehend zum Erliegen gebracht hat, bringen Teherans Verbündete i… [+5386 chars]",,de,'Iran'
https://www.brigitte.de/horoskop/mondwechsel-zu-schuetze-am-16-9-2026---fuer-3-sternzeichen-wird-es-jetzt-emotional-14105006.html,https://www.brigitte.de/horoskop/mondwechsel-zu-schuetze-am-16-9-2026---fuer-3-sternzeichen-wird-es-jetzt-emotional-14105006.html,0,www.brigitte.de,Mondwechsel in den Schützen am 16.9.2026: Mondwechsel in den Schützen: Für 3 Sternzeichen wird es jetzt emotional turbulent,Der Mond wechselt am 16. September vom intensiven Skorpion in den abenteuerlustigen Schützen und bringt damit eine ganz neue Energie zu uns. Für drei Sternzeichen wird dieser kosmische Umschwung besonders spürbar.,https://image.brigitte.de/14105018/t/qy/v2/w1440/r1.7778/-/mondwechsel.jpg,2026-09-15T08:38:00Z,,Der Mond wechselt am 16. September vom intensiven Skorpion in den abenteuerlustigen Schützen und bringt damit eine ganz neue Energie zu uns. Für drei Sternzeichen wird dieser kosmische Umschwung beso… [+583 chars],,de,'Energie'
https://www.spektrum.de/news/wetterphaenomen-mittelmeerstaaten-droht-ein-medicane/2344642,https://www.spektrum.de/news/wetterphaenomen-mittelmeerstaaten-droht-ein-medicane/2344642,0,www.spektrum.de,Wetterphänomen: Mittelmeerstaaten droht ein Medicane,Medicanes sind die stärksten Stürme im Mittelmeer und können katastrophale Folgen haben. Das aufgeheizte Meer liefert reichlich Energie für das Wetterphänomen.,https://static.spektrum.de/fm/912/f1920x1080/mediterranean_tmo_2016304_lrg.jpg,2026-09-15T08:40:54Z,,"Mit Spannung blicken Meteorologen aktuell auf ein kräftiges Unwettercluster im Seegebiet zwischen Sizilien, Tunesien und Libyen. Hier könnte sich im Laufe vom heutigen Dienstag bis Mittwoch (15. bis … [+1579 chars]",,de,'Energie'
https://www.zeit.de/news/2026-09/15/ig-metall-plant-grossproteste-gegen-jobabbau-in-autoindustrie,https://www.zeit.de/news/2026-09/15/ig-metall-plant-grossproteste-gegen-jobabbau-in-autoindustrie,0,www.zeit.de,Krise in der Auto-Industrie: IG Metall plant Großproteste gegen Jobabbau in Autoindustrie,Hier finden Sie Informationen zu dem Thema „Krise in der Auto-Industrie“. Lesen Sie jetzt „IG Metall plant Großproteste gegen Jobabbau in Autoindustrie“.,https://img.zeit.de/news/2026-09/15/ig-metall-plant-grossproteste-gegen-jobabbau-in-autoindustrie-image-group/wide__1300x731,2026-09-15T08:41:41Z,,Mit mehreren Protestaktionen will sich die IG Metall Baden-Württemberg an einem bundesweiten Aktionstag gegen Jobabbau und weitere Einschnitte bei Beschäftigten in der Autoindustrie beteiligen. Bezir… [+1383 chars],,de,'Industrie'
https://www.n-tv.de/politik/Ich-will-nicht-einen-einzigen-Cent-an-diese-Oelkonzerne-geben-id31306982.html,https://www.n-tv.de/politik/Ich-will-nicht-einen-einzigen-Cent-an-diese-Oelkonzerne-geben-id31306982.html,0,www.n-tv.de,"Grüne über hohe Spritpreise: ""Ich will nicht einen einzigen Cent an diese Ölkonzerne geben""","Die Spritpreise steigen kräftig, ein neuer Tankrabatt kommt für die Grünen nicht infrage. Grünen-Fraktionsvize Andreas Audretsch fordert stattdessen eine Übergewinnsteuer für Öl- und Gaskonzerne und will die Stromsteuer senken. Bei der konkreten Ausgestaltung…",https://www.n-tv.de/img/31307063/1789468490/Img_16_9/1200/Screenshot%202026-09-15%20103437.jpg,2026-09-15T08:47:38Z,,"Grüne über hohe Spritpreise""Ich will nicht einen einzigen Cent an diese Ölkonzerne geben""
Die Spritpreise steigen kräftig, ein neuer Tankrabatt kommt für die Grünen nicht infrage. Grünen-Fraktionsvi… [+4023 chars]",,de,'Gas'
https://www.zeit.de/politik/deutschland/2026-09/cdu-sachsen-anhalt-friedrich-merz-boris-rhein-personal,https://www.zeit.de/politik/deutschland/2026-09/cdu-sachsen-anhalt-friedrich-merz-boris-rhein-personal,0,www.zeit.de,CDU nach Sachsen-Anhalt-Wahl: CDU-Politiker wenden sich gegen Personaldebatte um Friedrich Merz,Die Debatte um einen möglichen Rücktritt von Bundeskanzler Friedrich Merz versuchen CDU-Politiker zu beenden. Sie sprechen Merz die Unterstützung aus.,https://img.zeit.de/politik/deutschland/2026-09/cdu-sachsen-anhalt-friedrich-merz-boris-rhein-personal-foto-1/wide__1300x731,2026-09-15T08:56:53Z,,"CDU-Politiker in Führungspositionen haben Bundeskanzler Friedrich Merz im Amt gestärkt. »Unser Land braucht jetzt keine Personaldiskussionen, sondern entschlossenes Handeln und mutige Reformen«, sagt… [+2501 chars]",,de,'Energie'
https://www.welt.de/politik/deutschland/article6aa8eee614e96b91c66fab83/landtagswahl-im-nordosten-wagenknecht-will-merkel-und-schroeder-als-friedensvermittler-zwischen-russland-und-ukraine.html,https://www.welt.de/politik/deutschland/article6aa8eee614e96b91c66fab83/landtagswahl-im-nordosten-wagenknecht-will-merkel-und-schroeder-als-friedensvermittler-zwischen-russland-und-ukraine.html,0,www.welt.de,Wagenknecht will Merkel und Schröder als „Friedensvermittler“ zwischen Russland und Ukraine,"Merkel und Schröder sollen in einen „Dialog mit Moskau“ treten, fordern BSW-Gründerin Wagenknecht und ihre Partei in Mecklenburg-Vorpommern. Die Altkanzler hätten die „Autorität“ für Gespräche mit Putin.",https://images.welt.de/6aa8eee614e96b91c66fab83/2d2c7aab93e198ef5eeabfc25ebf82c8/ci16x9-w1200/dpa-com-260913-935-1607530-jpg,2026-09-15T09:42:21Z,,"Merkel und Schröder sollen in einen Dialog mit Moskau treten, fordern BSW-Gründerin Wagenknecht und ihre Partei in Mecklenburg-Vorpommern. Die Altkanzler hätten die Autorität für Gespräche mit Putin.… [+4696 chars]",,de,'Ukraine'
https://www.tagesschau.de/ausland/amerika/usa-munition-knappheit-100.html,https://www.tagesschau.de/ausland/amerika/usa-munition-knappheit-100.html,0,www.tagesschau.de,Bericht zum Iran-Krieg: US-Armee leidet unter Munitionsknappheit,"Präsident Trump behauptet immer wieder, dass die USA über ""praktisch unbegrenzt"" Munition verfügen - trotz des Iran-Kriegs. Ein Bericht an den Kongress widerspricht und listet genau Kosten und Schäden des Krieges auf.",https://images.tagesschau.de/image/3e13f128-d424-4e5b-9fc9-fc8a86914b70/AAABoKUFLAA/AAABnSSvrFg/16x9-big/flugabwehrsystem-thaad-100.jpg?width=1280,2026-09-15T12:04:35Z,,"Stand: 15.09.2026 14:04 Uhr
Präsident Trump behauptet immer wieder, dass die USA über ""praktisch unbegrenzt"" Munition verfügen - trotz des Iran-Kriegs. Ein Bericht an den Kongress widerspricht und l… [+1825 chars]",,de,'Krieg'
https://www.welt.de/vermischtes/article6aa92ca114e96b91c66fb248/muenchen-buergergeld-fuer-fremde-kinder-kassiert-ehefrau-enthauptet-angeklagter-schweigt.html,https://www.welt.de/vermischtes/article6aa92ca114e96b91c66fb248/muenchen-buergergeld-fuer-fremde-kinder-kassiert-ehefrau-enthauptet-angeklagter-schweigt.html,0,www.welt.de,"Bürgergeld für fremde Kinder kassiert, Ehefrau enthauptet – Angeklagter schweigt zu Vorwürfen","Ein Asylbewerber aus dem Jemen steht in München vor Gericht. Der Mann bezog in Deutschland Bürgergeld für eine Großfamilie. Als seine Frau den Sozialbetrug aufdecken wollte, soll er sie ermordet haben.",https://images.welt.de/6aa92ca114e96b91c66fb248/934ef1294e76c21afef9cbbfa7725207-master/ci16x9-w1200/dpa-com-260915-936-92779-jpg,2026-09-15T12:35:51Z,,"Ein Asylbewerber aus dem Jemen steht in München vor Gericht. Der Mann bezog in Deutschland Bürgergeld für eine Großfamilie. Als seine Frau den Sozialbetrug aufdecken wollte, soll er sie ermordet habe… [+3859 chars]",,de,'Bürgergeld'
https://www.faz.net/aktuell/feuilleton/medien-und-film/kino/d-day-im-kino-als-die-wetterfroesche-den-krieg-gewannen-201228133.html,https://www.faz.net/aktuell/feuilleton/medien-und-film/kino/d-day-im-kino-als-die-wetterfroesche-den-krieg-gewannen-201228133.html,0,www.faz.net,Kinofilm „Pressure“: Als die Wetterfrösche den Krieg gewannen,"Der Film „Pressure“ erzählt davon, wie die alliierte Invasion in der Normandie beinahe gescheitert wäre. Zum Glück hatten die Briten am D-Day die besseren Meteorologen.",https://media0.faz.net/image/w1200h627/0458ed4f83ed/w6241h3260x0y128o/202609/43601.0.2556019114/sie-warten-auf-besseres-wetter.webp,2026-09-15T13:01:03Z,,"Ein Film über eine Wettervorhersage klingt nach einem schlechten Witz. Aber die Prognose für die erste Juni-Woche des Jahres 1944 war eine der wichtigsten der neuen Geschichte, denn sie entschied übe… [+818 chars]",,de,'Krieg'
https://www.faz.net/aktuell/politik/ukraine/drohne-ueber-litauen-russlands-krieg-trifft-auch-die-nato-201229449.html,https://www.faz.net/aktuell/politik/ukraine/drohne-ueber-litauen-russlands-krieg-trifft-auch-die-nato-201229449.html,0,www.faz.net,Drohne über Litauen: Der Krieg trifft auch NATO-Mitglieder,Der Abschuss einer aus Belarus kommenden Drohne über Litauen ist der jüngste Vorfall in einer langen Serie besorgniserregender Ereignisse.,https://media0.faz.net/image/w1200h627/eac0fddcce18/w4784h2499x0y395o/202609/43601.0.2555513933/litauische-soldaten-sichern.webp,2026-09-15T17:49:30Z,,Die Ausläufer von Russlands Krieg gegen die Ukraine erreichen seit einiger Zeit immer öfter das Territorium von Mitgliedstaaten der NATO. Der Abschuss einer Drohne über Litauen in der Nacht auf Diens… [+1286 chars],,de,'Krieg'
https://www.faz.net/aktuell/sport/mehr-sport/volleyball-em-2026-deutschland-verpasst-gruppensieg-gegen-frankreich-201230472.html,https://www.faz.net/aktuell/sport/mehr-sport/volleyball-em-2026-deutschland-verpasst-gruppensieg-gegen-frankreich-201230472.html,0,www.faz.net,0:3 Gegen Frankreich: Deutsche Volleyballer verpassen EM-Gruppensieg,Gegen Olympiasieger Frankreich bleibt Deutschland über weite Strecke chancenlos. Die DVV-Auswahl trifft im Achtelfinale nun auf die Ukraine oder Bulgarien.,https://media0.faz.net/image/w1200h627/da643188acdc/w4115h2150x0y175o/202609/43601.0.2557291760/gegen-olympiasieger-frankreich.webp,2026-09-15T18:56:18Z,,"Die deutschen Volleyballer haben bei der Europameisterschaft den Gruppensieg verpasst. Das Team von Bundestrainer Massimo Botti unterlag Olympiasieger Frankreich klar mit 0:3 (21:25, 17:25, 19:25). D… [+1483 chars]",,de,'Ukraine'
https://www.faz.net/aktuell/politik/inland/friedrich-merz-diskutiert-bei-konrad-adenauer-stiftungs-jubilaeum-mit-jungen-leuten-201230367.html,https://www.faz.net/aktuell/politik/inland/friedrich-merz-diskutiert-bei-konrad-adenauer-stiftungs-jubilaeum-mit-jungen-leuten-201230367.html,0,www.faz.net,"Abend mit Merz: In einer Zeit, die „verdammt nicht einfach ist“","Friedrich Merz hat am Dienstagabend Freude an einer Diskussion mit jungen Leuten. Gleichzeitig wird gemeldet, dass er seine Reise nach New York absagen muss. Zu unruhig ist die Koalition.",https://media0.faz.net/image/w1200h627/ed7215c08b5e/w6000h3135x0y366o/202609/43601.0.2557173276/ein-abend-zum-kraft-tanken.webp,2026-09-15T19:28:42Z,,"Als Friedrich Merz um sieben Minuten nach sechs am Dienstagabend in den Gewölbekeller kommt, gibt es kräftigen Applaus. Er ist in einer Event-Location in Berlin, Gastgeberin ist die Konrad-Adenauer-S… [+4619 chars]",,de,'Friedrich Merz'
https://www.zeit.de/politik/ausland/2026-09/memorial-russland-parlamentswahlen-verhaftungen-ukraine-krieg,https://www.zeit.de/politik/ausland/2026-09/memorial-russland-parlamentswahlen-verhaftungen-ukraine-krieg,0,www.zeit.de,Russische Parlamentswahl: Memorial-Gründerin erwartet Verhaftungswelle nach Wahl in Russland,Nach der Dumawahl am Wochenende erwartet die Organisation Memorial neue Repressionen. So könnten mehr Menschen an die Front in die Ukraine gezwungen werden.,https://img.zeit.de/politik/ausland/2026-09/jelena-schemkowa-memorial-russland-parlamentswahlen-verhaftungen-ukraine-foto-1/wide__1300x731,2026-09-16T05:08:00Z,,Nach der anstehenden russischen Parlamentswahl erwartet die Mitgründerin der in Russland verbotenen Menschenrechtsorganisation Memorial Elena Zhemkova neue Repressionen. Sie gehe von einer »sehr star… [+4777 chars],,de,'Ukraine'
https://www.faz.net/aktuell/besser-leben/stil/hi-baby-kolumne-ob-meine-tochter-den-kampfgeist-ihrer-urgrossmuetter-geerbt-hat-accg-201230345.html,https://www.faz.net/aktuell/besser-leben/stil/hi-baby-kolumne-ob-meine-tochter-den-kampfgeist-ihrer-urgrossmuetter-geerbt-hat-accg-201230345.html,0,www.faz.net,"„Hi, Baby“-Kolumne: Ob meine Tochter den Kampfgeist ihrer Urgroßmütter geerbt hat?","Krieg, KI, Rechtsruck: Unsere Kolumnistin würde ihr Kind gern vor vielem beschützen. Kann sie aber nicht. Können die starken Frauen in ihrer Familiengeschichte sie etwas lehren?",https://media0.faz.net/image/w1200h627/e091b9c472c4/w4798h2506x0y350o/202403/43601.0.226848423/kolumnistin-und-autorin-ubin.webp,2026-09-16T09:22:13Z,,"Ich habe zurzeit einen hartnäckigen Ohrwurm: We are fucked. Schließe ich meine Augen, sehe ich lange, blaue Balken und Weidels Wahlsieg-Grinsen, ich sehe einen Harry-Potter-haften Tech-Bro, der proph… [+200 chars]",,de,'Krieg'
https://www.faz.net/aktuell/rhein-main/limburg-gegen-groesseres-outlet-in-montabaur-aktuelle-nachrichten-aus-frankfurt-hessen-faz-19735361.html,https://www.faz.net/aktuell/rhein-main/limburg-gegen-groesseres-outlet-in-montabaur-aktuelle-nachrichten-aus-frankfurt-hessen-faz-19735361.html,0,www.faz.net,Rhein-Main-Liveblog: Limburg gegen größeres Outlet in Montabaur,Finanzminister Lorz: Sparen und weniger neue Schulden +++ Gas tritt aus: Explosionsgefahr in Wiesbaden-Dotzheim +++ Deutlich mehr Staus in Hessen +++ Lehrer wegen Missbrauchsverdachts in Haft +++ Liveblog zu Rhein-Main und Hessen,https://media0.faz.net/image/w1200h627/f028b4cb962f/w4252h2221x0y307o/201607/431.0.28926869/umstritten-fashion-outlet.webp,2026-09-16T10:54:00Z,,Ähnlich sah es bei der Länge der Staus aus: Der Verkehr auf den Autobahnen stand über die Sommerferien hinweg demnach auf knapp 10.800 Kilometern. Im vergangenen Jahr hatte es hingegen 9.200 Kilomete… [+501 chars],,de,'Gas'
https://www.faz.net/aktuell/politik/ukraine/ukraine-liveticker-us-kongress-stimmt-fuer-verschaerfte-russland-sanktionen-faz-110683325.html,https://www.faz.net/aktuell/politik/ukraine/ukraine-liveticker-us-kongress-stimmt-fuer-verschaerfte-russland-sanktionen-faz-110683325.html,0,www.faz.net,Liveblog Ukrainekrieg: US-Kongress stimmt für verschärfte Russland-Sanktionen,Nach Senat stimmt auch Repräsentantenhaus für Sanktionsgesetz +++ Über Litauen abgeschossene Drohne stammt ebenfalls aus Russland +++ Ukraine meldet erfolgreichen Test neuer Drohnenabwehrwaffe +++ alle Neuigkeiten im Liveblog,https://media0.faz.net/image/w1200h627/7acabe5138ba/w6000h3135x0y433o/202609/43601.0.2561253082/us-kapitol-in-washington.webp,2026-09-16T23:36:00Z,,"Die Drohne, die in der Nacht auf Dienstag über Litauen von einem NATO-Kampfflugzeug abgeschossen wurde, stammt laut den litauischen Behörden aus Russland. Litauens Präsident Gitanas Nausda sagte am M… [+2299 chars]",,de,'Ukraine'
https://futurezone.at/digital-life/marktstudie-wasserversorgung-trinkwasserknappheit-oesterreich-oevgw/403191195,https://futurezone.at/digital-life/marktstudie-wasserversorgung-trinkwasserknappheit-oesterreich-oevgw/403191195,0,futurezone.at,Umfrage: Österreicher wünschen sich verpflichtende Grundwasserzähler,Ohne belastbare Datengrundlage ist die langfristige Trinkwasserversorgung laut der Österreichischen Vereinigung für das Gas- und Wasserfach nur schwierig zu gewährleisten.,https://image.futurezone.at/images/facebook/8956476/46-213953818.jpg?versionId=8cfb74a1e8f4,2026-09-17T06:52:11Z,,"17.09.2026
Ohne belastbare Datengrundlage ist die langfristige Trinkwasserversorgung laut der Österreichischen Vereinigung für das Gas- und Wasserfach nur schwierig zu gewährleisten.
Verena Priemer… [+862 chars]",,de,'Industrie'
https://www.golem.de/sonstiges/zustimmung/auswahl.html?from=https://www.golem.de/news/energieversorgung-solarzellen-erzeugen-strom-in-zehn-metern-wassertiefe-2609-213129.html&referer=https://t.co/f8347e7539,https://www.golem.de/sonstiges/zustimmung/auswahl.html?from=https://www.golem.de/news/energieversorgung-solarzellen-erzeugen-strom-in-zehn-metern-wassertiefe-2609-213129.html&referer=https://t.co/f8347e7539,0,www.golem.de,Energieversorgung: Solarzellen erzeugen Strom in zehn Metern Wassertiefe,"Forscher betreiben Perowskit-Solarzellen in zehn Metern Wassertiefe. Die Technik soll Unterwassergeräte autark mit Energie versorgen. (Energiewende, Energie & Klima)",,2026-09-17T07:00:01Z,,"Besuchen Sie Golem.de wie gewohnt mit Werbung und Tracking,
 indem Sie der Nutzung aller Cookies zustimmen.
 Details zum Tracking finden Sie im Privacy Center.
Skript wurde nicht geladen. Informat… [+607 chars]",,de,'Energie'
https://snipz.de/2026/baseus-picogo-am31-magsafe-powerbank-fuer-2849e/,https://snipz.de/2026/baseus-picogo-am31-magsafe-powerbank-fuer-2849e/,0,snipz.de,"Baseus Picogo AM31 MagSafe Powerbank für 28,49€","Für alle, die unterwegs immer genug Energie haben wollen, ist diese Powerbank ideal. Bei Amazon bekommt ihr die Baseus Picogo AM31 MagSafe Powerbank für nur 28,49€ inkl. Prime-Versand. Ein Blick in den aktuellen Preisvergleich zeigt, dass ihr sonst mindestens…",https://gadgetwelt.de/wp-content/uploads/2026/09/b0gv3nftcb-1.jpg,2026-09-17T07:12:10Z,,"Gadgetwelt.de ist ein Portal zum Thema Gadgets, China-Gadgets und Onlineshopping in China.
Wir versorgen euch seit 2010 täglich mit News zu Gadgets, Produkten aus aller Welt und alles rund um China … [+7 chars]",,de,'Energie'
https://www.tagesspiegel.de/wirtschaft/dpa-konjunktur-auftragsbestand-der-deutschen-industrie-steigt-auf-rekord-16063266.html,https://www.tagesspiegel.de/wirtschaft/dpa-konjunktur-auftragsbestand-der-deutschen-industrie-steigt-auf-rekord-16063266.html,0,www.tagesspiegel.de,Konjunktur: Auftragsbestand der deutschen Industrie steigt auf Rekord,Die krisengeplagte Industrie kann auf ein Ende der Schwächephase hoffen. Dabei stützen staatliche Ausgaben für Rüstung. Aber auch eine andere Schlüsselbranche kann punkten.,https://www.tagesspiegel.de/images/16063265/alternates/BASE_16_9_W1400/1789630942000/sonnenaufgang-in-moers.jpeg,2026-09-17T07:42:22Z,,"In der deutschen Industrie gibt es mit prall gefüllten Auftragsbüchern Hoffnung auf ein Ende der langen Durststrecke. Der Auftragsbestand stieg im Juli preisbereinigt um 1,5 Prozent zum Vormonat, tei… [+1605 chars]",,de,'Industrie'
https://www.kino-zeit.de/film-kritiken-trailer/hey-happy-2001,https://www.kino-zeit.de/film-kritiken-trailer/hey-happy-2001,0,www.kino-zeit.de,"Hey, Happy! (2001)","Film

 

 
 




 
 GMfilms GmbH Michael Höfner

 
 Hey, Happy! (2001) von Noam Gonick

 
 






Winnipeg, Kanada. Eine Stadt, die geprägt ist von Ödnis und Industrie. Man erwartet eine gigantische Überschwemmung, die alles Leben auslöschen wird. Doch das…",https://www.kino-zeit.de/sites/default/files/styles/grosse_klickstrecke_940x530_/public/2026-09/hey_happy_2001_19.jpg?itok=cCUfLj10,2026-09-17T07:44:02Z,,"Winnipeg, Kanada. Eine Stadt, die geprägt ist von Ödnis und Industrie. Man erwartet eine gigantische Überschwemmung, die alles Leben auslöschen wird. Doch das Warten stumpft ab. Und so kommen ganz an… [+913 chars]",,de,'Industrie'
https://www.dw.com/de/kongress-repraesentantenhaus-usa-trump-russland-sanktionen-ukraine-krieg/a-79300568,https://www.dw.com/de/kongress-repraesentantenhaus-usa-trump-russland-sanktionen-ukraine-krieg/a-79300568,0,www.dw.com,US-Kongress beschließt schärfere Russland-Sanktionen,Mit neuen Sanktionen wollen die USA Russlands Einnahmen aus Öl und Gas treffen. Das Gesetz richtet sich auch gegen Präsident Putin und die Schattenflotte - und könnte China und Indien unter Druck setzen.,https://static.dw.com/image/79301388_6.jpg,2026-09-17T07:51:00Z,,"Das US-Repräsentantenhaus hat mit breiter Mehrheit einem neuen Sanktionspaket gegen Russland zugestimmt. 262 Abgeordnete votierten dafür, 159 dagegen. Damit hat das Gesetz nach dem Senat auch die zwe… [+6185 chars]",,de,'Gas'
https://www.n-tv.de/panorama/Viele-Sicherheitsschuhe-weisen-Qualitaetsmaengel-auf-id31315385.html,https://www.n-tv.de/panorama/Viele-Sicherheitsschuhe-weisen-Qualitaetsmaengel-auf-id31315385.html,0,www.n-tv.de,Produktprüfkampagne deckt auf: Viele Sicherheitsschuhe weisen Qualitätsmängel auf,"Sie sollen Beschäftigte vor Stößen und spitzen Gegenständen schützen. Doch eine europaweite Kontrolle deckt bei zahlreichen Sicherheitsschuhen technische und formale Mängel auf. Die Folgen: Verkaufsverbote, Bußgelder und Rückrufe.",https://www.n-tv.de/img/31315384/1789635998/Img_16_9/1200/imago0865152979h.jpg,2026-09-17T08:06:12Z,,"Sicherheitsschuhe sind auf Baustellen Pflicht. (Foto: IMAGO/)
Sie sollen Beschäftigte vor Stößen und spitzen Gegenständen schützen. Doch eine europaweite Kontrolle deckt bei zahlreichen Sicherheitss… [+4322 chars]",,de,'Industrie'
https://www.tagesschau.de/wirtschaft/konjunktur/industrie-aufrtagsbestand-rekord-100.html,https://www.tagesschau.de/wirtschaft/konjunktur/industrie-aufrtagsbestand-rekord-100.html,0,www.tagesschau.de,Auftragsbestand in der Industrie steigt auf Rekordhoch,"Die Auftragsbücher deutscher Industrieunternehmen sind so voll wie noch nie. Besonders Aufträge für Flugzeuge, Schiffe, Züge und auch Militärfahrzeuge sorgen für viel Extrageschäft im Verarbeitenden Gewerbe.",https://images.tagesschau.de/image/c803441f-79ac-4575-8a70-a0d8b79b9de7/AAABoK5IQbE/AAABnSSvrFg/16x9-big/rheinmetall-336.jpg?width=1280,2026-09-17T09:00:03Z,,"Stand: 17.09.2026 11:00 Uhr
Die Auftragsbücher deutscher Industrieunternehmen sind so voll wie noch nie. Besonders Aufträge für Flugzeuge, Schiffe, Züge und auch Militärfahrzeuge sorgen für viel Ext… [+2387 chars]",,de,'Industrie'
https://www.n-tv.de/wirtschaft/Ruestungsausgaben-bringen-Auftragsbuecher-der-Industrie-zum-Platzen-id31315634.html,https://www.n-tv.de/wirtschaft/Ruestungsausgaben-bringen-Auftragsbuecher-der-Industrie-zum-Platzen-id31315634.html,0,www.n-tv.de,Höchstwert seit 2015: Rüstungsausgaben bringen Auftragsbücher der Industrie zum Platzen,Steht es um die deutsche Industrie doch nicht so schlecht wie vielfach angenommen? Die Auftragsbücher sind zumindest voll - und zwar so voll wie nie zuvor. Besonderer Treiber sind staatliche Rüstungsinvestitionen. Eine andere Branche muss mit weniger Anfragen…,https://www.n-tv.de/img/31315746/1789640410/Img_16_9/1200/615225403.jpg,2026-09-17T09:02:51Z,,"Im Werk von Rheinmetall in Kassel wird das gepanzerte Transport-Kraftfahrzeug GTK Boxer gebaut. (Foto: picture alliance / photothek.de)
Steht es um die deutsche Industrie doch nicht so schlecht wie … [+1892 chars]",,de,'Industrie'
https://www.welt.de/wirtschaft/article6aab93883e0af7910e52224e/offene-bestellungen-industrie-verzeichnet-neues-allzeithoch-bei-auftraegen.html,https://www.welt.de/wirtschaft/article6aab93883e0af7910e52224e/offene-bestellungen-industrie-verzeichnet-neues-allzeithoch-bei-auftraegen.html,0,www.welt.de,Industrie verzeichnet neues Allzeithoch bei Aufträgen,"Die deutsche Industrie hat so viele offene Bestellungen wie nie zuvor seit Beginn dieser Statistik. Der Auftragsbestand stieg im Juli auf ein Rekordhoch – vor allem dank der Nachfrage nach Flugzeugen, Zügen und Militärfahrzeugen.",https://images.welt.de/6aab93883e0af7910e52224e/6ca6572302aa3adad2aa71e6e279b116-master/ci16x9-w1200/319888373-jpg,2026-09-17T10:15:46Z,,"Die deutsche Industrie hat so viele offene Bestellungen wie nie zuvor seit Beginn dieser Statistik. Der Auftragsbestand stieg im Juli auf ein Rekordhoch vor allem dank der Nachfrage nach Flugzeugen, … [+1599 chars]",,de,'Industrie'
https://www.freitag.de/autoren/der-freitag/ki-frisst-viel-strom-deutschland-lockert-umweltauflagen-fuer-neue-gaskraftwerke,https://www.freitag.de/autoren/der-freitag/ki-frisst-viel-strom-deutschland-lockert-umweltauflagen-fuer-neue-gaskraftwerke,0,www.freitag.de,Energie für KI-Rechenzentren: Deutschland lockert Umweltauflagen für neue Gaskraftwerke,Künstliche Intelligenz frisst riesige Mengen Strom. Deutschland lockert dafür Umweltauflagen – und investiert Milliarden in fossile Energie. Kritiker fordern eine Begrenzung des Ausbaus neuer Rechenzentren Kaum eine Region in Deutschland steht so sehr für den…,https://www.freitag.de/autoren/der-freitag/ki-frisst-viel-strom-deutschland-lockert-umweltauflagen-fuer-neue-gaskraftwerke/@@images/image/great,2026-09-17T10:26:00Z,,"Kaum eine Region in Deutschland steht so sehr für den Boom der Künstlichen Intelligenz wie das Rhein-Main-Gebiet. Dort stehen bundesweit die meisten Rechenzentren, allein im Großraum Frankfurt sind e… [+7896 chars]",,de,'Gas'
https://www.nzz.ch/international/china-verschaerft-die-ausreisebeschraenkungen-wer-darf-eigentlich-noch-das-land-verlassen-ld.10023975,https://www.nzz.ch/international/china-verschaerft-die-ausreisebeschraenkungen-wer-darf-eigentlich-noch-das-land-verlassen-ld.10023975,0,www.nzz.ch,China verschärft die Ausreisebeschränkungen – wer darf eigentlich noch das Land verlassen?,"Selbst wer einen chinesischen Pass hat, kann nicht darauf zählen, ins Ausland reisen zu können. Die neuen Massnahmen werden mit der nationalen Sicherheit begründet.","https://img-msp-prod.nzz.ch/2026/09/17/07f82c39-b048-4609-a910-76c90993300b.jpg?width=1200&height=675&fit=bounds&quality=75&auto=webp&crop=3500,1969,x0,y153&wmark=nzz",2026-09-17T10:35:22Z,,"Selbst wer einen chinesischen Pass hat, kann nicht darauf zählen, ins Ausland reisen zu können. Die neuen Massnahmen werden mit der nationalen Sicherheit begründet.
Zusammenfassung
Immer mehr Chine… [+5418 chars]",,de,'Sicherheit'
https://www.faz.net/aktuell/politik/ausland/liveblog-irankrieg-un-ermittler-sehen-moegliche-kriegsverbrechen-der-usa-faz-200583539.html,https://www.faz.net/aktuell/politik/ausland/liveblog-irankrieg-un-ermittler-sehen-moegliche-kriegsverbrechen-der-usa-faz-200583539.html,0,www.faz.net,Liveblog Irankrieg: UN-Ermittler sehen mögliche Kriegsverbrechen der USA,Bericht zu Vorfällen in Iran +++ Libanons Präsident will Sicherheitsabkommen mit Israel +++ USA räumen erstmals Munitionsknappheit ein +++ alle Entwicklungen im Liveblog,https://media0.faz.net/image/w1200h627/0bb9aec68454/w6000h3135x0y433o/202609/43601.0.2562316046/portraets-in-minab-zeigen.webp,2026-09-17T11:11:11Z,,Das US-Militär hat vergangene Woche hochrangige Militärvertreter von acht Nationen zu einer Konferenz in Deutschland empfangen. Die Teilnehmer sprachen über Möglichkeiten zur Stärkung der Sicherheits… [+894 chars],,de,'Krieg'
https://www.faz.net/aktuell/politik/wahl-in-mecklenburg-vorpommern/wahl-mv-2026-der-unmut-in-der-cdu-waechst-accg-201236036.html,https://www.faz.net/aktuell/politik/wahl-in-mecklenburg-vorpommern/wahl-mv-2026-der-unmut-in-der-cdu-waechst-accg-201236036.html,0,www.faz.net,"CDU im Nordosten: „Wenn das so weitergeht, ist die Partei erledigt“",In Mecklenburg-Vorpommern droht der CDU das schlechteste Ergebnis seit Gründung der Bundesrepublik. Im Landesverband macht man dafür nicht nur Friedrich Merz verantwortlich.,https://media0.faz.net/image/w1200h627/66c0275b60fa/w5412h2827x0y412o/202609/43601.0.2520705610/bundeskanzler-friedrich-merz.webp,2026-09-17T11:11:30Z,,"In der CDU in Mecklenburg-Vorpommern stellen sich manche schon auf das Worst-Case-Szenario ein. Er würde nicht vor Überraschung tot umfallen, wenn seine Partei unter die Fünfprozenthürde rutschen wür… [+5634 chars]",,de,'Friedrich Merz'
https://www.faz.net/aktuell/sport/mehr-sport/eishockey-kai-wissmann-ueber-die-besonderheit-der-berliner-eisbaeren-accg-201188344.html,https://www.faz.net/aktuell/sport/mehr-sport/eishockey-kai-wissmann-ueber-die-besonderheit-der-berliner-eisbaeren-accg-201188344.html,0,www.faz.net,DEl-Profi Wissmann: „Wir können eine besondere Energie entwickeln“,"Kai Wissmann über seine Rolle als Kapitän der Eisbären Berlin, ein historisches Ziel seines Klubs und was dem deutschen Eishockey-Nationalteam derzeit zum Erfolg fehlt.",https://media0.faz.net/image/w1200h627/9deebc5c01a6/w3514h1836x0y138o/202609/43601.0.2555494937/vierte-meisterschaft-in-serie.webp,2026-09-17T11:55:41Z,,Kai Wissmann ist Kapitän der Eisbären Berlin aus der Deutschen Eishockey Liga. Der Verteidiger wurde mit dem Klub fünfmal deutscher Meister. Im Nationalteam zählt der Neunundzwanzigjährige zu den Stü… [+11616 chars],,de,'Energie'
https://www.derstandard.at/story/3000000340257/europa-holt-bei-industriellen-ki-anwendungen-auf,https://www.derstandard.at/story/3000000340257/europa-holt-bei-industriellen-ki-anwendungen-auf,0,www.derstandard.at,Europa holt bei industriellen KI-Anwendungen auf,"Europa kann vor allem in spezialisierten Industrie-KIs punkten. Das ist ein Kernpunkt der KI-Strategie, die Christine Lagarde in Wien präsentierte",https://i.ds.at/vAxkwQ/rs:fill:1200:600/plain/lido-images/2026/09/17/1498adfe-36fc-48d9-a0b0-0caa01ee4534.jpg,2026-09-17T12:10:40Z,,"Sie entscheiden darüber, wie Sie unsere Inhalte nutzen wollen. Ihr Gerät erlaubt uns derzeit leider nicht, die entsprechenden Optionen anzuzeigen.
Bitte deaktivieren Sie sämtliche Hard- und Software… [+180 chars]",,de,'Industrie'
https://www.bild.de/politik/ausland-und-internationales/generalinspekteur-breuer-warnt-ohne-sie-sind-wir-soldaten-zum-scheitern-verurteilt-6aabd7a06c12d34b7f43dc2e,https://www.bild.de/politik/ausland-und-internationales/generalinspekteur-breuer-warnt-ohne-sie-sind-wir-soldaten-zum-scheitern-verurteilt-6aabd7a06c12d34b7f43dc2e,0,www.bild.de,Deutschlands oberster Soldat warnt - Ohne die Deutschen ist die Bundeswehr verloren,General Breuer warnt: Deutschland muss sich gesamtgesellschaftlich auf Krieg einstellen.,"https://images.bild.de/6aabd7a06c12d34b7f43dc2e/9c58177be42f1815db4e743a62d3f3ae,9a755d60?w=1280",2026-09-17T13:59:55Z,,"TTS-Player überspringenArtikel weiterlesenPrag Seit viereinhalb Jahren führt Russland Krieg gegen die Ukraine. Drohnen über Nato-Gebiet, Sabotage an Bahnstrecken, Attacken auf Datenkabel der Krieg is… [+2666 chars]",,de,'Industrie'
https://www.faz.net/aktuell/feuilleton/medien-und-film/medienpolitik/russische-desinformation-ueber-bundeskanzler-friedrich-merz-201236846.html,https://www.faz.net/aktuell/feuilleton/medien-und-film/medienpolitik/russische-desinformation-ueber-bundeskanzler-friedrich-merz-201236846.html,0,www.faz.net,Aus Russland gesteuert: Propaganda gegen Merz,Die gegen Friedrich Merz persönlich gerichtete Desinformation aus Russland hat sich laut Verfassungsschutz zuletzt spürbar verstärkt. Verwundern kann das nicht.,https://media0.faz.net/image/w1200h627/9622d02bc953/w6000h3135x0y514o/202609/43601.0.2559844022/die-russische-propaganda-hat.webp,2026-09-17T16:03:54Z,,"Der Verfassungsschutz, schreibt das Handelsblatt, stelle seit einigen Wochen fest, dass die russische Desinformation, die sich direkt gegen Friedrich Merz richtet, massiv zugenommen habe. Seit Ende J… [+2199 chars]",,de,'Friedrich Merz'
https://www.faz.net/podcasts/f-a-z-podcast-fuer-deutschland/friedrich-merz-stoppen-die-cdu-ministerpraesidenten-die-debatte-ueber-einen-kanzlertausch-201237426.html,https://www.faz.net/podcasts/f-a-z-podcast-fuer-deutschland/friedrich-merz-stoppen-die-cdu-ministerpraesidenten-die-debatte-ueber-einen-kanzlertausch-201237426.html,0,www.faz.net,F.A.Z. Podcast für Deutschland: Klare Ansage an Merz: Womit er die CDU verlieren würde,Die CDU-Ministerpräsidenten stärken Friedrich Merz mit einem Brief den Rücken. Kehrt damit Ruhe ein und ist die Debatte über einen Kanzlertausch beendet?,https://media0.faz.net/image/w1200h627/8cb3aa28f51a/w2080h1086x0y153o/202609/43601.0.2559840104/4360102559840104.webp,2026-09-17T16:10:44Z,,Es ist eine ungewöhnliche Erklärung in ungewöhnlichen Zeiten: Gemeinsam wenden sich die acht CDU-Ministerpräsidenten gegen die Personaldebatten in ihrer Partei. Deutschland brauche eine stabile und h… [+236 chars],,de,'Friedrich Merz'
https://www.zeit.de/news/2026-09/18/nach-der-blitzoffensive-wer-sind-die-huthi,https://www.zeit.de/news/2026-09/18/nach-der-blitzoffensive-wer-sind-die-huthi,0,www.zeit.de,Krieg am Roten Meer: Nach der Blitzoffensive – Wer sind die Huthi?,Hier finden Sie Informationen zu dem Thema „Krieg am Roten Meer“. Lesen Sie jetzt „Nach der Blitzoffensive – Wer sind die Huthi?“.,https://img.zeit.de/news/2026-09/18/nach-der-blitzoffensive-wer-sind-die-huthi-image-group/wide__1300x731,2026-09-18T03:00:18Z,,In einer Blitzoffensive brachte die Huthi-Miliz in der vergangenen Woche die gesamte Rotmeerküste des Jemen unter ihre Kontrolle. Damit verschaffte sie sich Zugriff auf die Meerenge Bab al-Mandab. Be… [+5780 chars],,de,'Krieg'
https://www.faz.net/podcasts/f-a-z-podcast-fruehdenker/wie-gross-ist-gefahr-durch-flughafenmalaria-faz-fruehdenker-201238421.html,https://www.faz.net/podcasts/f-a-z-podcast-fruehdenker/wie-gross-ist-gefahr-durch-flughafenmalaria-faz-fruehdenker-201238421.html,0,www.faz.net,F.A.Z. frühdenker: Wie groß ist die Gefahr durch Flughafenmalaria?,Die Wahlen in Mecklenburg-Vorpommern und Berlin könnten die Bundespolitik erschüttern. Putin inszeniert die Duma-Wahl als Votum über den Krieg. Und: Das Oktoberfest beginnt. Der F.A.Z. Frühdenker.,https://media0.faz.net/image/w1200h627/70445311139b/w4024h2102x0y290o/202606/43601.0.2277172826/kann-keinen-schaden-mehr.webp,2026-09-18T03:45:48Z,,Die Wahlen in Mecklenburg-Vorpommern und Berlin könnten die Bundespolitik erschüttern. Putin inszeniert die Duma-Wahl als Votum über den Krieg. Und: Das Oktoberfest beginnt. Der F.A.Z. Frühdenker.,,de,'Krieg'
https://www.golem.de/sonstiges/zustimmung/auswahl.html?from=https://www.golem.de/news/wellenenergie-bojenschwarm-kann-fast-komplette-energie-von-wellen-umwandeln-2609-213194.html&referer=https://t.co/ab9d306a8b,https://www.golem.de/sonstiges/zustimmung/auswahl.html?from=https://www.golem.de/news/wellenenergie-bojenschwarm-kann-fast-komplette-energie-von-wellen-umwandeln-2609-213194.html&referer=https://t.co/ab9d306a8b,0,www.golem.de,Wellenenergie: Bojenschwarm kann fast komplette Energie von Wellen umwandeln,"Versuche zur Nutzung von Wellenenergie gibt es weltweit, aber die Bojen verändern die Wellen. Eine Lösung dieses Problems kommt aus Augsburg. (Wasserkraft, Start-up)",,2026-09-18T09:46:01Z,,"Besuchen Sie Golem.de wie gewohnt mit Werbung und Tracking,
 indem Sie der Nutzung aller Cookies zustimmen.
 Details zum Tracking finden Sie im Privacy Center.
Skript wurde nicht geladen. Informat… [+607 chars]",,de,'Energie'
https://www.n-tv.de/wirtschaft/Deutscher-Staatskonzern-setzt-Gasversorgung-aufs-Spiel-id31317671.html,https://www.n-tv.de/wirtschaft/Deutscher-Staatskonzern-setzt-Gasversorgung-aufs-Spiel-id31317671.html,0,www.n-tv.de,Sefe gehörte russischem Gazprom: Deutscher Staatskonzern setzt Gasversorgung aufs Spiel,"Nach Russlands Vollinvasion in der Ukraine übernimmt Deutschland die hiesige Gazprom-Tochter. Heute heißt das Gasunternehmen Securing Energy for Europe (Sefe). Doch statt die Versorgung zu sichern, riskiert es ebendiese.",https://www.n-tv.de/img/31320902/1789734347/Img_16_9/1200/559175210.jpg,2026-09-18T10:47:12Z,,"Sefe-Mitarbeiter auf dem Gelände des Erdgasspeichers Rehden. (Foto: picture alliance/dpa)
Nach Russlands Vollinvasion in der Ukraine übernimmt Deutschland die hiesige Gazprom-Tochter. Heute heißt da… [+6419 chars]",,de,'Versorgung'
https://www.faz.net/aktuell/feuilleton/debatten/was-jetzt-hilft-energiekrise-tankrabatt-und-die-lehre-aus-der-oelkrise-von-1973-accg-201233661.html,https://www.faz.net/aktuell/feuilleton/debatten/was-jetzt-hilft-energiekrise-tankrabatt-und-die-lehre-aus-der-oelkrise-von-1973-accg-201233661.html,0,www.faz.net,Wege aus der Energiekrise: Mit Benzin fährt man langfristig an die Wand,"Die Kraftstoffpreise erreichen Rekordwerte, Rufe nach kurzfristiger Entlastung werden laut. Doch die Erfahrung der Ölkrise von 1973 zeigt: Krisenfest machen uns erst langfristige Veränderungen.",https://media0.faz.net/image/w1200h627/d59f6cb944ed/w5098h2663x0y383o/202609/43601.0.2559924847/die-kraftstoffpreise-an-einer.webp,2026-09-18T11:22:19Z,,"Die Kraftstoffpreise in Deutschland haben neue Höchststände erreicht. Mitte September kostete Superbenzin der Sorte E10 im bundesweiten Tagesdurchschnitt rund 2,31 Euro je Liter. Diesel lag mit etwa … [+7877 chars]",,de,'Energie'
https://taz.de/Weiterer-Stellenabbau-bei-RTL-und-Sky/!6214342/,https://taz.de/Weiterer-Stellenabbau-bei-RTL-und-Sky/!6214342/,0,taz.de,Weiterer Stellenabbau bei RTL und Sky: 500 Stellen fallen weg,Bei RTL und Sky fallen bis 2027 nochmal 500 Stellen weg. Die Mediengruppe will durch Synergien in den nächsten Jahren 250 Millionen Euro sparen.,https://taz.de/picture/8748210/1200/42102393.jpeg,2026-09-18T12:35:00Z,,Bei RTL und Sky fallen bis 2027 nochmal 500 Stellen weg. Die Mediengruppe will durch Synergien in den nächsten Jahren 250 Millionen Euro sparen. mehr...,,de,'sparen'
https://www.n-tv.de/politik/AfD-Spitze-will-wohl-mit-Putin-Berater-ueber-Gas-Geschaefte-reden-id31322730.html,https://www.n-tv.de/politik/AfD-Spitze-will-wohl-mit-Putin-Berater-ueber-Gas-Geschaefte-reden-id31322730.html,0,www.n-tv.de,"""Das wäre Verrat"": AfD-Spitze will wohl mit Putin-Berater über Gas-Geschäfte reden",Berichte über ein mögliches Treffen der AfD-Spitze mit einem Putin-Vertrauten sorgen für scharfe Kritik in Berlin. Bei den Gesprächen soll es um eine Wiederaufnahme russischer Gaslieferungen gehen. Grüne und CDU warnen vor neuer Abhängigkeit von Moskau.,https://www.n-tv.de/img/31322757/1789750348/Img_16_9/1200/617717509.jpg,2026-09-18T15:43:41Z,,"""Das wäre Verrat""AfD-Spitze will wohl mit Putin-Berater über Gas-Geschäfte reden
Die AfD versucht vor allem in Ostdeutschland mit der Nähe zu Russland zu punkten. (Foto: picture alliance / Chris Emi… [+5120 chars]",,de,'Friedrich Merz'
https://www.bild.de/politik/bei-cdu-wahlpleiten-man-muss-merz-einen-wuerdigen-abgang-bereiten-6aad4eb57a2a14cb01bedcda,https://www.bild.de/politik/bei-cdu-wahlpleiten-man-muss-merz-einen-wuerdigen-abgang-bereiten-6aad4eb57a2a14cb01bedcda,0,www.bild.de,Bei CDU-Wahlpleiten - „Man muss Merz einen würdigen Abgang bereiten“,Vertraulich! Berlin und Mecklenburg-Vorpommern wählen – für die CDU steht viel auf dem Spiel. Welche Szenarien drohen und warum die Wahlen für Kanzler Friedrich Merz entscheidend werden könnten.,"https://images.bild.de/6aad4eb57a2a14cb01bedcda/8cea92e5c2923d05c2ed502e0a0e4ecb-landscape,2aebb679?w=1280",2026-09-18T16:15:48Z,,"Mehr zum Video anzeigen 
Die Landtagswahlen in Berlin und Mecklenburg-Vorpommern am Sonntag könnten für die CDU zum Desaster werden: In Meck-Pomm aus dem Landtag fliegen, in Berlin das Rote Rathaus … [+188 chars]",,de,'Friedrich Merz'
https://www.bild.de/politik/der-politik-vodcast-vertraulich-die-wahlen-und-die-kanzler-frage-6aad4d6a4453e0520be1a08f,https://www.bild.de/politik/der-politik-vodcast-vertraulich-die-wahlen-und-die-kanzler-frage-6aad4d6a4453e0520be1a08f,0,www.bild.de,Der Politik-Vodcast - Vertraulich! - Die Wahlen und die Kanzler-Frage,Übersteht Bundeskanzler Friedrich Merz die Landtagswahlen in Mecklenburg-Vorpommern und in Berlin? Und was ist mit einem möglichen Linksruck in Berlin?,"https://images.bild.de/6aad4d6a4453e0520be1a08f/ec6745fffec13108d53b3f6c9cb820ae,6eb59da6?w=1280",2026-09-18T17:03:05Z,,"Mehr zum Video anzeigen 
Übersteht Bundeskanzler Friedrich Merz die Landtagswahlen in Mecklenburg-Vorpommern und in Berlin? Und was ist mit einem möglichen Linksruck in Berlin? Außerdem: Wie abhängi… [+163 chars]",,de,'Friedrich Merz'
https://www.bild.de/politik/inland/hendrik-wuest-und-die-deutsch-tuerken-machtoptionen-fuer-den-cdu-chef-6aabd9476c12d34b7f43dc5e,https://www.bild.de/politik/inland/hendrik-wuest-und-die-deutsch-tuerken-machtoptionen-fuer-den-cdu-chef-6aabd9476c12d34b7f43dc5e,0,www.bild.de,„Gastarbeiter haben uns stärker gemacht“ - Warum Wüst die deutschen Türken feiert,Hendrik Wüst wirbt beim Jubiläum des deutsch-türkischen Anwerbeabkommens für Integration. Warum sein Engagement zugleich strategische Machtoptionen eröffnet.,"https://images.bild.de/6aabd9476c12d34b7f43dc5e/b88f5b6c91579cccb05508a73e460887,6c6acf15?w=1280",2026-09-18T17:42:02Z,,"TTS-Player überspringenArtikel weiterlesenDüsseldorf In Berlin tobt die Debatte um den wackelnden Kanzler, in Düsseldorf feiert sein möglicher Nachfolger öffentlichkeitswirksam das große Jubiläum der… [+4076 chars]",,de,'Gas'
https://www.n-tv.de/politik/21-43-Pistorius-Mit-dem-F-35-beginnt-neue-Aera-fuer-die-Luftwaffe-id31323756.html,https://www.n-tv.de/politik/21-43-Pistorius-Mit-dem-F-35-beginnt-neue-Aera-fuer-die-Luftwaffe-id31323756.html,0,www.n-tv.de,"Ukraine-Krieg im Liveticker: +++ 21:43 Pistorius: Mit dem F-35 beginnt ""neue Ära für die Luftwaffe"" +++","Berlin, Washington, Brüssel - überall. ntv berichtet von allen wichtigen Schauplätzen der Innen- und Außenpolitik.",https://www.n-tv.de/img/2339153/1721988811/Img_16_9/1200/image.jpg,2026-09-18T20:00:00Z,,Bundesverteidigungsminister Boris Pistorius nimmt im US-Bundesstaat Texas den ersten Kampfjet vom Typ F-35 für die deutsche Luftwaffe in Empfang. Pistorius spricht bei der Übergabezeremonie in Fort W… [+35784 chars],,de,'Ukraine'
https://www.zeit.de/news/2026-09/19/trump-unterzeichnet-paket-mit-sanktionen-gegen-russland,https://www.zeit.de/news/2026-09/19/trump-unterzeichnet-paket-mit-sanktionen-gegen-russland,0,www.zeit.de,Ukraine-Krieg: Trump unterzeichnet Paket mit Sanktionen gegen Russland,Hier finden Sie Informationen zu dem Thema „Ukraine-Krieg“. Lesen Sie jetzt „Trump unterzeichnet Paket mit Sanktionen gegen Russland“.,https://img.zeit.de/news/2026-09/19/trump-unterzeichnet-paket-mit-sanktionen-gegen-russland-image-group/wide__1300x731,2026-09-18T23:34:50Z,,US-Präsident Donald Trump hat das vom Parlament verabschiedete Gesetz mit neuen weitreichenden Sanktionen gegen Russland unterzeichnet. Das teilte das Weiße Haus in Washington mit. Das Sanktionspaket… [+1568 chars],,de,'Krieg'
https://www.tagesschau.de/inland/innenpolitik/cdu-merz-wahlen-berlin-mecklenburg-vorpommern-100.html,https://www.tagesschau.de/inland/innenpolitik/cdu-merz-wahlen-berlin-mecklenburg-vorpommern-100.html,0,www.tagesschau.de,CDU vor den Wahlen: Für den Kanzler geht es ums Amt,"Die Zukunft von Friedrich Merz hängt an den Wahlen in Berlin und Mecklenburg-Vorpommern. Verpasst die CDU ihre Ziele deutlich, dürfte es ungemütlich werden für den Kanzler. Seine Herausforderer zögern noch. Von Tina Handel.",https://images.tagesschau.de/image/86f27e8b-ee95-4295-a298-7d15eb39d922/AAABoLeo9-0/AAABnSSvrFg/16x9-big/friedrich-merz-492.jpg?width=1280,2026-09-19T03:14:59Z,,"Stand: 19.09.2026 05:14 Uhr
Die Zukunft von Friedrich Merz hängt an den Wahlen in Berlin und Mecklenburg-Vorpommern. Verpasst die CDU ihre Ziele deutlich, dürfte es ungemütlich werden für den Kanzle… [+4568 chars]",,de,'Friedrich Merz'
https://www.nzz.ch/international/deutschland-die-wahlen-im-nordosten-sind-auch-ein-votum-ueber-merz-ld.10024434,https://www.nzz.ch/international/deutschland-die-wahlen-im-nordosten-sind-auch-ein-votum-ueber-merz-ld.10024434,0,www.nzz.ch,Die Wahlen im Nordosten Deutschlands sind auch ein Votum über Bundeskanzler Friedrich Merz,"In Berlin und Mecklenburg-Vorpommern dürfte die AfD ihre Wähleranteile erneut deutlich steigern, auch wenn die Partei keine Regierungsbeteiligung erhält. Für CDU und SPD steht viel auf dem Spiel.","https://img-msp-prod.nzz.ch/2026/09/18/e9999f8e-7736-4d77-a5f7-60a3adc709cd.jpg?width=1200&height=674&fit=bounds&quality=75&auto=webp&crop=7341,4129,x0,y94&wmark=nzz",2026-09-19T03:30:00Z,,"In Berlin und Mecklenburg-Vorpommern dürfte die AfD ihre Wähleranteile erneut deutlich steigern, auch wenn die Partei keine Regierungsbeteiligung erhält. Für CDU und SPD steht viel auf dem Spiel.
Zu… [+7418 chars]",,de,'Friedrich Merz'
https://www.tagesschau.de/ausland/asien/riad-angriffe-100.html,https://www.tagesschau.de/ausland/asien/riad-angriffe-100.html,0,www.tagesschau.de,Saudi-Arabien: Explosionen nahe dem Flughafen Riad,In der saudi-arabischen Hauptstadt Riad ist nach Luftalarm in der Nähe des Flughafens schwarzer Rauch aufgestiegen. Zuletzt hatte sich der Konflikt zwischen Saudi-Arabien und der von Iran unterstützten Huthi-Miliz wieder zugespitzt. Von Anna Osius.,https://images.tagesschau.de/image/1bd5eb08-3a7c-4a6c-ac6e-7aa39d0acf40/AAABoLrwntQ/AAABnSSvrFg/16x9-big/riad-126.jpg?width=1280,2026-09-19T18:32:06Z,,"Stand: 19.09.2026 20:32 Uhr
In der saudi-arabischen Hauptstadt Riad ist nach Luftalarm in der Nähe des Flughafens schwarzer Rauch aufgestiegen. Zuletzt hatte sich der Konflikt zwischen Saudi-Arabien… [+1733 chars]",,de,'Iran'
https://www.faz.net/aktuell/politik/ukraine/drohnenangriff-auf-russland-kiews-kommentar-zur-scheinwahl-201244839.html,https://www.faz.net/aktuell/politik/ukraine/drohnenangriff-auf-russland-kiews-kommentar-zur-scheinwahl-201244839.html,0,www.faz.net,Drohnen gegen Moskau: Kiews Kommentar zur Scheinwahl in Russland,"Dem Kreml gelingt es immer schlechter, den Krieg von den Russen fernzuhalten. Welche Schlüsse zieht er daraus nach der Scheinwahl vom Wochenende?",https://media0.faz.net/image/w1200h627/464cd405f5e9/w5847h3055x0y451o/202609/43601.0.2573813173/auszaehlung-der-stimmen-in.webp,2026-09-20T13:42:25Z,,"Der bisher umfangreichste ukrainische Drohnenangriff auf Moskau in der Nacht auf Sonntag wirkt wie ein Kommentar Kiews zur Forderung Wladimir Putins an seine Untertanen, bei der sogenannten Parlament… [+1339 chars]",,de,'Krieg'
https://www.morgenpost.de/politik/article413113098/wichtiger-als-dutzende-atombomben-irans-xxl-hardliner-machen-gegen-trump-mobil.html,https://www.morgenpost.de/politik/article413113098/wichtiger-als-dutzende-atombomben-irans-xxl-hardliner-machen-gegen-trump-mobil.html,0,www.morgenpost.de,Wichtiger als „Dutzende Atombomben“: Irans XXL-Hardliner machen gegen Trump mobil,Der Sicherheitsapparat im Regime setzt auf massive Abschreckung und Vergeltung. Die Verhandler rund um Präsident Peseschkian sind abgemeldet.,https://img.sparknews.funkemedien.de/413125804/413125804_1789913364_v16_9_1600.jpeg,2026-09-20T14:09:24Z,,"Die Drohung aus Teheran war kurz und knallhart. Ihr werdet bald sehen, dass Irans neue Strategie auf dem Schlachtfeld, in der Diplomatie und angesichts der Wirtschaftsblockade eure Grundfesten erschü… [+6893 chars]",,de,'Iran'
https://www.diepresse.com/41280116/fuenf-lehren-aus-den-wahlen-in-berlin-und-mecklenburg-vorpommern,https://www.diepresse.com/41280116/fuenf-lehren-aus-den-wahlen-in-berlin-und-mecklenburg-vorpommern,0,www.diepresse.com,Fünf Lehren aus den Wahlen in Berlin und Mecklenburg-Vorpommern [premium],Friedrich Merz will bis auf Abruf als Reformkanzler weitermachen. Die SPD hat ihre Personalreserve schon gefunden. Dank der Schwäche der Koalition wachsen die Ränder links wie rechts. Die AfD kann ihren Sieg im Nordosten nicht umsetzen. Und auch die Linke dro…,https://img.diepresse.com/public/incoming/hu9dn0-2026-09-20t162514z717146772rc24nna4p1vsrtrmadp3germany-election-berlin-merzjpg/alternates/WEBP_WIDE_1200/2026-09-20T162514Z_717146772_RC24NNA4P1VS_RTRMADP_3_GERMANY-ELECTION-BERLIN-MERZ.JPG,2026-09-21T05:09:49Z,,"Montag Parteivorstand und Präsidium, Dienstag Fraktionssitzung, Donnerstag eine Gesprächsrunde mit den CDU-Ministerpräsidenten: Die Woche des deutschen Kanzlers ist durchgetaktet. In Vorahnung, was a… [+6997 chars]",,de,'Pipeline'
https://www.n-tv.de/wirtschaft/Saudi-Arabien-steigert-Oel-Exporte-trotz-Schaeden-an-Pipeline-id31328844.html,https://www.n-tv.de/wirtschaft/Saudi-Arabien-steigert-Oel-Exporte-trotz-Schaeden-an-Pipeline-id31328844.html,0,www.n-tv.de,"""Ölflüsse überraschend stark"": Saudi-Arabien steigert Öl-Exporte - trotz Schäden an Pipeline","Die Lage im Nahen Osten bleibt angespannt - eine Durchfahrt durch die Straße von Hormus ist weiterhin riskant. Nun deuten Satellitendaten darauf hin, dass Saudi-Arabiens staatlicher Energiekonzern die Route dennoch nutzt.",https://www.n-tv.de/img/31328855/1789976342/Img_16_9/1200/619625743.jpg,2026-09-21T06:16:20Z,,"Einem Tanker, der Rohöl aus Saudi-Arabien geladen hat, gelang die Durchfahrt durch die Straße von Hormus. (Archivbild) (Foto: picture alliance/dpa/AP | Rafiq Maqbool)
Die Lage im Nahen Osten bleibt … [+1669 chars]",,de,'Pipeline'
https://www.telepolis.de/article/Katar-kauft-selbst-Gas-in-den-USA-und-deutsche-Verbraucher-zahlen-drauf-11459958.html,https://www.telepolis.de/article/Katar-kauft-selbst-Gas-in-den-USA-und-deutsche-Verbraucher-zahlen-drauf-11459958.html,0,www.telepolis.de,Katar kauft selbst Gas in den USA – und deutsche Verbraucher zahlen drauf,"Das Emirat verhandelt mit US-Produzenten über Langfristverträge. Reparaturen dauern Jahre, der IWF erwartet 8,6 Prozent Wirtschaftseinbruch für Katar.",https://heise.cloudimg.io/v7/_www-heise-de_/imgs/18/5/1/6/8/5/0/6/shutterstock_1078242305-4617e0b48ec6a427.jpg?func=bound&height=1200&org_if_sml=1&q=85&width=1200,2026-09-21T10:25:00Z,,"(Bild: Shutterstock)
Das Emirat verhandelt mit US-Produzenten über Langfristverträge. Reparaturen dauern Jahre, der IWF erwartet 8,6 Prozent Wirtschaftseinbruch für Katar.
Der Krieg gegen den Iran … [+5178 chars]",,de,'Katar'
https://www.focus.de/finanzen/news/russland-stellt-gaslieferungen-an-armenien-ein-nur-wenige-tage-nachdem-armenien-sich-vom-kreml-abgewandt-hat_17213f60-2beb-4f56-bf43-77687221a13f.html,https://www.focus.de/finanzen/news/russland-stellt-gaslieferungen-an-armenien-ein-nur-wenige-tage-nachdem-armenien-sich-vom-kreml-abgewandt-hat_17213f60-2beb-4f56-bf43-77687221a13f.html,0,www.focus.de,"Russland stellt Gaslieferungen an Armenien ein – nur wenige Tage, nachdem Armenien sich vom Kreml abgewandt hat",Armenien bezieht viel Gas aus Russland. Jetzt aber will das Land diversifizieren. Russland reagiert mit einem Lieferstopp.,"https://quadro.burda-forward.de/ctf/58f4dbb9-06bf-484e-93e8-70ea0ec6701a.74ad46ff-12c1-46f2-80c6-da4bd32b647b.jpg?im=RegionOfInterestCrop=(1200,630),regionOfInterest=(2800,1219)&hash=3ead1bddc7a9d80f859580bc43ce688b8fbdfb6d5d7b0112c26031bf0c9b32ae",2026-09-21T12:11:00Z,,Gazprom Armenien hat die Lieferungen russischen Gases nach Armenien zwischen dem 15. September und dem 25. September ausgesetzt. Als Grund gab der lokale Ableger des russischen Megakonzerns Gazprom R… [+4076 chars],,de,'Gas'
https://www.golem.de/sonstiges/zustimmung/auswahl.html?from=https://www.golem.de/news/us-luftschlag-auf-iranische-schule-palantir-kann-keine-falschen-daten-kompensieren-2609-213289.html&referer=https://t.co/a618740288,https://www.golem.de/sonstiges/zustimmung/auswahl.html?from=https://www.golem.de/news/us-luftschlag-auf-iranische-schule-palantir-kann-keine-falschen-daten-kompensieren-2609-213289.html&referer=https://t.co/a618740288,0,www.golem.de,US-Luftschlag auf iranische Schule: Palantir kann keine falschen Daten kompensieren,"In der ersten Welle des US-Angriffs auf Iran starben 123 Kinder in einer Schule. Mitursache soll zu viel Vertrauen in Palantir-Software gewesen sein. Von Friedhelm Greis (Palantir, KI)",,2026-09-21T15:51:02Z,,"Besuchen Sie Golem.de wie gewohnt mit Werbung und Tracking,
 indem Sie der Nutzung aller Cookies zustimmen.
 Details zum Tracking finden Sie im Privacy Center.
Skript wurde nicht geladen. Informat… [+607 chars]",,de,'Iran'
https://www.n-tv.de/politik/Jetzt-steht-die-Ukraine-vor-derselben-Herausforderung-wie-Russland-id31331381.html,https://www.n-tv.de/politik/Jetzt-steht-die-Ukraine-vor-derselben-Herausforderung-wie-Russland-id31331381.html,0,www.n-tv.de,"Reisners Blick auf die Front: ""Jetzt steht die Ukraine vor derselben Herausforderung wie Russland""","Moskau verstärkt seine hybride Kriegsführung an der Grenze zu Polen. Oberst Reisner erkennt darin eine neue Eskalationsstufe. An der ukrainischen Front sähen sich die Kriegsparteien angesichts der Drohnenangriffe der gleichen verzwickten Situation ausgesetzt,…",https://www.n-tv.de/img/31331465/1790006430/Img_16_9/1200/AP26262779816939.jpg,2026-09-21T17:42:57Z,,"""Im Raum Lyman ist es den ukrainischen Kräften wegen des für den Angreifer schwierigen Geländes gelungen, die Russen zurückzudrängen,"" sagt Reisner. (Foto: Ukrainian 65 Mechanized brigade )
Moskau v… [+9206 chars]",,de,'Unterstützung'
https://www.tagesspiegel.de/internationales/dpa-russische-milliardare-eu-will-sanktionen-gegen-russische-milliardare-aufheben-16082348.html,https://www.tagesspiegel.de/internationales/dpa-russische-milliardare-eu-will-sanktionen-gegen-russische-milliardare-aufheben-16082348.html,0,www.tagesspiegel.de,Russische Milliardäre: EU will Sanktionen gegen russische Milliardäre aufheben,Die EU hat nach dem Beginn von Russlands Angriffskrieg gegen die Ukraine Sanktionen gegen etliche milliardenschwere Oligarchen verhängt. Nun erzwingen Mitgliedstaaten einen umstrittenen Rückzieher.,https://www.tagesspiegel.de/images/16082351/alternates/BASE_16_9_W1400/1790012976000/oligarch-alischer-usmanow.jpeg,2026-09-21T17:44:22Z,,Die EU will wegen einer drohenden Totalblockade von Russland-Sanktionen durch einzelne Mitgliedstaaten ihre Strafmaßnahmen gegen die beiden Oligarchen Alischer Usmanow und Michail Fridman aufheben. E… [+5334 chars],,de,'Ukraine'
https://www.tagesschau.de/inland/innenpolitik/landtagswahlen-mv-berlin-cdu-folgen-100.html,https://www.tagesschau.de/inland/innenpolitik/landtagswahlen-mv-berlin-cdu-folgen-100.html,0,www.tagesschau.de,"CDU-Wahlschlappe: Neuer Kurs, alte Probleme",Der Bundeskanzler und CDU-Chef kämpft nach dem erneuten Wahldebakel um sein Amt. Die SPD setzt sich vom Reformkurs ab. Merz will daran festhalten und hofft auf Unterstützung. Von Jakob Mayr.,https://images.tagesschau.de/image/ddce170d-a668-42af-af01-15dd4f3249dd/AAABoMUjdF4/AAABnSSvrFg/16x9-big/merz-1656.jpg?width=1280,2026-09-21T18:03:50Z,,"Stand: 21.09.2026 20:03 Uhr
Der Bundeskanzler und CDU-Chef kämpft nach dem erneuten Wahldebakel um sein Amt. Die SPD setzt sich vom Reformkurs ab. Merz will daran festhalten und hofft auf Unterstütz… [+4096 chars]",,de,'Unterstützung'
https://www.focus.de/kultur/kino-tv/buergergeld-empfaengerin-goennt-sich-eigenes-ankleidezimmer-finanziert-vom-amt_1a1b0519-4c69-4f46-a7b3-dd8bc3e29b0f.html,https://www.focus.de/kultur/kino-tv/buergergeld-empfaengerin-goennt-sich-eigenes-ankleidezimmer-finanziert-vom-amt_1a1b0519-4c69-4f46-a7b3-dd8bc3e29b0f.html,0,www.focus.de,Bürgergeld-Empfängerin gönnt sich eigenes Ankleidezimmer – finanziert vom Amt,"Die Sozialdoku „Hartz und herzlich“ begleitet Menschen, die mit wenig Geld auskommen müssen. Zu den bekanntesten Gesichtern aus den Mannheimer Benz-Baracken gehört Beate – und die erfüllt sich nun einen ganz besonderen Wohntraum.","https://quadro.burda-forward.de/ctf/7574ad49-1422-4d3d-a5c0-9ae5d8e14d97.065f6593-f9a7-49d1-8a90-b995d6df22d1.jpeg?im=RegionOfInterestCrop=(1200,630),regionOfInterest=(800,450)&hash=4e9ef0152b3df0a06f3546adebca5a5891d2e650250db227a9d0f9db55d9011c",2026-09-21T19:30:00Z,,Beate hat künftig reichlich Platz für ihre Klamotten. Die dreifache Mutter lebt gemeinsam mit ihrem Sohn Pascal in den Benz-Baracken und bezieht Bürgergeld. Die Kosten für die Unterkunft werden vom A… [+2370 chars],,de,'Bürgergeld'
https://www.dw.com/de/deutschland-vor-dem-winter-gasnotstand-oder-panikmache/a-79305669,https://www.dw.com/de/deutschland-vor-dem-winter-gasnotstand-oder-panikmache/a-79305669,0,www.dw.com,Deutschland vor dem Winter: Gasnotstand oder Panikmache?,"Die Füllstände der Gasspeicher liegen sehr niedrig - und das vor der Heizsaison. Bei manchen klingen die Alarmglocken, andere bleiben ruhig und wiegeln ab. Wie sicher ist die Versorgung und wie teuer wird das Gas? Aktuell, das heißt bis zum 20. September 2026…",https://static.dw.com/image/79153629_6.jpg,2026-09-22T08:11:00Z,,"Aktuell, das heißt bis zum 20. September 2026, waren rund 141 Terawattstunden Gas eingespeichert, das sind gut 57 Prozent der Speicherkapazitäten. Im gesamten letzten Winter wurden laut Netzagentur k… [+6602 chars]",,de,'Versorgung'
https://www.faz.net/aktuell/politik/ausland/burnham-kuendigt-defensive-militaerische-unterstuetzung-fuer-riad-an-accg-201251260.html,https://www.faz.net/aktuell/politik/ausland/burnham-kuendigt-defensive-militaerische-unterstuetzung-fuer-riad-an-accg-201251260.html,0,www.faz.net,Huthi im Jemen: Burnham kündigt „defensive“ militärische Unterstützung für Riad an,Der britische Premierminister hat sich für die erste militärische Intervention seiner Regierung entschieden. Washington hält sich bei der jüngsten Eskalation im Jemen bislang zurück.,https://media0.faz.net/image/w1200h627/2d54f127c1d9/w3000h1567x0y292o/202506/43601.0.1101461330/ein-britisches.webp,2026-09-22T10:58:56Z,,Der britische Premierminister Andy Burnham hat die erste militärische Intervention seiner Regierung angekündigt. Flugzeuge der Royal Air Force sollen Saudi-Arabien im Kampf gegen die Huthi-Miliz im J… [+2557 chars],,de,'Pipeline'
https://www.derstandard.at/story/3000000340854/saudi-arabien-vor-wiederaufnahme-der-214lexporte-252ber-rotes-meer,https://www.derstandard.at/story/3000000340854/saudi-arabien-vor-wiederaufnahme-der-214lexporte-252ber-rotes-meer,0,www.derstandard.at,Saudi-Arabien vor Wiederaufnahme der Ölexporte über Rotes Meer,Die Ölexporte über den Hafen Janbu am Roten Meer könnten noch am Dienstag wieder aufgenommen werden. Die Pipeline wurde nach Drohnenangriffen abgeschaltet,https://i.ds.at/ppkeLA/rs:fill:1200:600/plain/lido-images/2026/09/22/dd68936a-40b4-4881-a048-f31f3ed75557.jpg,2026-09-22T11:21:26Z,,"Sie entscheiden darüber, wie Sie unsere Inhalte nutzen wollen. Ihr Gerät erlaubt uns derzeit leider nicht, die entsprechenden Optionen anzuzeigen.
Bitte deaktivieren Sie sämtliche Hard- und Software… [+180 chars]",,de,'Pipeline'
https://www.n-tv.de/politik/Macron-legt-Trump-Plan-fuer-freie-Schifffahrt-durch-Hormus-vor-id31334230.html,https://www.n-tv.de/politik/Macron-legt-Trump-Plan-fuer-freie-Schifffahrt-durch-Hormus-vor-id31334230.html,0,www.n-tv.de,Um Ölpreisanstieg einzudämmen: Macron legt Trump Plan für freie Schifffahrt durch Hormus vor,Der Iran-Krieg treibt die Ölpreise und belastet die Weltwirtschaft. Vor Beginn der UN-Generalversammlung legt Frankreichs Präsident Macron Trump mehrere Vorschläge vor. Dabei geht es nicht nur um die Straße von Hormus - beide sprechen zudem über neue Schritte…,https://www.n-tv.de/img/31334489/1790080702/Img_16_9/1200/Screenshot%202026-09-22%20123518.jpg,2026-09-22T11:33:35Z,,"Um Ölpreisanstieg einzudämmenMacron legt Trump Plan für freie Schifffahrt durch Hormus vor
Vor dem Beginn der UN-Generalversammlung treffen sich die beiden Präsidenten. (Foto: https://x.com/Emmanuel… [+4215 chars]",,de,'Krieg'
https://www.sueddeutsche.de/wirtschaft/saudi-arabien-ost-west-oelpipeline-betrieb-li.3552219,https://www.sueddeutsche.de/wirtschaft/saudi-arabien-ost-west-oelpipeline-betrieb-li.3552219,0,www.sueddeutsche.de,Saudi-Arabien: Ölpipeline wohl wieder in Betrieb,Nach Angriffe der Huthi-Miliz musste Saudi-Arabien seine Pipeline zum Roten Meer abschalten. Nun ist sie wohl wieder repariert und einsatzbereit.,https://www.sueddeutsche.de/2026/09/22/728687a1-99b7-4ff2-b3ea-51cb9acd8f01.jpg?q=60&fm=webp&width=1200&rect=0%2C206%2C3500%2C1969,2026-09-22T12:44:40Z,,Saudi-Arabien hatte die Pipeline nach Drohnenangriffen der Huthi-Miliz aus dem Jemen am 13. September abgeschaltet. Dies führte zu einem Stopp der Rohöl-Verladungen in dem Hafen. Die Ost-West-Pipelin… [+988 chars],,de,'Pipeline'
https://www.teltarif.de/o2-home-rabatt/news/106272.html,https://www.teltarif.de/o2-home-rabatt/news/106272.html,0,www.teltarif.de,o2 Home Flex: So sparen Neukunden fast 180 Euro,"Neukunden bekommen einen Festnetzanschluss von o2 derzeit mit satten Rabatten. Das Angebot gilt für Glasfaser-, DSL- und Kabelanschlüsse.",https://www.teltarif.de/img/arch/2026/kw39/o2-home-rabatt-1og.jpg,2026-09-22T14:15:00Z,,"o2 ist bislang vor allem als Mobilfunk-Provider bekannt. Seit einiger Zeit posi­tioniert sich die Telefónica-Kernmarke allerdings als Komplett-Anbieter, der seinen Kunden unter anderen auch Festnetz-… [+1985 chars]",,de,'sparen'
https://www.nzz.ch/zuerich/stadt-winterthur-rechnet-mit-minus-und-kuendigt-sparpaket-an-ld.10024901,https://www.nzz.ch/zuerich/stadt-winterthur-rechnet-mit-minus-und-kuendigt-sparpaket-an-ld.10024901,0,www.nzz.ch,Winterthur rechnet nächstes Jahr mit einem Minus von 11 Millionen Franken und kündigt ein Sparpaket an,Ohne Massnahmen dürfte das Minus der Stadt bis 2030 auf 45 Millionen Franken steigen. Für Kritik sorgt das Stellenwachstum in der Verwaltung.,"https://img-msp-prod.nzz.ch/2026/04/29/0d2f2add-d9ea-4aae-b675-7ae59dbc532e.jpg?width=1200&height=675&fit=bounds&quality=75&auto=webp&crop=6000,3375,x0,y313&wmark=nzz",2026-09-22T15:00:00Z,,"Ohne Massnahmen dürfte das Minus der Stadt bis 2030 auf 45 Millionen Franken steigen. Für Kritik sorgt das Stellenwachstum in der Verwaltung.
Zusammenfassung
Die Stadt Winterthur will in den nächst… [+4261 chars]",,de,'sparen'
https://www.focus.de/politik/deutschland/blindes-huhn-spd-frohlockt-nach-merz-impuls-zu-kassen_6d5191a6-68c5-4056-960b-a12efcb1a4a6.html,https://www.focus.de/politik/deutschland/blindes-huhn-spd-frohlockt-nach-merz-impuls-zu-kassen_6d5191a6-68c5-4056-960b-a12efcb1a4a6.html,0,www.focus.de,„Blindes Huhn“: SPD frohlockt nach Merz-Impuls zu Kassen,Nach dem Wahldebakel will Friedrich Merz für mehr Gerechtigkeit sorgen. Doch seine Aussagen zur Krankenversicherung sorgen für Ärger und müssen von seinem Sprecher erklärt werden. Gleichzeitig kommen aus der SPD positive Signale.,"https://quadro.burda-forward.de/ctf/e99c9e8c-f3c2-4bab-b6d0-2dc74ada7f3a.29ca17eb-130d-4d8c-95d4-da5ef833ff2c.jpg?im=RegionOfInterestCrop=(1200,630),regionOfInterest=(3425,1276)&hash=8c9c2623661bdbc8ae91313397e2e51c7507fcbd5198b07ac3ef86b98825492f",2026-09-22T15:00:00Z,,Nach dem CDU-Debakel bei den Landtagswahlen hat Friedrich Merz mehr Gerechtigkeit versprochen und mit einer missverständlichen Äußerung eine Debatte losgetreten. Zunächst gab der Kanzler und CDU-Part… [+5169 chars],,de,'Friedrich Merz'
https://www.sueddeutsche.de/wirtschaft/ungleichheitsrat-forderungen-professoren-politiker-li.3550044,https://www.sueddeutsche.de/wirtschaft/ungleichheitsrat-forderungen-professoren-politiker-li.3550044,0,www.sueddeutsche.de,„International Panel on Inequality“: Deutsche Wissenschaftler fordern Welt-Ungleichheitsrat,Nobelpreisträger Joseph Stiglitz wirbt seit Langem für ein solches Gremium. Nun unterstützen Professorinnen und Professoren aus Deutschland das Vorhaben – mit einem offenen Brief an Friedrich Merz.,https://www.sueddeutsche.de/2026/09/22/7b024797-2af1-43ec-b9ed-116e844aa905.jpg?q=60&fm=webp&width=1200&rect=0%2C156%2C3000%2C1687,2026-09-22T15:07:52Z,,"Bereits seit rund einem Jahr wirbt der frühere Chefökonom der Weltbank und Nobelpreisträger für Wirtschaft Joseph Stiglitz für einen Welt-Ungleichheitsrat, einen International Panel on Inequality (IP… [+879 chars]",,de,'Friedrich Merz'
https://www.dw.com/de/wer-bei-der-un-generalversammlung-fehlt-und-warum/a-79376405,https://www.dw.com/de/wer-bei-der-un-generalversammlung-fehlt-und-warum/a-79376405,0,www.dw.com,Wer bei der UN-Generalversammlung fehlt - und warum,"Xi Jinping, Wladimir Putin, Friedrich Merz, Giorgia Meloni, Mahmud Abbas: Mehr als 50 Staats- und Regierungschefs fehlen bei der UN-Generalversammlung in New York. Die Begründungen unterscheiden sich stark.",https://static.dw.com/image/79374038_6.jpg,2026-09-22T15:53:00Z,,"Eine Bühne wie diese lassen sich Staatsmänner wie Donald Trump, Recep Tayyip Erdogan oder Emmanuel Macron nicht entgehen: Bei der 81. Generalversammlung der Vereinten Nationen - oder kurz UNGA81 - ve… [+6942 chars]",,de,'Friedrich Merz'
https://ooe.orf.at/stories/3372230/,https://ooe.orf.at/stories/3372230/,0,ooe.orf.at,Großspeicher könnten Haushalten 200 Euro sparen,Oberösterreich erlebt derzeit einen Boom bei großen Batteriespeichern. Bei den Netzbetreibern gibt es mehrere hundert Anfragen. Die Speicher sollen Strom aus Sonne und Wind auch bei Flaute und Dunkelheit verfügbar machen – und damit die Energiewende vorantrei…,https://ibs.orf.at/ooe?image=https%3A%2F%2Foekastatic.orf.at%2Fmims%2F2026%2F39%2F73%2Fcrops%2Fw%3D1200%2Ch%3D627%2Cq%3D75%2F3192019_master_1238173_11.jpg%3Fs%3D67396e926e2a82b3ac6e45c6a874e450e9be8127,2026-09-22T15:54:40Z,,"In ganz Österreich gehen derzeit fast wöchentlich neue Großspeicher ans Netz. Im Innviertel, in Wagenham bei Pischelsdorf, hat die NGEN-Gruppe dieser Tage eine der größten Anlagen Europas in Betrieb … [+2466 chars]",,de,'Energie'
https://www.tagesspiegel.de/checkout/checkout-was-vom-tag-bleibt-bitte-missverstehen-sie-mich-richtig-16085504.html,https://www.tagesspiegel.de/checkout/checkout-was-vom-tag-bleibt-bitte-missverstehen-sie-mich-richtig-16085504.html,0,www.tagesspiegel.de,Checkout – Was vom Tag bleibt: Bitte missverstehen Sie mich richtig!,"Friedrich Merz räumt aus Versehen die private Krankenversicherung ab, Elif Eralp und Manuela Schwesig sind sich in mancher Hinsicht zum Verwechseln ähnlich und wir versöhnen uns mit einem Leser.",https://www.tagesspiegel.de/images/16056302/alternates/BASE_16_9_W1400/1789484244000/checkout-header-miriam-desktop.png,2026-09-22T16:16:45Z,,"Viel wurde schon gesagt über die drei Wahlen, die das politische Berlin seit zwei Wochen auf konstant hohem Erregungslevel halten. Ein Aspekt blieb dabei unterbeleuchtet: Außer der AfD gab es nur zwe… [+12686 chars]",,de,'Friedrich Merz'
https://www.tagesspiegel.de/politik/es-funktioniert-nicht-mehr-mit-ihm-ehemaliger-cdu-generalsekretar-czaja-teilt-gegen-merz-aus-16085542.html,https://www.tagesspiegel.de/politik/es-funktioniert-nicht-mehr-mit-ihm-ehemaliger-cdu-generalsekretar-czaja-teilt-gegen-merz-aus-16085542.html,0,www.tagesspiegel.de,„Es funktioniert nicht mehr mit ihm“: Ehemaliger CDU-Generalsekretär Czaja teilt gegen Merz aus,Der frühere CDU-Generalsekretär Mario Czaja attackiert Friedrich Merz scharf. Der Kanzler habe früh das Vertrauen in der Partei verspielt.,https://www.tagesspiegel.de/images/16085409/alternates/BASE_16_9_W1400/1790091758000/cdu-bundesausschuss.jpeg,2026-09-22T16:40:39Z,,"Bundeskanzler und CDU-Chef Friedrich Merz gerät innerparteilich weiter unter Druck. Ich glaube, es ist an der Zeit, dass er den Platz frei macht, sagte sein ehemaliger Generalsekretär Mario Czaja am … [+2848 chars]",,de,'Friedrich Merz'
https://taz.de/Nach-der-Berliner-Wahl/!6215393/,https://taz.de/Nach-der-Berliner-Wahl/!6215393/,0,taz.de,Nach der Berliner Wahl: Warten auf das Anti-Gesetz,Kann Kanzler Friedrich Merz mit einem Bundesgesetz die Vergesellschaftungspläne der Berliner Linken stoppen? Am Ende wird Karlsruhe entscheiden.,https://taz.de/picture/8755042/1200/42134613.jpeg,2026-09-22T16:45:00Z,,Kann Kanzler Friedrich Merz mit einem Bundesgesetz die Vergesellschaftungspläne der Berliner Linken stoppen? Am Ende wird Karlsruhe entscheiden. mehr...,,de,'Friedrich Merz'
https://www.welt.de/politik/deutschland/article6aafd698b1857e86757a8482/wahlen-in-mv-und-berlin-ex-cdu-generalsekretaer-fordert-ruecktritt-von-friedrich-merz-liveticker.html,https://www.welt.de/politik/deutschland/article6aafd698b1857e86757a8482/wahlen-in-mv-und-berlin-ex-cdu-generalsekretaer-fordert-ruecktritt-von-friedrich-merz-liveticker.html,0,www.welt.de,Ex-CDU-Generalsekretär fordert Rücktritt von Friedrich Merz,Der israelische Botschafter warnt vor dem „völlig enthemmten Antisemitismus“ der Linkspartei. Ein Journalist setzt NRW-Ministerpräsident Hendrik Wüst in der Kanzler-Frage die Pistole auf die Brust. Mehr im Liveticker.,https://images.welt.de/6aafd698b1857e86757a8482/2d2033f4650a3d1f3867cac25adad892/ci16x9-w1200/dpa-com-20090101-260318-935-1225724-jpg,2026-09-22T17:02:00Z,,Ex-CDU-Generalsekretär Mario Czaja wirft seinem ehemaligen Chef Friedrich Merz fehlende emotionale Intelligenz vor und fordert seinen Rücktritt. In der Talksendung Meinungsfreiheit im Nachrichtensend… [+1123 chars],,de,'Friedrich Merz'
https://kaernten.orf.at/stories/3372234/,https://kaernten.orf.at/stories/3372234/,0,kaernten.orf.at,Hohe Heizkosten belasten Haushalte,"Die Temperaturen werden immer niedriger, damit startet langsam die Heizsaison. Die Quasi-Sperre der Straße von Hormuz, die Bombenangriffe auf eine Pipeline in Saudi-Arabien und der Krieg in der Ukraine lassen aber die Preise von Heizöl und Pellets steigen. Ei…",https://ibs.orf.at/ktn?image=https%3A%2F%2Foekastatic.orf.at%2Fmims%2F2024%2F07%2F04%2Fcrops%2Fw%3D1200%2Ch%3D627%2Cq%3D75%2F2109721_master_797504_kh_heizungstausch_240216_00_00_03_18.jpg%3Fs%3D9f0e8e5e2499e8e8920ace77a1f374f84c0a3972,2026-09-22T17:06:03Z,,"Ein Liter Heizöl kostet etwa 1,93 Euro. Vor einem Jahr war er mit 1,06 Euro noch um rund 80 Prozent günstiger. Der Grund für die Preissteigerung ist vor allem der Irankrieg.
Trotz der hohen Preise b… [+2865 chars]",,de,'Krieg'
https://www.n-tv.de/ratgeber/Mit-diesen-fuenf-Tipps-sinken-die-Heizkosten-id31333637.html,https://www.n-tv.de/ratgeber/Mit-diesen-fuenf-Tipps-sinken-die-Heizkosten-id31333637.html,0,www.n-tv.de,Entlastung für den Geldbeutel: Mit diesen fünf Tipps sinken die Heizkosten,"Steigende Energiepreise belasten viele Haushalte. Doch gerade beim Heizen sehen Fachleute noch viel Sparpotenzial - Hunderte Euro bei Wohnungen, in Einfamilienhäusern noch mehr. So gelingt es.",https://www.n-tv.de/img/2631837/1677216150/Img_16_9/1200/image.jpg,2026-09-22T17:14:16Z,,"Wer die Heiztemperatur nur um ein Grad senkt, kann rund sechs Prozent Energiekosten sparen. (Foto: dpa)
Steigende Energiepreise belasten viele Haushalte. Doch gerade beim Heizen sehen Fachleute noch… [+3960 chars]",,de,'sparen'
https://www.morgenpost.de/panorama/article413223074/kosten-sicherheit-co-ein-wunder-dass-der-eiffelturm-noch-steht.html,https://www.morgenpost.de/panorama/article413223074/kosten-sicherheit-co-ein-wunder-dass-der-eiffelturm-noch-steht.html,0,www.morgenpost.de,"Kosten, Sicherheit und Co.: „Ein Wunder, dass der Eiffelturm noch steht!“","Der Eiffelturm ist nicht nur das Wahrzeichen von Paris, er wird zum Symbol für Misswirtschaft. Und auch immer mehr zum Sicherheitsrisiko?",https://img.sparknews.funkemedien.de/413224048/413224048_1790099747_v16_9_1600.jpeg,2026-09-22T17:55:47Z,,"Der Fall machte Anfang September Schlagzeilen: Die Direktion des Eiffelturmes hatte einer konservativen hinduistischen Gemeinschaft schriftlich erlaubt, die Eröffnung eines Tempels im Großraum Paris … [+4763 chars]",,de,'Sicherheit'
https://taz.de/Geplantes-Vergesellschaftungs-Verbot/!6210988/,https://taz.de/Geplantes-Vergesellschaftungs-Verbot/!6210988/,0,taz.de,Geplantes Vergesellschaftungs-Verbot: Friedrich Merz als Wahlhelfer für die Linke,"Der Bundeskanzler will die Vergesellschaftung von Wohnungskonzernen verbieten. Damit macht er nicht nur politisch, sondern auch strategisch einen Fehler.",https://taz.de/picture/8755784/1200/Merz-Vergesellschaftung-Immobilien-Berlin.jpeg,2026-09-22T17:59:00Z,,"Der Bundeskanzler will die Vergesellschaftung von Wohnungskonzernen verbieten. Damit macht er nicht nur politisch, sondern auch strategisch einen Fehler. mehr...",,de,'Friedrich Merz'
https://www.n-tv.de/politik/21-44-Selenskyj-Hatte-positives-und-produktives-Treffen-mit-Trump-id31337167.html,https://www.n-tv.de/politik/21-44-Selenskyj-Hatte-positives-und-produktives-Treffen-mit-Trump-id31337167.html,0,www.n-tv.de,Ukraine-Krieg im Liveticker: +++ 21:44 Selenskyj: Hatte positives und produktives Treffen mit Trump +++,"Berlin, Washington, Brüssel - überall. ntv berichtet von allen wichtigen Schauplätzen der Innen- und Außenpolitik.",https://www.n-tv.de/img/2339153/1721988811/Img_16_9/1200/image.jpg,2026-09-22T19:00:00Z,,"Der ukrainische Präsident Wolodymyr Selenskyj spricht nach dem Treffen mit US-Präsident Donald Trump von einer ""positiven und produktiven"" Zusammenkunft. ""Sowohl die USA als auch die Ukraine wollen d… [+28528 chars]",,de,'Pipeline'
https://www.bild.de/politik/inland/friedrich-merz-droht-spd-mit-der-hoelle-wenn-sie-mit-linken-zusammengeht-6ab296b8b1857e86757ab197,https://www.bild.de/politik/inland/friedrich-merz-droht-spd-mit-der-hoelle-wenn-sie-mit-linken-zusammengeht-6ab296b8b1857e86757ab197,0,www.bild.de,Bei Zusammenarbeit mit der Linken - Kanzler Merz warnt SPD vor der „Hölle“,"Friedrich Merz fordert von der SPD ein klares Nein zur Koalition mit der Linkspartei in Berlin. Lesen Sie, warum er die Brandmauer-Debatte beenden will.","https://images.bild.de/6ab296b8b1857e86757ab197/e695a6d442f5983daf92e123e937eb2f,db99ed0?w=1280",2026-09-22T19:32:15Z,,"TTS-Player überspringenArtikel weiterlesenBerlin Kanzler Merz schlägt in der CDU/CSU-Fraktion pathetische Töne an. Weil die SPD in Berlin nicht ausschließt, der antisemitischen Linkspartei an die Mac… [+2057 chars]",,de,'sparen'
https://orf.at/stories/3442948/,https://orf.at/stories/3442948/,0,orf.at,Leichtes Aufatmen nach langem Streit,"Die USA, Dänemark und Grönland haben am Dienstag bei der UNO-Generalversammlung in New York ein Sicherheitsabkommen für die autonome Arktisinsel unterzeichnet. Dieses erlaubt den USA die Ausweitung ihrer Militärpräsenz, unter anderem sollen zwei neue Basen er…",https://ibs.orf.at/news?image=https%3A%2F%2Fassets.orf.at%2Fmims%2F2026%2F39%2F47%2Fcrops%2Fw%3D1200%2Ch%3D630%2Cq%3D75%2F3192223_master_1238247_abg_20260922_abg2149.hr.jpg%3Fs%3D7ee6bfdbf66e427d2d4f21e845840fe5e110c01e,2026-09-22T21:00:31Z,,"Damit werde eine langfristige, fantastische Beziehung aufgebaut, sagte Trump bei der Zeremonie im Hauptquartier der Vereinten Nationen. Die dänische Regierungschefin Mette Frederiksen bezeichnete die… [+4952 chars]",,de,'Friedrich Merz'
https://www.morgenpost.de/kultur/tv-streaming/article413229519/maischberger-aufregung-um-kanzler-clip-wo-ist-das-format.html,https://www.morgenpost.de/kultur/tv-streaming/article413229519/maischberger-aufregung-um-kanzler-clip-wo-ist-das-format.html,0,www.morgenpost.de,„Maischberger“: Scheinheilige Aufregung um Kanzler-Clip – „Wo ist das Format?“,Bei Maischberger wird der oft gescholtene Rolf Mützenich für seinen Ukraine-Vorschlag rehabilitiert. Davon ist Friedrich Merz noch lange entfernt.,https://img.sparknews.funkemedien.de/413032909/413032909_1788316927_v16_9_1600.jpeg,2026-09-23T01:20:00Z,,Wieder einmal beginnt eine Maischberger-Sendung mit Stilkritik am Kanzler Friedrich Merz. Frei nach dem Motto: Was hat er diesmal wieder angestellt? Maischberger zeigt einen Clip aus einer überfüllte… [+4815 chars],,de,'Friedrich Merz'
https://www.autobild.de/artikel/leichte-e-bikes-fuer-camper-i-sy-skyfly-e5-zr-f-px-vs.-rose-sneak-plus-eq-shift-15bf3b7-28799029.html,https://www.autobild.de/artikel/leichte-e-bikes-fuer-camper-i-sy-skyfly-e5-zr-f-px-vs.-rose-sneak-plus-eq-shift-15bf3b7-28799029.html,0,www.autobild.de,Diese beiden E-Bikes sparen Gewicht,"E-Bikes bringen naturgemäß ein höheres Gewicht mit sich. Zwei Leichtgewichte für Camper zeigen jedoch, dass es auch anders geht – mit unterschiedlichen Motorkonzepten.",https://i.auto-bild.de/ir_img/4/1/0/3/0/3/7/Diese-beiden-E-Bikes-sparen-Gewicht-2869-1800x1013-697dcf4e1129101e.jpg?impolicy=og_images,2026-09-23T03:33:00Z,,"Wir freuen uns über Ihre Leserbriefe! So schrieb uns Burkhard Osthoff per E-Mail, dass unsere Test-E-Bikes zu schwer seien. Ganz unrecht hat er nicht: 25 Kilogramm oder mehr machen beim Transport, ob… [+6353 chars]",,de,'sparen'
https://www.morgenpost.de/berlin/article413229719/morgenpost-aus-der-chefredaktion-das-nachbeben-in-der-berliner-spd.html,https://www.morgenpost.de/berlin/article413229719/morgenpost-aus-der-chefredaktion-das-nachbeben-in-der-berliner-spd.html,0,www.morgenpost.de,Morgenpost aus der Chefredaktion: Das Nachbeben in der Berliner SPD,Saleh gibt Fraktionsvorsitz ab +++ Diesen Wohnungsunternehmen droht die Vergesellschaftung +++ Bierpinsel bleibt Sicherheitsrisiko,https://img.sparknews.funkemedien.de/410999802/410999802_1777263894_v16_9_1600.jpeg,2026-09-23T04:30:00Z,,"Liebe Leserin, lieber Leser,
was wird heute wichtig? Beginnen wir mit einem Blick auf die Termine des Tages. 
<ul><li>Direktzüge MünchenMailandRom vorgestellt: Auf der Fachmesse Innotrans in Berlin… [+4298 chars]",,de,'sparen'
https://www.golem.de/sonstiges/zustimmung/auswahl.html?from=https://www.golem.de/news/effizienz-rating-eu-plant-energie-rating-fuer-rechenzentren-2609-213343.html&referer=https://t.co/24ab1514f3,https://www.golem.de/sonstiges/zustimmung/auswahl.html?from=https://www.golem.de/news/effizienz-rating-eu-plant-energie-rating-fuer-rechenzentren-2609-213343.html&referer=https://t.co/24ab1514f3,0,www.golem.de,Effizienz-Rating: EU plant Energie-Rating für Rechenzentren,"Die EU-Kommission plant ein Bewertungssystem für Rechenzentren ab 500 kW, um den Energie- und Wasserverbrauch transparenter zu machen. (EU-Kommission, GreenIT)",,2026-09-23T07:55:02Z,,"Besuchen Sie Golem.de wie gewohnt mit Werbung und Tracking,
 indem Sie der Nutzung aller Cookies zustimmen.
 Details zum Tracking finden Sie im Privacy Center.
Skript wurde nicht geladen. Informat… [+607 chars]",,de,'Energie'
https://www.faz.net/aktuell/politik/ausland/liveblog-irankrieg-irans-praesident-haelt-bild-von-chamenei-waehrend-un-generaldebatte-hoch-faz-200583539.html,https://www.faz.net/aktuell/politik/ausland/liveblog-irankrieg-irans-praesident-haelt-bild-von-chamenei-waehrend-un-generaldebatte-hoch-faz-200583539.html,0,www.faz.net,Liveblog Irankrieg: Irans Präsident hält Bild von Chamenei während UN-Generaldebatte hoch,Massud Peseschkian wirft Israel „Genozid“ in Gaza vor +++ Erster Auftritt von Staatschef eines mit den USA Krieg führenden Landes in New York +++ Vertreter der USA und Irans treffen sich zu Gesprächen +++ alle Entwicklungen im Liveblog,https://media0.faz.net/image/w1200h627/ec9ebb53cabf/w3562h1861x0y208o/202609/43601.0.2586100578/massud-peseschkian-waehrend.webp,2026-09-23T14:30:13Z,,"Irans Präsident Massud Peseschkian hat in der UN-Generaldebatte in New York die USA und Israel scharf kritisiert. Unserer Führer wurde ohne Prozess hingerichtet, sagte Peseschkian, und hielt ein Bild… [+751 chars]",,de,'Chamenei'
https://www.sueddeutsche.de/politik/iran-usa-un-generalversammlung-verhandlungen-strasse-von-hormus-li.3552814,https://www.sueddeutsche.de/politik/iran-usa-un-generalversammlung-verhandlungen-strasse-von-hormus-li.3552814,0,www.sueddeutsche.de,Vereinte Nationen: USA und Iran greifen einander an – diesmal mit Worten,US-Präsident Trump spricht während der UN-Generaldebatte von der Auslöschung Irans. In seiner Antwort fordert Teheran ein Ende der US-Seeblockade und die Freigabe eingefrorener Gelder. Hinter den Kulissen wird verhandelt.,https://www.sueddeutsche.de/2026/09/23/5f0074c3-dc96-4106-ba8c-c07b5327bb7a.jpg?q=60&fm=webp&width=1200&rect=0%2C83%2C2602%2C1464,2026-09-23T18:22:06Z,,"Einen Tag später steht Irans Präsident Massud Peseschkian selber am Rednerpult. Seine Rede ist eine direkte Antwort auf Trump. Der habe das iranische Regime als Terroristen bezeichnet, dabei sind wir… [+4912 chars]",,de,'Iran'
https://www.sueddeutsche.de/politik/ukraine-gefahr-russland-krieg-trump-putin-selenskij-li.3552809,https://www.sueddeutsche.de/politik/ukraine-gefahr-russland-krieg-trump-putin-selenskij-li.3552809,0,www.sueddeutsche.de,Vereinte Nationen: In New York wächst die Sorge vor einer russischen Eskalation,"Mehr als 200 Vorfälle in Nato-Staaten lassen laut Europa und den USA darauf schließen, dass Moskau seinen Krieg über die Landesgrenzen der Ukraine hinweg ausweiten will.",https://www.sueddeutsche.de/2026/09/23/4c3c0836-68b1-40a2-afb8-3831c79e616c.jpg?q=60&fm=webp&width=1200&rect=0%2C209%2C4000%2C2250,2026-09-23T23:52:05Z,,"Kurz darauf stand der ukrainische Präsident Wolodomir Selenskij auf der Bühne der UN-Generaldebatte. Manchmal wirke es, als sei die Ukraine auf Krieg fixiert, weil sie so viel über Waffen rede, sagte… [+6265 chars]",,de,'Ukraine'
https://www.focus.de/panorama/welt/selenskyj-putin-ist-der-patient-null-der-kriegstreiberei_c7988a5c-a6f9-4bd1-9670-3d12ba1a3d8d.html,https://www.focus.de/panorama/welt/selenskyj-putin-ist-der-patient-null-der-kriegstreiberei_c7988a5c-a6f9-4bd1-9670-3d12ba1a3d8d.html,0,www.focus.de,Selenskyj: Putin ist der „Patient Null“ der Kriegstreiberei,Die Ukraine ist in ihrer Abwehr des russischen Angriffskrieges auf Hilfe aus dem Ausland angewiesen. Doch in New York stellt ihr Präsident das Land auch als Lieferant von Sicherheit dar.,"https://quadro.burda-forward.de/ctf/eb2ffdd4-7b9e-4323-88a9-e5aaa68d9b7b.321cba0d-9a9e-46e6-8ae2-79919b67a8b7.jpeg?im=RegionOfInterestCrop=(1200,630),regionOfInterest=(1024,683)&hash=505433d298faf54109c35eb7735f17b79cfaabb6a7d4fccb1ff0a4fe177495d1",2026-09-24T00:13:00Z,,"Der ukrainische Präsident Wolodymyr Selenskyj hat die Weltgemeinschaft zu einer Eindämmung Russlands aufgerufen. In der UN-Generaldebatte in New York beschrieb er nicht nur die Last, die sein Land in… [+1502 chars]",,de,'Krieg'
https://www.welt.de/politik/ausland/article6ab480d5a15a9fecb66934a5/im-un-sicherheitsrat-ruecksichtslose-und-gefaehrliche-eskalation-wadephul-attackiert-russland.html,https://www.welt.de/politik/ausland/article6ab480d5a15a9fecb66934a5/im-un-sicherheitsrat-ruecksichtslose-und-gefaehrliche-eskalation-wadephul-attackiert-russland.html,0,www.welt.de,„Rücksichtslose und gefährliche Eskalation“ – Wadephul attackiert Russland,Bei einem seltenen Auftritt im UN-Sicherheitsrat kritisiert der Außenminister den Leipziger Drohnenanschlag und fordert Russland zu Friedensverhandlungen mit der Ukraine auf. Doch Lawrow hat eine ganz andere Botschaft.,https://images.welt.de/6ab480d5a15a9fecb66934a5/8e656d5b60def0d040941077b975684c-master/ci16x9-w1200/dpa-com-260923-936-101879-jpg,2026-09-24T02:12:03Z,,Bei einem seltenen Auftritt im UN-Sicherheitsrat kritisiert der Außenminister den Leipziger Drohnenanschlag und fordert Russland zu Friedensverhandlungen mit der Ukraine auf. Doch Lawrow hat eine gan… [+6348 chars],,de,'Ukraine'
https://www.diepresse.com/41291618/trump-empfaengt-xi-mit-protokollbruch,https://www.diepresse.com/41291618/trump-empfaengt-xi-mit-protokollbruch,0,www.diepresse.com,Trump empfängt Xi mit Protokollbruch in den USA [premium],"Der US-Präsident begrüßt Chinas Staatschef am Rollfeld. Künstliche Intelligenz, Taiwan, Iran-Krieg - heikle Themen zwischen den USA und China gibt es viele zu besprechen. Doch Trump kann sich einen veritablen Streit mit China nicht leisten.",https://img.diepresse.com/public/incoming/nizru1-afpc97w89jjpg/alternates/WEBP_WIDE_1200/AFP_C97W89J.jpg,2026-09-24T03:05:46Z,,"New York. Nur ja kein öffentlicher Streit. So in etwa lauteten die inoffiziellen Vorgaben aus Washington und Peking, bevor Donald Trump in der Nacht auf Donnerstag Xi Jinping auf dem Rollfeld des Mil… [+4689 chars]",,de,'Ukraine'
https://www.nzz.ch/schweiz/sicherheitspolitik/sicherheitsexperte-der-eth-sieht-einen-klarer-rueckbau-in-der-sicherheitspolitischen-kooperation-wenn-die-neutralitaetsinitiative-angenommen-werden-wuerde-ld.10024893,https://www.nzz.ch/schweiz/sicherheitspolitik/sicherheitsexperte-der-eth-sieht-einen-klarer-rueckbau-in-der-sicherheitspolitischen-kooperation-wenn-die-neutralitaetsinitiative-angenommen-werden-wuerde-ld.10024893,0,www.nzz.ch,"Sicherheitsexperte der ETH sieht einen «klaren Rückbau» in der sicherheitspolitischen Kooperation, wenn die Neutralitätsinitiative angenommen würde","Die Schweizer Armee sei mit dem heutigen Budget allein nicht verteidigungsfähig, sagt Daniel Möckli vom Center for Security Studies der ETH Zürich. Sie müsse kooperieren. Zudem beobachte Europa genau, wohin sich die Schweiz momentan bewege.","https://img-msp-prod.nzz.ch/2022/12/22/5d340cc8-27bd-42ac-b15e-df612b46e8c0.jpeg?width=1200&height=674&fit=bounds&quality=75&auto=webp&crop=5256,2956,x0,y548&wmark=nzz",2026-09-24T03:30:00Z,,"Die Schweizer Armee sei mit dem heutigen Budget allein nicht verteidigungsfähig, sagt Daniel Möckli vom Center for Security Studies der ETH Zürich. Sie müsse kooperieren. Zudem beobachte Europa genau… [+5438 chars]",,de,'Sicherheit'
https://www.nzz.ch/feuilleton/werden-die-russen-bald-auch-europa-angreifen-das-weiss-niemand-doch-einiges-spricht-dafuer-ld.10023060,https://www.nzz.ch/feuilleton/werden-die-russen-bald-auch-europa-angreifen-das-weiss-niemand-doch-einiges-spricht-dafuer-ld.10023060,0,www.nzz.ch,"Werden die Russen bald auch Europa angreifen? Das weiss niemand, doch einiges spricht dafür","Seit dem Blitzbesuch des CIA-Chefs John Ratcliffe in Moskau mehren sich die Spekulationen, dass Putins Pläne für eine Ausweitung des Kriegs weit gediehen sind. Vieles erinnert den Autor Sergei Gerasimow an die Ungewissheit vor der Invasion der Ukraine.","https://img-msp-prod.nzz.ch/2026/09/23/57da57a0-7f2e-4fbd-9a3c-9fdcf88cc29a.jpg?width=1200&height=674&fit=bounds&quality=75&auto=webp&crop=5659,3183,x0,y269&wmark=nzz",2026-09-24T03:30:00Z,,"Seit dem Blitzbesuch des CIA-Chefs John Ratcliffe in Moskau mehren sich die Spekulationen, dass Putins Pläne für eine Ausweitung des Kriegs weit gediehen sind. Vieles erinnert den Autor Sergei Gerasi… [+13979 chars]",,de,'Ukraine'
https://www.derstandard.at/jetzt/livebericht/3000000341053/kreml-raeumt-versorgungsengpaesse-bei-russisch-kontrollierter-stadt-in-der-ukraine-ein,https://www.derstandard.at/jetzt/livebericht/3000000341053/kreml-raeumt-versorgungsengpaesse-bei-russisch-kontrollierter-stadt-in-der-ukraine-ein,0,www.derstandard.at,Russland griff Kyjiw erneut in der Nacht an: Tote gemeldet,Die US-Regierung lädt Russlands Machthaber Putin zum G20-Gipfel in Miami im Dezember ein. Russland und die Ukraine sind laut den USA an einem begrenztem Waffenstillstand interessiert,https://i.ds.at/yCqwIA/rs:fill:1200:600/plain/lido-images/2026/09/24/58fd8273-2a54-412a-b940-d19166e4ef2e.jpg,2026-09-24T03:43:08Z,,"Sie entscheiden darüber, wie Sie unsere Inhalte nutzen wollen. Ihr Gerät erlaubt uns derzeit leider nicht, die entsprechenden Optionen anzuzeigen.
Bitte deaktivieren Sie sämtliche Hard- und Software… [+180 chars]",,de,'Ukraine'
https://www.morgenpost.de/politik/article412317251/ukraine-krieg-russland-news-aktuell-putin-selenskyj-g20-tote-kiew.html,https://www.morgenpost.de/politik/article412317251/ukraine-krieg-russland-news-aktuell-putin-selenskyj-g20-tote-kiew.html,0,www.morgenpost.de,Russland beschießt Kiew mit Raketen – Rubio lädt Putin zum G20-Gipfel ein,Bei neuen russischen Angriffen auf die Ukraine sterben mindestens fünf Menschen. Kiew meldet schwere Schäden an der Infrastruktur. News im Blog.,https://img.sparknews.funkemedien.de/413238788/413238788_1790205351_v16_9_1600.jpeg,2026-09-24T04:20:01Z,,"In der Nacht zu Donnerstag hat Russland erneut die ukrainische Hauptstadt mit Luftangriffen überzogen. Mehrere Menschen sind ums Leben gekommen, es gibt zudem mehrere Verletzte. In Kiew wurden am Tag… [+478 chars]",,de,'Ukraine'
https://www.n-tv.de/politik/Selenskyj-nennt-Putin-den-Patienten-Null-der-Kriegstreiberei-id31341672.html,https://www.n-tv.de/politik/Selenskyj-nennt-Putin-den-Patienten-Null-der-Kriegstreiberei-id31341672.html,0,www.n-tv.de,"""Muss gestoppt werden"": Selenskyj nennt Putin den ""Patienten Null"" der Kriegstreiberei","Gebt Russland die Ukraine und dann ist Schluss? Dies ist die Hoffnung vieler. Doch der ukrainische Präsident Selenskyj warnt eindringlich vor den Machtgelüsten des Kreml: Auch andere Staaten seien gefährdet, von Putin verbreite sich die Idee des Krieges immer…",https://www.n-tv.de/img/31341674/1790230557/Img_16_9/1200/616368685.jpg,2026-09-24T04:36:09Z,,"Putin bei Übungen der russischen Pazifikflotte im August. (Foto: picture alliance / TheKremlinMoscow-SvenSimon)
Gebt Russland die Ukraine und dann ist Schluss? Dies ist die Hoffnung vieler. Doch der… [+1890 chars]",,de,'Ukraine'
https://www.sueddeutsche.de/politik/berliner-koalitionsoptionen-un-generaldebatte-herbstprognose-li.3553107,https://www.sueddeutsche.de/politik/berliner-koalitionsoptionen-un-generaldebatte-herbstprognose-li.3553107,0,www.sueddeutsche.de,SZ am Morgen: Nachrichten des Tages – die Übersicht für Eilige,"Sicherheitsbedenken in New York, Wirtschaftswachstum in Deutschland, KI-Risiken.",https://www.sueddeutsche.de/2026/09/24/bd522e18-56df-4062-8d95-5054427a34e5.jpg?q=60&fm=webp&width=1200&rect=0%2C168%2C3219%2C1811,2026-09-24T04:39:58Z,,"Gut möglich, dass einige Wählerinnen und Wähler darüber die Radikalität der Linken in anderen Bereichen schlicht übersahen oder billigend in Kauf nahmen. Jetzt aber geht es darum, ob die Linke die Si… [+3832 chars]",,de,'Sicherheit'
https://www.faz.net/premium/weltwirtschaft/klima-ressourcen/ukrainische-drohnenangriffe-auf-russlands-raffinerien-accg-201251159.html,https://www.faz.net/premium/weltwirtschaft/klima-ressourcen/ukrainische-drohnenangriffe-auf-russlands-raffinerien-accg-201251159.html,0,www.faz.net,iea-bericht: Die Ukraine nimmt Russlands Öl ins Visier,"Gezielt greifen ukrainische Drohnen russische Raffinerien an. Das trifft die Kriegswirtschaft Moskaus nun hart. Es dauert teils Monate, die Anlagen zu reparieren, und westliche Bauteile fehlen aufgrund der Sanktionen.",https://media0.faz.net/image/w1200h627/944d48feeec6/w5061h2644x0y365o/202609/43601.0.2573097838/rauch-und-flammen-steigen-auf.webp,2026-09-24T04:50:00Z,,"US-Präsident Donald Trump ist unzufrieden mit Wolodymyr Selenskyj. Nachdem die Dieselpreise in den USA kürzlich auf über sechs Dollar pro Gallone geklettert waren, schob Trump die Schuld für die Reko… [+311 chars]",,de,'Ukraine'
https://www.zeit.de/news/2026-09/24/energie-der-zukunft-wie-forscher-windanlagen-testen,https://www.zeit.de/news/2026-09/24/energie-der-zukunft-wie-forscher-windanlagen-testen,0,www.zeit.de,Erneuerbare Energien: Energie der Zukunft: Wie Forscher Windanlagen testen,Hier finden Sie Informationen zu dem Thema „Erneuerbare Energien“. Lesen Sie jetzt „Energie der Zukunft: Wie Forscher Windanlagen testen“.,https://img.zeit.de/news/2026-09/24/energie-der-zukunft-wie-forscher-windanlagen-testen-image-group/wide__1300x731,2026-09-24T07:00:08Z,,Wissenschaftler wollen mit einem eigens gebauten Windrad zur Energie der Zukunft forschen. Dafür entwickelte und errichtete das Deutsche Zentrum für Luft- und Raumfahrt (DLR) nach eigenen Angaben ein… [+2028 chars],,de,'Energie'
https://www.zeit.de/news/2026-09/24/hamburg-legt-foerderung-fuer-wasserstoffprojekte-auf,https://www.zeit.de/news/2026-09/24/hamburg-legt-foerderung-fuer-wasserstoffprojekte-auf,0,www.zeit.de,Energie: Hamburg legt Förderung für Wasserstoffprojekte auf,Hier finden Sie Informationen zu dem Thema „Energie“. Lesen Sie jetzt „Hamburg legt Förderung für Wasserstoffprojekte auf“.,https://img.zeit.de/news/2026-09/24/hamburg-legt-foerderung-fuer-wasserstoffprojekte-auf-image-group/wide__1300x731,2026-09-24T18:44:03Z,,"Die Stadt Hamburg stellt dieses Jahr zunächst fünf Millionen Euro für die Förderung von Wasserstoffprojekten bereit. Die Summe kann bis 2028 auf 15 Millionen Euro anwachsen, wie die Wirtschaftsbehörd… [+497 chars]",,de,'Energie'
