topic,sentiment_mean,sentiment_std,subjectivity_mean,subjectivity_std,counting
Energiekrise,0.03192611599190284,0.9676345916788538,0.08792891444710894,1.039939637982869,2359.0
Politik,0.11173461748420732,1.0183339688238249,0.006436830231234104,1.0635134751028237,1794.0
Russland,-0.05545336263262225,0.9657812527251067,-0.07567375642351949,0.9148661400122601,4257.0
Winter,-0.021034337279602196,1.0544000810463052,0.060449379507630546,1.0309826464435783,1782.0
