topic,sentiment_mean,sentiment_std,subjectivity_mean,subjectivity_std,counting
Energiekrise,0.034937608010252114,0.9729414103134887,0.09985484763975805,1.0502044404978104,2459.0
Politik,0.11387271073517294,1.0164792402580638,0.009278439631860515,1.0716315906321612,1870.0
Russland,-0.05680023721670866,0.9653812456984648,-0.08021538071208058,0.9075682202612024,4673.0
Winter,-0.017210598663675494,1.056696647836809,0.06376346206606376,1.0340872317977856,1825.0
