topic,sentiment_mean,sentiment_std,subjectivity_mean,subjectivity_std,counting
Energiekrise,0.04548223543948074,0.9860092658032386,0.12618113664612632,1.102593921180476,3966.0
Politik,0.10315164541292955,0.9922490571124176,0.046746806101959956,1.1074529076310164,3658.0
Russland,-0.06260448191117594,0.9827349068344146,-0.08583600487913937,0.8872925210691779,9814.0
Winter,0.02054975856315456,1.0456616502270786,0.06104608478797052,1.0232921264350832,2932.0
