topic,sentiment_mean,sentiment_std,subjectivity_mean,subjectivity_std,counting
Energiekrise,0.03716845171986936,0.9901581632223067,0.11673667286337337,1.0757161703754998,3784.0
Politik,0.10215814911529314,0.9968485808583777,0.05442778896259616,1.125288013327639,3480.0
Russland,-0.058817252771818665,0.9809001654990831,-0.08455557606377585,0.8918252412883795,9343.0
Winter,0.01999359866451232,1.0414167806434276,0.06002489154853495,1.0245751234696177,2772.0
