topic,sentiment_mean,sentiment_std,subjectivity_mean,subjectivity_std,counting
Energiekrise,0.03762361325541436,0.9828975824163791,0.1145604277731046,1.0591702626527855,3107.0
Politik,0.10685046601265485,1.012823293797823,0.05245798805029236,1.1356354087777745,2688.0
Russland,-0.059420190063738165,0.9743095692377737,-0.09118520465751734,0.8811258186923681,7161.0
Winter,0.010435299277505947,1.0444848540135412,0.07312399862968291,1.0475175595014645,2217.0
