topic,sentiment_mean,sentiment_std,subjectivity_mean,subjectivity_std,counting
Energiekrise,0.02656845383499853,0.981410483219348,0.10163058687877806,1.0563977715036685,2664.0
Politik,0.11120819071662953,1.0141670515825132,0.01777570176286465,1.0821945792232828,2006.0
Russland,-0.05567180875923603,0.9649232775809173,-0.08332528695651316,0.901263673992555,5096.0
Winter,-0.0042112341159591645,1.0557339179990095,0.06426219482321029,1.0325822384811243,1909.0
