topic,sentiment_mean,sentiment_std,subjectivity_mean,subjectivity_std,counting
Energiekrise,0.030537166481944843,0.9811572629786997,0.11113875072730016,1.0618780890845472,2763.0
Politik,0.11658690341189494,1.0144543906891808,0.011909958287012443,1.073637549855859,2149.0
Russland,-0.058058145300592105,0.9681769156033638,-0.08257603120511624,0.9015900880803775,5684.0
Winter,-0.0009267491775366767,1.0510834157673765,0.07024157568653502,1.0462680112355536,2016.0
