topic,sentiment_mean,sentiment_std,subjectivity_mean,subjectivity_std,counting
Energiekrise,0.026764598953865994,0.9829317047571285,0.10270503951051992,1.055417381493999,2722.0
Politik,0.11124894441667439,1.012599398094816,0.018077422543041743,1.079831324322236,2038.0
Russland,-0.05504775795820306,0.9656733609706902,-0.08290737028563798,0.9038522143814552,5292.0
Winter,-0.002945977513395242,1.0549897181344543,0.06442062737456426,1.0348794330174507,1969.0
