topic,sentiment_mean,sentiment_std,subjectivity_mean,subjectivity_std,counting
Energiekrise,0.026662770602184742,0.981985217308462,0.10015102898276429,1.0540601982901356,2608.0
Politik,0.11413931496768973,1.0113564166957347,0.016853836282182524,1.0776876584409352,1982.0
Russland,-0.05868854954055583,0.9622327907942887,-0.08256908639446381,0.9031209270596225,4905.0
Winter,-0.003388510689345178,1.0608270348218471,0.06102227691484076,1.0319201544621295,1878.0
