topic,sentiment_mean,sentiment_std,subjectivity_mean,subjectivity_std,counting
Energiekrise,0.03162507480755114,0.9678215431034538,0.08822757074069293,1.0402580282049103,2358.0
Politik,0.11141725572688357,1.0185773904554545,0.006755744249825661,1.0638877273360319,1793.0
Russland,-0.055011324703271997,0.9655903007430768,-0.07604729316768609,0.914315181509171,4253.0
Winter,-0.021416593454070765,1.0543757444814754,0.06051026971711613,1.0311229341795394,1782.0
