topic,sentiment_mean,sentiment_std,subjectivity_mean,subjectivity_std,counting
Energiekrise,0.034296975692395336,0.979568774220617,0.10821730594253458,1.053144067328599,3272.0
Politik,0.10744018545704291,1.0124957776280747,0.06036082731970292,1.143233184100579,2855.0
Russland,-0.057942887791703326,0.9788336252270132,-0.09128752162528157,0.8817816456522171,7613.0
Winter,0.010762584397291407,1.0382664150432612,0.07538864049912435,1.0476823588737738,2321.0
