topic,sentiment_mean,sentiment_std,subjectivity_mean,subjectivity_std,counting
Energiekrise,0.03823309385523531,0.982648593707345,0.11027823039431082,1.0691968890160928,3470.0
Politik,0.10558564963968162,1.011447032019274,0.06106722515932684,1.1365454475879864,3127.0
Russland,-0.06214102699161042,0.9788273030074883,-0.0884746451129904,0.8826537197921172,8434.0
Winter,0.02560893448927329,1.0375771829784248,0.0725436831773513,1.0417948137444843,2477.0
