topic,sentiment_mean,sentiment_std,subjectivity_mean,subjectivity_std,counting
 Russland,-0.17853529949743044,0.8974150334958703,-0.14301256001659096,0.8603464247934824,312.0
Energiekrise,0.11470684032563207,0.9484631630899338,0.04629343175936496,0.9806661497576277,532.0
Politik,0.0695188878357611,1.0972194256708614,-0.06313576271723965,1.0672915812331774,106.0
Winter,-0.024453769508994982,1.0131819112468123,0.06619310897544413,1.0205401031724857,433.0
