topic,sentiment_mean,sentiment_std,subjectivity_mean,subjectivity_std,counting
Energiekrise,0.033515177723876605,0.9682697021420774,0.09270992443467253,1.0440359992476869,2445.0
Politik,0.11421733503751028,1.0143921237546851,0.011531161646578915,1.0707575806996017,1811.0
Russland,-0.0566592087665208,0.9681406662266652,-0.07902430659708373,0.910122076457928,4470.0
Winter,-0.01830636348220251,1.0555414281116662,0.06085152098777195,1.0329118878059445,1812.0
