topic,sentiment_mean,sentiment_std,subjectivity_mean,subjectivity_std,counting
Energiekrise,0.03134923095740736,0.9807922791127771,0.11376781856700197,1.0628337867162934,2813.0
Politik,0.1185184382075501,1.0074304470192392,0.015792092828892157,1.0780799148896825,2200.0
Russland,-0.05962390960620396,0.9715037061660534,-0.08351913617803075,0.900533849384009,5829.0
Winter,0.0006353592863708473,1.0507377874974648,0.06714834580088018,1.044539473081917,2044.0
