topic,sentiment_mean,sentiment_std,subjectivity_mean,subjectivity_std,counting
Energiekrise,0.03891548410938078,0.990883528712289,0.12284202994841399,1.0911631560096653,3816.0
Politik,0.10191853313384687,0.9931725902282149,0.04874702618959084,1.1140292704965913,3531.0
Russland,-0.0593866916798529,0.9826445313815613,-0.08495084415450346,0.8893137480481694,9445.0
Winter,0.019575290288534337,1.0396162153039616,0.060610140559138465,1.0244466340122291,2788.0
