topic,sentiment_mean,sentiment_std,subjectivity_mean,subjectivity_std,counting
Energiekrise,0.03182978976835662,0.9782437150470784,0.0985539691695104,1.0483003137326015,2545.0
Politik,0.11206253259806613,1.0166983762381534,0.014604530607892368,1.078919644421669,1926.0
Russland,-0.05647081247091312,0.9629348864970946,-0.0821998975133019,0.9050890039564816,4766.0
Winter,-0.014244240866753091,1.0575393048228177,0.06367436651051317,1.0330237928537656,1839.0
