topic,sentiment_mean,sentiment_std,subjectivity_mean,subjectivity_std,counting
Energiekrise,0.03506559628317531,0.9815573043255976,0.11606845756157982,1.0602330347587676,3131.0
Politik,0.1068225978068981,1.009860906254082,0.0570022786099026,1.1385849116506195,2813.0
Russland,-0.05772138465626473,0.977068964863232,-0.09202089434374507,0.879901535720881,7511.0
Winter,0.011091966741043992,1.0436221066467237,0.07697481740659552,1.0511418924193545,2255.0
