topic,sentiment_mean,sentiment_std,subjectivity_mean,subjectivity_std,counting
Energiekrise,0.037698660661655344,0.9826833608731791,0.11188643124453852,1.0657400763888065,3366.0
Politik,0.10295385410150523,1.0147566178206535,0.06326533910742962,1.1451317101673217,3023.0
Russland,-0.060080892678486666,0.9765467992505648,-0.09180989345769887,0.8772890709386121,8040.0
Winter,0.019637798040934868,1.0397987025574784,0.07367663141100572,1.0426977863501181,2398.0
