topic,sentiment_mean,sentiment_std,subjectivity_mean,subjectivity_std,counting
Energiekrise,0.03714968864326647,0.9820493432579869,0.11656154514678627,1.0645920532259947,2908.0
Politik,0.10892833905416356,1.0074693097897787,0.022668618002183023,1.0930642223208757,2357.0
Russland,-0.057656078613260234,0.9731557683147658,-0.0864339549720537,0.8910138243550816,6449.0
Winter,0.004033489738484781,1.0515668670781322,0.08148329312395408,1.0639234277348473,2091.0
