topic,sentiment_mean,sentiment_std,subjectivity_mean,subjectivity_std,counting
Energiekrise,0.036095276195006784,0.9896667597485271,0.11339683291885108,1.0719762242975897,3727.0
Politik,0.10502823012229036,0.9965197676272093,0.05605171478396805,1.1307435930398777,3429.0
Russland,-0.05850764147162578,0.9812711535427145,-0.0837498700354805,0.8915791758036463,9273.0
Winter,0.018042916540370692,1.0405807597308139,0.06122143133052716,1.0254653330235763,2766.0
