topic,sentiment_mean,sentiment_std,subjectivity_mean,subjectivity_std,counting
Energiekrise,0.038625610444542165,0.9841984886410774,0.11745060455830583,1.0616673423720766,3017.0
Politik,0.10679160072207719,1.0053518116476474,0.04044918369557401,1.124001700807766,2506.0
Russland,-0.05844074709866448,0.9754414021016492,-0.08824097738943072,0.885088209185032,6881.0
Winter,0.009007051246688167,1.047426677662232,0.07292205019607197,1.0520608067222115,2150.0
