topic,sentiment_mean,sentiment_std,subjectivity_mean,subjectivity_std,counting
Energiekrise,0.02858498986567779,0.9814615513469236,0.10683069509008107,1.0579773109688584,2751.0
Politik,0.1177366046484693,1.011031594397317,0.014542315669810657,1.0746507756343027,2081.0
Russland,-0.05812294095493228,0.9681592037605709,-0.08158740860977305,0.9050056840631245,5494.0
Winter,-0.0009292213815479248,1.0528380362514727,0.06437170225231978,1.0391450810373424,1998.0
