topic,sentiment_mean,sentiment_std,subjectivity_mean,subjectivity_std,counting
Energiekrise,0.03261830369902507,0.9591994597761799,0.06900196608421962,1.028699606197177,1288.0
Politik,0.12300361594505879,1.0600231094335575,-0.009817410682087743,1.051141669790919,783.0
Russland,-0.07248924866026019,0.9312937487490253,-0.0930791291067779,0.8942882906039951,1260.0
Winter,-0.04679826075089135,1.026490271654926,0.04036769027254315,0.993372183848732,959.0
