topic,sentiment_mean,sentiment_std,subjectivity_mean,subjectivity_std,counting
Energiekrise,0.03709116172000525,0.9920442740204198,0.11437876274293945,1.0758977466398243,3696.0
Politik,0.10455906991537982,0.9981750228409628,0.05477153820285998,1.1266096548362028,3399.0
Russland,-0.05904019822839618,0.9785318600480443,-0.08396258594878603,0.8915172110894146,9146.0
Winter,0.018104663418718466,1.0436934996530152,0.06087179970369861,1.0238386306892429,2736.0
