topic,sentiment_mean,sentiment_std,subjectivity_mean,subjectivity_std,counting
Energiekrise,0.038353895834350206,0.9831753919049254,0.111113473907927,1.0652934795991684,3438.0
Politik,0.10294855621400838,1.0126850658599054,0.06050988335764155,1.1414797285709617,3095.0
Russland,-0.061276649486753,0.977401570266301,-0.09010661951256398,0.8801143185908645,8311.0
Winter,0.0247712502788522,1.0397793027927864,0.07562783390563345,1.0451653955902935,2460.0
