topic,sentiment_mean,sentiment_std,subjectivity_mean,subjectivity_std,counting
Energiekrise,0.05518478700250941,0.9578495831046593,0.04203140584441224,0.9887666907849205,1089.0
Politik,0.10319894107824841,1.0970198150480828,0.025731548339140844,1.096426485874643,473.0
Russland,-0.08524926671653771,0.9189634184327412,-0.11289198323580818,0.8850254214556585,864.0
Winter,-0.0428663334983472,1.0132053817845024,0.05084289111322983,1.0081832566999718,807.0
