topic,sentiment_mean,sentiment_std,subjectivity_mean,subjectivity_std,counting
Energiekrise,0.04500746067629131,0.9887879614752909,0.1256114517958781,1.0979405671430906,3883.0
Politik,0.10214327983850582,0.9922799408496153,0.04804300439627225,1.1106218601360642,3624.0
Russland,-0.062399697747574465,0.9826629882986079,-0.0847295480837434,0.88859554004448,9626.0
Winter,0.020343124779651486,1.0428587460798366,0.05674458876605885,1.0209608757997384,2840.0
