topic,sentiment_mean,sentiment_std,subjectivity_mean,subjectivity_std,counting
Energiekrise,0.037769608166175556,0.9818324809972173,0.11235593924986845,1.0677957095678603,3408.0
Politik,0.10091780038040303,1.0148302745665692,0.060822335430767996,1.1429935591999765,3069.0
Russland,-0.059678160857203635,0.9772774324342277,-0.09077000754299644,0.877614412222949,8143.0
Winter,0.020430074731268906,1.0390911941641272,0.07236399243789457,1.0421041876382096,2431.0
