topic,sentiment_mean,sentiment_std,subjectivity_mean,subjectivity_std,counting
Energiekrise,0.03017958789958659,0.9801847208333456,0.1186653432157596,1.0672217610183379,2825.0
Politik,0.11778731061485569,1.003014648752752,0.012734649213165366,1.075540878526643,2246.0
Russland,-0.059011643480103404,0.9735920625368042,-0.08344053928619197,0.9005928545244599,6066.0
Winter,0.005100867859512397,1.0527978072236324,0.07144107855698364,1.0476055352442302,2065.0
