topic,sentiment_mean,sentiment_std,subjectivity_mean,subjectivity_std,counting
Energiekrise,0.039359777443325465,0.9837166922437093,0.11642428861752971,1.062135588167738,3063.0
Politik,0.10704808511670191,1.0053536635372686,0.04211189898496012,1.1237479562575599,2566.0
Russland,-0.059507192635812715,0.975404202375158,-0.08884875825716076,0.8856045106647623,6978.0
Winter,0.009859991891632572,1.0478080065964979,0.07334951563384512,1.0485344807682788,2190.0
