topic,sentiment_mean,sentiment_std,subjectivity_mean,subjectivity_std,counting
Energiekrise,0.03496736789116653,0.9800833221440581,0.11011001823519219,1.0659303668093505,3336.0
Politik,0.10482452970250736,1.0143744882758796,0.06006174845744228,1.1432292654790783,2970.0
Russland,-0.059349488856663364,0.977432034134842,-0.09130275408100998,0.8762150035398104,7833.0
Winter,0.016506412192714974,1.039624632979438,0.07353771480233481,1.0437364341837636,2393.0
