topic,sentiment_mean,sentiment_std,subjectivity_mean,subjectivity_std,counting
Energiekrise,0.04454928725597272,0.9868511804384548,0.1268295643118047,1.0998596234868334,3914.0
Politik,0.10304798527718097,0.9912987847771693,0.046298039173433926,1.1082199088400702,3633.0
Russland,-0.06276136508032737,0.982880121460857,-0.08606173177206183,0.8867248481090406,9699.0
Winter,0.02198970718423557,1.0450138181760245,0.06146144021728015,1.026846081716063,2896.0
