topic,sentiment_mean,sentiment_std,subjectivity_mean,subjectivity_std,counting
Energiekrise,0.032593599234369074,0.9856141652790946,0.114013376473017,1.0758314874831791,3655.0
Politik,0.10494666229617258,1.0045188213469274,0.05640378446471376,1.1282722888146228,3346.0
Russland,-0.05784358535198418,0.9787390847720672,-0.08511953030185933,0.8905843780903037,8986.0
Winter,0.018897126942019105,1.0433815334991934,0.061290955692849064,1.022425783478488,2721.0
