topic,sentiment_mean,sentiment_std,subjectivity_mean,subjectivity_std,counting
Energiekrise,0.038744409555940204,0.9790947463120231,0.11314775818333977,1.0712956103682842,3559.0
Politik,0.10801817920669435,1.0101592665716892,0.05889977993473466,1.129601410274723,3281.0
Russland,-0.062022556263642455,0.9790937087551157,-0.08728019150596417,0.8888578676960505,8660.0
Winter,0.017872893949733848,1.0418622362132761,0.06427709344968822,1.0267659403278258,2603.0
