topic,sentiment_mean,sentiment_std,subjectivity_mean,subjectivity_std,counting
Energiekrise,0.04044789051502992,0.9818042099161898,0.1093001383695634,1.0679374955231546,3489.0
Politik,0.10751564181308079,1.0124651234720108,0.0645318223849393,1.1412263264624267,3178.0
Russland,-0.062055055135262265,0.9777329656293664,-0.08869949490627232,0.8827442627014477,8533.0
Winter,0.01930016058613097,1.0400299557243393,0.06992312259617019,1.0361615701226643,2544.0
