topic,sentiment_mean,sentiment_std,subjectivity_mean,subjectivity_std,counting
Energiekrise,0.036504788715704006,0.9815158170774321,0.11344092433770463,1.0725826855450804,3586.0
Politik,0.1056322104573489,1.005857302625625,0.056478535237482426,1.1289517473985675,3318.0
Russland,-0.05965346721389873,0.9790975508268579,-0.0850729634139901,0.8911796610296933,8855.0
Winter,0.01819679720362146,1.0447668372065746,0.06209253307160801,1.0235297242699468,2680.0
