topic,sentiment_mean,sentiment_std,subjectivity_mean,subjectivity_std,counting
Energiekrise,0.04227507680021033,0.956650161612355,0.07019438312428729,1.0228283850910191,1372.0
Politik,0.11238557666094807,1.0554172043458334,0.0016193548110486154,1.0724396181375853,824.0
Russland,-0.05778365097408475,0.9372628201107884,-0.09483200904225758,0.8874696862044947,1453.0
Winter,-0.06451579567278277,1.0364712574413335,0.042526004554483444,1.0026933886539926,988.0
