topic,sentiment_mean,sentiment_std,subjectivity_mean,subjectivity_std,counting
Energiekrise,0.03874946366953156,0.9825594644925527,0.11692582187217711,1.060954429711933,3077.0
Politik,0.104083582164106,1.0086575520534355,0.04537108260405197,1.1279205639593137,2639.0
Russland,-0.059111151900932704,0.9753279435057507,-0.09116119209010486,0.8822743468640616,7020.0
Winter,0.010267871511996771,1.0460092177592624,0.07516130376704885,1.0497130637611922,2206.0
