topic,sentiment_mean,sentiment_std,subjectivity_mean,subjectivity_std,counting
Energiekrise,0.036659070828951375,0.9810555872810215,0.11623917328170111,1.0604815913465233,3120.0
Politik,0.11028095771097059,1.0108865170824943,0.05567799251929604,1.1401048858413405,2724.0
Russland,-0.05894131832558969,0.9764803605871732,-0.0915048737749002,0.880061382192639,7398.0
Winter,0.010311903323233371,1.0440957716854513,0.07565066833374101,1.050015871923132,2232.0
