topic,sentiment_mean,sentiment_std,subjectivity_mean,subjectivity_std,counting
Energiekrise,0.051302865368124784,0.9562109059665935,0.04500427307138427,0.9903793162791079,1179.0
Politik,0.09349706051889442,1.0776798359235609,0.012619295823060709,1.0760695185209321,561.0
Russland,-0.085696084157831,0.9228128432319439,-0.10279996424513468,0.8973020262254359,959.0
Winter,-0.03727450533311141,1.0264769438270047,0.04761240328454242,1.0118912413174588,841.0
