topic,sentiment_mean,sentiment_std,subjectivity_mean,subjectivity_std,counting
Energiekrise,0.03843183046367017,0.9828851045534865,0.11990231755320242,1.0652132840524546,2962.0
Politik,0.10789887343803797,1.0063845872103527,0.035601169785158815,1.120152623622675,2442.0
Russland,-0.058301563672387986,0.9745986339821529,-0.08790540136823734,0.8848339301391658,6730.0
Winter,0.007696360910117704,1.0491109680118822,0.072498505568012,1.0514995290870492,2136.0
