topic,sentiment_mean,sentiment_std,subjectivity_mean,subjectivity_std,counting
Energiekrise,0.03818838205667289,0.9826005235265399,0.11703098464841309,1.0642299510701758,2923.0
Politik,0.10875375860190509,1.0071862163867449,0.03499378683035808,1.1176793495317556,2398.0
Russland,-0.05799108746418197,0.9737907778492852,-0.08840845454596165,0.8848253222408187,6583.0
Winter,0.005065574051541236,1.049755506145103,0.07630068095941363,1.0536714402071943,2117.0
