topic,sentiment_mean,sentiment_std,subjectivity_mean,subjectivity_std,counting
Energiekrise,0.03873433051336526,0.979116276209821,0.11415614256025902,1.074180909606593,3528.0
Politik,0.11057400473064319,1.013982046916788,0.059614554298954806,1.1295550566614971,3232.0
Russland,-0.06290787415623292,0.977639633127376,-0.0879048555488455,0.8872670065946964,8610.0
Winter,0.019153063168973892,1.0413679121082577,0.06555670316725641,1.0287611559527878,2575.0
