topic,sentiment_mean,sentiment_std,subjectivity_mean,subjectivity_std,counting
Energiekrise,0.03436871214208456,0.9812810195896529,0.11734675944359234,1.0655905810565283,2857.0
Politik,0.11807958599285853,1.0057119305918947,0.018437380910231182,1.0874903741729534,2317.0
Russland,-0.06003131738043132,0.9727240413345571,-0.08494483107133043,0.8933625322658031,6294.0
Winter,0.003699729829487424,1.0524752817304515,0.07796475380971975,1.059597867407711,2085.0
