topic,sentiment_mean,sentiment_std,subjectivity_mean,subjectivity_std,counting
 Russland,-0.12181280211981836,0.9238212326347837,-0.11715611914740037,0.8754942244778801,634.0
Energiekrise,0.0708998904083653,0.960825030984889,0.029551572675615558,0.9829607304392743,958.0
Politik,0.16027929710936148,1.0462164803057306,0.021979724501208105,1.1059237933533577,327.0
Winter,-0.05389087421576705,1.018941965890273,0.05346091976060474,1.0109497995477663,753.0
