topic,sentiment_mean,sentiment_std,subjectivity_mean,subjectivity_std,counting
Energiekrise,0.04276159708710149,0.9889371989666388,0.1243664821030061,1.0938403773989518,3863.0
Politik,0.10271783845279095,0.9940368361695844,0.04857712383999884,1.1104612906317517,3595.0
Russland,-0.061279728493692814,0.9833769313439037,-0.08567986990230574,0.8888217751915501,9515.0
Winter,0.01799800873252262,1.0382735068269295,0.059580919394004374,1.024378955806386,2815.0
